
*** Running vivado
    with args -log aes_bd_aes_encrypt_top_0_0.vds -m64 -product Vivado -mode batch -messageDb vivado.pb -notrace -source aes_bd_aes_encrypt_top_0_0.tcl


****** Vivado v2018.3 (64-bit)
  **** SW Build 2405991 on Thu Dec  6 23:38:27 MST 2018
  **** IP Build 2404404 on Fri Dec  7 01:43:56 MST 2018
    ** Copyright 1986-2018 Xilinx, Inc. All Rights Reserved.

source aes_bd_aes_encrypt_top_0_0.tcl -notrace
INFO: [IP_Flow 19-234] Refreshing IP repositories
INFO: [IP_Flow 19-1700] Loaded user IP repository 'c:/Users/aeone/Documents/ip'.
INFO: [IP_Flow 19-2313] Loaded Vivado IP repository 'C:/Xilinx/Vivado/2018.3/data/ip'.
Command: synth_design -top aes_bd_aes_encrypt_top_0_0 -part xc7z020clg400-1 -mode out_of_context
Starting synth_design
Attempting to get a license for feature 'Synthesis' and/or device 'xc7z020'
INFO: [Common 17-349] Got license for feature 'Synthesis' and/or device 'xc7z020'
INFO: Launching helper process for spawning children vivado processes
INFO: Helper process launched with PID 18368 
---------------------------------------------------------------------------------
Starting RTL Elaboration : Time (s): cpu = 00:00:02 ; elapsed = 00:00:02 . Memory (MB): peak = 470.453 ; gain = 97.230
---------------------------------------------------------------------------------
INFO: [Synth 8-638] synthesizing module 'aes_bd_aes_encrypt_top_0_0' [c:/AES/AES.srcs/sources_1/bd/aes_bd/ip/aes_bd_aes_encrypt_top_0_0/synth/aes_bd_aes_encrypt_top_0_0.vhd:93]
	Parameter C_S_AXI_AXILITES_ADDR_WIDTH bound to: 5 - type: integer 
	Parameter C_S_AXI_AXILITES_DATA_WIDTH bound to: 32 - type: integer 
INFO: [Synth 8-3491] module 'aes_encrypt_top' declared at 'c:/AES/AES.srcs/sources_1/bd/aes_bd/ipshared/8618/hdl/vhdl/aes_encrypt_top.vhd:12' bound to instance 'U0' of component 'aes_encrypt_top' [c:/AES/AES.srcs/sources_1/bd/aes_bd/ip/aes_bd_aes_encrypt_top_0_0/synth/aes_bd_aes_encrypt_top_0_0.vhd:189]
INFO: [Synth 8-638] synthesizing module 'aes_encrypt_top' [c:/AES/AES.srcs/sources_1/bd/aes_bd/ipshared/8618/hdl/vhdl/aes_encrypt_top.vhd:52]
	Parameter C_S_AXI_AXILITES_ADDR_WIDTH bound to: 5 - type: integer 
	Parameter C_S_AXI_AXILITES_DATA_WIDTH bound to: 32 - type: integer 
INFO: [Synth 8-5534] Detected attribute (* fsm_encoding = "none" *) [c:/AES/AES.srcs/sources_1/bd/aes_bd/ipshared/8618/hdl/vhdl/aes_encrypt_top.vhd:462]
INFO: [Synth 8-5534] Detected attribute (* fsm_encoding = "none" *) [c:/AES/AES.srcs/sources_1/bd/aes_bd/ipshared/8618/hdl/vhdl/aes_encrypt_top.vhd:465]
INFO: [Synth 8-5534] Detected attribute (* fsm_encoding = "none" *) [c:/AES/AES.srcs/sources_1/bd/aes_bd/ipshared/8618/hdl/vhdl/aes_encrypt_top.vhd:539]
INFO: [Synth 8-5534] Detected attribute (* fsm_encoding = "none" *) [c:/AES/AES.srcs/sources_1/bd/aes_bd/ipshared/8618/hdl/vhdl/aes_encrypt_top.vhd:543]
INFO: [Synth 8-5534] Detected attribute (* fsm_encoding = "none" *) [c:/AES/AES.srcs/sources_1/bd/aes_bd/ipshared/8618/hdl/vhdl/aes_encrypt_top.vhd:569]
INFO: [Synth 8-5534] Detected attribute (* fsm_encoding = "none" *) [c:/AES/AES.srcs/sources_1/bd/aes_bd/ipshared/8618/hdl/vhdl/aes_encrypt_top.vhd:571]
INFO: [Synth 8-5534] Detected attribute (* fsm_encoding = "none" *) [c:/AES/AES.srcs/sources_1/bd/aes_bd/ipshared/8618/hdl/vhdl/aes_encrypt_top.vhd:573]
INFO: [Synth 8-5534] Detected attribute (* fsm_encoding = "none" *) [c:/AES/AES.srcs/sources_1/bd/aes_bd/ipshared/8618/hdl/vhdl/aes_encrypt_top.vhd:575]
INFO: [Synth 8-5534] Detected attribute (* fsm_encoding = "none" *) [c:/AES/AES.srcs/sources_1/bd/aes_bd/ipshared/8618/hdl/vhdl/aes_encrypt_top.vhd:578]
INFO: [Synth 8-5534] Detected attribute (* fsm_encoding = "none" *) [c:/AES/AES.srcs/sources_1/bd/aes_bd/ipshared/8618/hdl/vhdl/aes_encrypt_top.vhd:580]
INFO: [Synth 8-5534] Detected attribute (* fsm_encoding = "none" *) [c:/AES/AES.srcs/sources_1/bd/aes_bd/ipshared/8618/hdl/vhdl/aes_encrypt_top.vhd:582]
INFO: [Synth 8-5534] Detected attribute (* fsm_encoding = "none" *) [c:/AES/AES.srcs/sources_1/bd/aes_bd/ipshared/8618/hdl/vhdl/aes_encrypt_top.vhd:586]
INFO: [Synth 8-5534] Detected attribute (* fsm_encoding = "none" *) [c:/AES/AES.srcs/sources_1/bd/aes_bd/ipshared/8618/hdl/vhdl/aes_encrypt_top.vhd:589]
INFO: [Synth 8-5534] Detected attribute (* fsm_encoding = "none" *) [c:/AES/AES.srcs/sources_1/bd/aes_bd/ipshared/8618/hdl/vhdl/aes_encrypt_top.vhd:592]
INFO: [Synth 8-5534] Detected attribute (* fsm_encoding = "none" *) [c:/AES/AES.srcs/sources_1/bd/aes_bd/ipshared/8618/hdl/vhdl/aes_encrypt_top.vhd:594]
INFO: [Synth 8-5534] Detected attribute (* fsm_encoding = "none" *) [c:/AES/AES.srcs/sources_1/bd/aes_bd/ipshared/8618/hdl/vhdl/aes_encrypt_top.vhd:598]
INFO: [Synth 8-5534] Detected attribute (* fsm_encoding = "none" *) [c:/AES/AES.srcs/sources_1/bd/aes_bd/ipshared/8618/hdl/vhdl/aes_encrypt_top.vhd:601]
INFO: [Synth 8-5534] Detected attribute (* fsm_encoding = "none" *) [c:/AES/AES.srcs/sources_1/bd/aes_bd/ipshared/8618/hdl/vhdl/aes_encrypt_top.vhd:604]
INFO: [Synth 8-5534] Detected attribute (* fsm_encoding = "none" *) [c:/AES/AES.srcs/sources_1/bd/aes_bd/ipshared/8618/hdl/vhdl/aes_encrypt_top.vhd:607]
INFO: [Synth 8-5534] Detected attribute (* fsm_encoding = "none" *) [c:/AES/AES.srcs/sources_1/bd/aes_bd/ipshared/8618/hdl/vhdl/aes_encrypt_top.vhd:610]
INFO: [Synth 8-5534] Detected attribute (* fsm_encoding = "none" *) [c:/AES/AES.srcs/sources_1/bd/aes_bd/ipshared/8618/hdl/vhdl/aes_encrypt_top.vhd:613]
INFO: [Synth 8-5534] Detected attribute (* fsm_encoding = "none" *) [c:/AES/AES.srcs/sources_1/bd/aes_bd/ipshared/8618/hdl/vhdl/aes_encrypt_top.vhd:616]
INFO: [Synth 8-5534] Detected attribute (* fsm_encoding = "none" *) [c:/AES/AES.srcs/sources_1/bd/aes_bd/ipshared/8618/hdl/vhdl/aes_encrypt_top.vhd:651]
INFO: [Synth 8-5534] Detected attribute (* fsm_encoding = "none" *) [c:/AES/AES.srcs/sources_1/bd/aes_bd/ipshared/8618/hdl/vhdl/aes_encrypt_top.vhd:667]
INFO: [Synth 8-5534] Detected attribute (* fsm_encoding = "none" *) [c:/AES/AES.srcs/sources_1/bd/aes_bd/ipshared/8618/hdl/vhdl/aes_encrypt_top.vhd:687]
INFO: [Synth 8-5534] Detected attribute (* fsm_encoding = "none" *) [c:/AES/AES.srcs/sources_1/bd/aes_bd/ipshared/8618/hdl/vhdl/aes_encrypt_top.vhd:705]
INFO: [Synth 8-5534] Detected attribute (* fsm_encoding = "none" *) [c:/AES/AES.srcs/sources_1/bd/aes_bd/ipshared/8618/hdl/vhdl/aes_encrypt_top.vhd:715]
INFO: [Synth 8-5534] Detected attribute (* fsm_encoding = "none" *) [c:/AES/AES.srcs/sources_1/bd/aes_bd/ipshared/8618/hdl/vhdl/aes_encrypt_top.vhd:723]
INFO: [Synth 8-5534] Detected attribute (* fsm_encoding = "none" *) [c:/AES/AES.srcs/sources_1/bd/aes_bd/ipshared/8618/hdl/vhdl/aes_encrypt_top.vhd:737]
INFO: [Synth 8-5534] Detected attribute (* fsm_encoding = "none" *) [c:/AES/AES.srcs/sources_1/bd/aes_bd/ipshared/8618/hdl/vhdl/aes_encrypt_top.vhd:751]
INFO: [Synth 8-5534] Detected attribute (* fsm_encoding = "none" *) [c:/AES/AES.srcs/sources_1/bd/aes_bd/ipshared/8618/hdl/vhdl/aes_encrypt_top.vhd:761]
INFO: [Synth 8-5534] Detected attribute (* fsm_encoding = "none" *) [c:/AES/AES.srcs/sources_1/bd/aes_bd/ipshared/8618/hdl/vhdl/aes_encrypt_top.vhd:769]
INFO: [Synth 8-5534] Detected attribute (* fsm_encoding = "none" *) [c:/AES/AES.srcs/sources_1/bd/aes_bd/ipshared/8618/hdl/vhdl/aes_encrypt_top.vhd:781]
INFO: [Synth 8-5534] Detected attribute (* fsm_encoding = "none" *) [c:/AES/AES.srcs/sources_1/bd/aes_bd/ipshared/8618/hdl/vhdl/aes_encrypt_top.vhd:797]
INFO: [Synth 8-5534] Detected attribute (* fsm_encoding = "none" *) [c:/AES/AES.srcs/sources_1/bd/aes_bd/ipshared/8618/hdl/vhdl/aes_encrypt_top.vhd:805]
INFO: [Synth 8-5534] Detected attribute (* fsm_encoding = "none" *) [c:/AES/AES.srcs/sources_1/bd/aes_bd/ipshared/8618/hdl/vhdl/aes_encrypt_top.vhd:813]
INFO: [Synth 8-5534] Detected attribute (* fsm_encoding = "none" *) [c:/AES/AES.srcs/sources_1/bd/aes_bd/ipshared/8618/hdl/vhdl/aes_encrypt_top.vhd:821]
INFO: [Synth 8-5534] Detected attribute (* fsm_encoding = "none" *) [c:/AES/AES.srcs/sources_1/bd/aes_bd/ipshared/8618/hdl/vhdl/aes_encrypt_top.vhd:835]
INFO: [Synth 8-5534] Detected attribute (* fsm_encoding = "none" *) [c:/AES/AES.srcs/sources_1/bd/aes_bd/ipshared/8618/hdl/vhdl/aes_encrypt_top.vhd:861]
INFO: [Synth 8-5534] Detected attribute (* fsm_encoding = "none" *) [c:/AES/AES.srcs/sources_1/bd/aes_bd/ipshared/8618/hdl/vhdl/aes_encrypt_top.vhd:863]
INFO: [Synth 8-5534] Detected attribute (* fsm_encoding = "none" *) [c:/AES/AES.srcs/sources_1/bd/aes_bd/ipshared/8618/hdl/vhdl/aes_encrypt_top.vhd:869]
INFO: [Synth 8-5534] Detected attribute (* fsm_encoding = "none" *) [c:/AES/AES.srcs/sources_1/bd/aes_bd/ipshared/8618/hdl/vhdl/aes_encrypt_top.vhd:875]
INFO: [Synth 8-5534] Detected attribute (* fsm_encoding = "none" *) [c:/AES/AES.srcs/sources_1/bd/aes_bd/ipshared/8618/hdl/vhdl/aes_encrypt_top.vhd:881]
INFO: [Synth 8-5534] Detected attribute (* fsm_encoding = "none" *) [c:/AES/AES.srcs/sources_1/bd/aes_bd/ipshared/8618/hdl/vhdl/aes_encrypt_top.vhd:887]
INFO: [Synth 8-5534] Detected attribute (* fsm_encoding = "none" *) [c:/AES/AES.srcs/sources_1/bd/aes_bd/ipshared/8618/hdl/vhdl/aes_encrypt_top.vhd:893]
INFO: [Synth 8-5534] Detected attribute (* fsm_encoding = "none" *) [c:/AES/AES.srcs/sources_1/bd/aes_bd/ipshared/8618/hdl/vhdl/aes_encrypt_top.vhd:899]
INFO: [Synth 8-5534] Detected attribute (* fsm_encoding = "none" *) [c:/AES/AES.srcs/sources_1/bd/aes_bd/ipshared/8618/hdl/vhdl/aes_encrypt_top.vhd:906]
INFO: [Synth 8-5534] Detected attribute (* fsm_encoding = "none" *) [c:/AES/AES.srcs/sources_1/bd/aes_bd/ipshared/8618/hdl/vhdl/aes_encrypt_top.vhd:911]
INFO: [Synth 8-5534] Detected attribute (* fsm_encoding = "none" *) [c:/AES/AES.srcs/sources_1/bd/aes_bd/ipshared/8618/hdl/vhdl/aes_encrypt_top.vhd:937]
INFO: [Synth 8-5534] Detected attribute (* fsm_encoding = "none" *) [c:/AES/AES.srcs/sources_1/bd/aes_bd/ipshared/8618/hdl/vhdl/aes_encrypt_top.vhd:979]
INFO: [Synth 8-5534] Detected attribute (* fsm_encoding = "none" *) [c:/AES/AES.srcs/sources_1/bd/aes_bd/ipshared/8618/hdl/vhdl/aes_encrypt_top.vhd:1186]
INFO: [Synth 8-5534] Detected attribute (* fsm_encoding = "none" *) [c:/AES/AES.srcs/sources_1/bd/aes_bd/ipshared/8618/hdl/vhdl/aes_encrypt_top.vhd:1188]
INFO: [Synth 8-5534] Detected attribute (* fsm_encoding = "none" *) [c:/AES/AES.srcs/sources_1/bd/aes_bd/ipshared/8618/hdl/vhdl/aes_encrypt_top.vhd:1190]
INFO: [Synth 8-5534] Detected attribute (* fsm_encoding = "none" *) [c:/AES/AES.srcs/sources_1/bd/aes_bd/ipshared/8618/hdl/vhdl/aes_encrypt_top.vhd:1192]
INFO: [Synth 8-5534] Detected attribute (* fsm_encoding = "none" *) [c:/AES/AES.srcs/sources_1/bd/aes_bd/ipshared/8618/hdl/vhdl/aes_encrypt_top.vhd:1194]
INFO: [Synth 8-5534] Detected attribute (* fsm_encoding = "none" *) [c:/AES/AES.srcs/sources_1/bd/aes_bd/ipshared/8618/hdl/vhdl/aes_encrypt_top.vhd:1196]
INFO: [Synth 8-5534] Detected attribute (* fsm_encoding = "none" *) [c:/AES/AES.srcs/sources_1/bd/aes_bd/ipshared/8618/hdl/vhdl/aes_encrypt_top.vhd:1426]
	Parameter DataWidth bound to: 8 - type: integer 
	Parameter AddressRange bound to: 256 - type: integer 
	Parameter AddressWidth bound to: 8 - type: integer 
INFO: [Synth 8-3491] module 'aes_encrypt_top_sbkb' declared at 'c:/AES/AES.srcs/sources_1/bd/aes_bd/ipshared/8618/hdl/vhdl/aes_encrypt_top_sbkb.vhd:146' bound to instance 'sboxExp_V_U' of component 'aes_encrypt_top_sbkb' [c:/AES/AES.srcs/sources_1/bd/aes_bd/ipshared/8618/hdl/vhdl/aes_encrypt_top.vhd:2073]
INFO: [Synth 8-638] synthesizing module 'aes_encrypt_top_sbkb' [c:/AES/AES.srcs/sources_1/bd/aes_bd/ipshared/8618/hdl/vhdl/aes_encrypt_top_sbkb.vhd:162]
	Parameter DataWidth bound to: 8 - type: integer 
	Parameter AddressRange bound to: 256 - type: integer 
	Parameter AddressWidth bound to: 8 - type: integer 
INFO: [Synth 8-3491] module 'aes_encrypt_top_sbkb_rom' declared at 'c:/AES/AES.srcs/sources_1/bd/aes_bd/ipshared/8618/hdl/vhdl/aes_encrypt_top_sbkb.vhd:12' bound to instance 'aes_encrypt_top_sbkb_rom_U' of component 'aes_encrypt_top_sbkb_rom' [c:/AES/AES.srcs/sources_1/bd/aes_bd/ipshared/8618/hdl/vhdl/aes_encrypt_top_sbkb.vhd:177]
INFO: [Synth 8-638] synthesizing module 'aes_encrypt_top_sbkb_rom' [c:/AES/AES.srcs/sources_1/bd/aes_bd/ipshared/8618/hdl/vhdl/aes_encrypt_top_sbkb.vhd:30]
	Parameter DWIDTH bound to: 8 - type: integer 
	Parameter AWIDTH bound to: 8 - type: integer 
	Parameter MEM_SIZE bound to: 256 - type: integer 
INFO: [Synth 8-256] done synthesizing module 'aes_encrypt_top_sbkb_rom' (1#1) [c:/AES/AES.srcs/sources_1/bd/aes_bd/ipshared/8618/hdl/vhdl/aes_encrypt_top_sbkb.vhd:30]
INFO: [Synth 8-256] done synthesizing module 'aes_encrypt_top_sbkb' (2#1) [c:/AES/AES.srcs/sources_1/bd/aes_bd/ipshared/8618/hdl/vhdl/aes_encrypt_top_sbkb.vhd:162]
	Parameter C_S_AXI_ADDR_WIDTH bound to: 5 - type: integer 
	Parameter C_S_AXI_DATA_WIDTH bound to: 32 - type: integer 
INFO: [Synth 8-3491] module 'aes_encrypt_top_AXILiteS_s_axi' declared at 'c:/AES/AES.srcs/sources_1/bd/aes_bd/ipshared/8618/hdl/vhdl/aes_encrypt_top_AXILiteS_s_axi.vhd:12' bound to instance 'aes_encrypt_top_AXILiteS_s_axi_U' of component 'aes_encrypt_top_AXILiteS_s_axi' [c:/AES/AES.srcs/sources_1/bd/aes_bd/ipshared/8618/hdl/vhdl/aes_encrypt_top.vhd:2088]
INFO: [Synth 8-638] synthesizing module 'aes_encrypt_top_AXILiteS_s_axi' [c:/AES/AES.srcs/sources_1/bd/aes_bd/ipshared/8618/hdl/vhdl/aes_encrypt_top_AXILiteS_s_axi.vhd:77]
	Parameter C_S_AXI_ADDR_WIDTH bound to: 5 - type: integer 
	Parameter C_S_AXI_DATA_WIDTH bound to: 32 - type: integer 
	Parameter BYTES bound to: 4 - type: integer 
	Parameter DEPTH bound to: 4 - type: integer 
	Parameter AWIDTH bound to: 2 - type: integer 
INFO: [Synth 8-3491] module 'aes_encrypt_top_AXILiteS_s_axi_ram' declared at 'c:/AES/AES.srcs/sources_1/bd/aes_bd/ipshared/8618/hdl/vhdl/aes_encrypt_top_AXILiteS_s_axi.vhd:503' bound to instance 'int_key_V' of component 'aes_encrypt_top_AXILiteS_s_axi_ram' [c:/AES/AES.srcs/sources_1/bd/aes_bd/ipshared/8618/hdl/vhdl/aes_encrypt_top_AXILiteS_s_axi.vhd:164]
INFO: [Synth 8-638] synthesizing module 'aes_encrypt_top_AXILiteS_s_axi_ram' [c:/AES/AES.srcs/sources_1/bd/aes_bd/ipshared/8618/hdl/vhdl/aes_encrypt_top_AXILiteS_s_axi.vhd:526]
	Parameter BYTES bound to: 4 - type: integer 
	Parameter DEPTH bound to: 4 - type: integer 
	Parameter AWIDTH bound to: 2 - type: integer 
INFO: [Synth 8-256] done synthesizing module 'aes_encrypt_top_AXILiteS_s_axi_ram' (3#1) [c:/AES/AES.srcs/sources_1/bd/aes_bd/ipshared/8618/hdl/vhdl/aes_encrypt_top_AXILiteS_s_axi.vhd:526]
INFO: [Synth 8-256] done synthesizing module 'aes_encrypt_top_AXILiteS_s_axi' (4#1) [c:/AES/AES.srcs/sources_1/bd/aes_bd/ipshared/8618/hdl/vhdl/aes_encrypt_top_AXILiteS_s_axi.vhd:77]
	Parameter DataWidth bound to: 8 - type: integer 
	Parameter AddressRange bound to: 16 - type: integer 
	Parameter AddressWidth bound to: 4 - type: integer 
INFO: [Synth 8-3491] module 'aes_encrypt_top_icud' declared at 'c:/AES/AES.srcs/sources_1/bd/aes_bd/ipshared/8618/hdl/vhdl/aes_encrypt_top_icud.vhd:100' bound to instance 'input_V_U' of component 'aes_encrypt_top_icud' [c:/AES/AES.srcs/sources_1/bd/aes_bd/ipshared/8618/hdl/vhdl/aes_encrypt_top.vhd:2122]
INFO: [Synth 8-638] synthesizing module 'aes_encrypt_top_icud' [c:/AES/AES.srcs/sources_1/bd/aes_bd/ipshared/8618/hdl/vhdl/aes_encrypt_top_icud.vhd:118]
	Parameter DataWidth bound to: 8 - type: integer 
	Parameter AddressRange bound to: 16 - type: integer 
	Parameter AddressWidth bound to: 4 - type: integer 
INFO: [Synth 8-3491] module 'aes_encrypt_top_icud_ram' declared at 'c:/AES/AES.srcs/sources_1/bd/aes_bd/ipshared/8618/hdl/vhdl/aes_encrypt_top_icud.vhd:13' bound to instance 'aes_encrypt_top_icud_ram_U' of component 'aes_encrypt_top_icud_ram' [c:/AES/AES.srcs/sources_1/bd/aes_bd/ipshared/8618/hdl/vhdl/aes_encrypt_top_icud.vhd:135]
INFO: [Synth 8-638] synthesizing module 'aes_encrypt_top_icud_ram' [c:/AES/AES.srcs/sources_1/bd/aes_bd/ipshared/8618/hdl/vhdl/aes_encrypt_top_icud.vhd:34]
	Parameter MEM_TYPE bound to: distributed - type: string 
	Parameter DWIDTH bound to: 8 - type: integer 
	Parameter AWIDTH bound to: 4 - type: integer 
	Parameter MEM_SIZE bound to: 16 - type: integer 
INFO: [Synth 8-256] done synthesizing module 'aes_encrypt_top_icud_ram' (5#1) [c:/AES/AES.srcs/sources_1/bd/aes_bd/ipshared/8618/hdl/vhdl/aes_encrypt_top_icud.vhd:34]
INFO: [Synth 8-256] done synthesizing module 'aes_encrypt_top_icud' (6#1) [c:/AES/AES.srcs/sources_1/bd/aes_bd/ipshared/8618/hdl/vhdl/aes_encrypt_top_icud.vhd:118]
	Parameter DataWidth bound to: 8 - type: integer 
	Parameter AddressRange bound to: 16 - type: integer 
	Parameter AddressWidth bound to: 4 - type: integer 
INFO: [Synth 8-3491] module 'aes_encrypt_top_odEe' declared at 'c:/AES/AES.srcs/sources_1/bd/aes_bd/ipshared/8618/hdl/vhdl/aes_encrypt_top_odEe.vhd:91' bound to instance 'output_U' of component 'aes_encrypt_top_odEe' [c:/AES/AES.srcs/sources_1/bd/aes_bd/ipshared/8618/hdl/vhdl/aes_encrypt_top.vhd:2139]
INFO: [Synth 8-638] synthesizing module 'aes_encrypt_top_odEe' [c:/AES/AES.srcs/sources_1/bd/aes_bd/ipshared/8618/hdl/vhdl/aes_encrypt_top_odEe.vhd:110]
	Parameter DataWidth bound to: 8 - type: integer 
	Parameter AddressRange bound to: 16 - type: integer 
	Parameter AddressWidth bound to: 4 - type: integer 
INFO: [Synth 8-3491] module 'aes_encrypt_top_odEe_ram' declared at 'c:/AES/AES.srcs/sources_1/bd/aes_bd/ipshared/8618/hdl/vhdl/aes_encrypt_top_odEe.vhd:13' bound to instance 'aes_encrypt_top_odEe_ram_U' of component 'aes_encrypt_top_odEe_ram' [c:/AES/AES.srcs/sources_1/bd/aes_bd/ipshared/8618/hdl/vhdl/aes_encrypt_top_odEe.vhd:128]
INFO: [Synth 8-638] synthesizing module 'aes_encrypt_top_odEe_ram' [c:/AES/AES.srcs/sources_1/bd/aes_bd/ipshared/8618/hdl/vhdl/aes_encrypt_top_odEe.vhd:35]
	Parameter MEM_TYPE bound to: block - type: string 
	Parameter DWIDTH bound to: 8 - type: integer 
	Parameter AWIDTH bound to: 4 - type: integer 
	Parameter MEM_SIZE bound to: 16 - type: integer 
INFO: [Synth 8-256] done synthesizing module 'aes_encrypt_top_odEe_ram' (7#1) [c:/AES/AES.srcs/sources_1/bd/aes_bd/ipshared/8618/hdl/vhdl/aes_encrypt_top_odEe.vhd:35]
INFO: [Synth 8-256] done synthesizing module 'aes_encrypt_top_odEe' (8#1) [c:/AES/AES.srcs/sources_1/bd/aes_bd/ipshared/8618/hdl/vhdl/aes_encrypt_top_odEe.vhd:110]
	Parameter DataWidth bound to: 8 - type: integer 
	Parameter AddressRange bound to: 11 - type: integer 
	Parameter AddressWidth bound to: 4 - type: integer 
INFO: [Synth 8-3491] module 'aes_encrypt_top_reOg' declared at 'c:/AES/AES.srcs/sources_1/bd/aes_bd/ipshared/8618/hdl/vhdl/aes_encrypt_top_reOg.vhd:91' bound to instance 'roundKeys_0_V_U' of component 'aes_encrypt_top_reOg' [c:/AES/AES.srcs/sources_1/bd/aes_bd/ipshared/8618/hdl/vhdl/aes_encrypt_top.vhd:2157]
INFO: [Synth 8-638] synthesizing module 'aes_encrypt_top_reOg' [c:/AES/AES.srcs/sources_1/bd/aes_bd/ipshared/8618/hdl/vhdl/aes_encrypt_top_reOg.vhd:110]
	Parameter DataWidth bound to: 8 - type: integer 
	Parameter AddressRange bound to: 11 - type: integer 
	Parameter AddressWidth bound to: 4 - type: integer 
INFO: [Synth 8-3491] module 'aes_encrypt_top_reOg_ram' declared at 'c:/AES/AES.srcs/sources_1/bd/aes_bd/ipshared/8618/hdl/vhdl/aes_encrypt_top_reOg.vhd:13' bound to instance 'aes_encrypt_top_reOg_ram_U' of component 'aes_encrypt_top_reOg_ram' [c:/AES/AES.srcs/sources_1/bd/aes_bd/ipshared/8618/hdl/vhdl/aes_encrypt_top_reOg.vhd:128]
INFO: [Synth 8-638] synthesizing module 'aes_encrypt_top_reOg_ram' [c:/AES/AES.srcs/sources_1/bd/aes_bd/ipshared/8618/hdl/vhdl/aes_encrypt_top_reOg.vhd:35]
	Parameter MEM_TYPE bound to: block - type: string 
	Parameter DWIDTH bound to: 8 - type: integer 
	Parameter AWIDTH bound to: 4 - type: integer 
	Parameter MEM_SIZE bound to: 11 - type: integer 
INFO: [Synth 8-256] done synthesizing module 'aes_encrypt_top_reOg_ram' (9#1) [c:/AES/AES.srcs/sources_1/bd/aes_bd/ipshared/8618/hdl/vhdl/aes_encrypt_top_reOg.vhd:35]
INFO: [Synth 8-256] done synthesizing module 'aes_encrypt_top_reOg' (10#1) [c:/AES/AES.srcs/sources_1/bd/aes_bd/ipshared/8618/hdl/vhdl/aes_encrypt_top_reOg.vhd:110]
	Parameter DataWidth bound to: 8 - type: integer 
	Parameter AddressRange bound to: 11 - type: integer 
	Parameter AddressWidth bound to: 4 - type: integer 
INFO: [Synth 8-3491] module 'aes_encrypt_top_reOg' declared at 'c:/AES/AES.srcs/sources_1/bd/aes_bd/ipshared/8618/hdl/vhdl/aes_encrypt_top_reOg.vhd:91' bound to instance 'roundKeys_1_V_U' of component 'aes_encrypt_top_reOg' [c:/AES/AES.srcs/sources_1/bd/aes_bd/ipshared/8618/hdl/vhdl/aes_encrypt_top.vhd:2175]
	Parameter DataWidth bound to: 8 - type: integer 
	Parameter AddressRange bound to: 11 - type: integer 
	Parameter AddressWidth bound to: 4 - type: integer 
INFO: [Synth 8-3491] module 'aes_encrypt_top_reOg' declared at 'c:/AES/AES.srcs/sources_1/bd/aes_bd/ipshared/8618/hdl/vhdl/aes_encrypt_top_reOg.vhd:91' bound to instance 'roundKeys_2_V_U' of component 'aes_encrypt_top_reOg' [c:/AES/AES.srcs/sources_1/bd/aes_bd/ipshared/8618/hdl/vhdl/aes_encrypt_top.vhd:2193]
	Parameter DataWidth bound to: 8 - type: integer 
	Parameter AddressRange bound to: 11 - type: integer 
	Parameter AddressWidth bound to: 4 - type: integer 
INFO: [Synth 8-3491] module 'aes_encrypt_top_reOg' declared at 'c:/AES/AES.srcs/sources_1/bd/aes_bd/ipshared/8618/hdl/vhdl/aes_encrypt_top_reOg.vhd:91' bound to instance 'roundKeys_3_V_U' of component 'aes_encrypt_top_reOg' [c:/AES/AES.srcs/sources_1/bd/aes_bd/ipshared/8618/hdl/vhdl/aes_encrypt_top.vhd:2211]
	Parameter DataWidth bound to: 8 - type: integer 
	Parameter AddressRange bound to: 11 - type: integer 
	Parameter AddressWidth bound to: 4 - type: integer 
INFO: [Synth 8-3491] module 'aes_encrypt_top_reOg' declared at 'c:/AES/AES.srcs/sources_1/bd/aes_bd/ipshared/8618/hdl/vhdl/aes_encrypt_top_reOg.vhd:91' bound to instance 'roundKeys_4_V_U' of component 'aes_encrypt_top_reOg' [c:/AES/AES.srcs/sources_1/bd/aes_bd/ipshared/8618/hdl/vhdl/aes_encrypt_top.vhd:2229]
	Parameter DataWidth bound to: 8 - type: integer 
	Parameter AddressRange bound to: 11 - type: integer 
	Parameter AddressWidth bound to: 4 - type: integer 
INFO: [Synth 8-3491] module 'aes_encrypt_top_reOg' declared at 'c:/AES/AES.srcs/sources_1/bd/aes_bd/ipshared/8618/hdl/vhdl/aes_encrypt_top_reOg.vhd:91' bound to instance 'roundKeys_5_V_U' of component 'aes_encrypt_top_reOg' [c:/AES/AES.srcs/sources_1/bd/aes_bd/ipshared/8618/hdl/vhdl/aes_encrypt_top.vhd:2247]
	Parameter DataWidth bound to: 8 - type: integer 
	Parameter AddressRange bound to: 11 - type: integer 
	Parameter AddressWidth bound to: 4 - type: integer 
INFO: [Synth 8-3491] module 'aes_encrypt_top_reOg' declared at 'c:/AES/AES.srcs/sources_1/bd/aes_bd/ipshared/8618/hdl/vhdl/aes_encrypt_top_reOg.vhd:91' bound to instance 'roundKeys_6_V_U' of component 'aes_encrypt_top_reOg' [c:/AES/AES.srcs/sources_1/bd/aes_bd/ipshared/8618/hdl/vhdl/aes_encrypt_top.vhd:2265]
	Parameter DataWidth bound to: 8 - type: integer 
	Parameter AddressRange bound to: 11 - type: integer 
	Parameter AddressWidth bound to: 4 - type: integer 
INFO: [Synth 8-3491] module 'aes_encrypt_top_reOg' declared at 'c:/AES/AES.srcs/sources_1/bd/aes_bd/ipshared/8618/hdl/vhdl/aes_encrypt_top_reOg.vhd:91' bound to instance 'roundKeys_7_V_U' of component 'aes_encrypt_top_reOg' [c:/AES/AES.srcs/sources_1/bd/aes_bd/ipshared/8618/hdl/vhdl/aes_encrypt_top.vhd:2283]
	Parameter DataWidth bound to: 8 - type: integer 
	Parameter AddressRange bound to: 11 - type: integer 
	Parameter AddressWidth bound to: 4 - type: integer 
INFO: [Synth 8-3491] module 'aes_encrypt_top_reOg' declared at 'c:/AES/AES.srcs/sources_1/bd/aes_bd/ipshared/8618/hdl/vhdl/aes_encrypt_top_reOg.vhd:91' bound to instance 'roundKeys_8_V_U' of component 'aes_encrypt_top_reOg' [c:/AES/AES.srcs/sources_1/bd/aes_bd/ipshared/8618/hdl/vhdl/aes_encrypt_top.vhd:2301]
	Parameter DataWidth bound to: 8 - type: integer 
	Parameter AddressRange bound to: 11 - type: integer 
	Parameter AddressWidth bound to: 4 - type: integer 
INFO: [Synth 8-3491] module 'aes_encrypt_top_reOg' declared at 'c:/AES/AES.srcs/sources_1/bd/aes_bd/ipshared/8618/hdl/vhdl/aes_encrypt_top_reOg.vhd:91' bound to instance 'roundKeys_9_V_U' of component 'aes_encrypt_top_reOg' [c:/AES/AES.srcs/sources_1/bd/aes_bd/ipshared/8618/hdl/vhdl/aes_encrypt_top.vhd:2319]
	Parameter DataWidth bound to: 8 - type: integer 
	Parameter AddressRange bound to: 11 - type: integer 
	Parameter AddressWidth bound to: 4 - type: integer 
INFO: [Synth 8-3491] module 'aes_encrypt_top_reOg' declared at 'c:/AES/AES.srcs/sources_1/bd/aes_bd/ipshared/8618/hdl/vhdl/aes_encrypt_top_reOg.vhd:91' bound to instance 'roundKeys_10_V_U' of component 'aes_encrypt_top_reOg' [c:/AES/AES.srcs/sources_1/bd/aes_bd/ipshared/8618/hdl/vhdl/aes_encrypt_top.vhd:2337]
	Parameter DataWidth bound to: 8 - type: integer 
	Parameter AddressRange bound to: 11 - type: integer 
	Parameter AddressWidth bound to: 4 - type: integer 
INFO: [Synth 8-3491] module 'aes_encrypt_top_reOg' declared at 'c:/AES/AES.srcs/sources_1/bd/aes_bd/ipshared/8618/hdl/vhdl/aes_encrypt_top_reOg.vhd:91' bound to instance 'roundKeys_11_V_U' of component 'aes_encrypt_top_reOg' [c:/AES/AES.srcs/sources_1/bd/aes_bd/ipshared/8618/hdl/vhdl/aes_encrypt_top.vhd:2355]
	Parameter DataWidth bound to: 8 - type: integer 
	Parameter AddressRange bound to: 11 - type: integer 
	Parameter AddressWidth bound to: 4 - type: integer 
INFO: [Synth 8-3491] module 'aes_encrypt_top_reOg' declared at 'c:/AES/AES.srcs/sources_1/bd/aes_bd/ipshared/8618/hdl/vhdl/aes_encrypt_top_reOg.vhd:91' bound to instance 'roundKeys_12_V_U' of component 'aes_encrypt_top_reOg' [c:/AES/AES.srcs/sources_1/bd/aes_bd/ipshared/8618/hdl/vhdl/aes_encrypt_top.vhd:2373]
	Parameter DataWidth bound to: 8 - type: integer 
	Parameter AddressRange bound to: 11 - type: integer 
	Parameter AddressWidth bound to: 4 - type: integer 
INFO: [Synth 8-3491] module 'aes_encrypt_top_reOg' declared at 'c:/AES/AES.srcs/sources_1/bd/aes_bd/ipshared/8618/hdl/vhdl/aes_encrypt_top_reOg.vhd:91' bound to instance 'roundKeys_13_V_U' of component 'aes_encrypt_top_reOg' [c:/AES/AES.srcs/sources_1/bd/aes_bd/ipshared/8618/hdl/vhdl/aes_encrypt_top.vhd:2391]
	Parameter DataWidth bound to: 8 - type: integer 
	Parameter AddressRange bound to: 11 - type: integer 
	Parameter AddressWidth bound to: 4 - type: integer 
INFO: [Synth 8-3491] module 'aes_encrypt_top_reOg' declared at 'c:/AES/AES.srcs/sources_1/bd/aes_bd/ipshared/8618/hdl/vhdl/aes_encrypt_top_reOg.vhd:91' bound to instance 'roundKeys_14_V_U' of component 'aes_encrypt_top_reOg' [c:/AES/AES.srcs/sources_1/bd/aes_bd/ipshared/8618/hdl/vhdl/aes_encrypt_top.vhd:2409]
	Parameter DataWidth bound to: 8 - type: integer 
	Parameter AddressRange bound to: 11 - type: integer 
	Parameter AddressWidth bound to: 4 - type: integer 
INFO: [Synth 8-3491] module 'aes_encrypt_top_reOg' declared at 'c:/AES/AES.srcs/sources_1/bd/aes_bd/ipshared/8618/hdl/vhdl/aes_encrypt_top_reOg.vhd:91' bound to instance 'roundKeys_15_V_U' of component 'aes_encrypt_top_reOg' [c:/AES/AES.srcs/sources_1/bd/aes_bd/ipshared/8618/hdl/vhdl/aes_encrypt_top.vhd:2427]
	Parameter ID bound to: 1 - type: integer 
	Parameter NUM_STAGE bound to: 1 - type: integer 
	Parameter din0_WIDTH bound to: 8 - type: integer 
	Parameter din1_WIDTH bound to: 8 - type: integer 
	Parameter din2_WIDTH bound to: 8 - type: integer 
	Parameter din3_WIDTH bound to: 8 - type: integer 
	Parameter din4_WIDTH bound to: 8 - type: integer 
	Parameter din5_WIDTH bound to: 8 - type: integer 
	Parameter din6_WIDTH bound to: 8 - type: integer 
	Parameter din7_WIDTH bound to: 8 - type: integer 
	Parameter din8_WIDTH bound to: 8 - type: integer 
	Parameter din9_WIDTH bound to: 8 - type: integer 
	Parameter din10_WIDTH bound to: 8 - type: integer 
	Parameter din11_WIDTH bound to: 8 - type: integer 
	Parameter din12_WIDTH bound to: 8 - type: integer 
	Parameter din13_WIDTH bound to: 8 - type: integer 
	Parameter din14_WIDTH bound to: 8 - type: integer 
	Parameter din15_WIDTH bound to: 8 - type: integer 
	Parameter din16_WIDTH bound to: 8 - type: integer 
	Parameter din17_WIDTH bound to: 8 - type: integer 
	Parameter din18_WIDTH bound to: 8 - type: integer 
	Parameter din19_WIDTH bound to: 8 - type: integer 
	Parameter din20_WIDTH bound to: 8 - type: integer 
	Parameter din21_WIDTH bound to: 8 - type: integer 
	Parameter din22_WIDTH bound to: 8 - type: integer 
	Parameter din23_WIDTH bound to: 8 - type: integer 
	Parameter din24_WIDTH bound to: 8 - type: integer 
	Parameter din25_WIDTH bound to: 8 - type: integer 
	Parameter din26_WIDTH bound to: 8 - type: integer 
	Parameter din27_WIDTH bound to: 8 - type: integer 
	Parameter din28_WIDTH bound to: 8 - type: integer 
	Parameter din29_WIDTH bound to: 8 - type: integer 
	Parameter din30_WIDTH bound to: 8 - type: integer 
	Parameter din31_WIDTH bound to: 8 - type: integer 
	Parameter din32_WIDTH bound to: 8 - type: integer 
	Parameter din33_WIDTH bound to: 8 - type: integer 
	Parameter din34_WIDTH bound to: 8 - type: integer 
	Parameter din35_WIDTH bound to: 8 - type: integer 
	Parameter din36_WIDTH bound to: 8 - type: integer 
	Parameter din37_WIDTH bound to: 8 - type: integer 
	Parameter din38_WIDTH bound to: 8 - type: integer 
	Parameter din39_WIDTH bound to: 8 - type: integer 
	Parameter din40_WIDTH bound to: 8 - type: integer 
	Parameter din41_WIDTH bound to: 8 - type: integer 
	Parameter din42_WIDTH bound to: 8 - type: integer 
	Parameter din43_WIDTH bound to: 8 - type: integer 
	Parameter din44_WIDTH bound to: 8 - type: integer 
	Parameter din45_WIDTH bound to: 8 - type: integer 
	Parameter din46_WIDTH bound to: 8 - type: integer 
	Parameter din47_WIDTH bound to: 8 - type: integer 
	Parameter din48_WIDTH bound to: 8 - type: integer 
	Parameter din49_WIDTH bound to: 8 - type: integer 
	Parameter din50_WIDTH bound to: 8 - type: integer 
	Parameter din51_WIDTH bound to: 8 - type: integer 
	Parameter din52_WIDTH bound to: 8 - type: integer 
	Parameter din53_WIDTH bound to: 8 - type: integer 
	Parameter din54_WIDTH bound to: 8 - type: integer 
	Parameter din55_WIDTH bound to: 8 - type: integer 
	Parameter din56_WIDTH bound to: 8 - type: integer 
	Parameter din57_WIDTH bound to: 8 - type: integer 
	Parameter din58_WIDTH bound to: 8 - type: integer 
	Parameter din59_WIDTH bound to: 8 - type: integer 
	Parameter din60_WIDTH bound to: 8 - type: integer 
	Parameter din61_WIDTH bound to: 8 - type: integer 
	Parameter din62_WIDTH bound to: 8 - type: integer 
	Parameter din63_WIDTH bound to: 8 - type: integer 
	Parameter din64_WIDTH bound to: 8 - type: integer 
	Parameter din65_WIDTH bound to: 8 - type: integer 
	Parameter din66_WIDTH bound to: 8 - type: integer 
	Parameter din67_WIDTH bound to: 8 - type: integer 
	Parameter din68_WIDTH bound to: 8 - type: integer 
	Parameter din69_WIDTH bound to: 8 - type: integer 
	Parameter din70_WIDTH bound to: 8 - type: integer 
	Parameter din71_WIDTH bound to: 8 - type: integer 
	Parameter din72_WIDTH bound to: 8 - type: integer 
	Parameter din73_WIDTH bound to: 8 - type: integer 
	Parameter din74_WIDTH bound to: 8 - type: integer 
	Parameter din75_WIDTH bound to: 8 - type: integer 
	Parameter din76_WIDTH bound to: 8 - type: integer 
	Parameter din77_WIDTH bound to: 8 - type: integer 
	Parameter din78_WIDTH bound to: 8 - type: integer 
	Parameter din79_WIDTH bound to: 8 - type: integer 
	Parameter din80_WIDTH bound to: 8 - type: integer 
	Parameter din81_WIDTH bound to: 8 - type: integer 
	Parameter din82_WIDTH bound to: 8 - type: integer 
	Parameter din83_WIDTH bound to: 8 - type: integer 
	Parameter din84_WIDTH bound to: 8 - type: integer 
	Parameter din85_WIDTH bound to: 8 - type: integer 
	Parameter din86_WIDTH bound to: 8 - type: integer 
	Parameter din87_WIDTH bound to: 8 - type: integer 
	Parameter din88_WIDTH bound to: 8 - type: integer 
	Parameter din89_WIDTH bound to: 8 - type: integer 
	Parameter din90_WIDTH bound to: 8 - type: integer 
	Parameter din91_WIDTH bound to: 8 - type: integer 
	Parameter din92_WIDTH bound to: 8 - type: integer 
	Parameter din93_WIDTH bound to: 8 - type: integer 
	Parameter din94_WIDTH bound to: 8 - type: integer 
	Parameter din95_WIDTH bound to: 8 - type: integer 
	Parameter din96_WIDTH bound to: 8 - type: integer 
	Parameter din97_WIDTH bound to: 8 - type: integer 
	Parameter din98_WIDTH bound to: 8 - type: integer 
	Parameter din99_WIDTH bound to: 8 - type: integer 
	Parameter din100_WIDTH bound to: 8 - type: integer 
	Parameter din101_WIDTH bound to: 8 - type: integer 
	Parameter din102_WIDTH bound to: 8 - type: integer 
	Parameter din103_WIDTH bound to: 8 - type: integer 
	Parameter din104_WIDTH bound to: 8 - type: integer 
	Parameter din105_WIDTH bound to: 8 - type: integer 
	Parameter din106_WIDTH bound to: 8 - type: integer 
	Parameter din107_WIDTH bound to: 8 - type: integer 
	Parameter din108_WIDTH bound to: 8 - type: integer 
	Parameter din109_WIDTH bound to: 8 - type: integer 
	Parameter din110_WIDTH bound to: 8 - type: integer 
	Parameter din111_WIDTH bound to: 8 - type: integer 
	Parameter din112_WIDTH bound to: 8 - type: integer 
	Parameter din113_WIDTH bound to: 8 - type: integer 
	Parameter din114_WIDTH bound to: 8 - type: integer 
	Parameter din115_WIDTH bound to: 8 - type: integer 
	Parameter din116_WIDTH bound to: 8 - type: integer 
	Parameter din117_WIDTH bound to: 8 - type: integer 
	Parameter din118_WIDTH bound to: 8 - type: integer 
	Parameter din119_WIDTH bound to: 8 - type: integer 
	Parameter din120_WIDTH bound to: 8 - type: integer 
	Parameter din121_WIDTH bound to: 8 - type: integer 
	Parameter din122_WIDTH bound to: 8 - type: integer 
	Parameter din123_WIDTH bound to: 8 - type: integer 
	Parameter din124_WIDTH bound to: 8 - type: integer 
	Parameter din125_WIDTH bound to: 8 - type: integer 
	Parameter din126_WIDTH bound to: 8 - type: integer 
	Parameter din127_WIDTH bound to: 8 - type: integer 
	Parameter din128_WIDTH bound to: 8 - type: integer 
	Parameter din129_WIDTH bound to: 8 - type: integer 
	Parameter din130_WIDTH bound to: 8 - type: integer 
	Parameter din131_WIDTH bound to: 8 - type: integer 
	Parameter din132_WIDTH bound to: 8 - type: integer 
	Parameter din133_WIDTH bound to: 8 - type: integer 
	Parameter din134_WIDTH bound to: 8 - type: integer 
	Parameter din135_WIDTH bound to: 8 - type: integer 
	Parameter din136_WIDTH bound to: 8 - type: integer 
	Parameter din137_WIDTH bound to: 8 - type: integer 
	Parameter din138_WIDTH bound to: 8 - type: integer 
	Parameter din139_WIDTH bound to: 8 - type: integer 
	Parameter din140_WIDTH bound to: 8 - type: integer 
	Parameter din141_WIDTH bound to: 8 - type: integer 
	Parameter din142_WIDTH bound to: 8 - type: integer 
	Parameter din143_WIDTH bound to: 8 - type: integer 
	Parameter din144_WIDTH bound to: 8 - type: integer 
	Parameter din145_WIDTH bound to: 8 - type: integer 
	Parameter din146_WIDTH bound to: 8 - type: integer 
	Parameter din147_WIDTH bound to: 8 - type: integer 
	Parameter din148_WIDTH bound to: 8 - type: integer 
	Parameter din149_WIDTH bound to: 8 - type: integer 
	Parameter din150_WIDTH bound to: 8 - type: integer 
	Parameter din151_WIDTH bound to: 8 - type: integer 
	Parameter din152_WIDTH bound to: 8 - type: integer 
	Parameter din153_WIDTH bound to: 8 - type: integer 
	Parameter din154_WIDTH bound to: 8 - type: integer 
	Parameter din155_WIDTH bound to: 8 - type: integer 
	Parameter din156_WIDTH bound to: 8 - type: integer 
	Parameter din157_WIDTH bound to: 8 - type: integer 
	Parameter din158_WIDTH bound to: 8 - type: integer 
	Parameter din159_WIDTH bound to: 8 - type: integer 
	Parameter din160_WIDTH bound to: 8 - type: integer 
	Parameter din161_WIDTH bound to: 8 - type: integer 
	Parameter din162_WIDTH bound to: 8 - type: integer 
	Parameter din163_WIDTH bound to: 8 - type: integer 
	Parameter din164_WIDTH bound to: 8 - type: integer 
	Parameter din165_WIDTH bound to: 8 - type: integer 
	Parameter din166_WIDTH bound to: 8 - type: integer 
	Parameter din167_WIDTH bound to: 8 - type: integer 
	Parameter din168_WIDTH bound to: 8 - type: integer 
	Parameter din169_WIDTH bound to: 8 - type: integer 
	Parameter din170_WIDTH bound to: 8 - type: integer 
	Parameter din171_WIDTH bound to: 8 - type: integer 
	Parameter din172_WIDTH bound to: 8 - type: integer 
	Parameter din173_WIDTH bound to: 8 - type: integer 
	Parameter din174_WIDTH bound to: 8 - type: integer 
	Parameter din175_WIDTH bound to: 8 - type: integer 
	Parameter din176_WIDTH bound to: 8 - type: integer 
	Parameter din177_WIDTH bound to: 8 - type: integer 
	Parameter din178_WIDTH bound to: 8 - type: integer 
	Parameter din179_WIDTH bound to: 8 - type: integer 
	Parameter din180_WIDTH bound to: 8 - type: integer 
	Parameter din181_WIDTH bound to: 8 - type: integer 
	Parameter din182_WIDTH bound to: 8 - type: integer 
	Parameter din183_WIDTH bound to: 8 - type: integer 
	Parameter din184_WIDTH bound to: 8 - type: integer 
	Parameter din185_WIDTH bound to: 8 - type: integer 
	Parameter din186_WIDTH bound to: 8 - type: integer 
	Parameter din187_WIDTH bound to: 8 - type: integer 
	Parameter din188_WIDTH bound to: 8 - type: integer 
	Parameter din189_WIDTH bound to: 8 - type: integer 
	Parameter din190_WIDTH bound to: 8 - type: integer 
	Parameter din191_WIDTH bound to: 8 - type: integer 
	Parameter din192_WIDTH bound to: 8 - type: integer 
	Parameter din193_WIDTH bound to: 8 - type: integer 
	Parameter din194_WIDTH bound to: 8 - type: integer 
	Parameter din195_WIDTH bound to: 8 - type: integer 
	Parameter din196_WIDTH bound to: 8 - type: integer 
	Parameter din197_WIDTH bound to: 8 - type: integer 
	Parameter din198_WIDTH bound to: 8 - type: integer 
	Parameter din199_WIDTH bound to: 8 - type: integer 
	Parameter din200_WIDTH bound to: 8 - type: integer 
	Parameter din201_WIDTH bound to: 8 - type: integer 
	Parameter din202_WIDTH bound to: 8 - type: integer 
	Parameter din203_WIDTH bound to: 8 - type: integer 
	Parameter din204_WIDTH bound to: 8 - type: integer 
	Parameter din205_WIDTH bound to: 8 - type: integer 
	Parameter din206_WIDTH bound to: 8 - type: integer 
	Parameter din207_WIDTH bound to: 8 - type: integer 
	Parameter din208_WIDTH bound to: 8 - type: integer 
	Parameter din209_WIDTH bound to: 8 - type: integer 
	Parameter din210_WIDTH bound to: 8 - type: integer 
	Parameter din211_WIDTH bound to: 8 - type: integer 
	Parameter din212_WIDTH bound to: 8 - type: integer 
	Parameter din213_WIDTH bound to: 8 - type: integer 
	Parameter din214_WIDTH bound to: 8 - type: integer 
	Parameter din215_WIDTH bound to: 8 - type: integer 
	Parameter din216_WIDTH bound to: 8 - type: integer 
	Parameter din217_WIDTH bound to: 8 - type: integer 
	Parameter din218_WIDTH bound to: 8 - type: integer 
	Parameter din219_WIDTH bound to: 8 - type: integer 
	Parameter din220_WIDTH bound to: 8 - type: integer 
	Parameter din221_WIDTH bound to: 8 - type: integer 
	Parameter din222_WIDTH bound to: 8 - type: integer 
	Parameter din223_WIDTH bound to: 8 - type: integer 
	Parameter din224_WIDTH bound to: 8 - type: integer 
	Parameter din225_WIDTH bound to: 8 - type: integer 
	Parameter din226_WIDTH bound to: 8 - type: integer 
	Parameter din227_WIDTH bound to: 8 - type: integer 
	Parameter din228_WIDTH bound to: 8 - type: integer 
	Parameter din229_WIDTH bound to: 8 - type: integer 
	Parameter din230_WIDTH bound to: 8 - type: integer 
	Parameter din231_WIDTH bound to: 8 - type: integer 
	Parameter din232_WIDTH bound to: 8 - type: integer 
	Parameter din233_WIDTH bound to: 8 - type: integer 
	Parameter din234_WIDTH bound to: 8 - type: integer 
	Parameter din235_WIDTH bound to: 8 - type: integer 
	Parameter din236_WIDTH bound to: 8 - type: integer 
	Parameter din237_WIDTH bound to: 8 - type: integer 
	Parameter din238_WIDTH bound to: 8 - type: integer 
	Parameter din239_WIDTH bound to: 8 - type: integer 
	Parameter din240_WIDTH bound to: 8 - type: integer 
	Parameter din241_WIDTH bound to: 8 - type: integer 
	Parameter din242_WIDTH bound to: 8 - type: integer 
	Parameter din243_WIDTH bound to: 8 - type: integer 
	Parameter din244_WIDTH bound to: 8 - type: integer 
	Parameter din245_WIDTH bound to: 8 - type: integer 
	Parameter din246_WIDTH bound to: 8 - type: integer 
	Parameter din247_WIDTH bound to: 8 - type: integer 
	Parameter din248_WIDTH bound to: 8 - type: integer 
	Parameter din249_WIDTH bound to: 8 - type: integer 
	Parameter din250_WIDTH bound to: 8 - type: integer 
	Parameter din251_WIDTH bound to: 8 - type: integer 
	Parameter din252_WIDTH bound to: 8 - type: integer 
	Parameter din253_WIDTH bound to: 8 - type: integer 
	Parameter din254_WIDTH bound to: 8 - type: integer 
	Parameter din255_WIDTH bound to: 8 - type: integer 
	Parameter din256_WIDTH bound to: 8 - type: integer 
	Parameter dout_WIDTH bound to: 8 - type: integer 
INFO: [Synth 8-3491] module 'aes_encrypt_top_mudo' declared at 'c:/AES/AES.srcs/sources_1/bd/aes_bd/ipshared/8618/hdl/vhdl/aes_encrypt_top_mudo.vhd:13' bound to instance 'aes_encrypt_top_mudo_U1' of component 'aes_encrypt_top_mudo' [c:/AES/AES.srcs/sources_1/bd/aes_bd/ipshared/8618/hdl/vhdl/aes_encrypt_top.vhd:2445]
INFO: [Synth 8-638] synthesizing module 'aes_encrypt_top_mudo' [c:/AES/AES.srcs/sources_1/bd/aes_bd/ipshared/8618/hdl/vhdl/aes_encrypt_top_mudo.vhd:536]
	Parameter ID bound to: 1 - type: integer 
	Parameter NUM_STAGE bound to: 1 - type: integer 
	Parameter din0_WIDTH bound to: 8 - type: integer 
	Parameter din1_WIDTH bound to: 8 - type: integer 
	Parameter din2_WIDTH bound to: 8 - type: integer 
	Parameter din3_WIDTH bound to: 8 - type: integer 
	Parameter din4_WIDTH bound to: 8 - type: integer 
	Parameter din5_WIDTH bound to: 8 - type: integer 
	Parameter din6_WIDTH bound to: 8 - type: integer 
	Parameter din7_WIDTH bound to: 8 - type: integer 
	Parameter din8_WIDTH bound to: 8 - type: integer 
	Parameter din9_WIDTH bound to: 8 - type: integer 
	Parameter din10_WIDTH bound to: 8 - type: integer 
	Parameter din11_WIDTH bound to: 8 - type: integer 
	Parameter din12_WIDTH bound to: 8 - type: integer 
	Parameter din13_WIDTH bound to: 8 - type: integer 
	Parameter din14_WIDTH bound to: 8 - type: integer 
	Parameter din15_WIDTH bound to: 8 - type: integer 
	Parameter din16_WIDTH bound to: 8 - type: integer 
	Parameter din17_WIDTH bound to: 8 - type: integer 
	Parameter din18_WIDTH bound to: 8 - type: integer 
	Parameter din19_WIDTH bound to: 8 - type: integer 
	Parameter din20_WIDTH bound to: 8 - type: integer 
	Parameter din21_WIDTH bound to: 8 - type: integer 
	Parameter din22_WIDTH bound to: 8 - type: integer 
	Parameter din23_WIDTH bound to: 8 - type: integer 
	Parameter din24_WIDTH bound to: 8 - type: integer 
	Parameter din25_WIDTH bound to: 8 - type: integer 
	Parameter din26_WIDTH bound to: 8 - type: integer 
	Parameter din27_WIDTH bound to: 8 - type: integer 
	Parameter din28_WIDTH bound to: 8 - type: integer 
	Parameter din29_WIDTH bound to: 8 - type: integer 
	Parameter din30_WIDTH bound to: 8 - type: integer 
	Parameter din31_WIDTH bound to: 8 - type: integer 
	Parameter din32_WIDTH bound to: 8 - type: integer 
	Parameter din33_WIDTH bound to: 8 - type: integer 
	Parameter din34_WIDTH bound to: 8 - type: integer 
	Parameter din35_WIDTH bound to: 8 - type: integer 
	Parameter din36_WIDTH bound to: 8 - type: integer 
	Parameter din37_WIDTH bound to: 8 - type: integer 
	Parameter din38_WIDTH bound to: 8 - type: integer 
	Parameter din39_WIDTH bound to: 8 - type: integer 
	Parameter din40_WIDTH bound to: 8 - type: integer 
	Parameter din41_WIDTH bound to: 8 - type: integer 
	Parameter din42_WIDTH bound to: 8 - type: integer 
	Parameter din43_WIDTH bound to: 8 - type: integer 
	Parameter din44_WIDTH bound to: 8 - type: integer 
	Parameter din45_WIDTH bound to: 8 - type: integer 
	Parameter din46_WIDTH bound to: 8 - type: integer 
	Parameter din47_WIDTH bound to: 8 - type: integer 
	Parameter din48_WIDTH bound to: 8 - type: integer 
	Parameter din49_WIDTH bound to: 8 - type: integer 
	Parameter din50_WIDTH bound to: 8 - type: integer 
	Parameter din51_WIDTH bound to: 8 - type: integer 
	Parameter din52_WIDTH bound to: 8 - type: integer 
	Parameter din53_WIDTH bound to: 8 - type: integer 
	Parameter din54_WIDTH bound to: 8 - type: integer 
	Parameter din55_WIDTH bound to: 8 - type: integer 
	Parameter din56_WIDTH bound to: 8 - type: integer 
	Parameter din57_WIDTH bound to: 8 - type: integer 
	Parameter din58_WIDTH bound to: 8 - type: integer 
	Parameter din59_WIDTH bound to: 8 - type: integer 
	Parameter din60_WIDTH bound to: 8 - type: integer 
	Parameter din61_WIDTH bound to: 8 - type: integer 
	Parameter din62_WIDTH bound to: 8 - type: integer 
	Parameter din63_WIDTH bound to: 8 - type: integer 
	Parameter din64_WIDTH bound to: 8 - type: integer 
	Parameter din65_WIDTH bound to: 8 - type: integer 
	Parameter din66_WIDTH bound to: 8 - type: integer 
	Parameter din67_WIDTH bound to: 8 - type: integer 
	Parameter din68_WIDTH bound to: 8 - type: integer 
	Parameter din69_WIDTH bound to: 8 - type: integer 
	Parameter din70_WIDTH bound to: 8 - type: integer 
	Parameter din71_WIDTH bound to: 8 - type: integer 
	Parameter din72_WIDTH bound to: 8 - type: integer 
	Parameter din73_WIDTH bound to: 8 - type: integer 
	Parameter din74_WIDTH bound to: 8 - type: integer 
	Parameter din75_WIDTH bound to: 8 - type: integer 
	Parameter din76_WIDTH bound to: 8 - type: integer 
	Parameter din77_WIDTH bound to: 8 - type: integer 
	Parameter din78_WIDTH bound to: 8 - type: integer 
	Parameter din79_WIDTH bound to: 8 - type: integer 
	Parameter din80_WIDTH bound to: 8 - type: integer 
	Parameter din81_WIDTH bound to: 8 - type: integer 
	Parameter din82_WIDTH bound to: 8 - type: integer 
	Parameter din83_WIDTH bound to: 8 - type: integer 
	Parameter din84_WIDTH bound to: 8 - type: integer 
	Parameter din85_WIDTH bound to: 8 - type: integer 
	Parameter din86_WIDTH bound to: 8 - type: integer 
	Parameter din87_WIDTH bound to: 8 - type: integer 
	Parameter din88_WIDTH bound to: 8 - type: integer 
	Parameter din89_WIDTH bound to: 8 - type: integer 
	Parameter din90_WIDTH bound to: 8 - type: integer 
	Parameter din91_WIDTH bound to: 8 - type: integer 
	Parameter din92_WIDTH bound to: 8 - type: integer 
	Parameter din93_WIDTH bound to: 8 - type: integer 
	Parameter din94_WIDTH bound to: 8 - type: integer 
	Parameter din95_WIDTH bound to: 8 - type: integer 
	Parameter din96_WIDTH bound to: 8 - type: integer 
	Parameter din97_WIDTH bound to: 8 - type: integer 
	Parameter din98_WIDTH bound to: 8 - type: integer 
	Parameter din99_WIDTH bound to: 8 - type: integer 
	Parameter din100_WIDTH bound to: 8 - type: integer 
	Parameter din101_WIDTH bound to: 8 - type: integer 
	Parameter din102_WIDTH bound to: 8 - type: integer 
	Parameter din103_WIDTH bound to: 8 - type: integer 
	Parameter din104_WIDTH bound to: 8 - type: integer 
	Parameter din105_WIDTH bound to: 8 - type: integer 
	Parameter din106_WIDTH bound to: 8 - type: integer 
	Parameter din107_WIDTH bound to: 8 - type: integer 
	Parameter din108_WIDTH bound to: 8 - type: integer 
	Parameter din109_WIDTH bound to: 8 - type: integer 
	Parameter din110_WIDTH bound to: 8 - type: integer 
	Parameter din111_WIDTH bound to: 8 - type: integer 
	Parameter din112_WIDTH bound to: 8 - type: integer 
	Parameter din113_WIDTH bound to: 8 - type: integer 
	Parameter din114_WIDTH bound to: 8 - type: integer 
	Parameter din115_WIDTH bound to: 8 - type: integer 
	Parameter din116_WIDTH bound to: 8 - type: integer 
	Parameter din117_WIDTH bound to: 8 - type: integer 
	Parameter din118_WIDTH bound to: 8 - type: integer 
	Parameter din119_WIDTH bound to: 8 - type: integer 
	Parameter din120_WIDTH bound to: 8 - type: integer 
	Parameter din121_WIDTH bound to: 8 - type: integer 
	Parameter din122_WIDTH bound to: 8 - type: integer 
	Parameter din123_WIDTH bound to: 8 - type: integer 
	Parameter din124_WIDTH bound to: 8 - type: integer 
	Parameter din125_WIDTH bound to: 8 - type: integer 
	Parameter din126_WIDTH bound to: 8 - type: integer 
	Parameter din127_WIDTH bound to: 8 - type: integer 
	Parameter din128_WIDTH bound to: 8 - type: integer 
	Parameter din129_WIDTH bound to: 8 - type: integer 
	Parameter din130_WIDTH bound to: 8 - type: integer 
	Parameter din131_WIDTH bound to: 8 - type: integer 
	Parameter din132_WIDTH bound to: 8 - type: integer 
	Parameter din133_WIDTH bound to: 8 - type: integer 
	Parameter din134_WIDTH bound to: 8 - type: integer 
	Parameter din135_WIDTH bound to: 8 - type: integer 
	Parameter din136_WIDTH bound to: 8 - type: integer 
	Parameter din137_WIDTH bound to: 8 - type: integer 
	Parameter din138_WIDTH bound to: 8 - type: integer 
	Parameter din139_WIDTH bound to: 8 - type: integer 
	Parameter din140_WIDTH bound to: 8 - type: integer 
	Parameter din141_WIDTH bound to: 8 - type: integer 
	Parameter din142_WIDTH bound to: 8 - type: integer 
	Parameter din143_WIDTH bound to: 8 - type: integer 
	Parameter din144_WIDTH bound to: 8 - type: integer 
	Parameter din145_WIDTH bound to: 8 - type: integer 
	Parameter din146_WIDTH bound to: 8 - type: integer 
	Parameter din147_WIDTH bound to: 8 - type: integer 
	Parameter din148_WIDTH bound to: 8 - type: integer 
	Parameter din149_WIDTH bound to: 8 - type: integer 
	Parameter din150_WIDTH bound to: 8 - type: integer 
	Parameter din151_WIDTH bound to: 8 - type: integer 
	Parameter din152_WIDTH bound to: 8 - type: integer 
	Parameter din153_WIDTH bound to: 8 - type: integer 
	Parameter din154_WIDTH bound to: 8 - type: integer 
	Parameter din155_WIDTH bound to: 8 - type: integer 
	Parameter din156_WIDTH bound to: 8 - type: integer 
	Parameter din157_WIDTH bound to: 8 - type: integer 
	Parameter din158_WIDTH bound to: 8 - type: integer 
	Parameter din159_WIDTH bound to: 8 - type: integer 
	Parameter din160_WIDTH bound to: 8 - type: integer 
	Parameter din161_WIDTH bound to: 8 - type: integer 
	Parameter din162_WIDTH bound to: 8 - type: integer 
	Parameter din163_WIDTH bound to: 8 - type: integer 
	Parameter din164_WIDTH bound to: 8 - type: integer 
	Parameter din165_WIDTH bound to: 8 - type: integer 
	Parameter din166_WIDTH bound to: 8 - type: integer 
	Parameter din167_WIDTH bound to: 8 - type: integer 
	Parameter din168_WIDTH bound to: 8 - type: integer 
	Parameter din169_WIDTH bound to: 8 - type: integer 
	Parameter din170_WIDTH bound to: 8 - type: integer 
	Parameter din171_WIDTH bound to: 8 - type: integer 
	Parameter din172_WIDTH bound to: 8 - type: integer 
	Parameter din173_WIDTH bound to: 8 - type: integer 
	Parameter din174_WIDTH bound to: 8 - type: integer 
	Parameter din175_WIDTH bound to: 8 - type: integer 
	Parameter din176_WIDTH bound to: 8 - type: integer 
	Parameter din177_WIDTH bound to: 8 - type: integer 
	Parameter din178_WIDTH bound to: 8 - type: integer 
	Parameter din179_WIDTH bound to: 8 - type: integer 
	Parameter din180_WIDTH bound to: 8 - type: integer 
	Parameter din181_WIDTH bound to: 8 - type: integer 
	Parameter din182_WIDTH bound to: 8 - type: integer 
	Parameter din183_WIDTH bound to: 8 - type: integer 
	Parameter din184_WIDTH bound to: 8 - type: integer 
	Parameter din185_WIDTH bound to: 8 - type: integer 
	Parameter din186_WIDTH bound to: 8 - type: integer 
	Parameter din187_WIDTH bound to: 8 - type: integer 
	Parameter din188_WIDTH bound to: 8 - type: integer 
	Parameter din189_WIDTH bound to: 8 - type: integer 
	Parameter din190_WIDTH bound to: 8 - type: integer 
	Parameter din191_WIDTH bound to: 8 - type: integer 
	Parameter din192_WIDTH bound to: 8 - type: integer 
	Parameter din193_WIDTH bound to: 8 - type: integer 
	Parameter din194_WIDTH bound to: 8 - type: integer 
	Parameter din195_WIDTH bound to: 8 - type: integer 
	Parameter din196_WIDTH bound to: 8 - type: integer 
	Parameter din197_WIDTH bound to: 8 - type: integer 
	Parameter din198_WIDTH bound to: 8 - type: integer 
	Parameter din199_WIDTH bound to: 8 - type: integer 
	Parameter din200_WIDTH bound to: 8 - type: integer 
	Parameter din201_WIDTH bound to: 8 - type: integer 
	Parameter din202_WIDTH bound to: 8 - type: integer 
	Parameter din203_WIDTH bound to: 8 - type: integer 
	Parameter din204_WIDTH bound to: 8 - type: integer 
	Parameter din205_WIDTH bound to: 8 - type: integer 
	Parameter din206_WIDTH bound to: 8 - type: integer 
	Parameter din207_WIDTH bound to: 8 - type: integer 
	Parameter din208_WIDTH bound to: 8 - type: integer 
	Parameter din209_WIDTH bound to: 8 - type: integer 
	Parameter din210_WIDTH bound to: 8 - type: integer 
	Parameter din211_WIDTH bound to: 8 - type: integer 
	Parameter din212_WIDTH bound to: 8 - type: integer 
	Parameter din213_WIDTH bound to: 8 - type: integer 
	Parameter din214_WIDTH bound to: 8 - type: integer 
	Parameter din215_WIDTH bound to: 8 - type: integer 
	Parameter din216_WIDTH bound to: 8 - type: integer 
	Parameter din217_WIDTH bound to: 8 - type: integer 
	Parameter din218_WIDTH bound to: 8 - type: integer 
	Parameter din219_WIDTH bound to: 8 - type: integer 
	Parameter din220_WIDTH bound to: 8 - type: integer 
	Parameter din221_WIDTH bound to: 8 - type: integer 
	Parameter din222_WIDTH bound to: 8 - type: integer 
	Parameter din223_WIDTH bound to: 8 - type: integer 
	Parameter din224_WIDTH bound to: 8 - type: integer 
	Parameter din225_WIDTH bound to: 8 - type: integer 
	Parameter din226_WIDTH bound to: 8 - type: integer 
	Parameter din227_WIDTH bound to: 8 - type: integer 
	Parameter din228_WIDTH bound to: 8 - type: integer 
	Parameter din229_WIDTH bound to: 8 - type: integer 
	Parameter din230_WIDTH bound to: 8 - type: integer 
	Parameter din231_WIDTH bound to: 8 - type: integer 
	Parameter din232_WIDTH bound to: 8 - type: integer 
	Parameter din233_WIDTH bound to: 8 - type: integer 
	Parameter din234_WIDTH bound to: 8 - type: integer 
	Parameter din235_WIDTH bound to: 8 - type: integer 
	Parameter din236_WIDTH bound to: 8 - type: integer 
	Parameter din237_WIDTH bound to: 8 - type: integer 
	Parameter din238_WIDTH bound to: 8 - type: integer 
	Parameter din239_WIDTH bound to: 8 - type: integer 
	Parameter din240_WIDTH bound to: 8 - type: integer 
	Parameter din241_WIDTH bound to: 8 - type: integer 
	Parameter din242_WIDTH bound to: 8 - type: integer 
	Parameter din243_WIDTH bound to: 8 - type: integer 
	Parameter din244_WIDTH bound to: 8 - type: integer 
	Parameter din245_WIDTH bound to: 8 - type: integer 
	Parameter din246_WIDTH bound to: 8 - type: integer 
	Parameter din247_WIDTH bound to: 8 - type: integer 
	Parameter din248_WIDTH bound to: 8 - type: integer 
	Parameter din249_WIDTH bound to: 8 - type: integer 
	Parameter din250_WIDTH bound to: 8 - type: integer 
	Parameter din251_WIDTH bound to: 8 - type: integer 
	Parameter din252_WIDTH bound to: 8 - type: integer 
	Parameter din253_WIDTH bound to: 8 - type: integer 
	Parameter din254_WIDTH bound to: 8 - type: integer 
	Parameter din255_WIDTH bound to: 8 - type: integer 
	Parameter din256_WIDTH bound to: 8 - type: integer 
	Parameter dout_WIDTH bound to: 8 - type: integer 
INFO: [Synth 8-256] done synthesizing module 'aes_encrypt_top_mudo' (11#1) [c:/AES/AES.srcs/sources_1/bd/aes_bd/ipshared/8618/hdl/vhdl/aes_encrypt_top_mudo.vhd:536]
	Parameter ID bound to: 1 - type: integer 
	Parameter NUM_STAGE bound to: 1 - type: integer 
	Parameter din0_WIDTH bound to: 8 - type: integer 
	Parameter din1_WIDTH bound to: 8 - type: integer 
	Parameter din2_WIDTH bound to: 8 - type: integer 
	Parameter din3_WIDTH bound to: 8 - type: integer 
	Parameter din4_WIDTH bound to: 8 - type: integer 
	Parameter din5_WIDTH bound to: 8 - type: integer 
	Parameter din6_WIDTH bound to: 8 - type: integer 
	Parameter din7_WIDTH bound to: 8 - type: integer 
	Parameter din8_WIDTH bound to: 8 - type: integer 
	Parameter din9_WIDTH bound to: 8 - type: integer 
	Parameter din10_WIDTH bound to: 8 - type: integer 
	Parameter din11_WIDTH bound to: 8 - type: integer 
	Parameter din12_WIDTH bound to: 8 - type: integer 
	Parameter din13_WIDTH bound to: 8 - type: integer 
	Parameter din14_WIDTH bound to: 8 - type: integer 
	Parameter din15_WIDTH bound to: 8 - type: integer 
	Parameter din16_WIDTH bound to: 8 - type: integer 
	Parameter din17_WIDTH bound to: 8 - type: integer 
	Parameter din18_WIDTH bound to: 8 - type: integer 
	Parameter din19_WIDTH bound to: 8 - type: integer 
	Parameter din20_WIDTH bound to: 8 - type: integer 
	Parameter din21_WIDTH bound to: 8 - type: integer 
	Parameter din22_WIDTH bound to: 8 - type: integer 
	Parameter din23_WIDTH bound to: 8 - type: integer 
	Parameter din24_WIDTH bound to: 8 - type: integer 
	Parameter din25_WIDTH bound to: 8 - type: integer 
	Parameter din26_WIDTH bound to: 8 - type: integer 
	Parameter din27_WIDTH bound to: 8 - type: integer 
	Parameter din28_WIDTH bound to: 8 - type: integer 
	Parameter din29_WIDTH bound to: 8 - type: integer 
	Parameter din30_WIDTH bound to: 8 - type: integer 
	Parameter din31_WIDTH bound to: 8 - type: integer 
	Parameter din32_WIDTH bound to: 8 - type: integer 
	Parameter din33_WIDTH bound to: 8 - type: integer 
	Parameter din34_WIDTH bound to: 8 - type: integer 
	Parameter din35_WIDTH bound to: 8 - type: integer 
	Parameter din36_WIDTH bound to: 8 - type: integer 
	Parameter din37_WIDTH bound to: 8 - type: integer 
	Parameter din38_WIDTH bound to: 8 - type: integer 
	Parameter din39_WIDTH bound to: 8 - type: integer 
	Parameter din40_WIDTH bound to: 8 - type: integer 
	Parameter din41_WIDTH bound to: 8 - type: integer 
	Parameter din42_WIDTH bound to: 8 - type: integer 
	Parameter din43_WIDTH bound to: 8 - type: integer 
	Parameter din44_WIDTH bound to: 8 - type: integer 
	Parameter din45_WIDTH bound to: 8 - type: integer 
	Parameter din46_WIDTH bound to: 8 - type: integer 
	Parameter din47_WIDTH bound to: 8 - type: integer 
	Parameter din48_WIDTH bound to: 8 - type: integer 
	Parameter din49_WIDTH bound to: 8 - type: integer 
	Parameter din50_WIDTH bound to: 8 - type: integer 
	Parameter din51_WIDTH bound to: 8 - type: integer 
	Parameter din52_WIDTH bound to: 8 - type: integer 
	Parameter din53_WIDTH bound to: 8 - type: integer 
	Parameter din54_WIDTH bound to: 8 - type: integer 
	Parameter din55_WIDTH bound to: 8 - type: integer 
	Parameter din56_WIDTH bound to: 8 - type: integer 
	Parameter din57_WIDTH bound to: 8 - type: integer 
	Parameter din58_WIDTH bound to: 8 - type: integer 
	Parameter din59_WIDTH bound to: 8 - type: integer 
	Parameter din60_WIDTH bound to: 8 - type: integer 
	Parameter din61_WIDTH bound to: 8 - type: integer 
	Parameter din62_WIDTH bound to: 8 - type: integer 
	Parameter din63_WIDTH bound to: 8 - type: integer 
	Parameter din64_WIDTH bound to: 8 - type: integer 
	Parameter din65_WIDTH bound to: 8 - type: integer 
	Parameter din66_WIDTH bound to: 8 - type: integer 
	Parameter din67_WIDTH bound to: 8 - type: integer 
	Parameter din68_WIDTH bound to: 8 - type: integer 
	Parameter din69_WIDTH bound to: 8 - type: integer 
	Parameter din70_WIDTH bound to: 8 - type: integer 
	Parameter din71_WIDTH bound to: 8 - type: integer 
	Parameter din72_WIDTH bound to: 8 - type: integer 
	Parameter din73_WIDTH bound to: 8 - type: integer 
	Parameter din74_WIDTH bound to: 8 - type: integer 
	Parameter din75_WIDTH bound to: 8 - type: integer 
	Parameter din76_WIDTH bound to: 8 - type: integer 
	Parameter din77_WIDTH bound to: 8 - type: integer 
	Parameter din78_WIDTH bound to: 8 - type: integer 
	Parameter din79_WIDTH bound to: 8 - type: integer 
	Parameter din80_WIDTH bound to: 8 - type: integer 
	Parameter din81_WIDTH bound to: 8 - type: integer 
	Parameter din82_WIDTH bound to: 8 - type: integer 
	Parameter din83_WIDTH bound to: 8 - type: integer 
	Parameter din84_WIDTH bound to: 8 - type: integer 
	Parameter din85_WIDTH bound to: 8 - type: integer 
	Parameter din86_WIDTH bound to: 8 - type: integer 
	Parameter din87_WIDTH bound to: 8 - type: integer 
	Parameter din88_WIDTH bound to: 8 - type: integer 
	Parameter din89_WIDTH bound to: 8 - type: integer 
	Parameter din90_WIDTH bound to: 8 - type: integer 
	Parameter din91_WIDTH bound to: 8 - type: integer 
	Parameter din92_WIDTH bound to: 8 - type: integer 
	Parameter din93_WIDTH bound to: 8 - type: integer 
	Parameter din94_WIDTH bound to: 8 - type: integer 
	Parameter din95_WIDTH bound to: 8 - type: integer 
	Parameter din96_WIDTH bound to: 8 - type: integer 
	Parameter din97_WIDTH bound to: 8 - type: integer 
	Parameter din98_WIDTH bound to: 8 - type: integer 
	Parameter din99_WIDTH bound to: 8 - type: integer 
	Parameter din100_WIDTH bound to: 8 - type: integer 
	Parameter din101_WIDTH bound to: 8 - type: integer 
	Parameter din102_WIDTH bound to: 8 - type: integer 
	Parameter din103_WIDTH bound to: 8 - type: integer 
	Parameter din104_WIDTH bound to: 8 - type: integer 
	Parameter din105_WIDTH bound to: 8 - type: integer 
	Parameter din106_WIDTH bound to: 8 - type: integer 
	Parameter din107_WIDTH bound to: 8 - type: integer 
	Parameter din108_WIDTH bound to: 8 - type: integer 
	Parameter din109_WIDTH bound to: 8 - type: integer 
	Parameter din110_WIDTH bound to: 8 - type: integer 
	Parameter din111_WIDTH bound to: 8 - type: integer 
	Parameter din112_WIDTH bound to: 8 - type: integer 
	Parameter din113_WIDTH bound to: 8 - type: integer 
	Parameter din114_WIDTH bound to: 8 - type: integer 
	Parameter din115_WIDTH bound to: 8 - type: integer 
	Parameter din116_WIDTH bound to: 8 - type: integer 
	Parameter din117_WIDTH bound to: 8 - type: integer 
	Parameter din118_WIDTH bound to: 8 - type: integer 
	Parameter din119_WIDTH bound to: 8 - type: integer 
	Parameter din120_WIDTH bound to: 8 - type: integer 
	Parameter din121_WIDTH bound to: 8 - type: integer 
	Parameter din122_WIDTH bound to: 8 - type: integer 
	Parameter din123_WIDTH bound to: 8 - type: integer 
	Parameter din124_WIDTH bound to: 8 - type: integer 
	Parameter din125_WIDTH bound to: 8 - type: integer 
	Parameter din126_WIDTH bound to: 8 - type: integer 
	Parameter din127_WIDTH bound to: 8 - type: integer 
	Parameter din128_WIDTH bound to: 8 - type: integer 
	Parameter din129_WIDTH bound to: 8 - type: integer 
	Parameter din130_WIDTH bound to: 8 - type: integer 
	Parameter din131_WIDTH bound to: 8 - type: integer 
	Parameter din132_WIDTH bound to: 8 - type: integer 
	Parameter din133_WIDTH bound to: 8 - type: integer 
	Parameter din134_WIDTH bound to: 8 - type: integer 
	Parameter din135_WIDTH bound to: 8 - type: integer 
	Parameter din136_WIDTH bound to: 8 - type: integer 
	Parameter din137_WIDTH bound to: 8 - type: integer 
	Parameter din138_WIDTH bound to: 8 - type: integer 
	Parameter din139_WIDTH bound to: 8 - type: integer 
	Parameter din140_WIDTH bound to: 8 - type: integer 
	Parameter din141_WIDTH bound to: 8 - type: integer 
	Parameter din142_WIDTH bound to: 8 - type: integer 
	Parameter din143_WIDTH bound to: 8 - type: integer 
	Parameter din144_WIDTH bound to: 8 - type: integer 
	Parameter din145_WIDTH bound to: 8 - type: integer 
	Parameter din146_WIDTH bound to: 8 - type: integer 
	Parameter din147_WIDTH bound to: 8 - type: integer 
	Parameter din148_WIDTH bound to: 8 - type: integer 
	Parameter din149_WIDTH bound to: 8 - type: integer 
	Parameter din150_WIDTH bound to: 8 - type: integer 
	Parameter din151_WIDTH bound to: 8 - type: integer 
	Parameter din152_WIDTH bound to: 8 - type: integer 
	Parameter din153_WIDTH bound to: 8 - type: integer 
	Parameter din154_WIDTH bound to: 8 - type: integer 
	Parameter din155_WIDTH bound to: 8 - type: integer 
	Parameter din156_WIDTH bound to: 8 - type: integer 
	Parameter din157_WIDTH bound to: 8 - type: integer 
	Parameter din158_WIDTH bound to: 8 - type: integer 
	Parameter din159_WIDTH bound to: 8 - type: integer 
	Parameter din160_WIDTH bound to: 8 - type: integer 
	Parameter din161_WIDTH bound to: 8 - type: integer 
	Parameter din162_WIDTH bound to: 8 - type: integer 
	Parameter din163_WIDTH bound to: 8 - type: integer 
	Parameter din164_WIDTH bound to: 8 - type: integer 
	Parameter din165_WIDTH bound to: 8 - type: integer 
	Parameter din166_WIDTH bound to: 8 - type: integer 
	Parameter din167_WIDTH bound to: 8 - type: integer 
	Parameter din168_WIDTH bound to: 8 - type: integer 
	Parameter din169_WIDTH bound to: 8 - type: integer 
	Parameter din170_WIDTH bound to: 8 - type: integer 
	Parameter din171_WIDTH bound to: 8 - type: integer 
	Parameter din172_WIDTH bound to: 8 - type: integer 
	Parameter din173_WIDTH bound to: 8 - type: integer 
	Parameter din174_WIDTH bound to: 8 - type: integer 
	Parameter din175_WIDTH bound to: 8 - type: integer 
	Parameter din176_WIDTH bound to: 8 - type: integer 
	Parameter din177_WIDTH bound to: 8 - type: integer 
	Parameter din178_WIDTH bound to: 8 - type: integer 
	Parameter din179_WIDTH bound to: 8 - type: integer 
	Parameter din180_WIDTH bound to: 8 - type: integer 
	Parameter din181_WIDTH bound to: 8 - type: integer 
	Parameter din182_WIDTH bound to: 8 - type: integer 
	Parameter din183_WIDTH bound to: 8 - type: integer 
	Parameter din184_WIDTH bound to: 8 - type: integer 
	Parameter din185_WIDTH bound to: 8 - type: integer 
	Parameter din186_WIDTH bound to: 8 - type: integer 
	Parameter din187_WIDTH bound to: 8 - type: integer 
	Parameter din188_WIDTH bound to: 8 - type: integer 
	Parameter din189_WIDTH bound to: 8 - type: integer 
	Parameter din190_WIDTH bound to: 8 - type: integer 
	Parameter din191_WIDTH bound to: 8 - type: integer 
	Parameter din192_WIDTH bound to: 8 - type: integer 
	Parameter din193_WIDTH bound to: 8 - type: integer 
	Parameter din194_WIDTH bound to: 8 - type: integer 
	Parameter din195_WIDTH bound to: 8 - type: integer 
	Parameter din196_WIDTH bound to: 8 - type: integer 
	Parameter din197_WIDTH bound to: 8 - type: integer 
	Parameter din198_WIDTH bound to: 8 - type: integer 
	Parameter din199_WIDTH bound to: 8 - type: integer 
	Parameter din200_WIDTH bound to: 8 - type: integer 
	Parameter din201_WIDTH bound to: 8 - type: integer 
	Parameter din202_WIDTH bound to: 8 - type: integer 
	Parameter din203_WIDTH bound to: 8 - type: integer 
	Parameter din204_WIDTH bound to: 8 - type: integer 
	Parameter din205_WIDTH bound to: 8 - type: integer 
	Parameter din206_WIDTH bound to: 8 - type: integer 
	Parameter din207_WIDTH bound to: 8 - type: integer 
	Parameter din208_WIDTH bound to: 8 - type: integer 
	Parameter din209_WIDTH bound to: 8 - type: integer 
	Parameter din210_WIDTH bound to: 8 - type: integer 
	Parameter din211_WIDTH bound to: 8 - type: integer 
	Parameter din212_WIDTH bound to: 8 - type: integer 
	Parameter din213_WIDTH bound to: 8 - type: integer 
	Parameter din214_WIDTH bound to: 8 - type: integer 
	Parameter din215_WIDTH bound to: 8 - type: integer 
	Parameter din216_WIDTH bound to: 8 - type: integer 
	Parameter din217_WIDTH bound to: 8 - type: integer 
	Parameter din218_WIDTH bound to: 8 - type: integer 
	Parameter din219_WIDTH bound to: 8 - type: integer 
	Parameter din220_WIDTH bound to: 8 - type: integer 
	Parameter din221_WIDTH bound to: 8 - type: integer 
	Parameter din222_WIDTH bound to: 8 - type: integer 
	Parameter din223_WIDTH bound to: 8 - type: integer 
	Parameter din224_WIDTH bound to: 8 - type: integer 
	Parameter din225_WIDTH bound to: 8 - type: integer 
	Parameter din226_WIDTH bound to: 8 - type: integer 
	Parameter din227_WIDTH bound to: 8 - type: integer 
	Parameter din228_WIDTH bound to: 8 - type: integer 
	Parameter din229_WIDTH bound to: 8 - type: integer 
	Parameter din230_WIDTH bound to: 8 - type: integer 
	Parameter din231_WIDTH bound to: 8 - type: integer 
	Parameter din232_WIDTH bound to: 8 - type: integer 
	Parameter din233_WIDTH bound to: 8 - type: integer 
	Parameter din234_WIDTH bound to: 8 - type: integer 
	Parameter din235_WIDTH bound to: 8 - type: integer 
	Parameter din236_WIDTH bound to: 8 - type: integer 
	Parameter din237_WIDTH bound to: 8 - type: integer 
	Parameter din238_WIDTH bound to: 8 - type: integer 
	Parameter din239_WIDTH bound to: 8 - type: integer 
	Parameter din240_WIDTH bound to: 8 - type: integer 
	Parameter din241_WIDTH bound to: 8 - type: integer 
	Parameter din242_WIDTH bound to: 8 - type: integer 
	Parameter din243_WIDTH bound to: 8 - type: integer 
	Parameter din244_WIDTH bound to: 8 - type: integer 
	Parameter din245_WIDTH bound to: 8 - type: integer 
	Parameter din246_WIDTH bound to: 8 - type: integer 
	Parameter din247_WIDTH bound to: 8 - type: integer 
	Parameter din248_WIDTH bound to: 8 - type: integer 
	Parameter din249_WIDTH bound to: 8 - type: integer 
	Parameter din250_WIDTH bound to: 8 - type: integer 
	Parameter din251_WIDTH bound to: 8 - type: integer 
	Parameter din252_WIDTH bound to: 8 - type: integer 
	Parameter din253_WIDTH bound to: 8 - type: integer 
	Parameter din254_WIDTH bound to: 8 - type: integer 
	Parameter din255_WIDTH bound to: 8 - type: integer 
	Parameter din256_WIDTH bound to: 8 - type: integer 
	Parameter dout_WIDTH bound to: 8 - type: integer 
INFO: [Synth 8-3491] module 'aes_encrypt_top_mudo' declared at 'c:/AES/AES.srcs/sources_1/bd/aes_bd/ipshared/8618/hdl/vhdl/aes_encrypt_top_mudo.vhd:13' bound to instance 'aes_encrypt_top_mudo_U2' of component 'aes_encrypt_top_mudo' [c:/AES/AES.srcs/sources_1/bd/aes_bd/ipshared/8618/hdl/vhdl/aes_encrypt_top.vhd:2967]
	Parameter ID bound to: 1 - type: integer 
	Parameter NUM_STAGE bound to: 1 - type: integer 
	Parameter din0_WIDTH bound to: 8 - type: integer 
	Parameter din1_WIDTH bound to: 8 - type: integer 
	Parameter din2_WIDTH bound to: 8 - type: integer 
	Parameter din3_WIDTH bound to: 8 - type: integer 
	Parameter din4_WIDTH bound to: 8 - type: integer 
	Parameter din5_WIDTH bound to: 8 - type: integer 
	Parameter din6_WIDTH bound to: 8 - type: integer 
	Parameter din7_WIDTH bound to: 8 - type: integer 
	Parameter din8_WIDTH bound to: 8 - type: integer 
	Parameter din9_WIDTH bound to: 8 - type: integer 
	Parameter din10_WIDTH bound to: 8 - type: integer 
	Parameter din11_WIDTH bound to: 8 - type: integer 
	Parameter din12_WIDTH bound to: 8 - type: integer 
	Parameter din13_WIDTH bound to: 8 - type: integer 
	Parameter din14_WIDTH bound to: 8 - type: integer 
	Parameter din15_WIDTH bound to: 8 - type: integer 
	Parameter din16_WIDTH bound to: 8 - type: integer 
	Parameter din17_WIDTH bound to: 8 - type: integer 
	Parameter din18_WIDTH bound to: 8 - type: integer 
	Parameter din19_WIDTH bound to: 8 - type: integer 
	Parameter din20_WIDTH bound to: 8 - type: integer 
	Parameter din21_WIDTH bound to: 8 - type: integer 
	Parameter din22_WIDTH bound to: 8 - type: integer 
	Parameter din23_WIDTH bound to: 8 - type: integer 
	Parameter din24_WIDTH bound to: 8 - type: integer 
	Parameter din25_WIDTH bound to: 8 - type: integer 
	Parameter din26_WIDTH bound to: 8 - type: integer 
	Parameter din27_WIDTH bound to: 8 - type: integer 
	Parameter din28_WIDTH bound to: 8 - type: integer 
	Parameter din29_WIDTH bound to: 8 - type: integer 
	Parameter din30_WIDTH bound to: 8 - type: integer 
	Parameter din31_WIDTH bound to: 8 - type: integer 
	Parameter din32_WIDTH bound to: 8 - type: integer 
	Parameter din33_WIDTH bound to: 8 - type: integer 
	Parameter din34_WIDTH bound to: 8 - type: integer 
	Parameter din35_WIDTH bound to: 8 - type: integer 
	Parameter din36_WIDTH bound to: 8 - type: integer 
	Parameter din37_WIDTH bound to: 8 - type: integer 
	Parameter din38_WIDTH bound to: 8 - type: integer 
	Parameter din39_WIDTH bound to: 8 - type: integer 
	Parameter din40_WIDTH bound to: 8 - type: integer 
	Parameter din41_WIDTH bound to: 8 - type: integer 
	Parameter din42_WIDTH bound to: 8 - type: integer 
	Parameter din43_WIDTH bound to: 8 - type: integer 
	Parameter din44_WIDTH bound to: 8 - type: integer 
	Parameter din45_WIDTH bound to: 8 - type: integer 
	Parameter din46_WIDTH bound to: 8 - type: integer 
	Parameter din47_WIDTH bound to: 8 - type: integer 
	Parameter din48_WIDTH bound to: 8 - type: integer 
	Parameter din49_WIDTH bound to: 8 - type: integer 
	Parameter din50_WIDTH bound to: 8 - type: integer 
	Parameter din51_WIDTH bound to: 8 - type: integer 
	Parameter din52_WIDTH bound to: 8 - type: integer 
	Parameter din53_WIDTH bound to: 8 - type: integer 
	Parameter din54_WIDTH bound to: 8 - type: integer 
	Parameter din55_WIDTH bound to: 8 - type: integer 
	Parameter din56_WIDTH bound to: 8 - type: integer 
	Parameter din57_WIDTH bound to: 8 - type: integer 
	Parameter din58_WIDTH bound to: 8 - type: integer 
	Parameter din59_WIDTH bound to: 8 - type: integer 
	Parameter din60_WIDTH bound to: 8 - type: integer 
	Parameter din61_WIDTH bound to: 8 - type: integer 
	Parameter din62_WIDTH bound to: 8 - type: integer 
	Parameter din63_WIDTH bound to: 8 - type: integer 
	Parameter din64_WIDTH bound to: 8 - type: integer 
	Parameter din65_WIDTH bound to: 8 - type: integer 
	Parameter din66_WIDTH bound to: 8 - type: integer 
	Parameter din67_WIDTH bound to: 8 - type: integer 
	Parameter din68_WIDTH bound to: 8 - type: integer 
	Parameter din69_WIDTH bound to: 8 - type: integer 
	Parameter din70_WIDTH bound to: 8 - type: integer 
	Parameter din71_WIDTH bound to: 8 - type: integer 
	Parameter din72_WIDTH bound to: 8 - type: integer 
	Parameter din73_WIDTH bound to: 8 - type: integer 
	Parameter din74_WIDTH bound to: 8 - type: integer 
	Parameter din75_WIDTH bound to: 8 - type: integer 
	Parameter din76_WIDTH bound to: 8 - type: integer 
	Parameter din77_WIDTH bound to: 8 - type: integer 
	Parameter din78_WIDTH bound to: 8 - type: integer 
	Parameter din79_WIDTH bound to: 8 - type: integer 
	Parameter din80_WIDTH bound to: 8 - type: integer 
	Parameter din81_WIDTH bound to: 8 - type: integer 
	Parameter din82_WIDTH bound to: 8 - type: integer 
	Parameter din83_WIDTH bound to: 8 - type: integer 
	Parameter din84_WIDTH bound to: 8 - type: integer 
	Parameter din85_WIDTH bound to: 8 - type: integer 
	Parameter din86_WIDTH bound to: 8 - type: integer 
	Parameter din87_WIDTH bound to: 8 - type: integer 
	Parameter din88_WIDTH bound to: 8 - type: integer 
	Parameter din89_WIDTH bound to: 8 - type: integer 
	Parameter din90_WIDTH bound to: 8 - type: integer 
	Parameter din91_WIDTH bound to: 8 - type: integer 
	Parameter din92_WIDTH bound to: 8 - type: integer 
	Parameter din93_WIDTH bound to: 8 - type: integer 
	Parameter din94_WIDTH bound to: 8 - type: integer 
	Parameter din95_WIDTH bound to: 8 - type: integer 
	Parameter din96_WIDTH bound to: 8 - type: integer 
	Parameter din97_WIDTH bound to: 8 - type: integer 
	Parameter din98_WIDTH bound to: 8 - type: integer 
	Parameter din99_WIDTH bound to: 8 - type: integer 
	Parameter din100_WIDTH bound to: 8 - type: integer 
	Parameter din101_WIDTH bound to: 8 - type: integer 
	Parameter din102_WIDTH bound to: 8 - type: integer 
	Parameter din103_WIDTH bound to: 8 - type: integer 
	Parameter din104_WIDTH bound to: 8 - type: integer 
	Parameter din105_WIDTH bound to: 8 - type: integer 
	Parameter din106_WIDTH bound to: 8 - type: integer 
	Parameter din107_WIDTH bound to: 8 - type: integer 
	Parameter din108_WIDTH bound to: 8 - type: integer 
	Parameter din109_WIDTH bound to: 8 - type: integer 
	Parameter din110_WIDTH bound to: 8 - type: integer 
	Parameter din111_WIDTH bound to: 8 - type: integer 
	Parameter din112_WIDTH bound to: 8 - type: integer 
	Parameter din113_WIDTH bound to: 8 - type: integer 
	Parameter din114_WIDTH bound to: 8 - type: integer 
	Parameter din115_WIDTH bound to: 8 - type: integer 
	Parameter din116_WIDTH bound to: 8 - type: integer 
	Parameter din117_WIDTH bound to: 8 - type: integer 
	Parameter din118_WIDTH bound to: 8 - type: integer 
	Parameter din119_WIDTH bound to: 8 - type: integer 
	Parameter din120_WIDTH bound to: 8 - type: integer 
	Parameter din121_WIDTH bound to: 8 - type: integer 
	Parameter din122_WIDTH bound to: 8 - type: integer 
	Parameter din123_WIDTH bound to: 8 - type: integer 
	Parameter din124_WIDTH bound to: 8 - type: integer 
	Parameter din125_WIDTH bound to: 8 - type: integer 
	Parameter din126_WIDTH bound to: 8 - type: integer 
	Parameter din127_WIDTH bound to: 8 - type: integer 
	Parameter din128_WIDTH bound to: 8 - type: integer 
	Parameter din129_WIDTH bound to: 8 - type: integer 
	Parameter din130_WIDTH bound to: 8 - type: integer 
	Parameter din131_WIDTH bound to: 8 - type: integer 
	Parameter din132_WIDTH bound to: 8 - type: integer 
	Parameter din133_WIDTH bound to: 8 - type: integer 
	Parameter din134_WIDTH bound to: 8 - type: integer 
	Parameter din135_WIDTH bound to: 8 - type: integer 
	Parameter din136_WIDTH bound to: 8 - type: integer 
	Parameter din137_WIDTH bound to: 8 - type: integer 
	Parameter din138_WIDTH bound to: 8 - type: integer 
	Parameter din139_WIDTH bound to: 8 - type: integer 
	Parameter din140_WIDTH bound to: 8 - type: integer 
	Parameter din141_WIDTH bound to: 8 - type: integer 
	Parameter din142_WIDTH bound to: 8 - type: integer 
	Parameter din143_WIDTH bound to: 8 - type: integer 
	Parameter din144_WIDTH bound to: 8 - type: integer 
	Parameter din145_WIDTH bound to: 8 - type: integer 
	Parameter din146_WIDTH bound to: 8 - type: integer 
	Parameter din147_WIDTH bound to: 8 - type: integer 
	Parameter din148_WIDTH bound to: 8 - type: integer 
	Parameter din149_WIDTH bound to: 8 - type: integer 
	Parameter din150_WIDTH bound to: 8 - type: integer 
	Parameter din151_WIDTH bound to: 8 - type: integer 
	Parameter din152_WIDTH bound to: 8 - type: integer 
	Parameter din153_WIDTH bound to: 8 - type: integer 
	Parameter din154_WIDTH bound to: 8 - type: integer 
	Parameter din155_WIDTH bound to: 8 - type: integer 
	Parameter din156_WIDTH bound to: 8 - type: integer 
	Parameter din157_WIDTH bound to: 8 - type: integer 
	Parameter din158_WIDTH bound to: 8 - type: integer 
	Parameter din159_WIDTH bound to: 8 - type: integer 
	Parameter din160_WIDTH bound to: 8 - type: integer 
	Parameter din161_WIDTH bound to: 8 - type: integer 
	Parameter din162_WIDTH bound to: 8 - type: integer 
	Parameter din163_WIDTH bound to: 8 - type: integer 
	Parameter din164_WIDTH bound to: 8 - type: integer 
	Parameter din165_WIDTH bound to: 8 - type: integer 
	Parameter din166_WIDTH bound to: 8 - type: integer 
	Parameter din167_WIDTH bound to: 8 - type: integer 
	Parameter din168_WIDTH bound to: 8 - type: integer 
	Parameter din169_WIDTH bound to: 8 - type: integer 
	Parameter din170_WIDTH bound to: 8 - type: integer 
	Parameter din171_WIDTH bound to: 8 - type: integer 
	Parameter din172_WIDTH bound to: 8 - type: integer 
	Parameter din173_WIDTH bound to: 8 - type: integer 
	Parameter din174_WIDTH bound to: 8 - type: integer 
	Parameter din175_WIDTH bound to: 8 - type: integer 
	Parameter din176_WIDTH bound to: 8 - type: integer 
	Parameter din177_WIDTH bound to: 8 - type: integer 
	Parameter din178_WIDTH bound to: 8 - type: integer 
	Parameter din179_WIDTH bound to: 8 - type: integer 
	Parameter din180_WIDTH bound to: 8 - type: integer 
	Parameter din181_WIDTH bound to: 8 - type: integer 
	Parameter din182_WIDTH bound to: 8 - type: integer 
	Parameter din183_WIDTH bound to: 8 - type: integer 
	Parameter din184_WIDTH bound to: 8 - type: integer 
	Parameter din185_WIDTH bound to: 8 - type: integer 
	Parameter din186_WIDTH bound to: 8 - type: integer 
	Parameter din187_WIDTH bound to: 8 - type: integer 
	Parameter din188_WIDTH bound to: 8 - type: integer 
	Parameter din189_WIDTH bound to: 8 - type: integer 
	Parameter din190_WIDTH bound to: 8 - type: integer 
	Parameter din191_WIDTH bound to: 8 - type: integer 
	Parameter din192_WIDTH bound to: 8 - type: integer 
	Parameter din193_WIDTH bound to: 8 - type: integer 
	Parameter din194_WIDTH bound to: 8 - type: integer 
	Parameter din195_WIDTH bound to: 8 - type: integer 
	Parameter din196_WIDTH bound to: 8 - type: integer 
	Parameter din197_WIDTH bound to: 8 - type: integer 
	Parameter din198_WIDTH bound to: 8 - type: integer 
	Parameter din199_WIDTH bound to: 8 - type: integer 
	Parameter din200_WIDTH bound to: 8 - type: integer 
	Parameter din201_WIDTH bound to: 8 - type: integer 
	Parameter din202_WIDTH bound to: 8 - type: integer 
	Parameter din203_WIDTH bound to: 8 - type: integer 
	Parameter din204_WIDTH bound to: 8 - type: integer 
	Parameter din205_WIDTH bound to: 8 - type: integer 
	Parameter din206_WIDTH bound to: 8 - type: integer 
	Parameter din207_WIDTH bound to: 8 - type: integer 
	Parameter din208_WIDTH bound to: 8 - type: integer 
	Parameter din209_WIDTH bound to: 8 - type: integer 
	Parameter din210_WIDTH bound to: 8 - type: integer 
	Parameter din211_WIDTH bound to: 8 - type: integer 
	Parameter din212_WIDTH bound to: 8 - type: integer 
	Parameter din213_WIDTH bound to: 8 - type: integer 
	Parameter din214_WIDTH bound to: 8 - type: integer 
	Parameter din215_WIDTH bound to: 8 - type: integer 
	Parameter din216_WIDTH bound to: 8 - type: integer 
	Parameter din217_WIDTH bound to: 8 - type: integer 
	Parameter din218_WIDTH bound to: 8 - type: integer 
	Parameter din219_WIDTH bound to: 8 - type: integer 
	Parameter din220_WIDTH bound to: 8 - type: integer 
	Parameter din221_WIDTH bound to: 8 - type: integer 
	Parameter din222_WIDTH bound to: 8 - type: integer 
	Parameter din223_WIDTH bound to: 8 - type: integer 
	Parameter din224_WIDTH bound to: 8 - type: integer 
	Parameter din225_WIDTH bound to: 8 - type: integer 
	Parameter din226_WIDTH bound to: 8 - type: integer 
	Parameter din227_WIDTH bound to: 8 - type: integer 
	Parameter din228_WIDTH bound to: 8 - type: integer 
	Parameter din229_WIDTH bound to: 8 - type: integer 
	Parameter din230_WIDTH bound to: 8 - type: integer 
	Parameter din231_WIDTH bound to: 8 - type: integer 
	Parameter din232_WIDTH bound to: 8 - type: integer 
	Parameter din233_WIDTH bound to: 8 - type: integer 
	Parameter din234_WIDTH bound to: 8 - type: integer 
	Parameter din235_WIDTH bound to: 8 - type: integer 
	Parameter din236_WIDTH bound to: 8 - type: integer 
	Parameter din237_WIDTH bound to: 8 - type: integer 
	Parameter din238_WIDTH bound to: 8 - type: integer 
	Parameter din239_WIDTH bound to: 8 - type: integer 
	Parameter din240_WIDTH bound to: 8 - type: integer 
	Parameter din241_WIDTH bound to: 8 - type: integer 
	Parameter din242_WIDTH bound to: 8 - type: integer 
	Parameter din243_WIDTH bound to: 8 - type: integer 
	Parameter din244_WIDTH bound to: 8 - type: integer 
	Parameter din245_WIDTH bound to: 8 - type: integer 
	Parameter din246_WIDTH bound to: 8 - type: integer 
	Parameter din247_WIDTH bound to: 8 - type: integer 
	Parameter din248_WIDTH bound to: 8 - type: integer 
	Parameter din249_WIDTH bound to: 8 - type: integer 
	Parameter din250_WIDTH bound to: 8 - type: integer 
	Parameter din251_WIDTH bound to: 8 - type: integer 
	Parameter din252_WIDTH bound to: 8 - type: integer 
	Parameter din253_WIDTH bound to: 8 - type: integer 
	Parameter din254_WIDTH bound to: 8 - type: integer 
	Parameter din255_WIDTH bound to: 8 - type: integer 
	Parameter din256_WIDTH bound to: 8 - type: integer 
	Parameter dout_WIDTH bound to: 8 - type: integer 
INFO: [Synth 8-3491] module 'aes_encrypt_top_mudo' declared at 'c:/AES/AES.srcs/sources_1/bd/aes_bd/ipshared/8618/hdl/vhdl/aes_encrypt_top_mudo.vhd:13' bound to instance 'aes_encrypt_top_mudo_U3' of component 'aes_encrypt_top_mudo' [c:/AES/AES.srcs/sources_1/bd/aes_bd/ipshared/8618/hdl/vhdl/aes_encrypt_top.vhd:3489]
	Parameter ID bound to: 1 - type: integer 
	Parameter NUM_STAGE bound to: 1 - type: integer 
	Parameter din0_WIDTH bound to: 8 - type: integer 
	Parameter din1_WIDTH bound to: 8 - type: integer 
	Parameter din2_WIDTH bound to: 8 - type: integer 
	Parameter din3_WIDTH bound to: 8 - type: integer 
	Parameter din4_WIDTH bound to: 8 - type: integer 
	Parameter din5_WIDTH bound to: 8 - type: integer 
	Parameter din6_WIDTH bound to: 8 - type: integer 
	Parameter din7_WIDTH bound to: 8 - type: integer 
	Parameter din8_WIDTH bound to: 8 - type: integer 
	Parameter din9_WIDTH bound to: 8 - type: integer 
	Parameter din10_WIDTH bound to: 8 - type: integer 
	Parameter din11_WIDTH bound to: 8 - type: integer 
	Parameter din12_WIDTH bound to: 8 - type: integer 
	Parameter din13_WIDTH bound to: 8 - type: integer 
	Parameter din14_WIDTH bound to: 8 - type: integer 
	Parameter din15_WIDTH bound to: 8 - type: integer 
	Parameter din16_WIDTH bound to: 8 - type: integer 
	Parameter din17_WIDTH bound to: 8 - type: integer 
	Parameter din18_WIDTH bound to: 8 - type: integer 
	Parameter din19_WIDTH bound to: 8 - type: integer 
	Parameter din20_WIDTH bound to: 8 - type: integer 
	Parameter din21_WIDTH bound to: 8 - type: integer 
	Parameter din22_WIDTH bound to: 8 - type: integer 
	Parameter din23_WIDTH bound to: 8 - type: integer 
	Parameter din24_WIDTH bound to: 8 - type: integer 
	Parameter din25_WIDTH bound to: 8 - type: integer 
	Parameter din26_WIDTH bound to: 8 - type: integer 
	Parameter din27_WIDTH bound to: 8 - type: integer 
	Parameter din28_WIDTH bound to: 8 - type: integer 
	Parameter din29_WIDTH bound to: 8 - type: integer 
	Parameter din30_WIDTH bound to: 8 - type: integer 
	Parameter din31_WIDTH bound to: 8 - type: integer 
	Parameter din32_WIDTH bound to: 8 - type: integer 
	Parameter din33_WIDTH bound to: 8 - type: integer 
	Parameter din34_WIDTH bound to: 8 - type: integer 
	Parameter din35_WIDTH bound to: 8 - type: integer 
	Parameter din36_WIDTH bound to: 8 - type: integer 
	Parameter din37_WIDTH bound to: 8 - type: integer 
	Parameter din38_WIDTH bound to: 8 - type: integer 
	Parameter din39_WIDTH bound to: 8 - type: integer 
	Parameter din40_WIDTH bound to: 8 - type: integer 
	Parameter din41_WIDTH bound to: 8 - type: integer 
	Parameter din42_WIDTH bound to: 8 - type: integer 
	Parameter din43_WIDTH bound to: 8 - type: integer 
	Parameter din44_WIDTH bound to: 8 - type: integer 
	Parameter din45_WIDTH bound to: 8 - type: integer 
	Parameter din46_WIDTH bound to: 8 - type: integer 
	Parameter din47_WIDTH bound to: 8 - type: integer 
	Parameter din48_WIDTH bound to: 8 - type: integer 
	Parameter din49_WIDTH bound to: 8 - type: integer 
	Parameter din50_WIDTH bound to: 8 - type: integer 
	Parameter din51_WIDTH bound to: 8 - type: integer 
	Parameter din52_WIDTH bound to: 8 - type: integer 
	Parameter din53_WIDTH bound to: 8 - type: integer 
	Parameter din54_WIDTH bound to: 8 - type: integer 
	Parameter din55_WIDTH bound to: 8 - type: integer 
	Parameter din56_WIDTH bound to: 8 - type: integer 
	Parameter din57_WIDTH bound to: 8 - type: integer 
	Parameter din58_WIDTH bound to: 8 - type: integer 
	Parameter din59_WIDTH bound to: 8 - type: integer 
	Parameter din60_WIDTH bound to: 8 - type: integer 
	Parameter din61_WIDTH bound to: 8 - type: integer 
	Parameter din62_WIDTH bound to: 8 - type: integer 
	Parameter din63_WIDTH bound to: 8 - type: integer 
	Parameter din64_WIDTH bound to: 8 - type: integer 
	Parameter din65_WIDTH bound to: 8 - type: integer 
	Parameter din66_WIDTH bound to: 8 - type: integer 
	Parameter din67_WIDTH bound to: 8 - type: integer 
	Parameter din68_WIDTH bound to: 8 - type: integer 
	Parameter din69_WIDTH bound to: 8 - type: integer 
	Parameter din70_WIDTH bound to: 8 - type: integer 
	Parameter din71_WIDTH bound to: 8 - type: integer 
	Parameter din72_WIDTH bound to: 8 - type: integer 
	Parameter din73_WIDTH bound to: 8 - type: integer 
	Parameter din74_WIDTH bound to: 8 - type: integer 
	Parameter din75_WIDTH bound to: 8 - type: integer 
	Parameter din76_WIDTH bound to: 8 - type: integer 
	Parameter din77_WIDTH bound to: 8 - type: integer 
	Parameter din78_WIDTH bound to: 8 - type: integer 
	Parameter din79_WIDTH bound to: 8 - type: integer 
	Parameter din80_WIDTH bound to: 8 - type: integer 
	Parameter din81_WIDTH bound to: 8 - type: integer 
	Parameter din82_WIDTH bound to: 8 - type: integer 
	Parameter din83_WIDTH bound to: 8 - type: integer 
	Parameter din84_WIDTH bound to: 8 - type: integer 
	Parameter din85_WIDTH bound to: 8 - type: integer 
	Parameter din86_WIDTH bound to: 8 - type: integer 
	Parameter din87_WIDTH bound to: 8 - type: integer 
	Parameter din88_WIDTH bound to: 8 - type: integer 
	Parameter din89_WIDTH bound to: 8 - type: integer 
	Parameter din90_WIDTH bound to: 8 - type: integer 
	Parameter din91_WIDTH bound to: 8 - type: integer 
	Parameter din92_WIDTH bound to: 8 - type: integer 
	Parameter din93_WIDTH bound to: 8 - type: integer 
	Parameter din94_WIDTH bound to: 8 - type: integer 
	Parameter din95_WIDTH bound to: 8 - type: integer 
	Parameter din96_WIDTH bound to: 8 - type: integer 
	Parameter din97_WIDTH bound to: 8 - type: integer 
	Parameter din98_WIDTH bound to: 8 - type: integer 
	Parameter din99_WIDTH bound to: 8 - type: integer 
	Parameter din100_WIDTH bound to: 8 - type: integer 
	Parameter din101_WIDTH bound to: 8 - type: integer 
	Parameter din102_WIDTH bound to: 8 - type: integer 
	Parameter din103_WIDTH bound to: 8 - type: integer 
	Parameter din104_WIDTH bound to: 8 - type: integer 
	Parameter din105_WIDTH bound to: 8 - type: integer 
	Parameter din106_WIDTH bound to: 8 - type: integer 
	Parameter din107_WIDTH bound to: 8 - type: integer 
	Parameter din108_WIDTH bound to: 8 - type: integer 
	Parameter din109_WIDTH bound to: 8 - type: integer 
	Parameter din110_WIDTH bound to: 8 - type: integer 
	Parameter din111_WIDTH bound to: 8 - type: integer 
	Parameter din112_WIDTH bound to: 8 - type: integer 
	Parameter din113_WIDTH bound to: 8 - type: integer 
	Parameter din114_WIDTH bound to: 8 - type: integer 
	Parameter din115_WIDTH bound to: 8 - type: integer 
	Parameter din116_WIDTH bound to: 8 - type: integer 
	Parameter din117_WIDTH bound to: 8 - type: integer 
	Parameter din118_WIDTH bound to: 8 - type: integer 
	Parameter din119_WIDTH bound to: 8 - type: integer 
	Parameter din120_WIDTH bound to: 8 - type: integer 
	Parameter din121_WIDTH bound to: 8 - type: integer 
	Parameter din122_WIDTH bound to: 8 - type: integer 
	Parameter din123_WIDTH bound to: 8 - type: integer 
	Parameter din124_WIDTH bound to: 8 - type: integer 
	Parameter din125_WIDTH bound to: 8 - type: integer 
	Parameter din126_WIDTH bound to: 8 - type: integer 
	Parameter din127_WIDTH bound to: 8 - type: integer 
	Parameter din128_WIDTH bound to: 8 - type: integer 
	Parameter din129_WIDTH bound to: 8 - type: integer 
	Parameter din130_WIDTH bound to: 8 - type: integer 
	Parameter din131_WIDTH bound to: 8 - type: integer 
	Parameter din132_WIDTH bound to: 8 - type: integer 
	Parameter din133_WIDTH bound to: 8 - type: integer 
	Parameter din134_WIDTH bound to: 8 - type: integer 
	Parameter din135_WIDTH bound to: 8 - type: integer 
	Parameter din136_WIDTH bound to: 8 - type: integer 
	Parameter din137_WIDTH bound to: 8 - type: integer 
	Parameter din138_WIDTH bound to: 8 - type: integer 
	Parameter din139_WIDTH bound to: 8 - type: integer 
	Parameter din140_WIDTH bound to: 8 - type: integer 
	Parameter din141_WIDTH bound to: 8 - type: integer 
	Parameter din142_WIDTH bound to: 8 - type: integer 
	Parameter din143_WIDTH bound to: 8 - type: integer 
	Parameter din144_WIDTH bound to: 8 - type: integer 
	Parameter din145_WIDTH bound to: 8 - type: integer 
	Parameter din146_WIDTH bound to: 8 - type: integer 
	Parameter din147_WIDTH bound to: 8 - type: integer 
	Parameter din148_WIDTH bound to: 8 - type: integer 
	Parameter din149_WIDTH bound to: 8 - type: integer 
	Parameter din150_WIDTH bound to: 8 - type: integer 
	Parameter din151_WIDTH bound to: 8 - type: integer 
	Parameter din152_WIDTH bound to: 8 - type: integer 
	Parameter din153_WIDTH bound to: 8 - type: integer 
	Parameter din154_WIDTH bound to: 8 - type: integer 
	Parameter din155_WIDTH bound to: 8 - type: integer 
	Parameter din156_WIDTH bound to: 8 - type: integer 
	Parameter din157_WIDTH bound to: 8 - type: integer 
	Parameter din158_WIDTH bound to: 8 - type: integer 
	Parameter din159_WIDTH bound to: 8 - type: integer 
	Parameter din160_WIDTH bound to: 8 - type: integer 
	Parameter din161_WIDTH bound to: 8 - type: integer 
	Parameter din162_WIDTH bound to: 8 - type: integer 
	Parameter din163_WIDTH bound to: 8 - type: integer 
	Parameter din164_WIDTH bound to: 8 - type: integer 
	Parameter din165_WIDTH bound to: 8 - type: integer 
	Parameter din166_WIDTH bound to: 8 - type: integer 
	Parameter din167_WIDTH bound to: 8 - type: integer 
	Parameter din168_WIDTH bound to: 8 - type: integer 
	Parameter din169_WIDTH bound to: 8 - type: integer 
	Parameter din170_WIDTH bound to: 8 - type: integer 
	Parameter din171_WIDTH bound to: 8 - type: integer 
	Parameter din172_WIDTH bound to: 8 - type: integer 
	Parameter din173_WIDTH bound to: 8 - type: integer 
	Parameter din174_WIDTH bound to: 8 - type: integer 
	Parameter din175_WIDTH bound to: 8 - type: integer 
	Parameter din176_WIDTH bound to: 8 - type: integer 
	Parameter din177_WIDTH bound to: 8 - type: integer 
	Parameter din178_WIDTH bound to: 8 - type: integer 
	Parameter din179_WIDTH bound to: 8 - type: integer 
	Parameter din180_WIDTH bound to: 8 - type: integer 
	Parameter din181_WIDTH bound to: 8 - type: integer 
	Parameter din182_WIDTH bound to: 8 - type: integer 
	Parameter din183_WIDTH bound to: 8 - type: integer 
	Parameter din184_WIDTH bound to: 8 - type: integer 
	Parameter din185_WIDTH bound to: 8 - type: integer 
	Parameter din186_WIDTH bound to: 8 - type: integer 
	Parameter din187_WIDTH bound to: 8 - type: integer 
	Parameter din188_WIDTH bound to: 8 - type: integer 
	Parameter din189_WIDTH bound to: 8 - type: integer 
	Parameter din190_WIDTH bound to: 8 - type: integer 
	Parameter din191_WIDTH bound to: 8 - type: integer 
	Parameter din192_WIDTH bound to: 8 - type: integer 
	Parameter din193_WIDTH bound to: 8 - type: integer 
	Parameter din194_WIDTH bound to: 8 - type: integer 
	Parameter din195_WIDTH bound to: 8 - type: integer 
	Parameter din196_WIDTH bound to: 8 - type: integer 
	Parameter din197_WIDTH bound to: 8 - type: integer 
	Parameter din198_WIDTH bound to: 8 - type: integer 
	Parameter din199_WIDTH bound to: 8 - type: integer 
	Parameter din200_WIDTH bound to: 8 - type: integer 
	Parameter din201_WIDTH bound to: 8 - type: integer 
	Parameter din202_WIDTH bound to: 8 - type: integer 
	Parameter din203_WIDTH bound to: 8 - type: integer 
	Parameter din204_WIDTH bound to: 8 - type: integer 
	Parameter din205_WIDTH bound to: 8 - type: integer 
	Parameter din206_WIDTH bound to: 8 - type: integer 
	Parameter din207_WIDTH bound to: 8 - type: integer 
	Parameter din208_WIDTH bound to: 8 - type: integer 
	Parameter din209_WIDTH bound to: 8 - type: integer 
	Parameter din210_WIDTH bound to: 8 - type: integer 
	Parameter din211_WIDTH bound to: 8 - type: integer 
	Parameter din212_WIDTH bound to: 8 - type: integer 
	Parameter din213_WIDTH bound to: 8 - type: integer 
	Parameter din214_WIDTH bound to: 8 - type: integer 
	Parameter din215_WIDTH bound to: 8 - type: integer 
	Parameter din216_WIDTH bound to: 8 - type: integer 
	Parameter din217_WIDTH bound to: 8 - type: integer 
	Parameter din218_WIDTH bound to: 8 - type: integer 
	Parameter din219_WIDTH bound to: 8 - type: integer 
	Parameter din220_WIDTH bound to: 8 - type: integer 
	Parameter din221_WIDTH bound to: 8 - type: integer 
	Parameter din222_WIDTH bound to: 8 - type: integer 
	Parameter din223_WIDTH bound to: 8 - type: integer 
	Parameter din224_WIDTH bound to: 8 - type: integer 
	Parameter din225_WIDTH bound to: 8 - type: integer 
	Parameter din226_WIDTH bound to: 8 - type: integer 
	Parameter din227_WIDTH bound to: 8 - type: integer 
	Parameter din228_WIDTH bound to: 8 - type: integer 
	Parameter din229_WIDTH bound to: 8 - type: integer 
	Parameter din230_WIDTH bound to: 8 - type: integer 
	Parameter din231_WIDTH bound to: 8 - type: integer 
	Parameter din232_WIDTH bound to: 8 - type: integer 
	Parameter din233_WIDTH bound to: 8 - type: integer 
	Parameter din234_WIDTH bound to: 8 - type: integer 
	Parameter din235_WIDTH bound to: 8 - type: integer 
	Parameter din236_WIDTH bound to: 8 - type: integer 
	Parameter din237_WIDTH bound to: 8 - type: integer 
	Parameter din238_WIDTH bound to: 8 - type: integer 
	Parameter din239_WIDTH bound to: 8 - type: integer 
	Parameter din240_WIDTH bound to: 8 - type: integer 
	Parameter din241_WIDTH bound to: 8 - type: integer 
	Parameter din242_WIDTH bound to: 8 - type: integer 
	Parameter din243_WIDTH bound to: 8 - type: integer 
	Parameter din244_WIDTH bound to: 8 - type: integer 
	Parameter din245_WIDTH bound to: 8 - type: integer 
	Parameter din246_WIDTH bound to: 8 - type: integer 
	Parameter din247_WIDTH bound to: 8 - type: integer 
	Parameter din248_WIDTH bound to: 8 - type: integer 
	Parameter din249_WIDTH bound to: 8 - type: integer 
	Parameter din250_WIDTH bound to: 8 - type: integer 
	Parameter din251_WIDTH bound to: 8 - type: integer 
	Parameter din252_WIDTH bound to: 8 - type: integer 
	Parameter din253_WIDTH bound to: 8 - type: integer 
	Parameter din254_WIDTH bound to: 8 - type: integer 
	Parameter din255_WIDTH bound to: 8 - type: integer 
	Parameter din256_WIDTH bound to: 8 - type: integer 
	Parameter dout_WIDTH bound to: 8 - type: integer 
INFO: [Synth 8-3491] module 'aes_encrypt_top_mudo' declared at 'c:/AES/AES.srcs/sources_1/bd/aes_bd/ipshared/8618/hdl/vhdl/aes_encrypt_top_mudo.vhd:13' bound to instance 'aes_encrypt_top_mudo_U4' of component 'aes_encrypt_top_mudo' [c:/AES/AES.srcs/sources_1/bd/aes_bd/ipshared/8618/hdl/vhdl/aes_encrypt_top.vhd:4011]
	Parameter ID bound to: 1 - type: integer 
	Parameter NUM_STAGE bound to: 1 - type: integer 
	Parameter din0_WIDTH bound to: 8 - type: integer 
	Parameter din1_WIDTH bound to: 8 - type: integer 
	Parameter din2_WIDTH bound to: 8 - type: integer 
	Parameter din3_WIDTH bound to: 8 - type: integer 
	Parameter din4_WIDTH bound to: 8 - type: integer 
	Parameter din5_WIDTH bound to: 8 - type: integer 
	Parameter din6_WIDTH bound to: 8 - type: integer 
	Parameter din7_WIDTH bound to: 8 - type: integer 
	Parameter din8_WIDTH bound to: 8 - type: integer 
	Parameter din9_WIDTH bound to: 8 - type: integer 
	Parameter din10_WIDTH bound to: 8 - type: integer 
	Parameter din11_WIDTH bound to: 8 - type: integer 
	Parameter din12_WIDTH bound to: 8 - type: integer 
	Parameter din13_WIDTH bound to: 8 - type: integer 
	Parameter din14_WIDTH bound to: 8 - type: integer 
	Parameter din15_WIDTH bound to: 8 - type: integer 
	Parameter din16_WIDTH bound to: 8 - type: integer 
	Parameter din17_WIDTH bound to: 8 - type: integer 
	Parameter din18_WIDTH bound to: 8 - type: integer 
	Parameter din19_WIDTH bound to: 8 - type: integer 
	Parameter din20_WIDTH bound to: 8 - type: integer 
	Parameter din21_WIDTH bound to: 8 - type: integer 
	Parameter din22_WIDTH bound to: 8 - type: integer 
	Parameter din23_WIDTH bound to: 8 - type: integer 
	Parameter din24_WIDTH bound to: 8 - type: integer 
	Parameter din25_WIDTH bound to: 8 - type: integer 
	Parameter din26_WIDTH bound to: 8 - type: integer 
	Parameter din27_WIDTH bound to: 8 - type: integer 
	Parameter din28_WIDTH bound to: 8 - type: integer 
	Parameter din29_WIDTH bound to: 8 - type: integer 
	Parameter din30_WIDTH bound to: 8 - type: integer 
	Parameter din31_WIDTH bound to: 8 - type: integer 
	Parameter din32_WIDTH bound to: 8 - type: integer 
	Parameter din33_WIDTH bound to: 8 - type: integer 
	Parameter din34_WIDTH bound to: 8 - type: integer 
	Parameter din35_WIDTH bound to: 8 - type: integer 
	Parameter din36_WIDTH bound to: 8 - type: integer 
	Parameter din37_WIDTH bound to: 8 - type: integer 
	Parameter din38_WIDTH bound to: 8 - type: integer 
	Parameter din39_WIDTH bound to: 8 - type: integer 
	Parameter din40_WIDTH bound to: 8 - type: integer 
	Parameter din41_WIDTH bound to: 8 - type: integer 
	Parameter din42_WIDTH bound to: 8 - type: integer 
	Parameter din43_WIDTH bound to: 8 - type: integer 
	Parameter din44_WIDTH bound to: 8 - type: integer 
	Parameter din45_WIDTH bound to: 8 - type: integer 
	Parameter din46_WIDTH bound to: 8 - type: integer 
	Parameter din47_WIDTH bound to: 8 - type: integer 
	Parameter din48_WIDTH bound to: 8 - type: integer 
	Parameter din49_WIDTH bound to: 8 - type: integer 
	Parameter din50_WIDTH bound to: 8 - type: integer 
	Parameter din51_WIDTH bound to: 8 - type: integer 
	Parameter din52_WIDTH bound to: 8 - type: integer 
	Parameter din53_WIDTH bound to: 8 - type: integer 
	Parameter din54_WIDTH bound to: 8 - type: integer 
	Parameter din55_WIDTH bound to: 8 - type: integer 
	Parameter din56_WIDTH bound to: 8 - type: integer 
	Parameter din57_WIDTH bound to: 8 - type: integer 
	Parameter din58_WIDTH bound to: 8 - type: integer 
	Parameter din59_WIDTH bound to: 8 - type: integer 
	Parameter din60_WIDTH bound to: 8 - type: integer 
	Parameter din61_WIDTH bound to: 8 - type: integer 
	Parameter din62_WIDTH bound to: 8 - type: integer 
	Parameter din63_WIDTH bound to: 8 - type: integer 
	Parameter din64_WIDTH bound to: 8 - type: integer 
	Parameter din65_WIDTH bound to: 8 - type: integer 
	Parameter din66_WIDTH bound to: 8 - type: integer 
	Parameter din67_WIDTH bound to: 8 - type: integer 
	Parameter din68_WIDTH bound to: 8 - type: integer 
	Parameter din69_WIDTH bound to: 8 - type: integer 
	Parameter din70_WIDTH bound to: 8 - type: integer 
	Parameter din71_WIDTH bound to: 8 - type: integer 
	Parameter din72_WIDTH bound to: 8 - type: integer 
	Parameter din73_WIDTH bound to: 8 - type: integer 
	Parameter din74_WIDTH bound to: 8 - type: integer 
	Parameter din75_WIDTH bound to: 8 - type: integer 
	Parameter din76_WIDTH bound to: 8 - type: integer 
	Parameter din77_WIDTH bound to: 8 - type: integer 
	Parameter din78_WIDTH bound to: 8 - type: integer 
	Parameter din79_WIDTH bound to: 8 - type: integer 
	Parameter din80_WIDTH bound to: 8 - type: integer 
	Parameter din81_WIDTH bound to: 8 - type: integer 
	Parameter din82_WIDTH bound to: 8 - type: integer 
	Parameter din83_WIDTH bound to: 8 - type: integer 
	Parameter din84_WIDTH bound to: 8 - type: integer 
	Parameter din85_WIDTH bound to: 8 - type: integer 
	Parameter din86_WIDTH bound to: 8 - type: integer 
	Parameter din87_WIDTH bound to: 8 - type: integer 
	Parameter din88_WIDTH bound to: 8 - type: integer 
	Parameter din89_WIDTH bound to: 8 - type: integer 
	Parameter din90_WIDTH bound to: 8 - type: integer 
	Parameter din91_WIDTH bound to: 8 - type: integer 
	Parameter din92_WIDTH bound to: 8 - type: integer 
	Parameter din93_WIDTH bound to: 8 - type: integer 
	Parameter din94_WIDTH bound to: 8 - type: integer 
	Parameter din95_WIDTH bound to: 8 - type: integer 
	Parameter din96_WIDTH bound to: 8 - type: integer 
	Parameter din97_WIDTH bound to: 8 - type: integer 
	Parameter din98_WIDTH bound to: 8 - type: integer 
	Parameter din99_WIDTH bound to: 8 - type: integer 
	Parameter din100_WIDTH bound to: 8 - type: integer 
	Parameter din101_WIDTH bound to: 8 - type: integer 
	Parameter din102_WIDTH bound to: 8 - type: integer 
	Parameter din103_WIDTH bound to: 8 - type: integer 
	Parameter din104_WIDTH bound to: 8 - type: integer 
	Parameter din105_WIDTH bound to: 8 - type: integer 
	Parameter din106_WIDTH bound to: 8 - type: integer 
	Parameter din107_WIDTH bound to: 8 - type: integer 
	Parameter din108_WIDTH bound to: 8 - type: integer 
	Parameter din109_WIDTH bound to: 8 - type: integer 
	Parameter din110_WIDTH bound to: 8 - type: integer 
	Parameter din111_WIDTH bound to: 8 - type: integer 
	Parameter din112_WIDTH bound to: 8 - type: integer 
	Parameter din113_WIDTH bound to: 8 - type: integer 
	Parameter din114_WIDTH bound to: 8 - type: integer 
	Parameter din115_WIDTH bound to: 8 - type: integer 
	Parameter din116_WIDTH bound to: 8 - type: integer 
	Parameter din117_WIDTH bound to: 8 - type: integer 
	Parameter din118_WIDTH bound to: 8 - type: integer 
	Parameter din119_WIDTH bound to: 8 - type: integer 
	Parameter din120_WIDTH bound to: 8 - type: integer 
	Parameter din121_WIDTH bound to: 8 - type: integer 
	Parameter din122_WIDTH bound to: 8 - type: integer 
	Parameter din123_WIDTH bound to: 8 - type: integer 
	Parameter din124_WIDTH bound to: 8 - type: integer 
	Parameter din125_WIDTH bound to: 8 - type: integer 
	Parameter din126_WIDTH bound to: 8 - type: integer 
	Parameter din127_WIDTH bound to: 8 - type: integer 
	Parameter din128_WIDTH bound to: 8 - type: integer 
	Parameter din129_WIDTH bound to: 8 - type: integer 
	Parameter din130_WIDTH bound to: 8 - type: integer 
	Parameter din131_WIDTH bound to: 8 - type: integer 
	Parameter din132_WIDTH bound to: 8 - type: integer 
	Parameter din133_WIDTH bound to: 8 - type: integer 
	Parameter din134_WIDTH bound to: 8 - type: integer 
	Parameter din135_WIDTH bound to: 8 - type: integer 
	Parameter din136_WIDTH bound to: 8 - type: integer 
	Parameter din137_WIDTH bound to: 8 - type: integer 
	Parameter din138_WIDTH bound to: 8 - type: integer 
	Parameter din139_WIDTH bound to: 8 - type: integer 
	Parameter din140_WIDTH bound to: 8 - type: integer 
	Parameter din141_WIDTH bound to: 8 - type: integer 
	Parameter din142_WIDTH bound to: 8 - type: integer 
	Parameter din143_WIDTH bound to: 8 - type: integer 
	Parameter din144_WIDTH bound to: 8 - type: integer 
	Parameter din145_WIDTH bound to: 8 - type: integer 
	Parameter din146_WIDTH bound to: 8 - type: integer 
	Parameter din147_WIDTH bound to: 8 - type: integer 
	Parameter din148_WIDTH bound to: 8 - type: integer 
	Parameter din149_WIDTH bound to: 8 - type: integer 
	Parameter din150_WIDTH bound to: 8 - type: integer 
	Parameter din151_WIDTH bound to: 8 - type: integer 
	Parameter din152_WIDTH bound to: 8 - type: integer 
	Parameter din153_WIDTH bound to: 8 - type: integer 
	Parameter din154_WIDTH bound to: 8 - type: integer 
	Parameter din155_WIDTH bound to: 8 - type: integer 
	Parameter din156_WIDTH bound to: 8 - type: integer 
	Parameter din157_WIDTH bound to: 8 - type: integer 
	Parameter din158_WIDTH bound to: 8 - type: integer 
	Parameter din159_WIDTH bound to: 8 - type: integer 
	Parameter din160_WIDTH bound to: 8 - type: integer 
	Parameter din161_WIDTH bound to: 8 - type: integer 
	Parameter din162_WIDTH bound to: 8 - type: integer 
	Parameter din163_WIDTH bound to: 8 - type: integer 
	Parameter din164_WIDTH bound to: 8 - type: integer 
	Parameter din165_WIDTH bound to: 8 - type: integer 
	Parameter din166_WIDTH bound to: 8 - type: integer 
	Parameter din167_WIDTH bound to: 8 - type: integer 
	Parameter din168_WIDTH bound to: 8 - type: integer 
	Parameter din169_WIDTH bound to: 8 - type: integer 
	Parameter din170_WIDTH bound to: 8 - type: integer 
	Parameter din171_WIDTH bound to: 8 - type: integer 
	Parameter din172_WIDTH bound to: 8 - type: integer 
	Parameter din173_WIDTH bound to: 8 - type: integer 
	Parameter din174_WIDTH bound to: 8 - type: integer 
	Parameter din175_WIDTH bound to: 8 - type: integer 
	Parameter din176_WIDTH bound to: 8 - type: integer 
	Parameter din177_WIDTH bound to: 8 - type: integer 
	Parameter din178_WIDTH bound to: 8 - type: integer 
	Parameter din179_WIDTH bound to: 8 - type: integer 
	Parameter din180_WIDTH bound to: 8 - type: integer 
	Parameter din181_WIDTH bound to: 8 - type: integer 
	Parameter din182_WIDTH bound to: 8 - type: integer 
	Parameter din183_WIDTH bound to: 8 - type: integer 
	Parameter din184_WIDTH bound to: 8 - type: integer 
	Parameter din185_WIDTH bound to: 8 - type: integer 
	Parameter din186_WIDTH bound to: 8 - type: integer 
	Parameter din187_WIDTH bound to: 8 - type: integer 
	Parameter din188_WIDTH bound to: 8 - type: integer 
	Parameter din189_WIDTH bound to: 8 - type: integer 
	Parameter din190_WIDTH bound to: 8 - type: integer 
	Parameter din191_WIDTH bound to: 8 - type: integer 
	Parameter din192_WIDTH bound to: 8 - type: integer 
	Parameter din193_WIDTH bound to: 8 - type: integer 
	Parameter din194_WIDTH bound to: 8 - type: integer 
	Parameter din195_WIDTH bound to: 8 - type: integer 
	Parameter din196_WIDTH bound to: 8 - type: integer 
	Parameter din197_WIDTH bound to: 8 - type: integer 
	Parameter din198_WIDTH bound to: 8 - type: integer 
	Parameter din199_WIDTH bound to: 8 - type: integer 
	Parameter din200_WIDTH bound to: 8 - type: integer 
	Parameter din201_WIDTH bound to: 8 - type: integer 
	Parameter din202_WIDTH bound to: 8 - type: integer 
	Parameter din203_WIDTH bound to: 8 - type: integer 
	Parameter din204_WIDTH bound to: 8 - type: integer 
	Parameter din205_WIDTH bound to: 8 - type: integer 
	Parameter din206_WIDTH bound to: 8 - type: integer 
	Parameter din207_WIDTH bound to: 8 - type: integer 
	Parameter din208_WIDTH bound to: 8 - type: integer 
	Parameter din209_WIDTH bound to: 8 - type: integer 
	Parameter din210_WIDTH bound to: 8 - type: integer 
	Parameter din211_WIDTH bound to: 8 - type: integer 
	Parameter din212_WIDTH bound to: 8 - type: integer 
	Parameter din213_WIDTH bound to: 8 - type: integer 
	Parameter din214_WIDTH bound to: 8 - type: integer 
	Parameter din215_WIDTH bound to: 8 - type: integer 
	Parameter din216_WIDTH bound to: 8 - type: integer 
	Parameter din217_WIDTH bound to: 8 - type: integer 
	Parameter din218_WIDTH bound to: 8 - type: integer 
	Parameter din219_WIDTH bound to: 8 - type: integer 
	Parameter din220_WIDTH bound to: 8 - type: integer 
	Parameter din221_WIDTH bound to: 8 - type: integer 
	Parameter din222_WIDTH bound to: 8 - type: integer 
	Parameter din223_WIDTH bound to: 8 - type: integer 
	Parameter din224_WIDTH bound to: 8 - type: integer 
	Parameter din225_WIDTH bound to: 8 - type: integer 
	Parameter din226_WIDTH bound to: 8 - type: integer 
	Parameter din227_WIDTH bound to: 8 - type: integer 
	Parameter din228_WIDTH bound to: 8 - type: integer 
	Parameter din229_WIDTH bound to: 8 - type: integer 
	Parameter din230_WIDTH bound to: 8 - type: integer 
	Parameter din231_WIDTH bound to: 8 - type: integer 
	Parameter din232_WIDTH bound to: 8 - type: integer 
	Parameter din233_WIDTH bound to: 8 - type: integer 
	Parameter din234_WIDTH bound to: 8 - type: integer 
	Parameter din235_WIDTH bound to: 8 - type: integer 
	Parameter din236_WIDTH bound to: 8 - type: integer 
	Parameter din237_WIDTH bound to: 8 - type: integer 
	Parameter din238_WIDTH bound to: 8 - type: integer 
	Parameter din239_WIDTH bound to: 8 - type: integer 
	Parameter din240_WIDTH bound to: 8 - type: integer 
	Parameter din241_WIDTH bound to: 8 - type: integer 
	Parameter din242_WIDTH bound to: 8 - type: integer 
	Parameter din243_WIDTH bound to: 8 - type: integer 
	Parameter din244_WIDTH bound to: 8 - type: integer 
	Parameter din245_WIDTH bound to: 8 - type: integer 
	Parameter din246_WIDTH bound to: 8 - type: integer 
	Parameter din247_WIDTH bound to: 8 - type: integer 
	Parameter din248_WIDTH bound to: 8 - type: integer 
	Parameter din249_WIDTH bound to: 8 - type: integer 
	Parameter din250_WIDTH bound to: 8 - type: integer 
	Parameter din251_WIDTH bound to: 8 - type: integer 
	Parameter din252_WIDTH bound to: 8 - type: integer 
	Parameter din253_WIDTH bound to: 8 - type: integer 
	Parameter din254_WIDTH bound to: 8 - type: integer 
	Parameter din255_WIDTH bound to: 8 - type: integer 
	Parameter din256_WIDTH bound to: 8 - type: integer 
	Parameter dout_WIDTH bound to: 8 - type: integer 
INFO: [Synth 8-3491] module 'aes_encrypt_top_mudo' declared at 'c:/AES/AES.srcs/sources_1/bd/aes_bd/ipshared/8618/hdl/vhdl/aes_encrypt_top_mudo.vhd:13' bound to instance 'aes_encrypt_top_mudo_U5' of component 'aes_encrypt_top_mudo' [c:/AES/AES.srcs/sources_1/bd/aes_bd/ipshared/8618/hdl/vhdl/aes_encrypt_top.vhd:4533]
	Parameter ID bound to: 1 - type: integer 
	Parameter NUM_STAGE bound to: 1 - type: integer 
	Parameter din0_WIDTH bound to: 8 - type: integer 
	Parameter din1_WIDTH bound to: 8 - type: integer 
	Parameter din2_WIDTH bound to: 8 - type: integer 
	Parameter din3_WIDTH bound to: 8 - type: integer 
	Parameter din4_WIDTH bound to: 8 - type: integer 
	Parameter din5_WIDTH bound to: 8 - type: integer 
	Parameter din6_WIDTH bound to: 8 - type: integer 
	Parameter din7_WIDTH bound to: 8 - type: integer 
	Parameter din8_WIDTH bound to: 8 - type: integer 
	Parameter din9_WIDTH bound to: 8 - type: integer 
	Parameter din10_WIDTH bound to: 8 - type: integer 
	Parameter din11_WIDTH bound to: 8 - type: integer 
	Parameter din12_WIDTH bound to: 8 - type: integer 
	Parameter din13_WIDTH bound to: 8 - type: integer 
	Parameter din14_WIDTH bound to: 8 - type: integer 
	Parameter din15_WIDTH bound to: 8 - type: integer 
	Parameter din16_WIDTH bound to: 8 - type: integer 
	Parameter din17_WIDTH bound to: 8 - type: integer 
	Parameter din18_WIDTH bound to: 8 - type: integer 
	Parameter din19_WIDTH bound to: 8 - type: integer 
	Parameter din20_WIDTH bound to: 8 - type: integer 
	Parameter din21_WIDTH bound to: 8 - type: integer 
	Parameter din22_WIDTH bound to: 8 - type: integer 
	Parameter din23_WIDTH bound to: 8 - type: integer 
	Parameter din24_WIDTH bound to: 8 - type: integer 
	Parameter din25_WIDTH bound to: 8 - type: integer 
	Parameter din26_WIDTH bound to: 8 - type: integer 
	Parameter din27_WIDTH bound to: 8 - type: integer 
	Parameter din28_WIDTH bound to: 8 - type: integer 
	Parameter din29_WIDTH bound to: 8 - type: integer 
	Parameter din30_WIDTH bound to: 8 - type: integer 
	Parameter din31_WIDTH bound to: 8 - type: integer 
	Parameter din32_WIDTH bound to: 8 - type: integer 
	Parameter din33_WIDTH bound to: 8 - type: integer 
	Parameter din34_WIDTH bound to: 8 - type: integer 
	Parameter din35_WIDTH bound to: 8 - type: integer 
	Parameter din36_WIDTH bound to: 8 - type: integer 
	Parameter din37_WIDTH bound to: 8 - type: integer 
	Parameter din38_WIDTH bound to: 8 - type: integer 
	Parameter din39_WIDTH bound to: 8 - type: integer 
	Parameter din40_WIDTH bound to: 8 - type: integer 
	Parameter din41_WIDTH bound to: 8 - type: integer 
	Parameter din42_WIDTH bound to: 8 - type: integer 
	Parameter din43_WIDTH bound to: 8 - type: integer 
	Parameter din44_WIDTH bound to: 8 - type: integer 
	Parameter din45_WIDTH bound to: 8 - type: integer 
	Parameter din46_WIDTH bound to: 8 - type: integer 
	Parameter din47_WIDTH bound to: 8 - type: integer 
	Parameter din48_WIDTH bound to: 8 - type: integer 
	Parameter din49_WIDTH bound to: 8 - type: integer 
	Parameter din50_WIDTH bound to: 8 - type: integer 
	Parameter din51_WIDTH bound to: 8 - type: integer 
	Parameter din52_WIDTH bound to: 8 - type: integer 
	Parameter din53_WIDTH bound to: 8 - type: integer 
	Parameter din54_WIDTH bound to: 8 - type: integer 
	Parameter din55_WIDTH bound to: 8 - type: integer 
	Parameter din56_WIDTH bound to: 8 - type: integer 
	Parameter din57_WIDTH bound to: 8 - type: integer 
	Parameter din58_WIDTH bound to: 8 - type: integer 
	Parameter din59_WIDTH bound to: 8 - type: integer 
	Parameter din60_WIDTH bound to: 8 - type: integer 
	Parameter din61_WIDTH bound to: 8 - type: integer 
	Parameter din62_WIDTH bound to: 8 - type: integer 
	Parameter din63_WIDTH bound to: 8 - type: integer 
	Parameter din64_WIDTH bound to: 8 - type: integer 
	Parameter din65_WIDTH bound to: 8 - type: integer 
	Parameter din66_WIDTH bound to: 8 - type: integer 
	Parameter din67_WIDTH bound to: 8 - type: integer 
	Parameter din68_WIDTH bound to: 8 - type: integer 
	Parameter din69_WIDTH bound to: 8 - type: integer 
	Parameter din70_WIDTH bound to: 8 - type: integer 
	Parameter din71_WIDTH bound to: 8 - type: integer 
	Parameter din72_WIDTH bound to: 8 - type: integer 
	Parameter din73_WIDTH bound to: 8 - type: integer 
	Parameter din74_WIDTH bound to: 8 - type: integer 
	Parameter din75_WIDTH bound to: 8 - type: integer 
	Parameter din76_WIDTH bound to: 8 - type: integer 
	Parameter din77_WIDTH bound to: 8 - type: integer 
	Parameter din78_WIDTH bound to: 8 - type: integer 
	Parameter din79_WIDTH bound to: 8 - type: integer 
	Parameter din80_WIDTH bound to: 8 - type: integer 
	Parameter din81_WIDTH bound to: 8 - type: integer 
	Parameter din82_WIDTH bound to: 8 - type: integer 
	Parameter din83_WIDTH bound to: 8 - type: integer 
	Parameter din84_WIDTH bound to: 8 - type: integer 
	Parameter din85_WIDTH bound to: 8 - type: integer 
	Parameter din86_WIDTH bound to: 8 - type: integer 
	Parameter din87_WIDTH bound to: 8 - type: integer 
	Parameter din88_WIDTH bound to: 8 - type: integer 
	Parameter din89_WIDTH bound to: 8 - type: integer 
	Parameter din90_WIDTH bound to: 8 - type: integer 
	Parameter din91_WIDTH bound to: 8 - type: integer 
	Parameter din92_WIDTH bound to: 8 - type: integer 
	Parameter din93_WIDTH bound to: 8 - type: integer 
	Parameter din94_WIDTH bound to: 8 - type: integer 
	Parameter din95_WIDTH bound to: 8 - type: integer 
	Parameter din96_WIDTH bound to: 8 - type: integer 
	Parameter din97_WIDTH bound to: 8 - type: integer 
	Parameter din98_WIDTH bound to: 8 - type: integer 
	Parameter din99_WIDTH bound to: 8 - type: integer 
	Parameter din100_WIDTH bound to: 8 - type: integer 
	Parameter din101_WIDTH bound to: 8 - type: integer 
	Parameter din102_WIDTH bound to: 8 - type: integer 
	Parameter din103_WIDTH bound to: 8 - type: integer 
	Parameter din104_WIDTH bound to: 8 - type: integer 
	Parameter din105_WIDTH bound to: 8 - type: integer 
	Parameter din106_WIDTH bound to: 8 - type: integer 
	Parameter din107_WIDTH bound to: 8 - type: integer 
	Parameter din108_WIDTH bound to: 8 - type: integer 
	Parameter din109_WIDTH bound to: 8 - type: integer 
	Parameter din110_WIDTH bound to: 8 - type: integer 
	Parameter din111_WIDTH bound to: 8 - type: integer 
	Parameter din112_WIDTH bound to: 8 - type: integer 
	Parameter din113_WIDTH bound to: 8 - type: integer 
	Parameter din114_WIDTH bound to: 8 - type: integer 
	Parameter din115_WIDTH bound to: 8 - type: integer 
	Parameter din116_WIDTH bound to: 8 - type: integer 
	Parameter din117_WIDTH bound to: 8 - type: integer 
	Parameter din118_WIDTH bound to: 8 - type: integer 
	Parameter din119_WIDTH bound to: 8 - type: integer 
	Parameter din120_WIDTH bound to: 8 - type: integer 
	Parameter din121_WIDTH bound to: 8 - type: integer 
	Parameter din122_WIDTH bound to: 8 - type: integer 
	Parameter din123_WIDTH bound to: 8 - type: integer 
	Parameter din124_WIDTH bound to: 8 - type: integer 
	Parameter din125_WIDTH bound to: 8 - type: integer 
	Parameter din126_WIDTH bound to: 8 - type: integer 
	Parameter din127_WIDTH bound to: 8 - type: integer 
	Parameter din128_WIDTH bound to: 8 - type: integer 
	Parameter din129_WIDTH bound to: 8 - type: integer 
	Parameter din130_WIDTH bound to: 8 - type: integer 
	Parameter din131_WIDTH bound to: 8 - type: integer 
	Parameter din132_WIDTH bound to: 8 - type: integer 
	Parameter din133_WIDTH bound to: 8 - type: integer 
	Parameter din134_WIDTH bound to: 8 - type: integer 
	Parameter din135_WIDTH bound to: 8 - type: integer 
	Parameter din136_WIDTH bound to: 8 - type: integer 
	Parameter din137_WIDTH bound to: 8 - type: integer 
	Parameter din138_WIDTH bound to: 8 - type: integer 
	Parameter din139_WIDTH bound to: 8 - type: integer 
	Parameter din140_WIDTH bound to: 8 - type: integer 
	Parameter din141_WIDTH bound to: 8 - type: integer 
	Parameter din142_WIDTH bound to: 8 - type: integer 
	Parameter din143_WIDTH bound to: 8 - type: integer 
	Parameter din144_WIDTH bound to: 8 - type: integer 
	Parameter din145_WIDTH bound to: 8 - type: integer 
	Parameter din146_WIDTH bound to: 8 - type: integer 
	Parameter din147_WIDTH bound to: 8 - type: integer 
	Parameter din148_WIDTH bound to: 8 - type: integer 
	Parameter din149_WIDTH bound to: 8 - type: integer 
	Parameter din150_WIDTH bound to: 8 - type: integer 
	Parameter din151_WIDTH bound to: 8 - type: integer 
	Parameter din152_WIDTH bound to: 8 - type: integer 
	Parameter din153_WIDTH bound to: 8 - type: integer 
	Parameter din154_WIDTH bound to: 8 - type: integer 
	Parameter din155_WIDTH bound to: 8 - type: integer 
	Parameter din156_WIDTH bound to: 8 - type: integer 
	Parameter din157_WIDTH bound to: 8 - type: integer 
	Parameter din158_WIDTH bound to: 8 - type: integer 
	Parameter din159_WIDTH bound to: 8 - type: integer 
	Parameter din160_WIDTH bound to: 8 - type: integer 
	Parameter din161_WIDTH bound to: 8 - type: integer 
	Parameter din162_WIDTH bound to: 8 - type: integer 
	Parameter din163_WIDTH bound to: 8 - type: integer 
	Parameter din164_WIDTH bound to: 8 - type: integer 
	Parameter din165_WIDTH bound to: 8 - type: integer 
	Parameter din166_WIDTH bound to: 8 - type: integer 
	Parameter din167_WIDTH bound to: 8 - type: integer 
	Parameter din168_WIDTH bound to: 8 - type: integer 
	Parameter din169_WIDTH bound to: 8 - type: integer 
	Parameter din170_WIDTH bound to: 8 - type: integer 
	Parameter din171_WIDTH bound to: 8 - type: integer 
	Parameter din172_WIDTH bound to: 8 - type: integer 
	Parameter din173_WIDTH bound to: 8 - type: integer 
	Parameter din174_WIDTH bound to: 8 - type: integer 
	Parameter din175_WIDTH bound to: 8 - type: integer 
	Parameter din176_WIDTH bound to: 8 - type: integer 
	Parameter din177_WIDTH bound to: 8 - type: integer 
	Parameter din178_WIDTH bound to: 8 - type: integer 
	Parameter din179_WIDTH bound to: 8 - type: integer 
	Parameter din180_WIDTH bound to: 8 - type: integer 
	Parameter din181_WIDTH bound to: 8 - type: integer 
	Parameter din182_WIDTH bound to: 8 - type: integer 
	Parameter din183_WIDTH bound to: 8 - type: integer 
	Parameter din184_WIDTH bound to: 8 - type: integer 
	Parameter din185_WIDTH bound to: 8 - type: integer 
	Parameter din186_WIDTH bound to: 8 - type: integer 
	Parameter din187_WIDTH bound to: 8 - type: integer 
	Parameter din188_WIDTH bound to: 8 - type: integer 
	Parameter din189_WIDTH bound to: 8 - type: integer 
	Parameter din190_WIDTH bound to: 8 - type: integer 
	Parameter din191_WIDTH bound to: 8 - type: integer 
	Parameter din192_WIDTH bound to: 8 - type: integer 
	Parameter din193_WIDTH bound to: 8 - type: integer 
	Parameter din194_WIDTH bound to: 8 - type: integer 
	Parameter din195_WIDTH bound to: 8 - type: integer 
	Parameter din196_WIDTH bound to: 8 - type: integer 
	Parameter din197_WIDTH bound to: 8 - type: integer 
	Parameter din198_WIDTH bound to: 8 - type: integer 
	Parameter din199_WIDTH bound to: 8 - type: integer 
	Parameter din200_WIDTH bound to: 8 - type: integer 
	Parameter din201_WIDTH bound to: 8 - type: integer 
	Parameter din202_WIDTH bound to: 8 - type: integer 
	Parameter din203_WIDTH bound to: 8 - type: integer 
	Parameter din204_WIDTH bound to: 8 - type: integer 
	Parameter din205_WIDTH bound to: 8 - type: integer 
	Parameter din206_WIDTH bound to: 8 - type: integer 
	Parameter din207_WIDTH bound to: 8 - type: integer 
	Parameter din208_WIDTH bound to: 8 - type: integer 
	Parameter din209_WIDTH bound to: 8 - type: integer 
	Parameter din210_WIDTH bound to: 8 - type: integer 
	Parameter din211_WIDTH bound to: 8 - type: integer 
	Parameter din212_WIDTH bound to: 8 - type: integer 
	Parameter din213_WIDTH bound to: 8 - type: integer 
	Parameter din214_WIDTH bound to: 8 - type: integer 
	Parameter din215_WIDTH bound to: 8 - type: integer 
	Parameter din216_WIDTH bound to: 8 - type: integer 
	Parameter din217_WIDTH bound to: 8 - type: integer 
	Parameter din218_WIDTH bound to: 8 - type: integer 
	Parameter din219_WIDTH bound to: 8 - type: integer 
	Parameter din220_WIDTH bound to: 8 - type: integer 
	Parameter din221_WIDTH bound to: 8 - type: integer 
	Parameter din222_WIDTH bound to: 8 - type: integer 
	Parameter din223_WIDTH bound to: 8 - type: integer 
	Parameter din224_WIDTH bound to: 8 - type: integer 
	Parameter din225_WIDTH bound to: 8 - type: integer 
	Parameter din226_WIDTH bound to: 8 - type: integer 
	Parameter din227_WIDTH bound to: 8 - type: integer 
	Parameter din228_WIDTH bound to: 8 - type: integer 
	Parameter din229_WIDTH bound to: 8 - type: integer 
	Parameter din230_WIDTH bound to: 8 - type: integer 
	Parameter din231_WIDTH bound to: 8 - type: integer 
	Parameter din232_WIDTH bound to: 8 - type: integer 
	Parameter din233_WIDTH bound to: 8 - type: integer 
	Parameter din234_WIDTH bound to: 8 - type: integer 
	Parameter din235_WIDTH bound to: 8 - type: integer 
	Parameter din236_WIDTH bound to: 8 - type: integer 
	Parameter din237_WIDTH bound to: 8 - type: integer 
	Parameter din238_WIDTH bound to: 8 - type: integer 
	Parameter din239_WIDTH bound to: 8 - type: integer 
	Parameter din240_WIDTH bound to: 8 - type: integer 
	Parameter din241_WIDTH bound to: 8 - type: integer 
	Parameter din242_WIDTH bound to: 8 - type: integer 
	Parameter din243_WIDTH bound to: 8 - type: integer 
	Parameter din244_WIDTH bound to: 8 - type: integer 
	Parameter din245_WIDTH bound to: 8 - type: integer 
	Parameter din246_WIDTH bound to: 8 - type: integer 
	Parameter din247_WIDTH bound to: 8 - type: integer 
	Parameter din248_WIDTH bound to: 8 - type: integer 
	Parameter din249_WIDTH bound to: 8 - type: integer 
	Parameter din250_WIDTH bound to: 8 - type: integer 
	Parameter din251_WIDTH bound to: 8 - type: integer 
	Parameter din252_WIDTH bound to: 8 - type: integer 
	Parameter din253_WIDTH bound to: 8 - type: integer 
	Parameter din254_WIDTH bound to: 8 - type: integer 
	Parameter din255_WIDTH bound to: 8 - type: integer 
	Parameter din256_WIDTH bound to: 8 - type: integer 
	Parameter dout_WIDTH bound to: 8 - type: integer 
INFO: [Synth 8-3491] module 'aes_encrypt_top_mudo' declared at 'c:/AES/AES.srcs/sources_1/bd/aes_bd/ipshared/8618/hdl/vhdl/aes_encrypt_top_mudo.vhd:13' bound to instance 'aes_encrypt_top_mudo_U6' of component 'aes_encrypt_top_mudo' [c:/AES/AES.srcs/sources_1/bd/aes_bd/ipshared/8618/hdl/vhdl/aes_encrypt_top.vhd:5055]
	Parameter ID bound to: 1 - type: integer 
	Parameter NUM_STAGE bound to: 1 - type: integer 
	Parameter din0_WIDTH bound to: 8 - type: integer 
	Parameter din1_WIDTH bound to: 8 - type: integer 
	Parameter din2_WIDTH bound to: 8 - type: integer 
	Parameter din3_WIDTH bound to: 8 - type: integer 
	Parameter din4_WIDTH bound to: 8 - type: integer 
	Parameter din5_WIDTH bound to: 8 - type: integer 
	Parameter din6_WIDTH bound to: 8 - type: integer 
	Parameter din7_WIDTH bound to: 8 - type: integer 
	Parameter din8_WIDTH bound to: 8 - type: integer 
	Parameter din9_WIDTH bound to: 8 - type: integer 
	Parameter din10_WIDTH bound to: 8 - type: integer 
	Parameter din11_WIDTH bound to: 8 - type: integer 
	Parameter din12_WIDTH bound to: 8 - type: integer 
	Parameter din13_WIDTH bound to: 8 - type: integer 
	Parameter din14_WIDTH bound to: 8 - type: integer 
	Parameter din15_WIDTH bound to: 8 - type: integer 
	Parameter din16_WIDTH bound to: 8 - type: integer 
	Parameter din17_WIDTH bound to: 8 - type: integer 
	Parameter din18_WIDTH bound to: 8 - type: integer 
	Parameter din19_WIDTH bound to: 8 - type: integer 
	Parameter din20_WIDTH bound to: 8 - type: integer 
	Parameter din21_WIDTH bound to: 8 - type: integer 
	Parameter din22_WIDTH bound to: 8 - type: integer 
	Parameter din23_WIDTH bound to: 8 - type: integer 
	Parameter din24_WIDTH bound to: 8 - type: integer 
	Parameter din25_WIDTH bound to: 8 - type: integer 
	Parameter din26_WIDTH bound to: 8 - type: integer 
	Parameter din27_WIDTH bound to: 8 - type: integer 
	Parameter din28_WIDTH bound to: 8 - type: integer 
	Parameter din29_WIDTH bound to: 8 - type: integer 
	Parameter din30_WIDTH bound to: 8 - type: integer 
	Parameter din31_WIDTH bound to: 8 - type: integer 
	Parameter din32_WIDTH bound to: 8 - type: integer 
	Parameter din33_WIDTH bound to: 8 - type: integer 
	Parameter din34_WIDTH bound to: 8 - type: integer 
	Parameter din35_WIDTH bound to: 8 - type: integer 
	Parameter din36_WIDTH bound to: 8 - type: integer 
	Parameter din37_WIDTH bound to: 8 - type: integer 
	Parameter din38_WIDTH bound to: 8 - type: integer 
	Parameter din39_WIDTH bound to: 8 - type: integer 
	Parameter din40_WIDTH bound to: 8 - type: integer 
	Parameter din41_WIDTH bound to: 8 - type: integer 
	Parameter din42_WIDTH bound to: 8 - type: integer 
	Parameter din43_WIDTH bound to: 8 - type: integer 
	Parameter din44_WIDTH bound to: 8 - type: integer 
	Parameter din45_WIDTH bound to: 8 - type: integer 
	Parameter din46_WIDTH bound to: 8 - type: integer 
	Parameter din47_WIDTH bound to: 8 - type: integer 
	Parameter din48_WIDTH bound to: 8 - type: integer 
	Parameter din49_WIDTH bound to: 8 - type: integer 
	Parameter din50_WIDTH bound to: 8 - type: integer 
	Parameter din51_WIDTH bound to: 8 - type: integer 
	Parameter din52_WIDTH bound to: 8 - type: integer 
	Parameter din53_WIDTH bound to: 8 - type: integer 
	Parameter din54_WIDTH bound to: 8 - type: integer 
	Parameter din55_WIDTH bound to: 8 - type: integer 
	Parameter din56_WIDTH bound to: 8 - type: integer 
	Parameter din57_WIDTH bound to: 8 - type: integer 
	Parameter din58_WIDTH bound to: 8 - type: integer 
	Parameter din59_WIDTH bound to: 8 - type: integer 
	Parameter din60_WIDTH bound to: 8 - type: integer 
	Parameter din61_WIDTH bound to: 8 - type: integer 
	Parameter din62_WIDTH bound to: 8 - type: integer 
	Parameter din63_WIDTH bound to: 8 - type: integer 
	Parameter din64_WIDTH bound to: 8 - type: integer 
	Parameter din65_WIDTH bound to: 8 - type: integer 
	Parameter din66_WIDTH bound to: 8 - type: integer 
	Parameter din67_WIDTH bound to: 8 - type: integer 
	Parameter din68_WIDTH bound to: 8 - type: integer 
	Parameter din69_WIDTH bound to: 8 - type: integer 
	Parameter din70_WIDTH bound to: 8 - type: integer 
	Parameter din71_WIDTH bound to: 8 - type: integer 
	Parameter din72_WIDTH bound to: 8 - type: integer 
	Parameter din73_WIDTH bound to: 8 - type: integer 
	Parameter din74_WIDTH bound to: 8 - type: integer 
	Parameter din75_WIDTH bound to: 8 - type: integer 
	Parameter din76_WIDTH bound to: 8 - type: integer 
	Parameter din77_WIDTH bound to: 8 - type: integer 
	Parameter din78_WIDTH bound to: 8 - type: integer 
	Parameter din79_WIDTH bound to: 8 - type: integer 
	Parameter din80_WIDTH bound to: 8 - type: integer 
	Parameter din81_WIDTH bound to: 8 - type: integer 
	Parameter din82_WIDTH bound to: 8 - type: integer 
	Parameter din83_WIDTH bound to: 8 - type: integer 
	Parameter din84_WIDTH bound to: 8 - type: integer 
	Parameter din85_WIDTH bound to: 8 - type: integer 
	Parameter din86_WIDTH bound to: 8 - type: integer 
	Parameter din87_WIDTH bound to: 8 - type: integer 
	Parameter din88_WIDTH bound to: 8 - type: integer 
	Parameter din89_WIDTH bound to: 8 - type: integer 
	Parameter din90_WIDTH bound to: 8 - type: integer 
	Parameter din91_WIDTH bound to: 8 - type: integer 
	Parameter din92_WIDTH bound to: 8 - type: integer 
	Parameter din93_WIDTH bound to: 8 - type: integer 
	Parameter din94_WIDTH bound to: 8 - type: integer 
	Parameter din95_WIDTH bound to: 8 - type: integer 
	Parameter din96_WIDTH bound to: 8 - type: integer 
	Parameter din97_WIDTH bound to: 8 - type: integer 
	Parameter din98_WIDTH bound to: 8 - type: integer 
	Parameter din99_WIDTH bound to: 8 - type: integer 
	Parameter din100_WIDTH bound to: 8 - type: integer 
	Parameter din101_WIDTH bound to: 8 - type: integer 
	Parameter din102_WIDTH bound to: 8 - type: integer 
	Parameter din103_WIDTH bound to: 8 - type: integer 
	Parameter din104_WIDTH bound to: 8 - type: integer 
	Parameter din105_WIDTH bound to: 8 - type: integer 
	Parameter din106_WIDTH bound to: 8 - type: integer 
	Parameter din107_WIDTH bound to: 8 - type: integer 
	Parameter din108_WIDTH bound to: 8 - type: integer 
	Parameter din109_WIDTH bound to: 8 - type: integer 
	Parameter din110_WIDTH bound to: 8 - type: integer 
	Parameter din111_WIDTH bound to: 8 - type: integer 
	Parameter din112_WIDTH bound to: 8 - type: integer 
	Parameter din113_WIDTH bound to: 8 - type: integer 
	Parameter din114_WIDTH bound to: 8 - type: integer 
	Parameter din115_WIDTH bound to: 8 - type: integer 
	Parameter din116_WIDTH bound to: 8 - type: integer 
	Parameter din117_WIDTH bound to: 8 - type: integer 
	Parameter din118_WIDTH bound to: 8 - type: integer 
	Parameter din119_WIDTH bound to: 8 - type: integer 
	Parameter din120_WIDTH bound to: 8 - type: integer 
	Parameter din121_WIDTH bound to: 8 - type: integer 
	Parameter din122_WIDTH bound to: 8 - type: integer 
	Parameter din123_WIDTH bound to: 8 - type: integer 
	Parameter din124_WIDTH bound to: 8 - type: integer 
	Parameter din125_WIDTH bound to: 8 - type: integer 
	Parameter din126_WIDTH bound to: 8 - type: integer 
	Parameter din127_WIDTH bound to: 8 - type: integer 
	Parameter din128_WIDTH bound to: 8 - type: integer 
	Parameter din129_WIDTH bound to: 8 - type: integer 
	Parameter din130_WIDTH bound to: 8 - type: integer 
	Parameter din131_WIDTH bound to: 8 - type: integer 
	Parameter din132_WIDTH bound to: 8 - type: integer 
	Parameter din133_WIDTH bound to: 8 - type: integer 
	Parameter din134_WIDTH bound to: 8 - type: integer 
	Parameter din135_WIDTH bound to: 8 - type: integer 
	Parameter din136_WIDTH bound to: 8 - type: integer 
	Parameter din137_WIDTH bound to: 8 - type: integer 
	Parameter din138_WIDTH bound to: 8 - type: integer 
	Parameter din139_WIDTH bound to: 8 - type: integer 
	Parameter din140_WIDTH bound to: 8 - type: integer 
	Parameter din141_WIDTH bound to: 8 - type: integer 
	Parameter din142_WIDTH bound to: 8 - type: integer 
	Parameter din143_WIDTH bound to: 8 - type: integer 
	Parameter din144_WIDTH bound to: 8 - type: integer 
	Parameter din145_WIDTH bound to: 8 - type: integer 
	Parameter din146_WIDTH bound to: 8 - type: integer 
	Parameter din147_WIDTH bound to: 8 - type: integer 
	Parameter din148_WIDTH bound to: 8 - type: integer 
	Parameter din149_WIDTH bound to: 8 - type: integer 
	Parameter din150_WIDTH bound to: 8 - type: integer 
	Parameter din151_WIDTH bound to: 8 - type: integer 
	Parameter din152_WIDTH bound to: 8 - type: integer 
	Parameter din153_WIDTH bound to: 8 - type: integer 
	Parameter din154_WIDTH bound to: 8 - type: integer 
	Parameter din155_WIDTH bound to: 8 - type: integer 
	Parameter din156_WIDTH bound to: 8 - type: integer 
	Parameter din157_WIDTH bound to: 8 - type: integer 
	Parameter din158_WIDTH bound to: 8 - type: integer 
	Parameter din159_WIDTH bound to: 8 - type: integer 
	Parameter din160_WIDTH bound to: 8 - type: integer 
	Parameter din161_WIDTH bound to: 8 - type: integer 
	Parameter din162_WIDTH bound to: 8 - type: integer 
	Parameter din163_WIDTH bound to: 8 - type: integer 
	Parameter din164_WIDTH bound to: 8 - type: integer 
	Parameter din165_WIDTH bound to: 8 - type: integer 
	Parameter din166_WIDTH bound to: 8 - type: integer 
	Parameter din167_WIDTH bound to: 8 - type: integer 
	Parameter din168_WIDTH bound to: 8 - type: integer 
	Parameter din169_WIDTH bound to: 8 - type: integer 
	Parameter din170_WIDTH bound to: 8 - type: integer 
	Parameter din171_WIDTH bound to: 8 - type: integer 
	Parameter din172_WIDTH bound to: 8 - type: integer 
	Parameter din173_WIDTH bound to: 8 - type: integer 
	Parameter din174_WIDTH bound to: 8 - type: integer 
	Parameter din175_WIDTH bound to: 8 - type: integer 
	Parameter din176_WIDTH bound to: 8 - type: integer 
	Parameter din177_WIDTH bound to: 8 - type: integer 
	Parameter din178_WIDTH bound to: 8 - type: integer 
	Parameter din179_WIDTH bound to: 8 - type: integer 
	Parameter din180_WIDTH bound to: 8 - type: integer 
	Parameter din181_WIDTH bound to: 8 - type: integer 
	Parameter din182_WIDTH bound to: 8 - type: integer 
	Parameter din183_WIDTH bound to: 8 - type: integer 
	Parameter din184_WIDTH bound to: 8 - type: integer 
	Parameter din185_WIDTH bound to: 8 - type: integer 
	Parameter din186_WIDTH bound to: 8 - type: integer 
	Parameter din187_WIDTH bound to: 8 - type: integer 
	Parameter din188_WIDTH bound to: 8 - type: integer 
	Parameter din189_WIDTH bound to: 8 - type: integer 
	Parameter din190_WIDTH bound to: 8 - type: integer 
	Parameter din191_WIDTH bound to: 8 - type: integer 
	Parameter din192_WIDTH bound to: 8 - type: integer 
	Parameter din193_WIDTH bound to: 8 - type: integer 
	Parameter din194_WIDTH bound to: 8 - type: integer 
	Parameter din195_WIDTH bound to: 8 - type: integer 
	Parameter din196_WIDTH bound to: 8 - type: integer 
	Parameter din197_WIDTH bound to: 8 - type: integer 
	Parameter din198_WIDTH bound to: 8 - type: integer 
	Parameter din199_WIDTH bound to: 8 - type: integer 
	Parameter din200_WIDTH bound to: 8 - type: integer 
	Parameter din201_WIDTH bound to: 8 - type: integer 
	Parameter din202_WIDTH bound to: 8 - type: integer 
	Parameter din203_WIDTH bound to: 8 - type: integer 
	Parameter din204_WIDTH bound to: 8 - type: integer 
	Parameter din205_WIDTH bound to: 8 - type: integer 
	Parameter din206_WIDTH bound to: 8 - type: integer 
	Parameter din207_WIDTH bound to: 8 - type: integer 
	Parameter din208_WIDTH bound to: 8 - type: integer 
	Parameter din209_WIDTH bound to: 8 - type: integer 
	Parameter din210_WIDTH bound to: 8 - type: integer 
	Parameter din211_WIDTH bound to: 8 - type: integer 
	Parameter din212_WIDTH bound to: 8 - type: integer 
	Parameter din213_WIDTH bound to: 8 - type: integer 
	Parameter din214_WIDTH bound to: 8 - type: integer 
	Parameter din215_WIDTH bound to: 8 - type: integer 
	Parameter din216_WIDTH bound to: 8 - type: integer 
	Parameter din217_WIDTH bound to: 8 - type: integer 
	Parameter din218_WIDTH bound to: 8 - type: integer 
	Parameter din219_WIDTH bound to: 8 - type: integer 
	Parameter din220_WIDTH bound to: 8 - type: integer 
	Parameter din221_WIDTH bound to: 8 - type: integer 
	Parameter din222_WIDTH bound to: 8 - type: integer 
	Parameter din223_WIDTH bound to: 8 - type: integer 
	Parameter din224_WIDTH bound to: 8 - type: integer 
	Parameter din225_WIDTH bound to: 8 - type: integer 
	Parameter din226_WIDTH bound to: 8 - type: integer 
	Parameter din227_WIDTH bound to: 8 - type: integer 
	Parameter din228_WIDTH bound to: 8 - type: integer 
	Parameter din229_WIDTH bound to: 8 - type: integer 
	Parameter din230_WIDTH bound to: 8 - type: integer 
	Parameter din231_WIDTH bound to: 8 - type: integer 
	Parameter din232_WIDTH bound to: 8 - type: integer 
	Parameter din233_WIDTH bound to: 8 - type: integer 
	Parameter din234_WIDTH bound to: 8 - type: integer 
	Parameter din235_WIDTH bound to: 8 - type: integer 
	Parameter din236_WIDTH bound to: 8 - type: integer 
	Parameter din237_WIDTH bound to: 8 - type: integer 
	Parameter din238_WIDTH bound to: 8 - type: integer 
	Parameter din239_WIDTH bound to: 8 - type: integer 
	Parameter din240_WIDTH bound to: 8 - type: integer 
	Parameter din241_WIDTH bound to: 8 - type: integer 
	Parameter din242_WIDTH bound to: 8 - type: integer 
	Parameter din243_WIDTH bound to: 8 - type: integer 
	Parameter din244_WIDTH bound to: 8 - type: integer 
	Parameter din245_WIDTH bound to: 8 - type: integer 
	Parameter din246_WIDTH bound to: 8 - type: integer 
	Parameter din247_WIDTH bound to: 8 - type: integer 
	Parameter din248_WIDTH bound to: 8 - type: integer 
	Parameter din249_WIDTH bound to: 8 - type: integer 
	Parameter din250_WIDTH bound to: 8 - type: integer 
	Parameter din251_WIDTH bound to: 8 - type: integer 
	Parameter din252_WIDTH bound to: 8 - type: integer 
	Parameter din253_WIDTH bound to: 8 - type: integer 
	Parameter din254_WIDTH bound to: 8 - type: integer 
	Parameter din255_WIDTH bound to: 8 - type: integer 
	Parameter din256_WIDTH bound to: 8 - type: integer 
	Parameter dout_WIDTH bound to: 8 - type: integer 
INFO: [Synth 8-3491] module 'aes_encrypt_top_mudo' declared at 'c:/AES/AES.srcs/sources_1/bd/aes_bd/ipshared/8618/hdl/vhdl/aes_encrypt_top_mudo.vhd:13' bound to instance 'aes_encrypt_top_mudo_U7' of component 'aes_encrypt_top_mudo' [c:/AES/AES.srcs/sources_1/bd/aes_bd/ipshared/8618/hdl/vhdl/aes_encrypt_top.vhd:5577]
	Parameter ID bound to: 1 - type: integer 
	Parameter NUM_STAGE bound to: 1 - type: integer 
	Parameter din0_WIDTH bound to: 8 - type: integer 
	Parameter din1_WIDTH bound to: 8 - type: integer 
	Parameter din2_WIDTH bound to: 8 - type: integer 
	Parameter din3_WIDTH bound to: 8 - type: integer 
	Parameter din4_WIDTH bound to: 8 - type: integer 
	Parameter din5_WIDTH bound to: 8 - type: integer 
	Parameter din6_WIDTH bound to: 8 - type: integer 
	Parameter din7_WIDTH bound to: 8 - type: integer 
	Parameter din8_WIDTH bound to: 8 - type: integer 
	Parameter din9_WIDTH bound to: 8 - type: integer 
	Parameter din10_WIDTH bound to: 8 - type: integer 
	Parameter din11_WIDTH bound to: 8 - type: integer 
	Parameter din12_WIDTH bound to: 8 - type: integer 
	Parameter din13_WIDTH bound to: 8 - type: integer 
	Parameter din14_WIDTH bound to: 8 - type: integer 
	Parameter din15_WIDTH bound to: 8 - type: integer 
	Parameter din16_WIDTH bound to: 8 - type: integer 
	Parameter din17_WIDTH bound to: 8 - type: integer 
	Parameter din18_WIDTH bound to: 8 - type: integer 
	Parameter din19_WIDTH bound to: 8 - type: integer 
	Parameter din20_WIDTH bound to: 8 - type: integer 
	Parameter din21_WIDTH bound to: 8 - type: integer 
	Parameter din22_WIDTH bound to: 8 - type: integer 
	Parameter din23_WIDTH bound to: 8 - type: integer 
	Parameter din24_WIDTH bound to: 8 - type: integer 
	Parameter din25_WIDTH bound to: 8 - type: integer 
	Parameter din26_WIDTH bound to: 8 - type: integer 
	Parameter din27_WIDTH bound to: 8 - type: integer 
	Parameter din28_WIDTH bound to: 8 - type: integer 
	Parameter din29_WIDTH bound to: 8 - type: integer 
	Parameter din30_WIDTH bound to: 8 - type: integer 
	Parameter din31_WIDTH bound to: 8 - type: integer 
	Parameter din32_WIDTH bound to: 8 - type: integer 
	Parameter din33_WIDTH bound to: 8 - type: integer 
	Parameter din34_WIDTH bound to: 8 - type: integer 
	Parameter din35_WIDTH bound to: 8 - type: integer 
	Parameter din36_WIDTH bound to: 8 - type: integer 
	Parameter din37_WIDTH bound to: 8 - type: integer 
	Parameter din38_WIDTH bound to: 8 - type: integer 
	Parameter din39_WIDTH bound to: 8 - type: integer 
	Parameter din40_WIDTH bound to: 8 - type: integer 
	Parameter din41_WIDTH bound to: 8 - type: integer 
	Parameter din42_WIDTH bound to: 8 - type: integer 
	Parameter din43_WIDTH bound to: 8 - type: integer 
	Parameter din44_WIDTH bound to: 8 - type: integer 
	Parameter din45_WIDTH bound to: 8 - type: integer 
	Parameter din46_WIDTH bound to: 8 - type: integer 
	Parameter din47_WIDTH bound to: 8 - type: integer 
	Parameter din48_WIDTH bound to: 8 - type: integer 
	Parameter din49_WIDTH bound to: 8 - type: integer 
	Parameter din50_WIDTH bound to: 8 - type: integer 
	Parameter din51_WIDTH bound to: 8 - type: integer 
	Parameter din52_WIDTH bound to: 8 - type: integer 
	Parameter din53_WIDTH bound to: 8 - type: integer 
	Parameter din54_WIDTH bound to: 8 - type: integer 
	Parameter din55_WIDTH bound to: 8 - type: integer 
	Parameter din56_WIDTH bound to: 8 - type: integer 
	Parameter din57_WIDTH bound to: 8 - type: integer 
	Parameter din58_WIDTH bound to: 8 - type: integer 
	Parameter din59_WIDTH bound to: 8 - type: integer 
	Parameter din60_WIDTH bound to: 8 - type: integer 
	Parameter din61_WIDTH bound to: 8 - type: integer 
	Parameter din62_WIDTH bound to: 8 - type: integer 
	Parameter din63_WIDTH bound to: 8 - type: integer 
	Parameter din64_WIDTH bound to: 8 - type: integer 
	Parameter din65_WIDTH bound to: 8 - type: integer 
	Parameter din66_WIDTH bound to: 8 - type: integer 
	Parameter din67_WIDTH bound to: 8 - type: integer 
	Parameter din68_WIDTH bound to: 8 - type: integer 
	Parameter din69_WIDTH bound to: 8 - type: integer 
	Parameter din70_WIDTH bound to: 8 - type: integer 
	Parameter din71_WIDTH bound to: 8 - type: integer 
	Parameter din72_WIDTH bound to: 8 - type: integer 
	Parameter din73_WIDTH bound to: 8 - type: integer 
	Parameter din74_WIDTH bound to: 8 - type: integer 
	Parameter din75_WIDTH bound to: 8 - type: integer 
	Parameter din76_WIDTH bound to: 8 - type: integer 
	Parameter din77_WIDTH bound to: 8 - type: integer 
	Parameter din78_WIDTH bound to: 8 - type: integer 
	Parameter din79_WIDTH bound to: 8 - type: integer 
	Parameter din80_WIDTH bound to: 8 - type: integer 
	Parameter din81_WIDTH bound to: 8 - type: integer 
	Parameter din82_WIDTH bound to: 8 - type: integer 
	Parameter din83_WIDTH bound to: 8 - type: integer 
	Parameter din84_WIDTH bound to: 8 - type: integer 
	Parameter din85_WIDTH bound to: 8 - type: integer 
	Parameter din86_WIDTH bound to: 8 - type: integer 
	Parameter din87_WIDTH bound to: 8 - type: integer 
	Parameter din88_WIDTH bound to: 8 - type: integer 
	Parameter din89_WIDTH bound to: 8 - type: integer 
	Parameter din90_WIDTH bound to: 8 - type: integer 
	Parameter din91_WIDTH bound to: 8 - type: integer 
	Parameter din92_WIDTH bound to: 8 - type: integer 
	Parameter din93_WIDTH bound to: 8 - type: integer 
	Parameter din94_WIDTH bound to: 8 - type: integer 
	Parameter din95_WIDTH bound to: 8 - type: integer 
	Parameter din96_WIDTH bound to: 8 - type: integer 
	Parameter din97_WIDTH bound to: 8 - type: integer 
	Parameter din98_WIDTH bound to: 8 - type: integer 
	Parameter din99_WIDTH bound to: 8 - type: integer 
	Parameter din100_WIDTH bound to: 8 - type: integer 
	Parameter din101_WIDTH bound to: 8 - type: integer 
	Parameter din102_WIDTH bound to: 8 - type: integer 
	Parameter din103_WIDTH bound to: 8 - type: integer 
	Parameter din104_WIDTH bound to: 8 - type: integer 
	Parameter din105_WIDTH bound to: 8 - type: integer 
	Parameter din106_WIDTH bound to: 8 - type: integer 
	Parameter din107_WIDTH bound to: 8 - type: integer 
	Parameter din108_WIDTH bound to: 8 - type: integer 
	Parameter din109_WIDTH bound to: 8 - type: integer 
	Parameter din110_WIDTH bound to: 8 - type: integer 
	Parameter din111_WIDTH bound to: 8 - type: integer 
	Parameter din112_WIDTH bound to: 8 - type: integer 
	Parameter din113_WIDTH bound to: 8 - type: integer 
	Parameter din114_WIDTH bound to: 8 - type: integer 
	Parameter din115_WIDTH bound to: 8 - type: integer 
	Parameter din116_WIDTH bound to: 8 - type: integer 
	Parameter din117_WIDTH bound to: 8 - type: integer 
	Parameter din118_WIDTH bound to: 8 - type: integer 
	Parameter din119_WIDTH bound to: 8 - type: integer 
	Parameter din120_WIDTH bound to: 8 - type: integer 
	Parameter din121_WIDTH bound to: 8 - type: integer 
	Parameter din122_WIDTH bound to: 8 - type: integer 
	Parameter din123_WIDTH bound to: 8 - type: integer 
	Parameter din124_WIDTH bound to: 8 - type: integer 
	Parameter din125_WIDTH bound to: 8 - type: integer 
	Parameter din126_WIDTH bound to: 8 - type: integer 
	Parameter din127_WIDTH bound to: 8 - type: integer 
	Parameter din128_WIDTH bound to: 8 - type: integer 
	Parameter din129_WIDTH bound to: 8 - type: integer 
	Parameter din130_WIDTH bound to: 8 - type: integer 
	Parameter din131_WIDTH bound to: 8 - type: integer 
	Parameter din132_WIDTH bound to: 8 - type: integer 
	Parameter din133_WIDTH bound to: 8 - type: integer 
	Parameter din134_WIDTH bound to: 8 - type: integer 
	Parameter din135_WIDTH bound to: 8 - type: integer 
	Parameter din136_WIDTH bound to: 8 - type: integer 
	Parameter din137_WIDTH bound to: 8 - type: integer 
	Parameter din138_WIDTH bound to: 8 - type: integer 
	Parameter din139_WIDTH bound to: 8 - type: integer 
	Parameter din140_WIDTH bound to: 8 - type: integer 
	Parameter din141_WIDTH bound to: 8 - type: integer 
	Parameter din142_WIDTH bound to: 8 - type: integer 
	Parameter din143_WIDTH bound to: 8 - type: integer 
	Parameter din144_WIDTH bound to: 8 - type: integer 
	Parameter din145_WIDTH bound to: 8 - type: integer 
	Parameter din146_WIDTH bound to: 8 - type: integer 
	Parameter din147_WIDTH bound to: 8 - type: integer 
	Parameter din148_WIDTH bound to: 8 - type: integer 
	Parameter din149_WIDTH bound to: 8 - type: integer 
	Parameter din150_WIDTH bound to: 8 - type: integer 
	Parameter din151_WIDTH bound to: 8 - type: integer 
	Parameter din152_WIDTH bound to: 8 - type: integer 
	Parameter din153_WIDTH bound to: 8 - type: integer 
	Parameter din154_WIDTH bound to: 8 - type: integer 
	Parameter din155_WIDTH bound to: 8 - type: integer 
	Parameter din156_WIDTH bound to: 8 - type: integer 
	Parameter din157_WIDTH bound to: 8 - type: integer 
	Parameter din158_WIDTH bound to: 8 - type: integer 
	Parameter din159_WIDTH bound to: 8 - type: integer 
	Parameter din160_WIDTH bound to: 8 - type: integer 
	Parameter din161_WIDTH bound to: 8 - type: integer 
	Parameter din162_WIDTH bound to: 8 - type: integer 
	Parameter din163_WIDTH bound to: 8 - type: integer 
	Parameter din164_WIDTH bound to: 8 - type: integer 
	Parameter din165_WIDTH bound to: 8 - type: integer 
	Parameter din166_WIDTH bound to: 8 - type: integer 
	Parameter din167_WIDTH bound to: 8 - type: integer 
	Parameter din168_WIDTH bound to: 8 - type: integer 
	Parameter din169_WIDTH bound to: 8 - type: integer 
	Parameter din170_WIDTH bound to: 8 - type: integer 
	Parameter din171_WIDTH bound to: 8 - type: integer 
	Parameter din172_WIDTH bound to: 8 - type: integer 
	Parameter din173_WIDTH bound to: 8 - type: integer 
	Parameter din174_WIDTH bound to: 8 - type: integer 
	Parameter din175_WIDTH bound to: 8 - type: integer 
	Parameter din176_WIDTH bound to: 8 - type: integer 
	Parameter din177_WIDTH bound to: 8 - type: integer 
	Parameter din178_WIDTH bound to: 8 - type: integer 
	Parameter din179_WIDTH bound to: 8 - type: integer 
	Parameter din180_WIDTH bound to: 8 - type: integer 
	Parameter din181_WIDTH bound to: 8 - type: integer 
	Parameter din182_WIDTH bound to: 8 - type: integer 
	Parameter din183_WIDTH bound to: 8 - type: integer 
	Parameter din184_WIDTH bound to: 8 - type: integer 
	Parameter din185_WIDTH bound to: 8 - type: integer 
	Parameter din186_WIDTH bound to: 8 - type: integer 
	Parameter din187_WIDTH bound to: 8 - type: integer 
	Parameter din188_WIDTH bound to: 8 - type: integer 
	Parameter din189_WIDTH bound to: 8 - type: integer 
	Parameter din190_WIDTH bound to: 8 - type: integer 
	Parameter din191_WIDTH bound to: 8 - type: integer 
	Parameter din192_WIDTH bound to: 8 - type: integer 
	Parameter din193_WIDTH bound to: 8 - type: integer 
	Parameter din194_WIDTH bound to: 8 - type: integer 
	Parameter din195_WIDTH bound to: 8 - type: integer 
	Parameter din196_WIDTH bound to: 8 - type: integer 
	Parameter din197_WIDTH bound to: 8 - type: integer 
	Parameter din198_WIDTH bound to: 8 - type: integer 
	Parameter din199_WIDTH bound to: 8 - type: integer 
	Parameter din200_WIDTH bound to: 8 - type: integer 
	Parameter din201_WIDTH bound to: 8 - type: integer 
	Parameter din202_WIDTH bound to: 8 - type: integer 
	Parameter din203_WIDTH bound to: 8 - type: integer 
	Parameter din204_WIDTH bound to: 8 - type: integer 
	Parameter din205_WIDTH bound to: 8 - type: integer 
	Parameter din206_WIDTH bound to: 8 - type: integer 
	Parameter din207_WIDTH bound to: 8 - type: integer 
	Parameter din208_WIDTH bound to: 8 - type: integer 
	Parameter din209_WIDTH bound to: 8 - type: integer 
	Parameter din210_WIDTH bound to: 8 - type: integer 
	Parameter din211_WIDTH bound to: 8 - type: integer 
	Parameter din212_WIDTH bound to: 8 - type: integer 
	Parameter din213_WIDTH bound to: 8 - type: integer 
	Parameter din214_WIDTH bound to: 8 - type: integer 
	Parameter din215_WIDTH bound to: 8 - type: integer 
	Parameter din216_WIDTH bound to: 8 - type: integer 
	Parameter din217_WIDTH bound to: 8 - type: integer 
	Parameter din218_WIDTH bound to: 8 - type: integer 
	Parameter din219_WIDTH bound to: 8 - type: integer 
	Parameter din220_WIDTH bound to: 8 - type: integer 
	Parameter din221_WIDTH bound to: 8 - type: integer 
	Parameter din222_WIDTH bound to: 8 - type: integer 
	Parameter din223_WIDTH bound to: 8 - type: integer 
	Parameter din224_WIDTH bound to: 8 - type: integer 
	Parameter din225_WIDTH bound to: 8 - type: integer 
	Parameter din226_WIDTH bound to: 8 - type: integer 
	Parameter din227_WIDTH bound to: 8 - type: integer 
	Parameter din228_WIDTH bound to: 8 - type: integer 
	Parameter din229_WIDTH bound to: 8 - type: integer 
	Parameter din230_WIDTH bound to: 8 - type: integer 
	Parameter din231_WIDTH bound to: 8 - type: integer 
	Parameter din232_WIDTH bound to: 8 - type: integer 
	Parameter din233_WIDTH bound to: 8 - type: integer 
	Parameter din234_WIDTH bound to: 8 - type: integer 
	Parameter din235_WIDTH bound to: 8 - type: integer 
	Parameter din236_WIDTH bound to: 8 - type: integer 
	Parameter din237_WIDTH bound to: 8 - type: integer 
	Parameter din238_WIDTH bound to: 8 - type: integer 
	Parameter din239_WIDTH bound to: 8 - type: integer 
	Parameter din240_WIDTH bound to: 8 - type: integer 
	Parameter din241_WIDTH bound to: 8 - type: integer 
	Parameter din242_WIDTH bound to: 8 - type: integer 
	Parameter din243_WIDTH bound to: 8 - type: integer 
	Parameter din244_WIDTH bound to: 8 - type: integer 
	Parameter din245_WIDTH bound to: 8 - type: integer 
	Parameter din246_WIDTH bound to: 8 - type: integer 
	Parameter din247_WIDTH bound to: 8 - type: integer 
	Parameter din248_WIDTH bound to: 8 - type: integer 
	Parameter din249_WIDTH bound to: 8 - type: integer 
	Parameter din250_WIDTH bound to: 8 - type: integer 
	Parameter din251_WIDTH bound to: 8 - type: integer 
	Parameter din252_WIDTH bound to: 8 - type: integer 
	Parameter din253_WIDTH bound to: 8 - type: integer 
	Parameter din254_WIDTH bound to: 8 - type: integer 
	Parameter din255_WIDTH bound to: 8 - type: integer 
	Parameter din256_WIDTH bound to: 8 - type: integer 
	Parameter dout_WIDTH bound to: 8 - type: integer 
INFO: [Synth 8-3491] module 'aes_encrypt_top_mudo' declared at 'c:/AES/AES.srcs/sources_1/bd/aes_bd/ipshared/8618/hdl/vhdl/aes_encrypt_top_mudo.vhd:13' bound to instance 'aes_encrypt_top_mudo_U8' of component 'aes_encrypt_top_mudo' [c:/AES/AES.srcs/sources_1/bd/aes_bd/ipshared/8618/hdl/vhdl/aes_encrypt_top.vhd:6099]
	Parameter ID bound to: 1 - type: integer 
	Parameter NUM_STAGE bound to: 1 - type: integer 
	Parameter din0_WIDTH bound to: 8 - type: integer 
	Parameter din1_WIDTH bound to: 8 - type: integer 
	Parameter din2_WIDTH bound to: 8 - type: integer 
	Parameter din3_WIDTH bound to: 8 - type: integer 
	Parameter din4_WIDTH bound to: 8 - type: integer 
	Parameter din5_WIDTH bound to: 8 - type: integer 
	Parameter din6_WIDTH bound to: 8 - type: integer 
	Parameter din7_WIDTH bound to: 8 - type: integer 
	Parameter din8_WIDTH bound to: 8 - type: integer 
	Parameter din9_WIDTH bound to: 8 - type: integer 
	Parameter din10_WIDTH bound to: 8 - type: integer 
	Parameter din11_WIDTH bound to: 8 - type: integer 
	Parameter din12_WIDTH bound to: 8 - type: integer 
	Parameter din13_WIDTH bound to: 8 - type: integer 
	Parameter din14_WIDTH bound to: 8 - type: integer 
	Parameter din15_WIDTH bound to: 8 - type: integer 
	Parameter din16_WIDTH bound to: 8 - type: integer 
	Parameter din17_WIDTH bound to: 8 - type: integer 
	Parameter din18_WIDTH bound to: 8 - type: integer 
	Parameter din19_WIDTH bound to: 8 - type: integer 
	Parameter din20_WIDTH bound to: 8 - type: integer 
	Parameter din21_WIDTH bound to: 8 - type: integer 
	Parameter din22_WIDTH bound to: 8 - type: integer 
	Parameter din23_WIDTH bound to: 8 - type: integer 
	Parameter din24_WIDTH bound to: 8 - type: integer 
	Parameter din25_WIDTH bound to: 8 - type: integer 
	Parameter din26_WIDTH bound to: 8 - type: integer 
	Parameter din27_WIDTH bound to: 8 - type: integer 
	Parameter din28_WIDTH bound to: 8 - type: integer 
	Parameter din29_WIDTH bound to: 8 - type: integer 
	Parameter din30_WIDTH bound to: 8 - type: integer 
	Parameter din31_WIDTH bound to: 8 - type: integer 
	Parameter din32_WIDTH bound to: 8 - type: integer 
	Parameter din33_WIDTH bound to: 8 - type: integer 
	Parameter din34_WIDTH bound to: 8 - type: integer 
	Parameter din35_WIDTH bound to: 8 - type: integer 
	Parameter din36_WIDTH bound to: 8 - type: integer 
	Parameter din37_WIDTH bound to: 8 - type: integer 
	Parameter din38_WIDTH bound to: 8 - type: integer 
	Parameter din39_WIDTH bound to: 8 - type: integer 
	Parameter din40_WIDTH bound to: 8 - type: integer 
	Parameter din41_WIDTH bound to: 8 - type: integer 
	Parameter din42_WIDTH bound to: 8 - type: integer 
	Parameter din43_WIDTH bound to: 8 - type: integer 
	Parameter din44_WIDTH bound to: 8 - type: integer 
	Parameter din45_WIDTH bound to: 8 - type: integer 
	Parameter din46_WIDTH bound to: 8 - type: integer 
	Parameter din47_WIDTH bound to: 8 - type: integer 
	Parameter din48_WIDTH bound to: 8 - type: integer 
	Parameter din49_WIDTH bound to: 8 - type: integer 
	Parameter din50_WIDTH bound to: 8 - type: integer 
	Parameter din51_WIDTH bound to: 8 - type: integer 
	Parameter din52_WIDTH bound to: 8 - type: integer 
	Parameter din53_WIDTH bound to: 8 - type: integer 
	Parameter din54_WIDTH bound to: 8 - type: integer 
	Parameter din55_WIDTH bound to: 8 - type: integer 
	Parameter din56_WIDTH bound to: 8 - type: integer 
	Parameter din57_WIDTH bound to: 8 - type: integer 
	Parameter din58_WIDTH bound to: 8 - type: integer 
	Parameter din59_WIDTH bound to: 8 - type: integer 
	Parameter din60_WIDTH bound to: 8 - type: integer 
	Parameter din61_WIDTH bound to: 8 - type: integer 
	Parameter din62_WIDTH bound to: 8 - type: integer 
	Parameter din63_WIDTH bound to: 8 - type: integer 
	Parameter din64_WIDTH bound to: 8 - type: integer 
	Parameter din65_WIDTH bound to: 8 - type: integer 
	Parameter din66_WIDTH bound to: 8 - type: integer 
	Parameter din67_WIDTH bound to: 8 - type: integer 
	Parameter din68_WIDTH bound to: 8 - type: integer 
	Parameter din69_WIDTH bound to: 8 - type: integer 
	Parameter din70_WIDTH bound to: 8 - type: integer 
	Parameter din71_WIDTH bound to: 8 - type: integer 
	Parameter din72_WIDTH bound to: 8 - type: integer 
	Parameter din73_WIDTH bound to: 8 - type: integer 
	Parameter din74_WIDTH bound to: 8 - type: integer 
	Parameter din75_WIDTH bound to: 8 - type: integer 
	Parameter din76_WIDTH bound to: 8 - type: integer 
	Parameter din77_WIDTH bound to: 8 - type: integer 
	Parameter din78_WIDTH bound to: 8 - type: integer 
	Parameter din79_WIDTH bound to: 8 - type: integer 
	Parameter din80_WIDTH bound to: 8 - type: integer 
	Parameter din81_WIDTH bound to: 8 - type: integer 
	Parameter din82_WIDTH bound to: 8 - type: integer 
	Parameter din83_WIDTH bound to: 8 - type: integer 
	Parameter din84_WIDTH bound to: 8 - type: integer 
	Parameter din85_WIDTH bound to: 8 - type: integer 
	Parameter din86_WIDTH bound to: 8 - type: integer 
	Parameter din87_WIDTH bound to: 8 - type: integer 
	Parameter din88_WIDTH bound to: 8 - type: integer 
	Parameter din89_WIDTH bound to: 8 - type: integer 
	Parameter din90_WIDTH bound to: 8 - type: integer 
	Parameter din91_WIDTH bound to: 8 - type: integer 
	Parameter din92_WIDTH bound to: 8 - type: integer 
	Parameter din93_WIDTH bound to: 8 - type: integer 
	Parameter din94_WIDTH bound to: 8 - type: integer 
	Parameter din95_WIDTH bound to: 8 - type: integer 
	Parameter din96_WIDTH bound to: 8 - type: integer 
	Parameter din97_WIDTH bound to: 8 - type: integer 
	Parameter din98_WIDTH bound to: 8 - type: integer 
	Parameter din99_WIDTH bound to: 8 - type: integer 
	Parameter din100_WIDTH bound to: 8 - type: integer 
	Parameter din101_WIDTH bound to: 8 - type: integer 
	Parameter din102_WIDTH bound to: 8 - type: integer 
	Parameter din103_WIDTH bound to: 8 - type: integer 
	Parameter din104_WIDTH bound to: 8 - type: integer 
	Parameter din105_WIDTH bound to: 8 - type: integer 
	Parameter din106_WIDTH bound to: 8 - type: integer 
	Parameter din107_WIDTH bound to: 8 - type: integer 
	Parameter din108_WIDTH bound to: 8 - type: integer 
	Parameter din109_WIDTH bound to: 8 - type: integer 
	Parameter din110_WIDTH bound to: 8 - type: integer 
	Parameter din111_WIDTH bound to: 8 - type: integer 
	Parameter din112_WIDTH bound to: 8 - type: integer 
	Parameter din113_WIDTH bound to: 8 - type: integer 
	Parameter din114_WIDTH bound to: 8 - type: integer 
	Parameter din115_WIDTH bound to: 8 - type: integer 
	Parameter din116_WIDTH bound to: 8 - type: integer 
	Parameter din117_WIDTH bound to: 8 - type: integer 
	Parameter din118_WIDTH bound to: 8 - type: integer 
	Parameter din119_WIDTH bound to: 8 - type: integer 
	Parameter din120_WIDTH bound to: 8 - type: integer 
	Parameter din121_WIDTH bound to: 8 - type: integer 
	Parameter din122_WIDTH bound to: 8 - type: integer 
	Parameter din123_WIDTH bound to: 8 - type: integer 
	Parameter din124_WIDTH bound to: 8 - type: integer 
	Parameter din125_WIDTH bound to: 8 - type: integer 
	Parameter din126_WIDTH bound to: 8 - type: integer 
	Parameter din127_WIDTH bound to: 8 - type: integer 
	Parameter din128_WIDTH bound to: 8 - type: integer 
	Parameter din129_WIDTH bound to: 8 - type: integer 
	Parameter din130_WIDTH bound to: 8 - type: integer 
	Parameter din131_WIDTH bound to: 8 - type: integer 
	Parameter din132_WIDTH bound to: 8 - type: integer 
	Parameter din133_WIDTH bound to: 8 - type: integer 
	Parameter din134_WIDTH bound to: 8 - type: integer 
	Parameter din135_WIDTH bound to: 8 - type: integer 
	Parameter din136_WIDTH bound to: 8 - type: integer 
	Parameter din137_WIDTH bound to: 8 - type: integer 
	Parameter din138_WIDTH bound to: 8 - type: integer 
	Parameter din139_WIDTH bound to: 8 - type: integer 
	Parameter din140_WIDTH bound to: 8 - type: integer 
	Parameter din141_WIDTH bound to: 8 - type: integer 
	Parameter din142_WIDTH bound to: 8 - type: integer 
	Parameter din143_WIDTH bound to: 8 - type: integer 
	Parameter din144_WIDTH bound to: 8 - type: integer 
	Parameter din145_WIDTH bound to: 8 - type: integer 
	Parameter din146_WIDTH bound to: 8 - type: integer 
	Parameter din147_WIDTH bound to: 8 - type: integer 
	Parameter din148_WIDTH bound to: 8 - type: integer 
	Parameter din149_WIDTH bound to: 8 - type: integer 
	Parameter din150_WIDTH bound to: 8 - type: integer 
	Parameter din151_WIDTH bound to: 8 - type: integer 
	Parameter din152_WIDTH bound to: 8 - type: integer 
	Parameter din153_WIDTH bound to: 8 - type: integer 
	Parameter din154_WIDTH bound to: 8 - type: integer 
	Parameter din155_WIDTH bound to: 8 - type: integer 
	Parameter din156_WIDTH bound to: 8 - type: integer 
	Parameter din157_WIDTH bound to: 8 - type: integer 
	Parameter din158_WIDTH bound to: 8 - type: integer 
	Parameter din159_WIDTH bound to: 8 - type: integer 
	Parameter din160_WIDTH bound to: 8 - type: integer 
	Parameter din161_WIDTH bound to: 8 - type: integer 
	Parameter din162_WIDTH bound to: 8 - type: integer 
	Parameter din163_WIDTH bound to: 8 - type: integer 
	Parameter din164_WIDTH bound to: 8 - type: integer 
	Parameter din165_WIDTH bound to: 8 - type: integer 
	Parameter din166_WIDTH bound to: 8 - type: integer 
	Parameter din167_WIDTH bound to: 8 - type: integer 
	Parameter din168_WIDTH bound to: 8 - type: integer 
	Parameter din169_WIDTH bound to: 8 - type: integer 
	Parameter din170_WIDTH bound to: 8 - type: integer 
	Parameter din171_WIDTH bound to: 8 - type: integer 
	Parameter din172_WIDTH bound to: 8 - type: integer 
	Parameter din173_WIDTH bound to: 8 - type: integer 
	Parameter din174_WIDTH bound to: 8 - type: integer 
	Parameter din175_WIDTH bound to: 8 - type: integer 
	Parameter din176_WIDTH bound to: 8 - type: integer 
	Parameter din177_WIDTH bound to: 8 - type: integer 
	Parameter din178_WIDTH bound to: 8 - type: integer 
	Parameter din179_WIDTH bound to: 8 - type: integer 
	Parameter din180_WIDTH bound to: 8 - type: integer 
	Parameter din181_WIDTH bound to: 8 - type: integer 
	Parameter din182_WIDTH bound to: 8 - type: integer 
	Parameter din183_WIDTH bound to: 8 - type: integer 
	Parameter din184_WIDTH bound to: 8 - type: integer 
	Parameter din185_WIDTH bound to: 8 - type: integer 
	Parameter din186_WIDTH bound to: 8 - type: integer 
	Parameter din187_WIDTH bound to: 8 - type: integer 
	Parameter din188_WIDTH bound to: 8 - type: integer 
	Parameter din189_WIDTH bound to: 8 - type: integer 
	Parameter din190_WIDTH bound to: 8 - type: integer 
	Parameter din191_WIDTH bound to: 8 - type: integer 
	Parameter din192_WIDTH bound to: 8 - type: integer 
	Parameter din193_WIDTH bound to: 8 - type: integer 
	Parameter din194_WIDTH bound to: 8 - type: integer 
	Parameter din195_WIDTH bound to: 8 - type: integer 
	Parameter din196_WIDTH bound to: 8 - type: integer 
	Parameter din197_WIDTH bound to: 8 - type: integer 
	Parameter din198_WIDTH bound to: 8 - type: integer 
	Parameter din199_WIDTH bound to: 8 - type: integer 
	Parameter din200_WIDTH bound to: 8 - type: integer 
	Parameter din201_WIDTH bound to: 8 - type: integer 
	Parameter din202_WIDTH bound to: 8 - type: integer 
	Parameter din203_WIDTH bound to: 8 - type: integer 
	Parameter din204_WIDTH bound to: 8 - type: integer 
	Parameter din205_WIDTH bound to: 8 - type: integer 
	Parameter din206_WIDTH bound to: 8 - type: integer 
	Parameter din207_WIDTH bound to: 8 - type: integer 
	Parameter din208_WIDTH bound to: 8 - type: integer 
	Parameter din209_WIDTH bound to: 8 - type: integer 
	Parameter din210_WIDTH bound to: 8 - type: integer 
	Parameter din211_WIDTH bound to: 8 - type: integer 
	Parameter din212_WIDTH bound to: 8 - type: integer 
	Parameter din213_WIDTH bound to: 8 - type: integer 
	Parameter din214_WIDTH bound to: 8 - type: integer 
	Parameter din215_WIDTH bound to: 8 - type: integer 
	Parameter din216_WIDTH bound to: 8 - type: integer 
	Parameter din217_WIDTH bound to: 8 - type: integer 
	Parameter din218_WIDTH bound to: 8 - type: integer 
	Parameter din219_WIDTH bound to: 8 - type: integer 
	Parameter din220_WIDTH bound to: 8 - type: integer 
	Parameter din221_WIDTH bound to: 8 - type: integer 
	Parameter din222_WIDTH bound to: 8 - type: integer 
	Parameter din223_WIDTH bound to: 8 - type: integer 
	Parameter din224_WIDTH bound to: 8 - type: integer 
	Parameter din225_WIDTH bound to: 8 - type: integer 
	Parameter din226_WIDTH bound to: 8 - type: integer 
	Parameter din227_WIDTH bound to: 8 - type: integer 
	Parameter din228_WIDTH bound to: 8 - type: integer 
	Parameter din229_WIDTH bound to: 8 - type: integer 
	Parameter din230_WIDTH bound to: 8 - type: integer 
	Parameter din231_WIDTH bound to: 8 - type: integer 
	Parameter din232_WIDTH bound to: 8 - type: integer 
	Parameter din233_WIDTH bound to: 8 - type: integer 
	Parameter din234_WIDTH bound to: 8 - type: integer 
	Parameter din235_WIDTH bound to: 8 - type: integer 
	Parameter din236_WIDTH bound to: 8 - type: integer 
	Parameter din237_WIDTH bound to: 8 - type: integer 
	Parameter din238_WIDTH bound to: 8 - type: integer 
	Parameter din239_WIDTH bound to: 8 - type: integer 
	Parameter din240_WIDTH bound to: 8 - type: integer 
	Parameter din241_WIDTH bound to: 8 - type: integer 
	Parameter din242_WIDTH bound to: 8 - type: integer 
	Parameter din243_WIDTH bound to: 8 - type: integer 
	Parameter din244_WIDTH bound to: 8 - type: integer 
	Parameter din245_WIDTH bound to: 8 - type: integer 
	Parameter din246_WIDTH bound to: 8 - type: integer 
	Parameter din247_WIDTH bound to: 8 - type: integer 
	Parameter din248_WIDTH bound to: 8 - type: integer 
	Parameter din249_WIDTH bound to: 8 - type: integer 
	Parameter din250_WIDTH bound to: 8 - type: integer 
	Parameter din251_WIDTH bound to: 8 - type: integer 
	Parameter din252_WIDTH bound to: 8 - type: integer 
	Parameter din253_WIDTH bound to: 8 - type: integer 
	Parameter din254_WIDTH bound to: 8 - type: integer 
	Parameter din255_WIDTH bound to: 8 - type: integer 
	Parameter din256_WIDTH bound to: 8 - type: integer 
	Parameter dout_WIDTH bound to: 8 - type: integer 
INFO: [Synth 8-3491] module 'aes_encrypt_top_mudo' declared at 'c:/AES/AES.srcs/sources_1/bd/aes_bd/ipshared/8618/hdl/vhdl/aes_encrypt_top_mudo.vhd:13' bound to instance 'aes_encrypt_top_mudo_U9' of component 'aes_encrypt_top_mudo' [c:/AES/AES.srcs/sources_1/bd/aes_bd/ipshared/8618/hdl/vhdl/aes_encrypt_top.vhd:6621]
	Parameter ID bound to: 1 - type: integer 
	Parameter NUM_STAGE bound to: 1 - type: integer 
	Parameter din0_WIDTH bound to: 8 - type: integer 
	Parameter din1_WIDTH bound to: 8 - type: integer 
	Parameter din2_WIDTH bound to: 8 - type: integer 
	Parameter din3_WIDTH bound to: 8 - type: integer 
	Parameter din4_WIDTH bound to: 8 - type: integer 
	Parameter din5_WIDTH bound to: 8 - type: integer 
	Parameter din6_WIDTH bound to: 8 - type: integer 
	Parameter din7_WIDTH bound to: 8 - type: integer 
	Parameter din8_WIDTH bound to: 8 - type: integer 
	Parameter din9_WIDTH bound to: 8 - type: integer 
	Parameter din10_WIDTH bound to: 8 - type: integer 
	Parameter din11_WIDTH bound to: 8 - type: integer 
	Parameter din12_WIDTH bound to: 8 - type: integer 
	Parameter din13_WIDTH bound to: 8 - type: integer 
	Parameter din14_WIDTH bound to: 8 - type: integer 
	Parameter din15_WIDTH bound to: 8 - type: integer 
	Parameter din16_WIDTH bound to: 8 - type: integer 
	Parameter din17_WIDTH bound to: 8 - type: integer 
	Parameter din18_WIDTH bound to: 8 - type: integer 
	Parameter din19_WIDTH bound to: 8 - type: integer 
	Parameter din20_WIDTH bound to: 8 - type: integer 
	Parameter din21_WIDTH bound to: 8 - type: integer 
	Parameter din22_WIDTH bound to: 8 - type: integer 
	Parameter din23_WIDTH bound to: 8 - type: integer 
	Parameter din24_WIDTH bound to: 8 - type: integer 
	Parameter din25_WIDTH bound to: 8 - type: integer 
	Parameter din26_WIDTH bound to: 8 - type: integer 
	Parameter din27_WIDTH bound to: 8 - type: integer 
	Parameter din28_WIDTH bound to: 8 - type: integer 
	Parameter din29_WIDTH bound to: 8 - type: integer 
	Parameter din30_WIDTH bound to: 8 - type: integer 
	Parameter din31_WIDTH bound to: 8 - type: integer 
	Parameter din32_WIDTH bound to: 8 - type: integer 
	Parameter din33_WIDTH bound to: 8 - type: integer 
	Parameter din34_WIDTH bound to: 8 - type: integer 
	Parameter din35_WIDTH bound to: 8 - type: integer 
	Parameter din36_WIDTH bound to: 8 - type: integer 
	Parameter din37_WIDTH bound to: 8 - type: integer 
	Parameter din38_WIDTH bound to: 8 - type: integer 
	Parameter din39_WIDTH bound to: 8 - type: integer 
	Parameter din40_WIDTH bound to: 8 - type: integer 
	Parameter din41_WIDTH bound to: 8 - type: integer 
	Parameter din42_WIDTH bound to: 8 - type: integer 
	Parameter din43_WIDTH bound to: 8 - type: integer 
	Parameter din44_WIDTH bound to: 8 - type: integer 
	Parameter din45_WIDTH bound to: 8 - type: integer 
	Parameter din46_WIDTH bound to: 8 - type: integer 
	Parameter din47_WIDTH bound to: 8 - type: integer 
	Parameter din48_WIDTH bound to: 8 - type: integer 
	Parameter din49_WIDTH bound to: 8 - type: integer 
	Parameter din50_WIDTH bound to: 8 - type: integer 
	Parameter din51_WIDTH bound to: 8 - type: integer 
	Parameter din52_WIDTH bound to: 8 - type: integer 
	Parameter din53_WIDTH bound to: 8 - type: integer 
	Parameter din54_WIDTH bound to: 8 - type: integer 
	Parameter din55_WIDTH bound to: 8 - type: integer 
	Parameter din56_WIDTH bound to: 8 - type: integer 
	Parameter din57_WIDTH bound to: 8 - type: integer 
	Parameter din58_WIDTH bound to: 8 - type: integer 
	Parameter din59_WIDTH bound to: 8 - type: integer 
	Parameter din60_WIDTH bound to: 8 - type: integer 
	Parameter din61_WIDTH bound to: 8 - type: integer 
	Parameter din62_WIDTH bound to: 8 - type: integer 
	Parameter din63_WIDTH bound to: 8 - type: integer 
	Parameter din64_WIDTH bound to: 8 - type: integer 
	Parameter din65_WIDTH bound to: 8 - type: integer 
	Parameter din66_WIDTH bound to: 8 - type: integer 
	Parameter din67_WIDTH bound to: 8 - type: integer 
	Parameter din68_WIDTH bound to: 8 - type: integer 
	Parameter din69_WIDTH bound to: 8 - type: integer 
	Parameter din70_WIDTH bound to: 8 - type: integer 
	Parameter din71_WIDTH bound to: 8 - type: integer 
	Parameter din72_WIDTH bound to: 8 - type: integer 
	Parameter din73_WIDTH bound to: 8 - type: integer 
	Parameter din74_WIDTH bound to: 8 - type: integer 
	Parameter din75_WIDTH bound to: 8 - type: integer 
	Parameter din76_WIDTH bound to: 8 - type: integer 
	Parameter din77_WIDTH bound to: 8 - type: integer 
	Parameter din78_WIDTH bound to: 8 - type: integer 
	Parameter din79_WIDTH bound to: 8 - type: integer 
	Parameter din80_WIDTH bound to: 8 - type: integer 
	Parameter din81_WIDTH bound to: 8 - type: integer 
	Parameter din82_WIDTH bound to: 8 - type: integer 
	Parameter din83_WIDTH bound to: 8 - type: integer 
	Parameter din84_WIDTH bound to: 8 - type: integer 
	Parameter din85_WIDTH bound to: 8 - type: integer 
	Parameter din86_WIDTH bound to: 8 - type: integer 
	Parameter din87_WIDTH bound to: 8 - type: integer 
	Parameter din88_WIDTH bound to: 8 - type: integer 
	Parameter din89_WIDTH bound to: 8 - type: integer 
	Parameter din90_WIDTH bound to: 8 - type: integer 
	Parameter din91_WIDTH bound to: 8 - type: integer 
	Parameter din92_WIDTH bound to: 8 - type: integer 
	Parameter din93_WIDTH bound to: 8 - type: integer 
	Parameter din94_WIDTH bound to: 8 - type: integer 
	Parameter din95_WIDTH bound to: 8 - type: integer 
	Parameter din96_WIDTH bound to: 8 - type: integer 
	Parameter din97_WIDTH bound to: 8 - type: integer 
	Parameter din98_WIDTH bound to: 8 - type: integer 
	Parameter din99_WIDTH bound to: 8 - type: integer 
	Parameter din100_WIDTH bound to: 8 - type: integer 
	Parameter din101_WIDTH bound to: 8 - type: integer 
	Parameter din102_WIDTH bound to: 8 - type: integer 
	Parameter din103_WIDTH bound to: 8 - type: integer 
	Parameter din104_WIDTH bound to: 8 - type: integer 
	Parameter din105_WIDTH bound to: 8 - type: integer 
	Parameter din106_WIDTH bound to: 8 - type: integer 
	Parameter din107_WIDTH bound to: 8 - type: integer 
	Parameter din108_WIDTH bound to: 8 - type: integer 
	Parameter din109_WIDTH bound to: 8 - type: integer 
	Parameter din110_WIDTH bound to: 8 - type: integer 
	Parameter din111_WIDTH bound to: 8 - type: integer 
	Parameter din112_WIDTH bound to: 8 - type: integer 
	Parameter din113_WIDTH bound to: 8 - type: integer 
	Parameter din114_WIDTH bound to: 8 - type: integer 
	Parameter din115_WIDTH bound to: 8 - type: integer 
	Parameter din116_WIDTH bound to: 8 - type: integer 
	Parameter din117_WIDTH bound to: 8 - type: integer 
	Parameter din118_WIDTH bound to: 8 - type: integer 
	Parameter din119_WIDTH bound to: 8 - type: integer 
	Parameter din120_WIDTH bound to: 8 - type: integer 
	Parameter din121_WIDTH bound to: 8 - type: integer 
	Parameter din122_WIDTH bound to: 8 - type: integer 
	Parameter din123_WIDTH bound to: 8 - type: integer 
	Parameter din124_WIDTH bound to: 8 - type: integer 
	Parameter din125_WIDTH bound to: 8 - type: integer 
	Parameter din126_WIDTH bound to: 8 - type: integer 
	Parameter din127_WIDTH bound to: 8 - type: integer 
	Parameter din128_WIDTH bound to: 8 - type: integer 
	Parameter din129_WIDTH bound to: 8 - type: integer 
	Parameter din130_WIDTH bound to: 8 - type: integer 
	Parameter din131_WIDTH bound to: 8 - type: integer 
	Parameter din132_WIDTH bound to: 8 - type: integer 
	Parameter din133_WIDTH bound to: 8 - type: integer 
	Parameter din134_WIDTH bound to: 8 - type: integer 
	Parameter din135_WIDTH bound to: 8 - type: integer 
	Parameter din136_WIDTH bound to: 8 - type: integer 
	Parameter din137_WIDTH bound to: 8 - type: integer 
	Parameter din138_WIDTH bound to: 8 - type: integer 
	Parameter din139_WIDTH bound to: 8 - type: integer 
	Parameter din140_WIDTH bound to: 8 - type: integer 
	Parameter din141_WIDTH bound to: 8 - type: integer 
	Parameter din142_WIDTH bound to: 8 - type: integer 
	Parameter din143_WIDTH bound to: 8 - type: integer 
	Parameter din144_WIDTH bound to: 8 - type: integer 
	Parameter din145_WIDTH bound to: 8 - type: integer 
	Parameter din146_WIDTH bound to: 8 - type: integer 
	Parameter din147_WIDTH bound to: 8 - type: integer 
	Parameter din148_WIDTH bound to: 8 - type: integer 
	Parameter din149_WIDTH bound to: 8 - type: integer 
	Parameter din150_WIDTH bound to: 8 - type: integer 
	Parameter din151_WIDTH bound to: 8 - type: integer 
	Parameter din152_WIDTH bound to: 8 - type: integer 
	Parameter din153_WIDTH bound to: 8 - type: integer 
	Parameter din154_WIDTH bound to: 8 - type: integer 
	Parameter din155_WIDTH bound to: 8 - type: integer 
	Parameter din156_WIDTH bound to: 8 - type: integer 
	Parameter din157_WIDTH bound to: 8 - type: integer 
	Parameter din158_WIDTH bound to: 8 - type: integer 
	Parameter din159_WIDTH bound to: 8 - type: integer 
	Parameter din160_WIDTH bound to: 8 - type: integer 
	Parameter din161_WIDTH bound to: 8 - type: integer 
	Parameter din162_WIDTH bound to: 8 - type: integer 
	Parameter din163_WIDTH bound to: 8 - type: integer 
	Parameter din164_WIDTH bound to: 8 - type: integer 
	Parameter din165_WIDTH bound to: 8 - type: integer 
	Parameter din166_WIDTH bound to: 8 - type: integer 
	Parameter din167_WIDTH bound to: 8 - type: integer 
	Parameter din168_WIDTH bound to: 8 - type: integer 
	Parameter din169_WIDTH bound to: 8 - type: integer 
	Parameter din170_WIDTH bound to: 8 - type: integer 
	Parameter din171_WIDTH bound to: 8 - type: integer 
	Parameter din172_WIDTH bound to: 8 - type: integer 
	Parameter din173_WIDTH bound to: 8 - type: integer 
	Parameter din174_WIDTH bound to: 8 - type: integer 
	Parameter din175_WIDTH bound to: 8 - type: integer 
	Parameter din176_WIDTH bound to: 8 - type: integer 
	Parameter din177_WIDTH bound to: 8 - type: integer 
	Parameter din178_WIDTH bound to: 8 - type: integer 
	Parameter din179_WIDTH bound to: 8 - type: integer 
	Parameter din180_WIDTH bound to: 8 - type: integer 
	Parameter din181_WIDTH bound to: 8 - type: integer 
	Parameter din182_WIDTH bound to: 8 - type: integer 
	Parameter din183_WIDTH bound to: 8 - type: integer 
	Parameter din184_WIDTH bound to: 8 - type: integer 
	Parameter din185_WIDTH bound to: 8 - type: integer 
	Parameter din186_WIDTH bound to: 8 - type: integer 
	Parameter din187_WIDTH bound to: 8 - type: integer 
	Parameter din188_WIDTH bound to: 8 - type: integer 
	Parameter din189_WIDTH bound to: 8 - type: integer 
	Parameter din190_WIDTH bound to: 8 - type: integer 
	Parameter din191_WIDTH bound to: 8 - type: integer 
	Parameter din192_WIDTH bound to: 8 - type: integer 
	Parameter din193_WIDTH bound to: 8 - type: integer 
	Parameter din194_WIDTH bound to: 8 - type: integer 
	Parameter din195_WIDTH bound to: 8 - type: integer 
	Parameter din196_WIDTH bound to: 8 - type: integer 
	Parameter din197_WIDTH bound to: 8 - type: integer 
	Parameter din198_WIDTH bound to: 8 - type: integer 
	Parameter din199_WIDTH bound to: 8 - type: integer 
	Parameter din200_WIDTH bound to: 8 - type: integer 
	Parameter din201_WIDTH bound to: 8 - type: integer 
	Parameter din202_WIDTH bound to: 8 - type: integer 
	Parameter din203_WIDTH bound to: 8 - type: integer 
	Parameter din204_WIDTH bound to: 8 - type: integer 
	Parameter din205_WIDTH bound to: 8 - type: integer 
	Parameter din206_WIDTH bound to: 8 - type: integer 
	Parameter din207_WIDTH bound to: 8 - type: integer 
	Parameter din208_WIDTH bound to: 8 - type: integer 
	Parameter din209_WIDTH bound to: 8 - type: integer 
	Parameter din210_WIDTH bound to: 8 - type: integer 
	Parameter din211_WIDTH bound to: 8 - type: integer 
	Parameter din212_WIDTH bound to: 8 - type: integer 
	Parameter din213_WIDTH bound to: 8 - type: integer 
	Parameter din214_WIDTH bound to: 8 - type: integer 
	Parameter din215_WIDTH bound to: 8 - type: integer 
	Parameter din216_WIDTH bound to: 8 - type: integer 
	Parameter din217_WIDTH bound to: 8 - type: integer 
	Parameter din218_WIDTH bound to: 8 - type: integer 
	Parameter din219_WIDTH bound to: 8 - type: integer 
	Parameter din220_WIDTH bound to: 8 - type: integer 
	Parameter din221_WIDTH bound to: 8 - type: integer 
	Parameter din222_WIDTH bound to: 8 - type: integer 
	Parameter din223_WIDTH bound to: 8 - type: integer 
	Parameter din224_WIDTH bound to: 8 - type: integer 
	Parameter din225_WIDTH bound to: 8 - type: integer 
	Parameter din226_WIDTH bound to: 8 - type: integer 
	Parameter din227_WIDTH bound to: 8 - type: integer 
	Parameter din228_WIDTH bound to: 8 - type: integer 
	Parameter din229_WIDTH bound to: 8 - type: integer 
	Parameter din230_WIDTH bound to: 8 - type: integer 
	Parameter din231_WIDTH bound to: 8 - type: integer 
	Parameter din232_WIDTH bound to: 8 - type: integer 
	Parameter din233_WIDTH bound to: 8 - type: integer 
	Parameter din234_WIDTH bound to: 8 - type: integer 
	Parameter din235_WIDTH bound to: 8 - type: integer 
	Parameter din236_WIDTH bound to: 8 - type: integer 
	Parameter din237_WIDTH bound to: 8 - type: integer 
	Parameter din238_WIDTH bound to: 8 - type: integer 
	Parameter din239_WIDTH bound to: 8 - type: integer 
	Parameter din240_WIDTH bound to: 8 - type: integer 
	Parameter din241_WIDTH bound to: 8 - type: integer 
	Parameter din242_WIDTH bound to: 8 - type: integer 
	Parameter din243_WIDTH bound to: 8 - type: integer 
	Parameter din244_WIDTH bound to: 8 - type: integer 
	Parameter din245_WIDTH bound to: 8 - type: integer 
	Parameter din246_WIDTH bound to: 8 - type: integer 
	Parameter din247_WIDTH bound to: 8 - type: integer 
	Parameter din248_WIDTH bound to: 8 - type: integer 
	Parameter din249_WIDTH bound to: 8 - type: integer 
	Parameter din250_WIDTH bound to: 8 - type: integer 
	Parameter din251_WIDTH bound to: 8 - type: integer 
	Parameter din252_WIDTH bound to: 8 - type: integer 
	Parameter din253_WIDTH bound to: 8 - type: integer 
	Parameter din254_WIDTH bound to: 8 - type: integer 
	Parameter din255_WIDTH bound to: 8 - type: integer 
	Parameter din256_WIDTH bound to: 8 - type: integer 
	Parameter dout_WIDTH bound to: 8 - type: integer 
INFO: [Synth 8-3491] module 'aes_encrypt_top_mudo' declared at 'c:/AES/AES.srcs/sources_1/bd/aes_bd/ipshared/8618/hdl/vhdl/aes_encrypt_top_mudo.vhd:13' bound to instance 'aes_encrypt_top_mudo_U10' of component 'aes_encrypt_top_mudo' [c:/AES/AES.srcs/sources_1/bd/aes_bd/ipshared/8618/hdl/vhdl/aes_encrypt_top.vhd:7143]
	Parameter ID bound to: 1 - type: integer 
	Parameter NUM_STAGE bound to: 1 - type: integer 
	Parameter din0_WIDTH bound to: 8 - type: integer 
	Parameter din1_WIDTH bound to: 8 - type: integer 
	Parameter din2_WIDTH bound to: 8 - type: integer 
	Parameter din3_WIDTH bound to: 8 - type: integer 
	Parameter din4_WIDTH bound to: 8 - type: integer 
	Parameter din5_WIDTH bound to: 8 - type: integer 
	Parameter din6_WIDTH bound to: 8 - type: integer 
	Parameter din7_WIDTH bound to: 8 - type: integer 
	Parameter din8_WIDTH bound to: 8 - type: integer 
	Parameter din9_WIDTH bound to: 8 - type: integer 
	Parameter din10_WIDTH bound to: 8 - type: integer 
	Parameter din11_WIDTH bound to: 8 - type: integer 
	Parameter din12_WIDTH bound to: 8 - type: integer 
	Parameter din13_WIDTH bound to: 8 - type: integer 
	Parameter din14_WIDTH bound to: 8 - type: integer 
	Parameter din15_WIDTH bound to: 8 - type: integer 
	Parameter din16_WIDTH bound to: 8 - type: integer 
	Parameter din17_WIDTH bound to: 8 - type: integer 
	Parameter din18_WIDTH bound to: 8 - type: integer 
	Parameter din19_WIDTH bound to: 8 - type: integer 
	Parameter din20_WIDTH bound to: 8 - type: integer 
	Parameter din21_WIDTH bound to: 8 - type: integer 
	Parameter din22_WIDTH bound to: 8 - type: integer 
	Parameter din23_WIDTH bound to: 8 - type: integer 
	Parameter din24_WIDTH bound to: 8 - type: integer 
	Parameter din25_WIDTH bound to: 8 - type: integer 
	Parameter din26_WIDTH bound to: 8 - type: integer 
	Parameter din27_WIDTH bound to: 8 - type: integer 
	Parameter din28_WIDTH bound to: 8 - type: integer 
	Parameter din29_WIDTH bound to: 8 - type: integer 
	Parameter din30_WIDTH bound to: 8 - type: integer 
	Parameter din31_WIDTH bound to: 8 - type: integer 
	Parameter din32_WIDTH bound to: 8 - type: integer 
	Parameter din33_WIDTH bound to: 8 - type: integer 
	Parameter din34_WIDTH bound to: 8 - type: integer 
	Parameter din35_WIDTH bound to: 8 - type: integer 
	Parameter din36_WIDTH bound to: 8 - type: integer 
	Parameter din37_WIDTH bound to: 8 - type: integer 
	Parameter din38_WIDTH bound to: 8 - type: integer 
	Parameter din39_WIDTH bound to: 8 - type: integer 
	Parameter din40_WIDTH bound to: 8 - type: integer 
	Parameter din41_WIDTH bound to: 8 - type: integer 
	Parameter din42_WIDTH bound to: 8 - type: integer 
	Parameter din43_WIDTH bound to: 8 - type: integer 
	Parameter din44_WIDTH bound to: 8 - type: integer 
	Parameter din45_WIDTH bound to: 8 - type: integer 
	Parameter din46_WIDTH bound to: 8 - type: integer 
	Parameter din47_WIDTH bound to: 8 - type: integer 
	Parameter din48_WIDTH bound to: 8 - type: integer 
	Parameter din49_WIDTH bound to: 8 - type: integer 
	Parameter din50_WIDTH bound to: 8 - type: integer 
	Parameter din51_WIDTH bound to: 8 - type: integer 
	Parameter din52_WIDTH bound to: 8 - type: integer 
	Parameter din53_WIDTH bound to: 8 - type: integer 
	Parameter din54_WIDTH bound to: 8 - type: integer 
	Parameter din55_WIDTH bound to: 8 - type: integer 
	Parameter din56_WIDTH bound to: 8 - type: integer 
	Parameter din57_WIDTH bound to: 8 - type: integer 
	Parameter din58_WIDTH bound to: 8 - type: integer 
	Parameter din59_WIDTH bound to: 8 - type: integer 
	Parameter din60_WIDTH bound to: 8 - type: integer 
	Parameter din61_WIDTH bound to: 8 - type: integer 
	Parameter din62_WIDTH bound to: 8 - type: integer 
	Parameter din63_WIDTH bound to: 8 - type: integer 
	Parameter din64_WIDTH bound to: 8 - type: integer 
	Parameter din65_WIDTH bound to: 8 - type: integer 
	Parameter din66_WIDTH bound to: 8 - type: integer 
	Parameter din67_WIDTH bound to: 8 - type: integer 
	Parameter din68_WIDTH bound to: 8 - type: integer 
	Parameter din69_WIDTH bound to: 8 - type: integer 
	Parameter din70_WIDTH bound to: 8 - type: integer 
	Parameter din71_WIDTH bound to: 8 - type: integer 
	Parameter din72_WIDTH bound to: 8 - type: integer 
	Parameter din73_WIDTH bound to: 8 - type: integer 
	Parameter din74_WIDTH bound to: 8 - type: integer 
	Parameter din75_WIDTH bound to: 8 - type: integer 
	Parameter din76_WIDTH bound to: 8 - type: integer 
	Parameter din77_WIDTH bound to: 8 - type: integer 
	Parameter din78_WIDTH bound to: 8 - type: integer 
	Parameter din79_WIDTH bound to: 8 - type: integer 
	Parameter din80_WIDTH bound to: 8 - type: integer 
	Parameter din81_WIDTH bound to: 8 - type: integer 
	Parameter din82_WIDTH bound to: 8 - type: integer 
	Parameter din83_WIDTH bound to: 8 - type: integer 
	Parameter din84_WIDTH bound to: 8 - type: integer 
	Parameter din85_WIDTH bound to: 8 - type: integer 
	Parameter din86_WIDTH bound to: 8 - type: integer 
	Parameter din87_WIDTH bound to: 8 - type: integer 
	Parameter din88_WIDTH bound to: 8 - type: integer 
	Parameter din89_WIDTH bound to: 8 - type: integer 
	Parameter din90_WIDTH bound to: 8 - type: integer 
	Parameter din91_WIDTH bound to: 8 - type: integer 
	Parameter din92_WIDTH bound to: 8 - type: integer 
	Parameter din93_WIDTH bound to: 8 - type: integer 
	Parameter din94_WIDTH bound to: 8 - type: integer 
	Parameter din95_WIDTH bound to: 8 - type: integer 
	Parameter din96_WIDTH bound to: 8 - type: integer 
	Parameter din97_WIDTH bound to: 8 - type: integer 
	Parameter din98_WIDTH bound to: 8 - type: integer 
	Parameter din99_WIDTH bound to: 8 - type: integer 
	Parameter din100_WIDTH bound to: 8 - type: integer 
	Parameter din101_WIDTH bound to: 8 - type: integer 
	Parameter din102_WIDTH bound to: 8 - type: integer 
	Parameter din103_WIDTH bound to: 8 - type: integer 
	Parameter din104_WIDTH bound to: 8 - type: integer 
	Parameter din105_WIDTH bound to: 8 - type: integer 
	Parameter din106_WIDTH bound to: 8 - type: integer 
	Parameter din107_WIDTH bound to: 8 - type: integer 
	Parameter din108_WIDTH bound to: 8 - type: integer 
	Parameter din109_WIDTH bound to: 8 - type: integer 
	Parameter din110_WIDTH bound to: 8 - type: integer 
	Parameter din111_WIDTH bound to: 8 - type: integer 
	Parameter din112_WIDTH bound to: 8 - type: integer 
	Parameter din113_WIDTH bound to: 8 - type: integer 
	Parameter din114_WIDTH bound to: 8 - type: integer 
	Parameter din115_WIDTH bound to: 8 - type: integer 
	Parameter din116_WIDTH bound to: 8 - type: integer 
	Parameter din117_WIDTH bound to: 8 - type: integer 
	Parameter din118_WIDTH bound to: 8 - type: integer 
	Parameter din119_WIDTH bound to: 8 - type: integer 
	Parameter din120_WIDTH bound to: 8 - type: integer 
	Parameter din121_WIDTH bound to: 8 - type: integer 
	Parameter din122_WIDTH bound to: 8 - type: integer 
	Parameter din123_WIDTH bound to: 8 - type: integer 
	Parameter din124_WIDTH bound to: 8 - type: integer 
	Parameter din125_WIDTH bound to: 8 - type: integer 
	Parameter din126_WIDTH bound to: 8 - type: integer 
	Parameter din127_WIDTH bound to: 8 - type: integer 
	Parameter din128_WIDTH bound to: 8 - type: integer 
	Parameter din129_WIDTH bound to: 8 - type: integer 
	Parameter din130_WIDTH bound to: 8 - type: integer 
	Parameter din131_WIDTH bound to: 8 - type: integer 
	Parameter din132_WIDTH bound to: 8 - type: integer 
	Parameter din133_WIDTH bound to: 8 - type: integer 
	Parameter din134_WIDTH bound to: 8 - type: integer 
	Parameter din135_WIDTH bound to: 8 - type: integer 
	Parameter din136_WIDTH bound to: 8 - type: integer 
	Parameter din137_WIDTH bound to: 8 - type: integer 
	Parameter din138_WIDTH bound to: 8 - type: integer 
	Parameter din139_WIDTH bound to: 8 - type: integer 
	Parameter din140_WIDTH bound to: 8 - type: integer 
	Parameter din141_WIDTH bound to: 8 - type: integer 
	Parameter din142_WIDTH bound to: 8 - type: integer 
	Parameter din143_WIDTH bound to: 8 - type: integer 
	Parameter din144_WIDTH bound to: 8 - type: integer 
	Parameter din145_WIDTH bound to: 8 - type: integer 
	Parameter din146_WIDTH bound to: 8 - type: integer 
	Parameter din147_WIDTH bound to: 8 - type: integer 
	Parameter din148_WIDTH bound to: 8 - type: integer 
	Parameter din149_WIDTH bound to: 8 - type: integer 
	Parameter din150_WIDTH bound to: 8 - type: integer 
	Parameter din151_WIDTH bound to: 8 - type: integer 
	Parameter din152_WIDTH bound to: 8 - type: integer 
	Parameter din153_WIDTH bound to: 8 - type: integer 
	Parameter din154_WIDTH bound to: 8 - type: integer 
	Parameter din155_WIDTH bound to: 8 - type: integer 
	Parameter din156_WIDTH bound to: 8 - type: integer 
	Parameter din157_WIDTH bound to: 8 - type: integer 
	Parameter din158_WIDTH bound to: 8 - type: integer 
	Parameter din159_WIDTH bound to: 8 - type: integer 
	Parameter din160_WIDTH bound to: 8 - type: integer 
	Parameter din161_WIDTH bound to: 8 - type: integer 
	Parameter din162_WIDTH bound to: 8 - type: integer 
	Parameter din163_WIDTH bound to: 8 - type: integer 
	Parameter din164_WIDTH bound to: 8 - type: integer 
	Parameter din165_WIDTH bound to: 8 - type: integer 
	Parameter din166_WIDTH bound to: 8 - type: integer 
	Parameter din167_WIDTH bound to: 8 - type: integer 
	Parameter din168_WIDTH bound to: 8 - type: integer 
	Parameter din169_WIDTH bound to: 8 - type: integer 
	Parameter din170_WIDTH bound to: 8 - type: integer 
	Parameter din171_WIDTH bound to: 8 - type: integer 
	Parameter din172_WIDTH bound to: 8 - type: integer 
	Parameter din173_WIDTH bound to: 8 - type: integer 
	Parameter din174_WIDTH bound to: 8 - type: integer 
	Parameter din175_WIDTH bound to: 8 - type: integer 
	Parameter din176_WIDTH bound to: 8 - type: integer 
	Parameter din177_WIDTH bound to: 8 - type: integer 
	Parameter din178_WIDTH bound to: 8 - type: integer 
	Parameter din179_WIDTH bound to: 8 - type: integer 
	Parameter din180_WIDTH bound to: 8 - type: integer 
	Parameter din181_WIDTH bound to: 8 - type: integer 
	Parameter din182_WIDTH bound to: 8 - type: integer 
	Parameter din183_WIDTH bound to: 8 - type: integer 
	Parameter din184_WIDTH bound to: 8 - type: integer 
	Parameter din185_WIDTH bound to: 8 - type: integer 
	Parameter din186_WIDTH bound to: 8 - type: integer 
	Parameter din187_WIDTH bound to: 8 - type: integer 
	Parameter din188_WIDTH bound to: 8 - type: integer 
	Parameter din189_WIDTH bound to: 8 - type: integer 
	Parameter din190_WIDTH bound to: 8 - type: integer 
	Parameter din191_WIDTH bound to: 8 - type: integer 
	Parameter din192_WIDTH bound to: 8 - type: integer 
	Parameter din193_WIDTH bound to: 8 - type: integer 
	Parameter din194_WIDTH bound to: 8 - type: integer 
	Parameter din195_WIDTH bound to: 8 - type: integer 
	Parameter din196_WIDTH bound to: 8 - type: integer 
	Parameter din197_WIDTH bound to: 8 - type: integer 
	Parameter din198_WIDTH bound to: 8 - type: integer 
	Parameter din199_WIDTH bound to: 8 - type: integer 
	Parameter din200_WIDTH bound to: 8 - type: integer 
	Parameter din201_WIDTH bound to: 8 - type: integer 
	Parameter din202_WIDTH bound to: 8 - type: integer 
	Parameter din203_WIDTH bound to: 8 - type: integer 
	Parameter din204_WIDTH bound to: 8 - type: integer 
	Parameter din205_WIDTH bound to: 8 - type: integer 
	Parameter din206_WIDTH bound to: 8 - type: integer 
	Parameter din207_WIDTH bound to: 8 - type: integer 
	Parameter din208_WIDTH bound to: 8 - type: integer 
	Parameter din209_WIDTH bound to: 8 - type: integer 
	Parameter din210_WIDTH bound to: 8 - type: integer 
	Parameter din211_WIDTH bound to: 8 - type: integer 
	Parameter din212_WIDTH bound to: 8 - type: integer 
	Parameter din213_WIDTH bound to: 8 - type: integer 
	Parameter din214_WIDTH bound to: 8 - type: integer 
	Parameter din215_WIDTH bound to: 8 - type: integer 
	Parameter din216_WIDTH bound to: 8 - type: integer 
	Parameter din217_WIDTH bound to: 8 - type: integer 
	Parameter din218_WIDTH bound to: 8 - type: integer 
	Parameter din219_WIDTH bound to: 8 - type: integer 
	Parameter din220_WIDTH bound to: 8 - type: integer 
	Parameter din221_WIDTH bound to: 8 - type: integer 
	Parameter din222_WIDTH bound to: 8 - type: integer 
	Parameter din223_WIDTH bound to: 8 - type: integer 
	Parameter din224_WIDTH bound to: 8 - type: integer 
	Parameter din225_WIDTH bound to: 8 - type: integer 
	Parameter din226_WIDTH bound to: 8 - type: integer 
	Parameter din227_WIDTH bound to: 8 - type: integer 
	Parameter din228_WIDTH bound to: 8 - type: integer 
	Parameter din229_WIDTH bound to: 8 - type: integer 
	Parameter din230_WIDTH bound to: 8 - type: integer 
	Parameter din231_WIDTH bound to: 8 - type: integer 
	Parameter din232_WIDTH bound to: 8 - type: integer 
	Parameter din233_WIDTH bound to: 8 - type: integer 
	Parameter din234_WIDTH bound to: 8 - type: integer 
	Parameter din235_WIDTH bound to: 8 - type: integer 
	Parameter din236_WIDTH bound to: 8 - type: integer 
	Parameter din237_WIDTH bound to: 8 - type: integer 
	Parameter din238_WIDTH bound to: 8 - type: integer 
	Parameter din239_WIDTH bound to: 8 - type: integer 
	Parameter din240_WIDTH bound to: 8 - type: integer 
	Parameter din241_WIDTH bound to: 8 - type: integer 
	Parameter din242_WIDTH bound to: 8 - type: integer 
	Parameter din243_WIDTH bound to: 8 - type: integer 
	Parameter din244_WIDTH bound to: 8 - type: integer 
	Parameter din245_WIDTH bound to: 8 - type: integer 
	Parameter din246_WIDTH bound to: 8 - type: integer 
	Parameter din247_WIDTH bound to: 8 - type: integer 
	Parameter din248_WIDTH bound to: 8 - type: integer 
	Parameter din249_WIDTH bound to: 8 - type: integer 
	Parameter din250_WIDTH bound to: 8 - type: integer 
	Parameter din251_WIDTH bound to: 8 - type: integer 
	Parameter din252_WIDTH bound to: 8 - type: integer 
	Parameter din253_WIDTH bound to: 8 - type: integer 
	Parameter din254_WIDTH bound to: 8 - type: integer 
	Parameter din255_WIDTH bound to: 8 - type: integer 
	Parameter din256_WIDTH bound to: 8 - type: integer 
	Parameter dout_WIDTH bound to: 8 - type: integer 
INFO: [Synth 8-3491] module 'aes_encrypt_top_mudo' declared at 'c:/AES/AES.srcs/sources_1/bd/aes_bd/ipshared/8618/hdl/vhdl/aes_encrypt_top_mudo.vhd:13' bound to instance 'aes_encrypt_top_mudo_U11' of component 'aes_encrypt_top_mudo' [c:/AES/AES.srcs/sources_1/bd/aes_bd/ipshared/8618/hdl/vhdl/aes_encrypt_top.vhd:7665]
	Parameter ID bound to: 1 - type: integer 
	Parameter NUM_STAGE bound to: 1 - type: integer 
	Parameter din0_WIDTH bound to: 8 - type: integer 
	Parameter din1_WIDTH bound to: 8 - type: integer 
	Parameter din2_WIDTH bound to: 8 - type: integer 
	Parameter din3_WIDTH bound to: 8 - type: integer 
	Parameter din4_WIDTH bound to: 8 - type: integer 
	Parameter din5_WIDTH bound to: 8 - type: integer 
	Parameter din6_WIDTH bound to: 8 - type: integer 
	Parameter din7_WIDTH bound to: 8 - type: integer 
	Parameter din8_WIDTH bound to: 8 - type: integer 
	Parameter din9_WIDTH bound to: 8 - type: integer 
	Parameter din10_WIDTH bound to: 8 - type: integer 
	Parameter din11_WIDTH bound to: 8 - type: integer 
	Parameter din12_WIDTH bound to: 8 - type: integer 
	Parameter din13_WIDTH bound to: 8 - type: integer 
	Parameter din14_WIDTH bound to: 8 - type: integer 
	Parameter din15_WIDTH bound to: 8 - type: integer 
	Parameter din16_WIDTH bound to: 8 - type: integer 
	Parameter din17_WIDTH bound to: 8 - type: integer 
	Parameter din18_WIDTH bound to: 8 - type: integer 
	Parameter din19_WIDTH bound to: 8 - type: integer 
	Parameter din20_WIDTH bound to: 8 - type: integer 
	Parameter din21_WIDTH bound to: 8 - type: integer 
	Parameter din22_WIDTH bound to: 8 - type: integer 
	Parameter din23_WIDTH bound to: 8 - type: integer 
	Parameter din24_WIDTH bound to: 8 - type: integer 
	Parameter din25_WIDTH bound to: 8 - type: integer 
	Parameter din26_WIDTH bound to: 8 - type: integer 
	Parameter din27_WIDTH bound to: 8 - type: integer 
	Parameter din28_WIDTH bound to: 8 - type: integer 
	Parameter din29_WIDTH bound to: 8 - type: integer 
	Parameter din30_WIDTH bound to: 8 - type: integer 
	Parameter din31_WIDTH bound to: 8 - type: integer 
	Parameter din32_WIDTH bound to: 8 - type: integer 
	Parameter din33_WIDTH bound to: 8 - type: integer 
	Parameter din34_WIDTH bound to: 8 - type: integer 
	Parameter din35_WIDTH bound to: 8 - type: integer 
	Parameter din36_WIDTH bound to: 8 - type: integer 
	Parameter din37_WIDTH bound to: 8 - type: integer 
	Parameter din38_WIDTH bound to: 8 - type: integer 
	Parameter din39_WIDTH bound to: 8 - type: integer 
	Parameter din40_WIDTH bound to: 8 - type: integer 
	Parameter din41_WIDTH bound to: 8 - type: integer 
	Parameter din42_WIDTH bound to: 8 - type: integer 
	Parameter din43_WIDTH bound to: 8 - type: integer 
	Parameter din44_WIDTH bound to: 8 - type: integer 
	Parameter din45_WIDTH bound to: 8 - type: integer 
	Parameter din46_WIDTH bound to: 8 - type: integer 
	Parameter din47_WIDTH bound to: 8 - type: integer 
	Parameter din48_WIDTH bound to: 8 - type: integer 
	Parameter din49_WIDTH bound to: 8 - type: integer 
	Parameter din50_WIDTH bound to: 8 - type: integer 
	Parameter din51_WIDTH bound to: 8 - type: integer 
	Parameter din52_WIDTH bound to: 8 - type: integer 
	Parameter din53_WIDTH bound to: 8 - type: integer 
	Parameter din54_WIDTH bound to: 8 - type: integer 
	Parameter din55_WIDTH bound to: 8 - type: integer 
	Parameter din56_WIDTH bound to: 8 - type: integer 
	Parameter din57_WIDTH bound to: 8 - type: integer 
	Parameter din58_WIDTH bound to: 8 - type: integer 
	Parameter din59_WIDTH bound to: 8 - type: integer 
	Parameter din60_WIDTH bound to: 8 - type: integer 
	Parameter din61_WIDTH bound to: 8 - type: integer 
	Parameter din62_WIDTH bound to: 8 - type: integer 
	Parameter din63_WIDTH bound to: 8 - type: integer 
	Parameter din64_WIDTH bound to: 8 - type: integer 
	Parameter din65_WIDTH bound to: 8 - type: integer 
	Parameter din66_WIDTH bound to: 8 - type: integer 
	Parameter din67_WIDTH bound to: 8 - type: integer 
	Parameter din68_WIDTH bound to: 8 - type: integer 
	Parameter din69_WIDTH bound to: 8 - type: integer 
	Parameter din70_WIDTH bound to: 8 - type: integer 
	Parameter din71_WIDTH bound to: 8 - type: integer 
	Parameter din72_WIDTH bound to: 8 - type: integer 
	Parameter din73_WIDTH bound to: 8 - type: integer 
	Parameter din74_WIDTH bound to: 8 - type: integer 
	Parameter din75_WIDTH bound to: 8 - type: integer 
	Parameter din76_WIDTH bound to: 8 - type: integer 
	Parameter din77_WIDTH bound to: 8 - type: integer 
	Parameter din78_WIDTH bound to: 8 - type: integer 
	Parameter din79_WIDTH bound to: 8 - type: integer 
	Parameter din80_WIDTH bound to: 8 - type: integer 
	Parameter din81_WIDTH bound to: 8 - type: integer 
	Parameter din82_WIDTH bound to: 8 - type: integer 
	Parameter din83_WIDTH bound to: 8 - type: integer 
	Parameter din84_WIDTH bound to: 8 - type: integer 
	Parameter din85_WIDTH bound to: 8 - type: integer 
	Parameter din86_WIDTH bound to: 8 - type: integer 
	Parameter din87_WIDTH bound to: 8 - type: integer 
	Parameter din88_WIDTH bound to: 8 - type: integer 
	Parameter din89_WIDTH bound to: 8 - type: integer 
	Parameter din90_WIDTH bound to: 8 - type: integer 
	Parameter din91_WIDTH bound to: 8 - type: integer 
	Parameter din92_WIDTH bound to: 8 - type: integer 
	Parameter din93_WIDTH bound to: 8 - type: integer 
	Parameter din94_WIDTH bound to: 8 - type: integer 
	Parameter din95_WIDTH bound to: 8 - type: integer 
	Parameter din96_WIDTH bound to: 8 - type: integer 
	Parameter din97_WIDTH bound to: 8 - type: integer 
	Parameter din98_WIDTH bound to: 8 - type: integer 
	Parameter din99_WIDTH bound to: 8 - type: integer 
	Parameter din100_WIDTH bound to: 8 - type: integer 
	Parameter din101_WIDTH bound to: 8 - type: integer 
	Parameter din102_WIDTH bound to: 8 - type: integer 
	Parameter din103_WIDTH bound to: 8 - type: integer 
	Parameter din104_WIDTH bound to: 8 - type: integer 
	Parameter din105_WIDTH bound to: 8 - type: integer 
	Parameter din106_WIDTH bound to: 8 - type: integer 
	Parameter din107_WIDTH bound to: 8 - type: integer 
	Parameter din108_WIDTH bound to: 8 - type: integer 
	Parameter din109_WIDTH bound to: 8 - type: integer 
	Parameter din110_WIDTH bound to: 8 - type: integer 
	Parameter din111_WIDTH bound to: 8 - type: integer 
	Parameter din112_WIDTH bound to: 8 - type: integer 
	Parameter din113_WIDTH bound to: 8 - type: integer 
	Parameter din114_WIDTH bound to: 8 - type: integer 
	Parameter din115_WIDTH bound to: 8 - type: integer 
	Parameter din116_WIDTH bound to: 8 - type: integer 
	Parameter din117_WIDTH bound to: 8 - type: integer 
	Parameter din118_WIDTH bound to: 8 - type: integer 
	Parameter din119_WIDTH bound to: 8 - type: integer 
	Parameter din120_WIDTH bound to: 8 - type: integer 
	Parameter din121_WIDTH bound to: 8 - type: integer 
	Parameter din122_WIDTH bound to: 8 - type: integer 
	Parameter din123_WIDTH bound to: 8 - type: integer 
	Parameter din124_WIDTH bound to: 8 - type: integer 
	Parameter din125_WIDTH bound to: 8 - type: integer 
	Parameter din126_WIDTH bound to: 8 - type: integer 
	Parameter din127_WIDTH bound to: 8 - type: integer 
	Parameter din128_WIDTH bound to: 8 - type: integer 
	Parameter din129_WIDTH bound to: 8 - type: integer 
	Parameter din130_WIDTH bound to: 8 - type: integer 
	Parameter din131_WIDTH bound to: 8 - type: integer 
	Parameter din132_WIDTH bound to: 8 - type: integer 
	Parameter din133_WIDTH bound to: 8 - type: integer 
	Parameter din134_WIDTH bound to: 8 - type: integer 
	Parameter din135_WIDTH bound to: 8 - type: integer 
	Parameter din136_WIDTH bound to: 8 - type: integer 
	Parameter din137_WIDTH bound to: 8 - type: integer 
	Parameter din138_WIDTH bound to: 8 - type: integer 
	Parameter din139_WIDTH bound to: 8 - type: integer 
	Parameter din140_WIDTH bound to: 8 - type: integer 
	Parameter din141_WIDTH bound to: 8 - type: integer 
	Parameter din142_WIDTH bound to: 8 - type: integer 
	Parameter din143_WIDTH bound to: 8 - type: integer 
	Parameter din144_WIDTH bound to: 8 - type: integer 
	Parameter din145_WIDTH bound to: 8 - type: integer 
	Parameter din146_WIDTH bound to: 8 - type: integer 
	Parameter din147_WIDTH bound to: 8 - type: integer 
	Parameter din148_WIDTH bound to: 8 - type: integer 
	Parameter din149_WIDTH bound to: 8 - type: integer 
	Parameter din150_WIDTH bound to: 8 - type: integer 
	Parameter din151_WIDTH bound to: 8 - type: integer 
	Parameter din152_WIDTH bound to: 8 - type: integer 
	Parameter din153_WIDTH bound to: 8 - type: integer 
	Parameter din154_WIDTH bound to: 8 - type: integer 
	Parameter din155_WIDTH bound to: 8 - type: integer 
	Parameter din156_WIDTH bound to: 8 - type: integer 
	Parameter din157_WIDTH bound to: 8 - type: integer 
	Parameter din158_WIDTH bound to: 8 - type: integer 
	Parameter din159_WIDTH bound to: 8 - type: integer 
	Parameter din160_WIDTH bound to: 8 - type: integer 
	Parameter din161_WIDTH bound to: 8 - type: integer 
	Parameter din162_WIDTH bound to: 8 - type: integer 
	Parameter din163_WIDTH bound to: 8 - type: integer 
	Parameter din164_WIDTH bound to: 8 - type: integer 
	Parameter din165_WIDTH bound to: 8 - type: integer 
	Parameter din166_WIDTH bound to: 8 - type: integer 
	Parameter din167_WIDTH bound to: 8 - type: integer 
	Parameter din168_WIDTH bound to: 8 - type: integer 
	Parameter din169_WIDTH bound to: 8 - type: integer 
	Parameter din170_WIDTH bound to: 8 - type: integer 
	Parameter din171_WIDTH bound to: 8 - type: integer 
	Parameter din172_WIDTH bound to: 8 - type: integer 
	Parameter din173_WIDTH bound to: 8 - type: integer 
	Parameter din174_WIDTH bound to: 8 - type: integer 
	Parameter din175_WIDTH bound to: 8 - type: integer 
	Parameter din176_WIDTH bound to: 8 - type: integer 
	Parameter din177_WIDTH bound to: 8 - type: integer 
	Parameter din178_WIDTH bound to: 8 - type: integer 
	Parameter din179_WIDTH bound to: 8 - type: integer 
	Parameter din180_WIDTH bound to: 8 - type: integer 
	Parameter din181_WIDTH bound to: 8 - type: integer 
	Parameter din182_WIDTH bound to: 8 - type: integer 
	Parameter din183_WIDTH bound to: 8 - type: integer 
	Parameter din184_WIDTH bound to: 8 - type: integer 
	Parameter din185_WIDTH bound to: 8 - type: integer 
	Parameter din186_WIDTH bound to: 8 - type: integer 
	Parameter din187_WIDTH bound to: 8 - type: integer 
	Parameter din188_WIDTH bound to: 8 - type: integer 
	Parameter din189_WIDTH bound to: 8 - type: integer 
	Parameter din190_WIDTH bound to: 8 - type: integer 
	Parameter din191_WIDTH bound to: 8 - type: integer 
	Parameter din192_WIDTH bound to: 8 - type: integer 
	Parameter din193_WIDTH bound to: 8 - type: integer 
	Parameter din194_WIDTH bound to: 8 - type: integer 
	Parameter din195_WIDTH bound to: 8 - type: integer 
	Parameter din196_WIDTH bound to: 8 - type: integer 
	Parameter din197_WIDTH bound to: 8 - type: integer 
	Parameter din198_WIDTH bound to: 8 - type: integer 
	Parameter din199_WIDTH bound to: 8 - type: integer 
	Parameter din200_WIDTH bound to: 8 - type: integer 
	Parameter din201_WIDTH bound to: 8 - type: integer 
	Parameter din202_WIDTH bound to: 8 - type: integer 
	Parameter din203_WIDTH bound to: 8 - type: integer 
	Parameter din204_WIDTH bound to: 8 - type: integer 
	Parameter din205_WIDTH bound to: 8 - type: integer 
	Parameter din206_WIDTH bound to: 8 - type: integer 
	Parameter din207_WIDTH bound to: 8 - type: integer 
	Parameter din208_WIDTH bound to: 8 - type: integer 
	Parameter din209_WIDTH bound to: 8 - type: integer 
	Parameter din210_WIDTH bound to: 8 - type: integer 
	Parameter din211_WIDTH bound to: 8 - type: integer 
	Parameter din212_WIDTH bound to: 8 - type: integer 
	Parameter din213_WIDTH bound to: 8 - type: integer 
	Parameter din214_WIDTH bound to: 8 - type: integer 
	Parameter din215_WIDTH bound to: 8 - type: integer 
	Parameter din216_WIDTH bound to: 8 - type: integer 
	Parameter din217_WIDTH bound to: 8 - type: integer 
	Parameter din218_WIDTH bound to: 8 - type: integer 
	Parameter din219_WIDTH bound to: 8 - type: integer 
	Parameter din220_WIDTH bound to: 8 - type: integer 
	Parameter din221_WIDTH bound to: 8 - type: integer 
	Parameter din222_WIDTH bound to: 8 - type: integer 
	Parameter din223_WIDTH bound to: 8 - type: integer 
	Parameter din224_WIDTH bound to: 8 - type: integer 
	Parameter din225_WIDTH bound to: 8 - type: integer 
	Parameter din226_WIDTH bound to: 8 - type: integer 
	Parameter din227_WIDTH bound to: 8 - type: integer 
	Parameter din228_WIDTH bound to: 8 - type: integer 
	Parameter din229_WIDTH bound to: 8 - type: integer 
	Parameter din230_WIDTH bound to: 8 - type: integer 
	Parameter din231_WIDTH bound to: 8 - type: integer 
	Parameter din232_WIDTH bound to: 8 - type: integer 
	Parameter din233_WIDTH bound to: 8 - type: integer 
	Parameter din234_WIDTH bound to: 8 - type: integer 
	Parameter din235_WIDTH bound to: 8 - type: integer 
	Parameter din236_WIDTH bound to: 8 - type: integer 
	Parameter din237_WIDTH bound to: 8 - type: integer 
	Parameter din238_WIDTH bound to: 8 - type: integer 
	Parameter din239_WIDTH bound to: 8 - type: integer 
	Parameter din240_WIDTH bound to: 8 - type: integer 
	Parameter din241_WIDTH bound to: 8 - type: integer 
	Parameter din242_WIDTH bound to: 8 - type: integer 
	Parameter din243_WIDTH bound to: 8 - type: integer 
	Parameter din244_WIDTH bound to: 8 - type: integer 
	Parameter din245_WIDTH bound to: 8 - type: integer 
	Parameter din246_WIDTH bound to: 8 - type: integer 
	Parameter din247_WIDTH bound to: 8 - type: integer 
	Parameter din248_WIDTH bound to: 8 - type: integer 
	Parameter din249_WIDTH bound to: 8 - type: integer 
	Parameter din250_WIDTH bound to: 8 - type: integer 
	Parameter din251_WIDTH bound to: 8 - type: integer 
	Parameter din252_WIDTH bound to: 8 - type: integer 
	Parameter din253_WIDTH bound to: 8 - type: integer 
	Parameter din254_WIDTH bound to: 8 - type: integer 
	Parameter din255_WIDTH bound to: 8 - type: integer 
	Parameter din256_WIDTH bound to: 8 - type: integer 
	Parameter dout_WIDTH bound to: 8 - type: integer 
INFO: [Synth 8-3491] module 'aes_encrypt_top_mudo' declared at 'c:/AES/AES.srcs/sources_1/bd/aes_bd/ipshared/8618/hdl/vhdl/aes_encrypt_top_mudo.vhd:13' bound to instance 'aes_encrypt_top_mudo_U12' of component 'aes_encrypt_top_mudo' [c:/AES/AES.srcs/sources_1/bd/aes_bd/ipshared/8618/hdl/vhdl/aes_encrypt_top.vhd:8187]
	Parameter ID bound to: 1 - type: integer 
	Parameter NUM_STAGE bound to: 1 - type: integer 
	Parameter din0_WIDTH bound to: 8 - type: integer 
	Parameter din1_WIDTH bound to: 8 - type: integer 
	Parameter din2_WIDTH bound to: 8 - type: integer 
	Parameter din3_WIDTH bound to: 8 - type: integer 
	Parameter din4_WIDTH bound to: 8 - type: integer 
	Parameter din5_WIDTH bound to: 8 - type: integer 
	Parameter din6_WIDTH bound to: 8 - type: integer 
	Parameter din7_WIDTH bound to: 8 - type: integer 
	Parameter din8_WIDTH bound to: 8 - type: integer 
	Parameter din9_WIDTH bound to: 8 - type: integer 
	Parameter din10_WIDTH bound to: 8 - type: integer 
	Parameter din11_WIDTH bound to: 8 - type: integer 
	Parameter din12_WIDTH bound to: 8 - type: integer 
	Parameter din13_WIDTH bound to: 8 - type: integer 
	Parameter din14_WIDTH bound to: 8 - type: integer 
	Parameter din15_WIDTH bound to: 8 - type: integer 
	Parameter din16_WIDTH bound to: 8 - type: integer 
	Parameter din17_WIDTH bound to: 8 - type: integer 
	Parameter din18_WIDTH bound to: 8 - type: integer 
	Parameter din19_WIDTH bound to: 8 - type: integer 
	Parameter din20_WIDTH bound to: 8 - type: integer 
	Parameter din21_WIDTH bound to: 8 - type: integer 
	Parameter din22_WIDTH bound to: 8 - type: integer 
	Parameter din23_WIDTH bound to: 8 - type: integer 
	Parameter din24_WIDTH bound to: 8 - type: integer 
	Parameter din25_WIDTH bound to: 8 - type: integer 
	Parameter din26_WIDTH bound to: 8 - type: integer 
	Parameter din27_WIDTH bound to: 8 - type: integer 
	Parameter din28_WIDTH bound to: 8 - type: integer 
	Parameter din29_WIDTH bound to: 8 - type: integer 
	Parameter din30_WIDTH bound to: 8 - type: integer 
	Parameter din31_WIDTH bound to: 8 - type: integer 
	Parameter din32_WIDTH bound to: 8 - type: integer 
	Parameter din33_WIDTH bound to: 8 - type: integer 
	Parameter din34_WIDTH bound to: 8 - type: integer 
	Parameter din35_WIDTH bound to: 8 - type: integer 
	Parameter din36_WIDTH bound to: 8 - type: integer 
	Parameter din37_WIDTH bound to: 8 - type: integer 
	Parameter din38_WIDTH bound to: 8 - type: integer 
	Parameter din39_WIDTH bound to: 8 - type: integer 
	Parameter din40_WIDTH bound to: 8 - type: integer 
	Parameter din41_WIDTH bound to: 8 - type: integer 
	Parameter din42_WIDTH bound to: 8 - type: integer 
	Parameter din43_WIDTH bound to: 8 - type: integer 
	Parameter din44_WIDTH bound to: 8 - type: integer 
	Parameter din45_WIDTH bound to: 8 - type: integer 
	Parameter din46_WIDTH bound to: 8 - type: integer 
	Parameter din47_WIDTH bound to: 8 - type: integer 
	Parameter din48_WIDTH bound to: 8 - type: integer 
	Parameter din49_WIDTH bound to: 8 - type: integer 
	Parameter din50_WIDTH bound to: 8 - type: integer 
	Parameter din51_WIDTH bound to: 8 - type: integer 
	Parameter din52_WIDTH bound to: 8 - type: integer 
	Parameter din53_WIDTH bound to: 8 - type: integer 
	Parameter din54_WIDTH bound to: 8 - type: integer 
	Parameter din55_WIDTH bound to: 8 - type: integer 
	Parameter din56_WIDTH bound to: 8 - type: integer 
	Parameter din57_WIDTH bound to: 8 - type: integer 
	Parameter din58_WIDTH bound to: 8 - type: integer 
	Parameter din59_WIDTH bound to: 8 - type: integer 
	Parameter din60_WIDTH bound to: 8 - type: integer 
	Parameter din61_WIDTH bound to: 8 - type: integer 
	Parameter din62_WIDTH bound to: 8 - type: integer 
	Parameter din63_WIDTH bound to: 8 - type: integer 
	Parameter din64_WIDTH bound to: 8 - type: integer 
	Parameter din65_WIDTH bound to: 8 - type: integer 
	Parameter din66_WIDTH bound to: 8 - type: integer 
	Parameter din67_WIDTH bound to: 8 - type: integer 
	Parameter din68_WIDTH bound to: 8 - type: integer 
	Parameter din69_WIDTH bound to: 8 - type: integer 
	Parameter din70_WIDTH bound to: 8 - type: integer 
	Parameter din71_WIDTH bound to: 8 - type: integer 
	Parameter din72_WIDTH bound to: 8 - type: integer 
	Parameter din73_WIDTH bound to: 8 - type: integer 
	Parameter din74_WIDTH bound to: 8 - type: integer 
	Parameter din75_WIDTH bound to: 8 - type: integer 
	Parameter din76_WIDTH bound to: 8 - type: integer 
	Parameter din77_WIDTH bound to: 8 - type: integer 
	Parameter din78_WIDTH bound to: 8 - type: integer 
	Parameter din79_WIDTH bound to: 8 - type: integer 
	Parameter din80_WIDTH bound to: 8 - type: integer 
	Parameter din81_WIDTH bound to: 8 - type: integer 
	Parameter din82_WIDTH bound to: 8 - type: integer 
	Parameter din83_WIDTH bound to: 8 - type: integer 
	Parameter din84_WIDTH bound to: 8 - type: integer 
	Parameter din85_WIDTH bound to: 8 - type: integer 
	Parameter din86_WIDTH bound to: 8 - type: integer 
	Parameter din87_WIDTH bound to: 8 - type: integer 
	Parameter din88_WIDTH bound to: 8 - type: integer 
	Parameter din89_WIDTH bound to: 8 - type: integer 
	Parameter din90_WIDTH bound to: 8 - type: integer 
	Parameter din91_WIDTH bound to: 8 - type: integer 
	Parameter din92_WIDTH bound to: 8 - type: integer 
	Parameter din93_WIDTH bound to: 8 - type: integer 
	Parameter din94_WIDTH bound to: 8 - type: integer 
	Parameter din95_WIDTH bound to: 8 - type: integer 
	Parameter din96_WIDTH bound to: 8 - type: integer 
	Parameter din97_WIDTH bound to: 8 - type: integer 
	Parameter din98_WIDTH bound to: 8 - type: integer 
	Parameter din99_WIDTH bound to: 8 - type: integer 
	Parameter din100_WIDTH bound to: 8 - type: integer 
	Parameter din101_WIDTH bound to: 8 - type: integer 
	Parameter din102_WIDTH bound to: 8 - type: integer 
	Parameter din103_WIDTH bound to: 8 - type: integer 
	Parameter din104_WIDTH bound to: 8 - type: integer 
	Parameter din105_WIDTH bound to: 8 - type: integer 
	Parameter din106_WIDTH bound to: 8 - type: integer 
	Parameter din107_WIDTH bound to: 8 - type: integer 
	Parameter din108_WIDTH bound to: 8 - type: integer 
	Parameter din109_WIDTH bound to: 8 - type: integer 
	Parameter din110_WIDTH bound to: 8 - type: integer 
	Parameter din111_WIDTH bound to: 8 - type: integer 
	Parameter din112_WIDTH bound to: 8 - type: integer 
	Parameter din113_WIDTH bound to: 8 - type: integer 
	Parameter din114_WIDTH bound to: 8 - type: integer 
	Parameter din115_WIDTH bound to: 8 - type: integer 
	Parameter din116_WIDTH bound to: 8 - type: integer 
	Parameter din117_WIDTH bound to: 8 - type: integer 
	Parameter din118_WIDTH bound to: 8 - type: integer 
	Parameter din119_WIDTH bound to: 8 - type: integer 
	Parameter din120_WIDTH bound to: 8 - type: integer 
	Parameter din121_WIDTH bound to: 8 - type: integer 
	Parameter din122_WIDTH bound to: 8 - type: integer 
	Parameter din123_WIDTH bound to: 8 - type: integer 
	Parameter din124_WIDTH bound to: 8 - type: integer 
	Parameter din125_WIDTH bound to: 8 - type: integer 
	Parameter din126_WIDTH bound to: 8 - type: integer 
	Parameter din127_WIDTH bound to: 8 - type: integer 
	Parameter din128_WIDTH bound to: 8 - type: integer 
	Parameter din129_WIDTH bound to: 8 - type: integer 
	Parameter din130_WIDTH bound to: 8 - type: integer 
	Parameter din131_WIDTH bound to: 8 - type: integer 
	Parameter din132_WIDTH bound to: 8 - type: integer 
	Parameter din133_WIDTH bound to: 8 - type: integer 
	Parameter din134_WIDTH bound to: 8 - type: integer 
	Parameter din135_WIDTH bound to: 8 - type: integer 
	Parameter din136_WIDTH bound to: 8 - type: integer 
	Parameter din137_WIDTH bound to: 8 - type: integer 
	Parameter din138_WIDTH bound to: 8 - type: integer 
	Parameter din139_WIDTH bound to: 8 - type: integer 
	Parameter din140_WIDTH bound to: 8 - type: integer 
	Parameter din141_WIDTH bound to: 8 - type: integer 
	Parameter din142_WIDTH bound to: 8 - type: integer 
	Parameter din143_WIDTH bound to: 8 - type: integer 
	Parameter din144_WIDTH bound to: 8 - type: integer 
	Parameter din145_WIDTH bound to: 8 - type: integer 
	Parameter din146_WIDTH bound to: 8 - type: integer 
	Parameter din147_WIDTH bound to: 8 - type: integer 
	Parameter din148_WIDTH bound to: 8 - type: integer 
	Parameter din149_WIDTH bound to: 8 - type: integer 
	Parameter din150_WIDTH bound to: 8 - type: integer 
	Parameter din151_WIDTH bound to: 8 - type: integer 
	Parameter din152_WIDTH bound to: 8 - type: integer 
	Parameter din153_WIDTH bound to: 8 - type: integer 
	Parameter din154_WIDTH bound to: 8 - type: integer 
	Parameter din155_WIDTH bound to: 8 - type: integer 
	Parameter din156_WIDTH bound to: 8 - type: integer 
	Parameter din157_WIDTH bound to: 8 - type: integer 
	Parameter din158_WIDTH bound to: 8 - type: integer 
	Parameter din159_WIDTH bound to: 8 - type: integer 
	Parameter din160_WIDTH bound to: 8 - type: integer 
	Parameter din161_WIDTH bound to: 8 - type: integer 
	Parameter din162_WIDTH bound to: 8 - type: integer 
	Parameter din163_WIDTH bound to: 8 - type: integer 
	Parameter din164_WIDTH bound to: 8 - type: integer 
	Parameter din165_WIDTH bound to: 8 - type: integer 
	Parameter din166_WIDTH bound to: 8 - type: integer 
	Parameter din167_WIDTH bound to: 8 - type: integer 
	Parameter din168_WIDTH bound to: 8 - type: integer 
	Parameter din169_WIDTH bound to: 8 - type: integer 
	Parameter din170_WIDTH bound to: 8 - type: integer 
	Parameter din171_WIDTH bound to: 8 - type: integer 
	Parameter din172_WIDTH bound to: 8 - type: integer 
	Parameter din173_WIDTH bound to: 8 - type: integer 
	Parameter din174_WIDTH bound to: 8 - type: integer 
	Parameter din175_WIDTH bound to: 8 - type: integer 
	Parameter din176_WIDTH bound to: 8 - type: integer 
	Parameter din177_WIDTH bound to: 8 - type: integer 
	Parameter din178_WIDTH bound to: 8 - type: integer 
	Parameter din179_WIDTH bound to: 8 - type: integer 
	Parameter din180_WIDTH bound to: 8 - type: integer 
	Parameter din181_WIDTH bound to: 8 - type: integer 
	Parameter din182_WIDTH bound to: 8 - type: integer 
	Parameter din183_WIDTH bound to: 8 - type: integer 
	Parameter din184_WIDTH bound to: 8 - type: integer 
	Parameter din185_WIDTH bound to: 8 - type: integer 
	Parameter din186_WIDTH bound to: 8 - type: integer 
	Parameter din187_WIDTH bound to: 8 - type: integer 
	Parameter din188_WIDTH bound to: 8 - type: integer 
	Parameter din189_WIDTH bound to: 8 - type: integer 
	Parameter din190_WIDTH bound to: 8 - type: integer 
	Parameter din191_WIDTH bound to: 8 - type: integer 
	Parameter din192_WIDTH bound to: 8 - type: integer 
	Parameter din193_WIDTH bound to: 8 - type: integer 
	Parameter din194_WIDTH bound to: 8 - type: integer 
	Parameter din195_WIDTH bound to: 8 - type: integer 
	Parameter din196_WIDTH bound to: 8 - type: integer 
	Parameter din197_WIDTH bound to: 8 - type: integer 
	Parameter din198_WIDTH bound to: 8 - type: integer 
	Parameter din199_WIDTH bound to: 8 - type: integer 
	Parameter din200_WIDTH bound to: 8 - type: integer 
	Parameter din201_WIDTH bound to: 8 - type: integer 
	Parameter din202_WIDTH bound to: 8 - type: integer 
	Parameter din203_WIDTH bound to: 8 - type: integer 
	Parameter din204_WIDTH bound to: 8 - type: integer 
	Parameter din205_WIDTH bound to: 8 - type: integer 
	Parameter din206_WIDTH bound to: 8 - type: integer 
	Parameter din207_WIDTH bound to: 8 - type: integer 
	Parameter din208_WIDTH bound to: 8 - type: integer 
	Parameter din209_WIDTH bound to: 8 - type: integer 
	Parameter din210_WIDTH bound to: 8 - type: integer 
	Parameter din211_WIDTH bound to: 8 - type: integer 
	Parameter din212_WIDTH bound to: 8 - type: integer 
	Parameter din213_WIDTH bound to: 8 - type: integer 
	Parameter din214_WIDTH bound to: 8 - type: integer 
	Parameter din215_WIDTH bound to: 8 - type: integer 
	Parameter din216_WIDTH bound to: 8 - type: integer 
	Parameter din217_WIDTH bound to: 8 - type: integer 
	Parameter din218_WIDTH bound to: 8 - type: integer 
	Parameter din219_WIDTH bound to: 8 - type: integer 
	Parameter din220_WIDTH bound to: 8 - type: integer 
	Parameter din221_WIDTH bound to: 8 - type: integer 
	Parameter din222_WIDTH bound to: 8 - type: integer 
	Parameter din223_WIDTH bound to: 8 - type: integer 
	Parameter din224_WIDTH bound to: 8 - type: integer 
	Parameter din225_WIDTH bound to: 8 - type: integer 
	Parameter din226_WIDTH bound to: 8 - type: integer 
	Parameter din227_WIDTH bound to: 8 - type: integer 
	Parameter din228_WIDTH bound to: 8 - type: integer 
	Parameter din229_WIDTH bound to: 8 - type: integer 
	Parameter din230_WIDTH bound to: 8 - type: integer 
	Parameter din231_WIDTH bound to: 8 - type: integer 
	Parameter din232_WIDTH bound to: 8 - type: integer 
	Parameter din233_WIDTH bound to: 8 - type: integer 
	Parameter din234_WIDTH bound to: 8 - type: integer 
	Parameter din235_WIDTH bound to: 8 - type: integer 
	Parameter din236_WIDTH bound to: 8 - type: integer 
	Parameter din237_WIDTH bound to: 8 - type: integer 
	Parameter din238_WIDTH bound to: 8 - type: integer 
	Parameter din239_WIDTH bound to: 8 - type: integer 
	Parameter din240_WIDTH bound to: 8 - type: integer 
	Parameter din241_WIDTH bound to: 8 - type: integer 
	Parameter din242_WIDTH bound to: 8 - type: integer 
	Parameter din243_WIDTH bound to: 8 - type: integer 
	Parameter din244_WIDTH bound to: 8 - type: integer 
	Parameter din245_WIDTH bound to: 8 - type: integer 
	Parameter din246_WIDTH bound to: 8 - type: integer 
	Parameter din247_WIDTH bound to: 8 - type: integer 
	Parameter din248_WIDTH bound to: 8 - type: integer 
	Parameter din249_WIDTH bound to: 8 - type: integer 
	Parameter din250_WIDTH bound to: 8 - type: integer 
	Parameter din251_WIDTH bound to: 8 - type: integer 
	Parameter din252_WIDTH bound to: 8 - type: integer 
	Parameter din253_WIDTH bound to: 8 - type: integer 
	Parameter din254_WIDTH bound to: 8 - type: integer 
	Parameter din255_WIDTH bound to: 8 - type: integer 
	Parameter din256_WIDTH bound to: 8 - type: integer 
	Parameter dout_WIDTH bound to: 8 - type: integer 
INFO: [Synth 8-3491] module 'aes_encrypt_top_mudo' declared at 'c:/AES/AES.srcs/sources_1/bd/aes_bd/ipshared/8618/hdl/vhdl/aes_encrypt_top_mudo.vhd:13' bound to instance 'aes_encrypt_top_mudo_U13' of component 'aes_encrypt_top_mudo' [c:/AES/AES.srcs/sources_1/bd/aes_bd/ipshared/8618/hdl/vhdl/aes_encrypt_top.vhd:8709]
	Parameter ID bound to: 1 - type: integer 
	Parameter NUM_STAGE bound to: 1 - type: integer 
	Parameter din0_WIDTH bound to: 8 - type: integer 
	Parameter din1_WIDTH bound to: 8 - type: integer 
	Parameter din2_WIDTH bound to: 8 - type: integer 
	Parameter din3_WIDTH bound to: 8 - type: integer 
	Parameter din4_WIDTH bound to: 8 - type: integer 
	Parameter din5_WIDTH bound to: 8 - type: integer 
	Parameter din6_WIDTH bound to: 8 - type: integer 
	Parameter din7_WIDTH bound to: 8 - type: integer 
	Parameter din8_WIDTH bound to: 8 - type: integer 
	Parameter din9_WIDTH bound to: 8 - type: integer 
	Parameter din10_WIDTH bound to: 8 - type: integer 
	Parameter din11_WIDTH bound to: 8 - type: integer 
	Parameter din12_WIDTH bound to: 8 - type: integer 
	Parameter din13_WIDTH bound to: 8 - type: integer 
	Parameter din14_WIDTH bound to: 8 - type: integer 
	Parameter din15_WIDTH bound to: 8 - type: integer 
	Parameter din16_WIDTH bound to: 8 - type: integer 
	Parameter din17_WIDTH bound to: 8 - type: integer 
	Parameter din18_WIDTH bound to: 8 - type: integer 
	Parameter din19_WIDTH bound to: 8 - type: integer 
	Parameter din20_WIDTH bound to: 8 - type: integer 
	Parameter din21_WIDTH bound to: 8 - type: integer 
	Parameter din22_WIDTH bound to: 8 - type: integer 
	Parameter din23_WIDTH bound to: 8 - type: integer 
	Parameter din24_WIDTH bound to: 8 - type: integer 
	Parameter din25_WIDTH bound to: 8 - type: integer 
	Parameter din26_WIDTH bound to: 8 - type: integer 
	Parameter din27_WIDTH bound to: 8 - type: integer 
	Parameter din28_WIDTH bound to: 8 - type: integer 
	Parameter din29_WIDTH bound to: 8 - type: integer 
	Parameter din30_WIDTH bound to: 8 - type: integer 
	Parameter din31_WIDTH bound to: 8 - type: integer 
	Parameter din32_WIDTH bound to: 8 - type: integer 
	Parameter din33_WIDTH bound to: 8 - type: integer 
	Parameter din34_WIDTH bound to: 8 - type: integer 
	Parameter din35_WIDTH bound to: 8 - type: integer 
	Parameter din36_WIDTH bound to: 8 - type: integer 
	Parameter din37_WIDTH bound to: 8 - type: integer 
	Parameter din38_WIDTH bound to: 8 - type: integer 
	Parameter din39_WIDTH bound to: 8 - type: integer 
	Parameter din40_WIDTH bound to: 8 - type: integer 
	Parameter din41_WIDTH bound to: 8 - type: integer 
	Parameter din42_WIDTH bound to: 8 - type: integer 
	Parameter din43_WIDTH bound to: 8 - type: integer 
	Parameter din44_WIDTH bound to: 8 - type: integer 
	Parameter din45_WIDTH bound to: 8 - type: integer 
	Parameter din46_WIDTH bound to: 8 - type: integer 
	Parameter din47_WIDTH bound to: 8 - type: integer 
	Parameter din48_WIDTH bound to: 8 - type: integer 
	Parameter din49_WIDTH bound to: 8 - type: integer 
	Parameter din50_WIDTH bound to: 8 - type: integer 
	Parameter din51_WIDTH bound to: 8 - type: integer 
	Parameter din52_WIDTH bound to: 8 - type: integer 
	Parameter din53_WIDTH bound to: 8 - type: integer 
	Parameter din54_WIDTH bound to: 8 - type: integer 
	Parameter din55_WIDTH bound to: 8 - type: integer 
	Parameter din56_WIDTH bound to: 8 - type: integer 
	Parameter din57_WIDTH bound to: 8 - type: integer 
	Parameter din58_WIDTH bound to: 8 - type: integer 
	Parameter din59_WIDTH bound to: 8 - type: integer 
	Parameter din60_WIDTH bound to: 8 - type: integer 
	Parameter din61_WIDTH bound to: 8 - type: integer 
	Parameter din62_WIDTH bound to: 8 - type: integer 
	Parameter din63_WIDTH bound to: 8 - type: integer 
	Parameter din64_WIDTH bound to: 8 - type: integer 
	Parameter din65_WIDTH bound to: 8 - type: integer 
	Parameter din66_WIDTH bound to: 8 - type: integer 
	Parameter din67_WIDTH bound to: 8 - type: integer 
	Parameter din68_WIDTH bound to: 8 - type: integer 
	Parameter din69_WIDTH bound to: 8 - type: integer 
	Parameter din70_WIDTH bound to: 8 - type: integer 
	Parameter din71_WIDTH bound to: 8 - type: integer 
	Parameter din72_WIDTH bound to: 8 - type: integer 
	Parameter din73_WIDTH bound to: 8 - type: integer 
	Parameter din74_WIDTH bound to: 8 - type: integer 
	Parameter din75_WIDTH bound to: 8 - type: integer 
	Parameter din76_WIDTH bound to: 8 - type: integer 
	Parameter din77_WIDTH bound to: 8 - type: integer 
	Parameter din78_WIDTH bound to: 8 - type: integer 
	Parameter din79_WIDTH bound to: 8 - type: integer 
	Parameter din80_WIDTH bound to: 8 - type: integer 
	Parameter din81_WIDTH bound to: 8 - type: integer 
	Parameter din82_WIDTH bound to: 8 - type: integer 
	Parameter din83_WIDTH bound to: 8 - type: integer 
	Parameter din84_WIDTH bound to: 8 - type: integer 
	Parameter din85_WIDTH bound to: 8 - type: integer 
	Parameter din86_WIDTH bound to: 8 - type: integer 
	Parameter din87_WIDTH bound to: 8 - type: integer 
	Parameter din88_WIDTH bound to: 8 - type: integer 
	Parameter din89_WIDTH bound to: 8 - type: integer 
	Parameter din90_WIDTH bound to: 8 - type: integer 
	Parameter din91_WIDTH bound to: 8 - type: integer 
	Parameter din92_WIDTH bound to: 8 - type: integer 
	Parameter din93_WIDTH bound to: 8 - type: integer 
	Parameter din94_WIDTH bound to: 8 - type: integer 
	Parameter din95_WIDTH bound to: 8 - type: integer 
	Parameter din96_WIDTH bound to: 8 - type: integer 
	Parameter din97_WIDTH bound to: 8 - type: integer 
	Parameter din98_WIDTH bound to: 8 - type: integer 
	Parameter din99_WIDTH bound to: 8 - type: integer 
	Parameter din100_WIDTH bound to: 8 - type: integer 
	Parameter din101_WIDTH bound to: 8 - type: integer 
	Parameter din102_WIDTH bound to: 8 - type: integer 
	Parameter din103_WIDTH bound to: 8 - type: integer 
	Parameter din104_WIDTH bound to: 8 - type: integer 
	Parameter din105_WIDTH bound to: 8 - type: integer 
	Parameter din106_WIDTH bound to: 8 - type: integer 
	Parameter din107_WIDTH bound to: 8 - type: integer 
	Parameter din108_WIDTH bound to: 8 - type: integer 
	Parameter din109_WIDTH bound to: 8 - type: integer 
	Parameter din110_WIDTH bound to: 8 - type: integer 
	Parameter din111_WIDTH bound to: 8 - type: integer 
	Parameter din112_WIDTH bound to: 8 - type: integer 
	Parameter din113_WIDTH bound to: 8 - type: integer 
	Parameter din114_WIDTH bound to: 8 - type: integer 
	Parameter din115_WIDTH bound to: 8 - type: integer 
	Parameter din116_WIDTH bound to: 8 - type: integer 
	Parameter din117_WIDTH bound to: 8 - type: integer 
	Parameter din118_WIDTH bound to: 8 - type: integer 
	Parameter din119_WIDTH bound to: 8 - type: integer 
	Parameter din120_WIDTH bound to: 8 - type: integer 
	Parameter din121_WIDTH bound to: 8 - type: integer 
	Parameter din122_WIDTH bound to: 8 - type: integer 
	Parameter din123_WIDTH bound to: 8 - type: integer 
	Parameter din124_WIDTH bound to: 8 - type: integer 
	Parameter din125_WIDTH bound to: 8 - type: integer 
	Parameter din126_WIDTH bound to: 8 - type: integer 
	Parameter din127_WIDTH bound to: 8 - type: integer 
	Parameter din128_WIDTH bound to: 8 - type: integer 
	Parameter din129_WIDTH bound to: 8 - type: integer 
	Parameter din130_WIDTH bound to: 8 - type: integer 
	Parameter din131_WIDTH bound to: 8 - type: integer 
	Parameter din132_WIDTH bound to: 8 - type: integer 
	Parameter din133_WIDTH bound to: 8 - type: integer 
	Parameter din134_WIDTH bound to: 8 - type: integer 
	Parameter din135_WIDTH bound to: 8 - type: integer 
	Parameter din136_WIDTH bound to: 8 - type: integer 
	Parameter din137_WIDTH bound to: 8 - type: integer 
	Parameter din138_WIDTH bound to: 8 - type: integer 
	Parameter din139_WIDTH bound to: 8 - type: integer 
	Parameter din140_WIDTH bound to: 8 - type: integer 
	Parameter din141_WIDTH bound to: 8 - type: integer 
	Parameter din142_WIDTH bound to: 8 - type: integer 
	Parameter din143_WIDTH bound to: 8 - type: integer 
	Parameter din144_WIDTH bound to: 8 - type: integer 
	Parameter din145_WIDTH bound to: 8 - type: integer 
	Parameter din146_WIDTH bound to: 8 - type: integer 
	Parameter din147_WIDTH bound to: 8 - type: integer 
	Parameter din148_WIDTH bound to: 8 - type: integer 
	Parameter din149_WIDTH bound to: 8 - type: integer 
	Parameter din150_WIDTH bound to: 8 - type: integer 
	Parameter din151_WIDTH bound to: 8 - type: integer 
	Parameter din152_WIDTH bound to: 8 - type: integer 
	Parameter din153_WIDTH bound to: 8 - type: integer 
	Parameter din154_WIDTH bound to: 8 - type: integer 
	Parameter din155_WIDTH bound to: 8 - type: integer 
	Parameter din156_WIDTH bound to: 8 - type: integer 
	Parameter din157_WIDTH bound to: 8 - type: integer 
	Parameter din158_WIDTH bound to: 8 - type: integer 
	Parameter din159_WIDTH bound to: 8 - type: integer 
	Parameter din160_WIDTH bound to: 8 - type: integer 
	Parameter din161_WIDTH bound to: 8 - type: integer 
	Parameter din162_WIDTH bound to: 8 - type: integer 
	Parameter din163_WIDTH bound to: 8 - type: integer 
	Parameter din164_WIDTH bound to: 8 - type: integer 
	Parameter din165_WIDTH bound to: 8 - type: integer 
	Parameter din166_WIDTH bound to: 8 - type: integer 
	Parameter din167_WIDTH bound to: 8 - type: integer 
	Parameter din168_WIDTH bound to: 8 - type: integer 
	Parameter din169_WIDTH bound to: 8 - type: integer 
	Parameter din170_WIDTH bound to: 8 - type: integer 
	Parameter din171_WIDTH bound to: 8 - type: integer 
	Parameter din172_WIDTH bound to: 8 - type: integer 
	Parameter din173_WIDTH bound to: 8 - type: integer 
	Parameter din174_WIDTH bound to: 8 - type: integer 
	Parameter din175_WIDTH bound to: 8 - type: integer 
	Parameter din176_WIDTH bound to: 8 - type: integer 
	Parameter din177_WIDTH bound to: 8 - type: integer 
	Parameter din178_WIDTH bound to: 8 - type: integer 
	Parameter din179_WIDTH bound to: 8 - type: integer 
	Parameter din180_WIDTH bound to: 8 - type: integer 
	Parameter din181_WIDTH bound to: 8 - type: integer 
	Parameter din182_WIDTH bound to: 8 - type: integer 
	Parameter din183_WIDTH bound to: 8 - type: integer 
	Parameter din184_WIDTH bound to: 8 - type: integer 
	Parameter din185_WIDTH bound to: 8 - type: integer 
	Parameter din186_WIDTH bound to: 8 - type: integer 
	Parameter din187_WIDTH bound to: 8 - type: integer 
	Parameter din188_WIDTH bound to: 8 - type: integer 
	Parameter din189_WIDTH bound to: 8 - type: integer 
	Parameter din190_WIDTH bound to: 8 - type: integer 
	Parameter din191_WIDTH bound to: 8 - type: integer 
	Parameter din192_WIDTH bound to: 8 - type: integer 
	Parameter din193_WIDTH bound to: 8 - type: integer 
	Parameter din194_WIDTH bound to: 8 - type: integer 
	Parameter din195_WIDTH bound to: 8 - type: integer 
	Parameter din196_WIDTH bound to: 8 - type: integer 
	Parameter din197_WIDTH bound to: 8 - type: integer 
	Parameter din198_WIDTH bound to: 8 - type: integer 
	Parameter din199_WIDTH bound to: 8 - type: integer 
	Parameter din200_WIDTH bound to: 8 - type: integer 
	Parameter din201_WIDTH bound to: 8 - type: integer 
	Parameter din202_WIDTH bound to: 8 - type: integer 
	Parameter din203_WIDTH bound to: 8 - type: integer 
	Parameter din204_WIDTH bound to: 8 - type: integer 
	Parameter din205_WIDTH bound to: 8 - type: integer 
	Parameter din206_WIDTH bound to: 8 - type: integer 
	Parameter din207_WIDTH bound to: 8 - type: integer 
	Parameter din208_WIDTH bound to: 8 - type: integer 
	Parameter din209_WIDTH bound to: 8 - type: integer 
	Parameter din210_WIDTH bound to: 8 - type: integer 
	Parameter din211_WIDTH bound to: 8 - type: integer 
	Parameter din212_WIDTH bound to: 8 - type: integer 
	Parameter din213_WIDTH bound to: 8 - type: integer 
	Parameter din214_WIDTH bound to: 8 - type: integer 
	Parameter din215_WIDTH bound to: 8 - type: integer 
	Parameter din216_WIDTH bound to: 8 - type: integer 
	Parameter din217_WIDTH bound to: 8 - type: integer 
	Parameter din218_WIDTH bound to: 8 - type: integer 
	Parameter din219_WIDTH bound to: 8 - type: integer 
	Parameter din220_WIDTH bound to: 8 - type: integer 
	Parameter din221_WIDTH bound to: 8 - type: integer 
	Parameter din222_WIDTH bound to: 8 - type: integer 
	Parameter din223_WIDTH bound to: 8 - type: integer 
	Parameter din224_WIDTH bound to: 8 - type: integer 
	Parameter din225_WIDTH bound to: 8 - type: integer 
	Parameter din226_WIDTH bound to: 8 - type: integer 
	Parameter din227_WIDTH bound to: 8 - type: integer 
	Parameter din228_WIDTH bound to: 8 - type: integer 
	Parameter din229_WIDTH bound to: 8 - type: integer 
	Parameter din230_WIDTH bound to: 8 - type: integer 
	Parameter din231_WIDTH bound to: 8 - type: integer 
	Parameter din232_WIDTH bound to: 8 - type: integer 
	Parameter din233_WIDTH bound to: 8 - type: integer 
	Parameter din234_WIDTH bound to: 8 - type: integer 
	Parameter din235_WIDTH bound to: 8 - type: integer 
	Parameter din236_WIDTH bound to: 8 - type: integer 
	Parameter din237_WIDTH bound to: 8 - type: integer 
	Parameter din238_WIDTH bound to: 8 - type: integer 
	Parameter din239_WIDTH bound to: 8 - type: integer 
	Parameter din240_WIDTH bound to: 8 - type: integer 
	Parameter din241_WIDTH bound to: 8 - type: integer 
	Parameter din242_WIDTH bound to: 8 - type: integer 
	Parameter din243_WIDTH bound to: 8 - type: integer 
	Parameter din244_WIDTH bound to: 8 - type: integer 
	Parameter din245_WIDTH bound to: 8 - type: integer 
	Parameter din246_WIDTH bound to: 8 - type: integer 
	Parameter din247_WIDTH bound to: 8 - type: integer 
	Parameter din248_WIDTH bound to: 8 - type: integer 
	Parameter din249_WIDTH bound to: 8 - type: integer 
	Parameter din250_WIDTH bound to: 8 - type: integer 
	Parameter din251_WIDTH bound to: 8 - type: integer 
	Parameter din252_WIDTH bound to: 8 - type: integer 
	Parameter din253_WIDTH bound to: 8 - type: integer 
	Parameter din254_WIDTH bound to: 8 - type: integer 
	Parameter din255_WIDTH bound to: 8 - type: integer 
	Parameter din256_WIDTH bound to: 8 - type: integer 
	Parameter dout_WIDTH bound to: 8 - type: integer 
INFO: [Synth 8-3491] module 'aes_encrypt_top_mudo' declared at 'c:/AES/AES.srcs/sources_1/bd/aes_bd/ipshared/8618/hdl/vhdl/aes_encrypt_top_mudo.vhd:13' bound to instance 'aes_encrypt_top_mudo_U14' of component 'aes_encrypt_top_mudo' [c:/AES/AES.srcs/sources_1/bd/aes_bd/ipshared/8618/hdl/vhdl/aes_encrypt_top.vhd:9231]
	Parameter ID bound to: 1 - type: integer 
	Parameter NUM_STAGE bound to: 1 - type: integer 
	Parameter din0_WIDTH bound to: 8 - type: integer 
	Parameter din1_WIDTH bound to: 8 - type: integer 
	Parameter din2_WIDTH bound to: 8 - type: integer 
	Parameter din3_WIDTH bound to: 8 - type: integer 
	Parameter din4_WIDTH bound to: 8 - type: integer 
	Parameter din5_WIDTH bound to: 8 - type: integer 
	Parameter din6_WIDTH bound to: 8 - type: integer 
	Parameter din7_WIDTH bound to: 8 - type: integer 
	Parameter din8_WIDTH bound to: 8 - type: integer 
	Parameter din9_WIDTH bound to: 8 - type: integer 
	Parameter din10_WIDTH bound to: 8 - type: integer 
	Parameter din11_WIDTH bound to: 8 - type: integer 
	Parameter din12_WIDTH bound to: 8 - type: integer 
	Parameter din13_WIDTH bound to: 8 - type: integer 
	Parameter din14_WIDTH bound to: 8 - type: integer 
	Parameter din15_WIDTH bound to: 8 - type: integer 
	Parameter din16_WIDTH bound to: 8 - type: integer 
	Parameter din17_WIDTH bound to: 8 - type: integer 
	Parameter din18_WIDTH bound to: 8 - type: integer 
	Parameter din19_WIDTH bound to: 8 - type: integer 
	Parameter din20_WIDTH bound to: 8 - type: integer 
	Parameter din21_WIDTH bound to: 8 - type: integer 
	Parameter din22_WIDTH bound to: 8 - type: integer 
	Parameter din23_WIDTH bound to: 8 - type: integer 
	Parameter din24_WIDTH bound to: 8 - type: integer 
	Parameter din25_WIDTH bound to: 8 - type: integer 
	Parameter din26_WIDTH bound to: 8 - type: integer 
	Parameter din27_WIDTH bound to: 8 - type: integer 
	Parameter din28_WIDTH bound to: 8 - type: integer 
	Parameter din29_WIDTH bound to: 8 - type: integer 
	Parameter din30_WIDTH bound to: 8 - type: integer 
	Parameter din31_WIDTH bound to: 8 - type: integer 
	Parameter din32_WIDTH bound to: 8 - type: integer 
	Parameter din33_WIDTH bound to: 8 - type: integer 
	Parameter din34_WIDTH bound to: 8 - type: integer 
	Parameter din35_WIDTH bound to: 8 - type: integer 
	Parameter din36_WIDTH bound to: 8 - type: integer 
	Parameter din37_WIDTH bound to: 8 - type: integer 
	Parameter din38_WIDTH bound to: 8 - type: integer 
	Parameter din39_WIDTH bound to: 8 - type: integer 
	Parameter din40_WIDTH bound to: 8 - type: integer 
	Parameter din41_WIDTH bound to: 8 - type: integer 
	Parameter din42_WIDTH bound to: 8 - type: integer 
	Parameter din43_WIDTH bound to: 8 - type: integer 
	Parameter din44_WIDTH bound to: 8 - type: integer 
	Parameter din45_WIDTH bound to: 8 - type: integer 
	Parameter din46_WIDTH bound to: 8 - type: integer 
	Parameter din47_WIDTH bound to: 8 - type: integer 
	Parameter din48_WIDTH bound to: 8 - type: integer 
	Parameter din49_WIDTH bound to: 8 - type: integer 
	Parameter din50_WIDTH bound to: 8 - type: integer 
	Parameter din51_WIDTH bound to: 8 - type: integer 
	Parameter din52_WIDTH bound to: 8 - type: integer 
	Parameter din53_WIDTH bound to: 8 - type: integer 
	Parameter din54_WIDTH bound to: 8 - type: integer 
	Parameter din55_WIDTH bound to: 8 - type: integer 
	Parameter din56_WIDTH bound to: 8 - type: integer 
	Parameter din57_WIDTH bound to: 8 - type: integer 
	Parameter din58_WIDTH bound to: 8 - type: integer 
	Parameter din59_WIDTH bound to: 8 - type: integer 
	Parameter din60_WIDTH bound to: 8 - type: integer 
	Parameter din61_WIDTH bound to: 8 - type: integer 
	Parameter din62_WIDTH bound to: 8 - type: integer 
	Parameter din63_WIDTH bound to: 8 - type: integer 
	Parameter din64_WIDTH bound to: 8 - type: integer 
	Parameter din65_WIDTH bound to: 8 - type: integer 
	Parameter din66_WIDTH bound to: 8 - type: integer 
	Parameter din67_WIDTH bound to: 8 - type: integer 
	Parameter din68_WIDTH bound to: 8 - type: integer 
	Parameter din69_WIDTH bound to: 8 - type: integer 
	Parameter din70_WIDTH bound to: 8 - type: integer 
	Parameter din71_WIDTH bound to: 8 - type: integer 
	Parameter din72_WIDTH bound to: 8 - type: integer 
	Parameter din73_WIDTH bound to: 8 - type: integer 
	Parameter din74_WIDTH bound to: 8 - type: integer 
	Parameter din75_WIDTH bound to: 8 - type: integer 
	Parameter din76_WIDTH bound to: 8 - type: integer 
	Parameter din77_WIDTH bound to: 8 - type: integer 
	Parameter din78_WIDTH bound to: 8 - type: integer 
	Parameter din79_WIDTH bound to: 8 - type: integer 
	Parameter din80_WIDTH bound to: 8 - type: integer 
	Parameter din81_WIDTH bound to: 8 - type: integer 
	Parameter din82_WIDTH bound to: 8 - type: integer 
	Parameter din83_WIDTH bound to: 8 - type: integer 
	Parameter din84_WIDTH bound to: 8 - type: integer 
	Parameter din85_WIDTH bound to: 8 - type: integer 
	Parameter din86_WIDTH bound to: 8 - type: integer 
	Parameter din87_WIDTH bound to: 8 - type: integer 
	Parameter din88_WIDTH bound to: 8 - type: integer 
	Parameter din89_WIDTH bound to: 8 - type: integer 
	Parameter din90_WIDTH bound to: 8 - type: integer 
	Parameter din91_WIDTH bound to: 8 - type: integer 
	Parameter din92_WIDTH bound to: 8 - type: integer 
	Parameter din93_WIDTH bound to: 8 - type: integer 
	Parameter din94_WIDTH bound to: 8 - type: integer 
	Parameter din95_WIDTH bound to: 8 - type: integer 
	Parameter din96_WIDTH bound to: 8 - type: integer 
	Parameter din97_WIDTH bound to: 8 - type: integer 
	Parameter din98_WIDTH bound to: 8 - type: integer 
	Parameter din99_WIDTH bound to: 8 - type: integer 
	Parameter din100_WIDTH bound to: 8 - type: integer 
	Parameter din101_WIDTH bound to: 8 - type: integer 
	Parameter din102_WIDTH bound to: 8 - type: integer 
	Parameter din103_WIDTH bound to: 8 - type: integer 
	Parameter din104_WIDTH bound to: 8 - type: integer 
	Parameter din105_WIDTH bound to: 8 - type: integer 
	Parameter din106_WIDTH bound to: 8 - type: integer 
	Parameter din107_WIDTH bound to: 8 - type: integer 
	Parameter din108_WIDTH bound to: 8 - type: integer 
	Parameter din109_WIDTH bound to: 8 - type: integer 
	Parameter din110_WIDTH bound to: 8 - type: integer 
	Parameter din111_WIDTH bound to: 8 - type: integer 
	Parameter din112_WIDTH bound to: 8 - type: integer 
	Parameter din113_WIDTH bound to: 8 - type: integer 
	Parameter din114_WIDTH bound to: 8 - type: integer 
	Parameter din115_WIDTH bound to: 8 - type: integer 
	Parameter din116_WIDTH bound to: 8 - type: integer 
	Parameter din117_WIDTH bound to: 8 - type: integer 
	Parameter din118_WIDTH bound to: 8 - type: integer 
	Parameter din119_WIDTH bound to: 8 - type: integer 
	Parameter din120_WIDTH bound to: 8 - type: integer 
	Parameter din121_WIDTH bound to: 8 - type: integer 
	Parameter din122_WIDTH bound to: 8 - type: integer 
	Parameter din123_WIDTH bound to: 8 - type: integer 
	Parameter din124_WIDTH bound to: 8 - type: integer 
	Parameter din125_WIDTH bound to: 8 - type: integer 
	Parameter din126_WIDTH bound to: 8 - type: integer 
	Parameter din127_WIDTH bound to: 8 - type: integer 
	Parameter din128_WIDTH bound to: 8 - type: integer 
	Parameter din129_WIDTH bound to: 8 - type: integer 
	Parameter din130_WIDTH bound to: 8 - type: integer 
	Parameter din131_WIDTH bound to: 8 - type: integer 
	Parameter din132_WIDTH bound to: 8 - type: integer 
	Parameter din133_WIDTH bound to: 8 - type: integer 
	Parameter din134_WIDTH bound to: 8 - type: integer 
	Parameter din135_WIDTH bound to: 8 - type: integer 
	Parameter din136_WIDTH bound to: 8 - type: integer 
	Parameter din137_WIDTH bound to: 8 - type: integer 
	Parameter din138_WIDTH bound to: 8 - type: integer 
	Parameter din139_WIDTH bound to: 8 - type: integer 
	Parameter din140_WIDTH bound to: 8 - type: integer 
	Parameter din141_WIDTH bound to: 8 - type: integer 
	Parameter din142_WIDTH bound to: 8 - type: integer 
	Parameter din143_WIDTH bound to: 8 - type: integer 
	Parameter din144_WIDTH bound to: 8 - type: integer 
	Parameter din145_WIDTH bound to: 8 - type: integer 
	Parameter din146_WIDTH bound to: 8 - type: integer 
	Parameter din147_WIDTH bound to: 8 - type: integer 
	Parameter din148_WIDTH bound to: 8 - type: integer 
	Parameter din149_WIDTH bound to: 8 - type: integer 
	Parameter din150_WIDTH bound to: 8 - type: integer 
	Parameter din151_WIDTH bound to: 8 - type: integer 
	Parameter din152_WIDTH bound to: 8 - type: integer 
	Parameter din153_WIDTH bound to: 8 - type: integer 
	Parameter din154_WIDTH bound to: 8 - type: integer 
	Parameter din155_WIDTH bound to: 8 - type: integer 
	Parameter din156_WIDTH bound to: 8 - type: integer 
	Parameter din157_WIDTH bound to: 8 - type: integer 
	Parameter din158_WIDTH bound to: 8 - type: integer 
	Parameter din159_WIDTH bound to: 8 - type: integer 
	Parameter din160_WIDTH bound to: 8 - type: integer 
	Parameter din161_WIDTH bound to: 8 - type: integer 
	Parameter din162_WIDTH bound to: 8 - type: integer 
	Parameter din163_WIDTH bound to: 8 - type: integer 
	Parameter din164_WIDTH bound to: 8 - type: integer 
	Parameter din165_WIDTH bound to: 8 - type: integer 
	Parameter din166_WIDTH bound to: 8 - type: integer 
	Parameter din167_WIDTH bound to: 8 - type: integer 
	Parameter din168_WIDTH bound to: 8 - type: integer 
	Parameter din169_WIDTH bound to: 8 - type: integer 
	Parameter din170_WIDTH bound to: 8 - type: integer 
	Parameter din171_WIDTH bound to: 8 - type: integer 
	Parameter din172_WIDTH bound to: 8 - type: integer 
	Parameter din173_WIDTH bound to: 8 - type: integer 
	Parameter din174_WIDTH bound to: 8 - type: integer 
	Parameter din175_WIDTH bound to: 8 - type: integer 
	Parameter din176_WIDTH bound to: 8 - type: integer 
	Parameter din177_WIDTH bound to: 8 - type: integer 
	Parameter din178_WIDTH bound to: 8 - type: integer 
	Parameter din179_WIDTH bound to: 8 - type: integer 
	Parameter din180_WIDTH bound to: 8 - type: integer 
	Parameter din181_WIDTH bound to: 8 - type: integer 
	Parameter din182_WIDTH bound to: 8 - type: integer 
	Parameter din183_WIDTH bound to: 8 - type: integer 
	Parameter din184_WIDTH bound to: 8 - type: integer 
	Parameter din185_WIDTH bound to: 8 - type: integer 
	Parameter din186_WIDTH bound to: 8 - type: integer 
	Parameter din187_WIDTH bound to: 8 - type: integer 
	Parameter din188_WIDTH bound to: 8 - type: integer 
	Parameter din189_WIDTH bound to: 8 - type: integer 
	Parameter din190_WIDTH bound to: 8 - type: integer 
	Parameter din191_WIDTH bound to: 8 - type: integer 
	Parameter din192_WIDTH bound to: 8 - type: integer 
	Parameter din193_WIDTH bound to: 8 - type: integer 
	Parameter din194_WIDTH bound to: 8 - type: integer 
	Parameter din195_WIDTH bound to: 8 - type: integer 
	Parameter din196_WIDTH bound to: 8 - type: integer 
	Parameter din197_WIDTH bound to: 8 - type: integer 
	Parameter din198_WIDTH bound to: 8 - type: integer 
	Parameter din199_WIDTH bound to: 8 - type: integer 
	Parameter din200_WIDTH bound to: 8 - type: integer 
	Parameter din201_WIDTH bound to: 8 - type: integer 
	Parameter din202_WIDTH bound to: 8 - type: integer 
	Parameter din203_WIDTH bound to: 8 - type: integer 
	Parameter din204_WIDTH bound to: 8 - type: integer 
	Parameter din205_WIDTH bound to: 8 - type: integer 
	Parameter din206_WIDTH bound to: 8 - type: integer 
	Parameter din207_WIDTH bound to: 8 - type: integer 
	Parameter din208_WIDTH bound to: 8 - type: integer 
	Parameter din209_WIDTH bound to: 8 - type: integer 
	Parameter din210_WIDTH bound to: 8 - type: integer 
	Parameter din211_WIDTH bound to: 8 - type: integer 
	Parameter din212_WIDTH bound to: 8 - type: integer 
	Parameter din213_WIDTH bound to: 8 - type: integer 
	Parameter din214_WIDTH bound to: 8 - type: integer 
	Parameter din215_WIDTH bound to: 8 - type: integer 
	Parameter din216_WIDTH bound to: 8 - type: integer 
	Parameter din217_WIDTH bound to: 8 - type: integer 
	Parameter din218_WIDTH bound to: 8 - type: integer 
	Parameter din219_WIDTH bound to: 8 - type: integer 
	Parameter din220_WIDTH bound to: 8 - type: integer 
	Parameter din221_WIDTH bound to: 8 - type: integer 
	Parameter din222_WIDTH bound to: 8 - type: integer 
	Parameter din223_WIDTH bound to: 8 - type: integer 
	Parameter din224_WIDTH bound to: 8 - type: integer 
	Parameter din225_WIDTH bound to: 8 - type: integer 
	Parameter din226_WIDTH bound to: 8 - type: integer 
	Parameter din227_WIDTH bound to: 8 - type: integer 
	Parameter din228_WIDTH bound to: 8 - type: integer 
	Parameter din229_WIDTH bound to: 8 - type: integer 
	Parameter din230_WIDTH bound to: 8 - type: integer 
	Parameter din231_WIDTH bound to: 8 - type: integer 
	Parameter din232_WIDTH bound to: 8 - type: integer 
	Parameter din233_WIDTH bound to: 8 - type: integer 
	Parameter din234_WIDTH bound to: 8 - type: integer 
	Parameter din235_WIDTH bound to: 8 - type: integer 
	Parameter din236_WIDTH bound to: 8 - type: integer 
	Parameter din237_WIDTH bound to: 8 - type: integer 
	Parameter din238_WIDTH bound to: 8 - type: integer 
	Parameter din239_WIDTH bound to: 8 - type: integer 
	Parameter din240_WIDTH bound to: 8 - type: integer 
	Parameter din241_WIDTH bound to: 8 - type: integer 
	Parameter din242_WIDTH bound to: 8 - type: integer 
	Parameter din243_WIDTH bound to: 8 - type: integer 
	Parameter din244_WIDTH bound to: 8 - type: integer 
	Parameter din245_WIDTH bound to: 8 - type: integer 
	Parameter din246_WIDTH bound to: 8 - type: integer 
	Parameter din247_WIDTH bound to: 8 - type: integer 
	Parameter din248_WIDTH bound to: 8 - type: integer 
	Parameter din249_WIDTH bound to: 8 - type: integer 
	Parameter din250_WIDTH bound to: 8 - type: integer 
	Parameter din251_WIDTH bound to: 8 - type: integer 
	Parameter din252_WIDTH bound to: 8 - type: integer 
	Parameter din253_WIDTH bound to: 8 - type: integer 
	Parameter din254_WIDTH bound to: 8 - type: integer 
	Parameter din255_WIDTH bound to: 8 - type: integer 
	Parameter din256_WIDTH bound to: 8 - type: integer 
	Parameter dout_WIDTH bound to: 8 - type: integer 
INFO: [Synth 8-3491] module 'aes_encrypt_top_mudo' declared at 'c:/AES/AES.srcs/sources_1/bd/aes_bd/ipshared/8618/hdl/vhdl/aes_encrypt_top_mudo.vhd:13' bound to instance 'aes_encrypt_top_mudo_U15' of component 'aes_encrypt_top_mudo' [c:/AES/AES.srcs/sources_1/bd/aes_bd/ipshared/8618/hdl/vhdl/aes_encrypt_top.vhd:9753]
	Parameter ID bound to: 1 - type: integer 
	Parameter NUM_STAGE bound to: 1 - type: integer 
	Parameter din0_WIDTH bound to: 8 - type: integer 
	Parameter din1_WIDTH bound to: 8 - type: integer 
	Parameter din2_WIDTH bound to: 8 - type: integer 
	Parameter din3_WIDTH bound to: 8 - type: integer 
	Parameter din4_WIDTH bound to: 8 - type: integer 
	Parameter din5_WIDTH bound to: 8 - type: integer 
	Parameter din6_WIDTH bound to: 8 - type: integer 
	Parameter din7_WIDTH bound to: 8 - type: integer 
	Parameter din8_WIDTH bound to: 8 - type: integer 
	Parameter din9_WIDTH bound to: 8 - type: integer 
	Parameter din10_WIDTH bound to: 8 - type: integer 
	Parameter din11_WIDTH bound to: 8 - type: integer 
	Parameter din12_WIDTH bound to: 8 - type: integer 
	Parameter din13_WIDTH bound to: 8 - type: integer 
	Parameter din14_WIDTH bound to: 8 - type: integer 
	Parameter din15_WIDTH bound to: 8 - type: integer 
	Parameter din16_WIDTH bound to: 8 - type: integer 
	Parameter din17_WIDTH bound to: 8 - type: integer 
	Parameter din18_WIDTH bound to: 8 - type: integer 
	Parameter din19_WIDTH bound to: 8 - type: integer 
	Parameter din20_WIDTH bound to: 8 - type: integer 
	Parameter din21_WIDTH bound to: 8 - type: integer 
	Parameter din22_WIDTH bound to: 8 - type: integer 
	Parameter din23_WIDTH bound to: 8 - type: integer 
	Parameter din24_WIDTH bound to: 8 - type: integer 
	Parameter din25_WIDTH bound to: 8 - type: integer 
	Parameter din26_WIDTH bound to: 8 - type: integer 
	Parameter din27_WIDTH bound to: 8 - type: integer 
	Parameter din28_WIDTH bound to: 8 - type: integer 
	Parameter din29_WIDTH bound to: 8 - type: integer 
	Parameter din30_WIDTH bound to: 8 - type: integer 
	Parameter din31_WIDTH bound to: 8 - type: integer 
	Parameter din32_WIDTH bound to: 8 - type: integer 
	Parameter din33_WIDTH bound to: 8 - type: integer 
	Parameter din34_WIDTH bound to: 8 - type: integer 
	Parameter din35_WIDTH bound to: 8 - type: integer 
	Parameter din36_WIDTH bound to: 8 - type: integer 
	Parameter din37_WIDTH bound to: 8 - type: integer 
	Parameter din38_WIDTH bound to: 8 - type: integer 
	Parameter din39_WIDTH bound to: 8 - type: integer 
	Parameter din40_WIDTH bound to: 8 - type: integer 
	Parameter din41_WIDTH bound to: 8 - type: integer 
	Parameter din42_WIDTH bound to: 8 - type: integer 
	Parameter din43_WIDTH bound to: 8 - type: integer 
	Parameter din44_WIDTH bound to: 8 - type: integer 
	Parameter din45_WIDTH bound to: 8 - type: integer 
	Parameter din46_WIDTH bound to: 8 - type: integer 
	Parameter din47_WIDTH bound to: 8 - type: integer 
	Parameter din48_WIDTH bound to: 8 - type: integer 
	Parameter din49_WIDTH bound to: 8 - type: integer 
	Parameter din50_WIDTH bound to: 8 - type: integer 
	Parameter din51_WIDTH bound to: 8 - type: integer 
	Parameter din52_WIDTH bound to: 8 - type: integer 
	Parameter din53_WIDTH bound to: 8 - type: integer 
	Parameter din54_WIDTH bound to: 8 - type: integer 
	Parameter din55_WIDTH bound to: 8 - type: integer 
	Parameter din56_WIDTH bound to: 8 - type: integer 
	Parameter din57_WIDTH bound to: 8 - type: integer 
	Parameter din58_WIDTH bound to: 8 - type: integer 
	Parameter din59_WIDTH bound to: 8 - type: integer 
	Parameter din60_WIDTH bound to: 8 - type: integer 
	Parameter din61_WIDTH bound to: 8 - type: integer 
	Parameter din62_WIDTH bound to: 8 - type: integer 
	Parameter din63_WIDTH bound to: 8 - type: integer 
	Parameter din64_WIDTH bound to: 8 - type: integer 
	Parameter din65_WIDTH bound to: 8 - type: integer 
	Parameter din66_WIDTH bound to: 8 - type: integer 
	Parameter din67_WIDTH bound to: 8 - type: integer 
	Parameter din68_WIDTH bound to: 8 - type: integer 
	Parameter din69_WIDTH bound to: 8 - type: integer 
	Parameter din70_WIDTH bound to: 8 - type: integer 
	Parameter din71_WIDTH bound to: 8 - type: integer 
	Parameter din72_WIDTH bound to: 8 - type: integer 
	Parameter din73_WIDTH bound to: 8 - type: integer 
	Parameter din74_WIDTH bound to: 8 - type: integer 
	Parameter din75_WIDTH bound to: 8 - type: integer 
	Parameter din76_WIDTH bound to: 8 - type: integer 
	Parameter din77_WIDTH bound to: 8 - type: integer 
	Parameter din78_WIDTH bound to: 8 - type: integer 
	Parameter din79_WIDTH bound to: 8 - type: integer 
	Parameter din80_WIDTH bound to: 8 - type: integer 
	Parameter din81_WIDTH bound to: 8 - type: integer 
	Parameter din82_WIDTH bound to: 8 - type: integer 
	Parameter din83_WIDTH bound to: 8 - type: integer 
	Parameter din84_WIDTH bound to: 8 - type: integer 
	Parameter din85_WIDTH bound to: 8 - type: integer 
	Parameter din86_WIDTH bound to: 8 - type: integer 
	Parameter din87_WIDTH bound to: 8 - type: integer 
	Parameter din88_WIDTH bound to: 8 - type: integer 
	Parameter din89_WIDTH bound to: 8 - type: integer 
	Parameter din90_WIDTH bound to: 8 - type: integer 
	Parameter din91_WIDTH bound to: 8 - type: integer 
	Parameter din92_WIDTH bound to: 8 - type: integer 
	Parameter din93_WIDTH bound to: 8 - type: integer 
	Parameter din94_WIDTH bound to: 8 - type: integer 
	Parameter din95_WIDTH bound to: 8 - type: integer 
	Parameter din96_WIDTH bound to: 8 - type: integer 
	Parameter din97_WIDTH bound to: 8 - type: integer 
	Parameter din98_WIDTH bound to: 8 - type: integer 
	Parameter din99_WIDTH bound to: 8 - type: integer 
	Parameter din100_WIDTH bound to: 8 - type: integer 
	Parameter din101_WIDTH bound to: 8 - type: integer 
	Parameter din102_WIDTH bound to: 8 - type: integer 
	Parameter din103_WIDTH bound to: 8 - type: integer 
	Parameter din104_WIDTH bound to: 8 - type: integer 
	Parameter din105_WIDTH bound to: 8 - type: integer 
	Parameter din106_WIDTH bound to: 8 - type: integer 
	Parameter din107_WIDTH bound to: 8 - type: integer 
	Parameter din108_WIDTH bound to: 8 - type: integer 
	Parameter din109_WIDTH bound to: 8 - type: integer 
	Parameter din110_WIDTH bound to: 8 - type: integer 
	Parameter din111_WIDTH bound to: 8 - type: integer 
	Parameter din112_WIDTH bound to: 8 - type: integer 
	Parameter din113_WIDTH bound to: 8 - type: integer 
	Parameter din114_WIDTH bound to: 8 - type: integer 
	Parameter din115_WIDTH bound to: 8 - type: integer 
	Parameter din116_WIDTH bound to: 8 - type: integer 
	Parameter din117_WIDTH bound to: 8 - type: integer 
	Parameter din118_WIDTH bound to: 8 - type: integer 
	Parameter din119_WIDTH bound to: 8 - type: integer 
	Parameter din120_WIDTH bound to: 8 - type: integer 
	Parameter din121_WIDTH bound to: 8 - type: integer 
	Parameter din122_WIDTH bound to: 8 - type: integer 
	Parameter din123_WIDTH bound to: 8 - type: integer 
	Parameter din124_WIDTH bound to: 8 - type: integer 
	Parameter din125_WIDTH bound to: 8 - type: integer 
	Parameter din126_WIDTH bound to: 8 - type: integer 
	Parameter din127_WIDTH bound to: 8 - type: integer 
	Parameter din128_WIDTH bound to: 8 - type: integer 
	Parameter din129_WIDTH bound to: 8 - type: integer 
	Parameter din130_WIDTH bound to: 8 - type: integer 
	Parameter din131_WIDTH bound to: 8 - type: integer 
	Parameter din132_WIDTH bound to: 8 - type: integer 
	Parameter din133_WIDTH bound to: 8 - type: integer 
	Parameter din134_WIDTH bound to: 8 - type: integer 
	Parameter din135_WIDTH bound to: 8 - type: integer 
	Parameter din136_WIDTH bound to: 8 - type: integer 
	Parameter din137_WIDTH bound to: 8 - type: integer 
	Parameter din138_WIDTH bound to: 8 - type: integer 
	Parameter din139_WIDTH bound to: 8 - type: integer 
	Parameter din140_WIDTH bound to: 8 - type: integer 
	Parameter din141_WIDTH bound to: 8 - type: integer 
	Parameter din142_WIDTH bound to: 8 - type: integer 
	Parameter din143_WIDTH bound to: 8 - type: integer 
	Parameter din144_WIDTH bound to: 8 - type: integer 
	Parameter din145_WIDTH bound to: 8 - type: integer 
	Parameter din146_WIDTH bound to: 8 - type: integer 
	Parameter din147_WIDTH bound to: 8 - type: integer 
	Parameter din148_WIDTH bound to: 8 - type: integer 
	Parameter din149_WIDTH bound to: 8 - type: integer 
	Parameter din150_WIDTH bound to: 8 - type: integer 
	Parameter din151_WIDTH bound to: 8 - type: integer 
	Parameter din152_WIDTH bound to: 8 - type: integer 
	Parameter din153_WIDTH bound to: 8 - type: integer 
	Parameter din154_WIDTH bound to: 8 - type: integer 
	Parameter din155_WIDTH bound to: 8 - type: integer 
	Parameter din156_WIDTH bound to: 8 - type: integer 
	Parameter din157_WIDTH bound to: 8 - type: integer 
	Parameter din158_WIDTH bound to: 8 - type: integer 
	Parameter din159_WIDTH bound to: 8 - type: integer 
	Parameter din160_WIDTH bound to: 8 - type: integer 
	Parameter din161_WIDTH bound to: 8 - type: integer 
	Parameter din162_WIDTH bound to: 8 - type: integer 
	Parameter din163_WIDTH bound to: 8 - type: integer 
	Parameter din164_WIDTH bound to: 8 - type: integer 
	Parameter din165_WIDTH bound to: 8 - type: integer 
	Parameter din166_WIDTH bound to: 8 - type: integer 
	Parameter din167_WIDTH bound to: 8 - type: integer 
	Parameter din168_WIDTH bound to: 8 - type: integer 
	Parameter din169_WIDTH bound to: 8 - type: integer 
	Parameter din170_WIDTH bound to: 8 - type: integer 
	Parameter din171_WIDTH bound to: 8 - type: integer 
	Parameter din172_WIDTH bound to: 8 - type: integer 
	Parameter din173_WIDTH bound to: 8 - type: integer 
	Parameter din174_WIDTH bound to: 8 - type: integer 
	Parameter din175_WIDTH bound to: 8 - type: integer 
	Parameter din176_WIDTH bound to: 8 - type: integer 
	Parameter din177_WIDTH bound to: 8 - type: integer 
	Parameter din178_WIDTH bound to: 8 - type: integer 
	Parameter din179_WIDTH bound to: 8 - type: integer 
	Parameter din180_WIDTH bound to: 8 - type: integer 
	Parameter din181_WIDTH bound to: 8 - type: integer 
	Parameter din182_WIDTH bound to: 8 - type: integer 
	Parameter din183_WIDTH bound to: 8 - type: integer 
	Parameter din184_WIDTH bound to: 8 - type: integer 
	Parameter din185_WIDTH bound to: 8 - type: integer 
	Parameter din186_WIDTH bound to: 8 - type: integer 
	Parameter din187_WIDTH bound to: 8 - type: integer 
	Parameter din188_WIDTH bound to: 8 - type: integer 
	Parameter din189_WIDTH bound to: 8 - type: integer 
	Parameter din190_WIDTH bound to: 8 - type: integer 
	Parameter din191_WIDTH bound to: 8 - type: integer 
	Parameter din192_WIDTH bound to: 8 - type: integer 
	Parameter din193_WIDTH bound to: 8 - type: integer 
	Parameter din194_WIDTH bound to: 8 - type: integer 
	Parameter din195_WIDTH bound to: 8 - type: integer 
	Parameter din196_WIDTH bound to: 8 - type: integer 
	Parameter din197_WIDTH bound to: 8 - type: integer 
	Parameter din198_WIDTH bound to: 8 - type: integer 
	Parameter din199_WIDTH bound to: 8 - type: integer 
	Parameter din200_WIDTH bound to: 8 - type: integer 
	Parameter din201_WIDTH bound to: 8 - type: integer 
	Parameter din202_WIDTH bound to: 8 - type: integer 
	Parameter din203_WIDTH bound to: 8 - type: integer 
	Parameter din204_WIDTH bound to: 8 - type: integer 
	Parameter din205_WIDTH bound to: 8 - type: integer 
	Parameter din206_WIDTH bound to: 8 - type: integer 
	Parameter din207_WIDTH bound to: 8 - type: integer 
	Parameter din208_WIDTH bound to: 8 - type: integer 
	Parameter din209_WIDTH bound to: 8 - type: integer 
	Parameter din210_WIDTH bound to: 8 - type: integer 
	Parameter din211_WIDTH bound to: 8 - type: integer 
	Parameter din212_WIDTH bound to: 8 - type: integer 
	Parameter din213_WIDTH bound to: 8 - type: integer 
	Parameter din214_WIDTH bound to: 8 - type: integer 
	Parameter din215_WIDTH bound to: 8 - type: integer 
	Parameter din216_WIDTH bound to: 8 - type: integer 
	Parameter din217_WIDTH bound to: 8 - type: integer 
	Parameter din218_WIDTH bound to: 8 - type: integer 
	Parameter din219_WIDTH bound to: 8 - type: integer 
	Parameter din220_WIDTH bound to: 8 - type: integer 
	Parameter din221_WIDTH bound to: 8 - type: integer 
	Parameter din222_WIDTH bound to: 8 - type: integer 
	Parameter din223_WIDTH bound to: 8 - type: integer 
	Parameter din224_WIDTH bound to: 8 - type: integer 
	Parameter din225_WIDTH bound to: 8 - type: integer 
	Parameter din226_WIDTH bound to: 8 - type: integer 
	Parameter din227_WIDTH bound to: 8 - type: integer 
	Parameter din228_WIDTH bound to: 8 - type: integer 
	Parameter din229_WIDTH bound to: 8 - type: integer 
	Parameter din230_WIDTH bound to: 8 - type: integer 
	Parameter din231_WIDTH bound to: 8 - type: integer 
	Parameter din232_WIDTH bound to: 8 - type: integer 
	Parameter din233_WIDTH bound to: 8 - type: integer 
	Parameter din234_WIDTH bound to: 8 - type: integer 
	Parameter din235_WIDTH bound to: 8 - type: integer 
	Parameter din236_WIDTH bound to: 8 - type: integer 
	Parameter din237_WIDTH bound to: 8 - type: integer 
	Parameter din238_WIDTH bound to: 8 - type: integer 
	Parameter din239_WIDTH bound to: 8 - type: integer 
	Parameter din240_WIDTH bound to: 8 - type: integer 
	Parameter din241_WIDTH bound to: 8 - type: integer 
	Parameter din242_WIDTH bound to: 8 - type: integer 
	Parameter din243_WIDTH bound to: 8 - type: integer 
	Parameter din244_WIDTH bound to: 8 - type: integer 
	Parameter din245_WIDTH bound to: 8 - type: integer 
	Parameter din246_WIDTH bound to: 8 - type: integer 
	Parameter din247_WIDTH bound to: 8 - type: integer 
	Parameter din248_WIDTH bound to: 8 - type: integer 
	Parameter din249_WIDTH bound to: 8 - type: integer 
	Parameter din250_WIDTH bound to: 8 - type: integer 
	Parameter din251_WIDTH bound to: 8 - type: integer 
	Parameter din252_WIDTH bound to: 8 - type: integer 
	Parameter din253_WIDTH bound to: 8 - type: integer 
	Parameter din254_WIDTH bound to: 8 - type: integer 
	Parameter din255_WIDTH bound to: 8 - type: integer 
	Parameter din256_WIDTH bound to: 8 - type: integer 
	Parameter dout_WIDTH bound to: 8 - type: integer 
INFO: [Synth 8-3491] module 'aes_encrypt_top_mudo' declared at 'c:/AES/AES.srcs/sources_1/bd/aes_bd/ipshared/8618/hdl/vhdl/aes_encrypt_top_mudo.vhd:13' bound to instance 'aes_encrypt_top_mudo_U16' of component 'aes_encrypt_top_mudo' [c:/AES/AES.srcs/sources_1/bd/aes_bd/ipshared/8618/hdl/vhdl/aes_encrypt_top.vhd:10275]
	Parameter ID bound to: 1 - type: integer 
	Parameter NUM_STAGE bound to: 1 - type: integer 
	Parameter din0_WIDTH bound to: 8 - type: integer 
	Parameter din1_WIDTH bound to: 8 - type: integer 
	Parameter din2_WIDTH bound to: 8 - type: integer 
	Parameter din3_WIDTH bound to: 8 - type: integer 
	Parameter din4_WIDTH bound to: 8 - type: integer 
	Parameter din5_WIDTH bound to: 8 - type: integer 
	Parameter din6_WIDTH bound to: 8 - type: integer 
	Parameter din7_WIDTH bound to: 8 - type: integer 
	Parameter din8_WIDTH bound to: 8 - type: integer 
	Parameter din9_WIDTH bound to: 8 - type: integer 
	Parameter din10_WIDTH bound to: 8 - type: integer 
	Parameter din11_WIDTH bound to: 8 - type: integer 
	Parameter din12_WIDTH bound to: 8 - type: integer 
	Parameter din13_WIDTH bound to: 8 - type: integer 
	Parameter din14_WIDTH bound to: 8 - type: integer 
	Parameter din15_WIDTH bound to: 8 - type: integer 
	Parameter din16_WIDTH bound to: 8 - type: integer 
	Parameter din17_WIDTH bound to: 8 - type: integer 
	Parameter din18_WIDTH bound to: 8 - type: integer 
	Parameter din19_WIDTH bound to: 8 - type: integer 
	Parameter din20_WIDTH bound to: 8 - type: integer 
	Parameter din21_WIDTH bound to: 8 - type: integer 
	Parameter din22_WIDTH bound to: 8 - type: integer 
	Parameter din23_WIDTH bound to: 8 - type: integer 
	Parameter din24_WIDTH bound to: 8 - type: integer 
	Parameter din25_WIDTH bound to: 8 - type: integer 
	Parameter din26_WIDTH bound to: 8 - type: integer 
	Parameter din27_WIDTH bound to: 8 - type: integer 
	Parameter din28_WIDTH bound to: 8 - type: integer 
	Parameter din29_WIDTH bound to: 8 - type: integer 
	Parameter din30_WIDTH bound to: 8 - type: integer 
	Parameter din31_WIDTH bound to: 8 - type: integer 
	Parameter din32_WIDTH bound to: 8 - type: integer 
	Parameter din33_WIDTH bound to: 8 - type: integer 
	Parameter din34_WIDTH bound to: 8 - type: integer 
	Parameter din35_WIDTH bound to: 8 - type: integer 
	Parameter din36_WIDTH bound to: 8 - type: integer 
	Parameter din37_WIDTH bound to: 8 - type: integer 
	Parameter din38_WIDTH bound to: 8 - type: integer 
	Parameter din39_WIDTH bound to: 8 - type: integer 
	Parameter din40_WIDTH bound to: 8 - type: integer 
	Parameter din41_WIDTH bound to: 8 - type: integer 
	Parameter din42_WIDTH bound to: 8 - type: integer 
	Parameter din43_WIDTH bound to: 8 - type: integer 
	Parameter din44_WIDTH bound to: 8 - type: integer 
	Parameter din45_WIDTH bound to: 8 - type: integer 
	Parameter din46_WIDTH bound to: 8 - type: integer 
	Parameter din47_WIDTH bound to: 8 - type: integer 
	Parameter din48_WIDTH bound to: 8 - type: integer 
	Parameter din49_WIDTH bound to: 8 - type: integer 
	Parameter din50_WIDTH bound to: 8 - type: integer 
	Parameter din51_WIDTH bound to: 8 - type: integer 
	Parameter din52_WIDTH bound to: 8 - type: integer 
	Parameter din53_WIDTH bound to: 8 - type: integer 
	Parameter din54_WIDTH bound to: 8 - type: integer 
	Parameter din55_WIDTH bound to: 8 - type: integer 
	Parameter din56_WIDTH bound to: 8 - type: integer 
	Parameter din57_WIDTH bound to: 8 - type: integer 
	Parameter din58_WIDTH bound to: 8 - type: integer 
	Parameter din59_WIDTH bound to: 8 - type: integer 
	Parameter din60_WIDTH bound to: 8 - type: integer 
	Parameter din61_WIDTH bound to: 8 - type: integer 
	Parameter din62_WIDTH bound to: 8 - type: integer 
	Parameter din63_WIDTH bound to: 8 - type: integer 
	Parameter din64_WIDTH bound to: 8 - type: integer 
	Parameter din65_WIDTH bound to: 8 - type: integer 
	Parameter din66_WIDTH bound to: 8 - type: integer 
	Parameter din67_WIDTH bound to: 8 - type: integer 
	Parameter din68_WIDTH bound to: 8 - type: integer 
	Parameter din69_WIDTH bound to: 8 - type: integer 
	Parameter din70_WIDTH bound to: 8 - type: integer 
	Parameter din71_WIDTH bound to: 8 - type: integer 
	Parameter din72_WIDTH bound to: 8 - type: integer 
	Parameter din73_WIDTH bound to: 8 - type: integer 
	Parameter din74_WIDTH bound to: 8 - type: integer 
	Parameter din75_WIDTH bound to: 8 - type: integer 
	Parameter din76_WIDTH bound to: 8 - type: integer 
	Parameter din77_WIDTH bound to: 8 - type: integer 
	Parameter din78_WIDTH bound to: 8 - type: integer 
	Parameter din79_WIDTH bound to: 8 - type: integer 
	Parameter din80_WIDTH bound to: 8 - type: integer 
	Parameter din81_WIDTH bound to: 8 - type: integer 
	Parameter din82_WIDTH bound to: 8 - type: integer 
	Parameter din83_WIDTH bound to: 8 - type: integer 
	Parameter din84_WIDTH bound to: 8 - type: integer 
	Parameter din85_WIDTH bound to: 8 - type: integer 
	Parameter din86_WIDTH bound to: 8 - type: integer 
	Parameter din87_WIDTH bound to: 8 - type: integer 
	Parameter din88_WIDTH bound to: 8 - type: integer 
	Parameter din89_WIDTH bound to: 8 - type: integer 
	Parameter din90_WIDTH bound to: 8 - type: integer 
	Parameter din91_WIDTH bound to: 8 - type: integer 
	Parameter din92_WIDTH bound to: 8 - type: integer 
	Parameter din93_WIDTH bound to: 8 - type: integer 
	Parameter din94_WIDTH bound to: 8 - type: integer 
	Parameter din95_WIDTH bound to: 8 - type: integer 
	Parameter din96_WIDTH bound to: 8 - type: integer 
	Parameter din97_WIDTH bound to: 8 - type: integer 
	Parameter din98_WIDTH bound to: 8 - type: integer 
	Parameter din99_WIDTH bound to: 8 - type: integer 
	Parameter din100_WIDTH bound to: 8 - type: integer 
	Parameter din101_WIDTH bound to: 8 - type: integer 
	Parameter din102_WIDTH bound to: 8 - type: integer 
	Parameter din103_WIDTH bound to: 8 - type: integer 
	Parameter din104_WIDTH bound to: 8 - type: integer 
	Parameter din105_WIDTH bound to: 8 - type: integer 
	Parameter din106_WIDTH bound to: 8 - type: integer 
	Parameter din107_WIDTH bound to: 8 - type: integer 
	Parameter din108_WIDTH bound to: 8 - type: integer 
	Parameter din109_WIDTH bound to: 8 - type: integer 
	Parameter din110_WIDTH bound to: 8 - type: integer 
	Parameter din111_WIDTH bound to: 8 - type: integer 
	Parameter din112_WIDTH bound to: 8 - type: integer 
	Parameter din113_WIDTH bound to: 8 - type: integer 
	Parameter din114_WIDTH bound to: 8 - type: integer 
	Parameter din115_WIDTH bound to: 8 - type: integer 
	Parameter din116_WIDTH bound to: 8 - type: integer 
	Parameter din117_WIDTH bound to: 8 - type: integer 
	Parameter din118_WIDTH bound to: 8 - type: integer 
	Parameter din119_WIDTH bound to: 8 - type: integer 
	Parameter din120_WIDTH bound to: 8 - type: integer 
	Parameter din121_WIDTH bound to: 8 - type: integer 
	Parameter din122_WIDTH bound to: 8 - type: integer 
	Parameter din123_WIDTH bound to: 8 - type: integer 
	Parameter din124_WIDTH bound to: 8 - type: integer 
	Parameter din125_WIDTH bound to: 8 - type: integer 
	Parameter din126_WIDTH bound to: 8 - type: integer 
	Parameter din127_WIDTH bound to: 8 - type: integer 
	Parameter din128_WIDTH bound to: 8 - type: integer 
	Parameter din129_WIDTH bound to: 8 - type: integer 
	Parameter din130_WIDTH bound to: 8 - type: integer 
	Parameter din131_WIDTH bound to: 8 - type: integer 
	Parameter din132_WIDTH bound to: 8 - type: integer 
	Parameter din133_WIDTH bound to: 8 - type: integer 
	Parameter din134_WIDTH bound to: 8 - type: integer 
	Parameter din135_WIDTH bound to: 8 - type: integer 
	Parameter din136_WIDTH bound to: 8 - type: integer 
	Parameter din137_WIDTH bound to: 8 - type: integer 
	Parameter din138_WIDTH bound to: 8 - type: integer 
	Parameter din139_WIDTH bound to: 8 - type: integer 
	Parameter din140_WIDTH bound to: 8 - type: integer 
	Parameter din141_WIDTH bound to: 8 - type: integer 
	Parameter din142_WIDTH bound to: 8 - type: integer 
	Parameter din143_WIDTH bound to: 8 - type: integer 
	Parameter din144_WIDTH bound to: 8 - type: integer 
	Parameter din145_WIDTH bound to: 8 - type: integer 
	Parameter din146_WIDTH bound to: 8 - type: integer 
	Parameter din147_WIDTH bound to: 8 - type: integer 
	Parameter din148_WIDTH bound to: 8 - type: integer 
	Parameter din149_WIDTH bound to: 8 - type: integer 
	Parameter din150_WIDTH bound to: 8 - type: integer 
	Parameter din151_WIDTH bound to: 8 - type: integer 
	Parameter din152_WIDTH bound to: 8 - type: integer 
	Parameter din153_WIDTH bound to: 8 - type: integer 
	Parameter din154_WIDTH bound to: 8 - type: integer 
	Parameter din155_WIDTH bound to: 8 - type: integer 
	Parameter din156_WIDTH bound to: 8 - type: integer 
	Parameter din157_WIDTH bound to: 8 - type: integer 
	Parameter din158_WIDTH bound to: 8 - type: integer 
	Parameter din159_WIDTH bound to: 8 - type: integer 
	Parameter din160_WIDTH bound to: 8 - type: integer 
	Parameter din161_WIDTH bound to: 8 - type: integer 
	Parameter din162_WIDTH bound to: 8 - type: integer 
	Parameter din163_WIDTH bound to: 8 - type: integer 
	Parameter din164_WIDTH bound to: 8 - type: integer 
	Parameter din165_WIDTH bound to: 8 - type: integer 
	Parameter din166_WIDTH bound to: 8 - type: integer 
	Parameter din167_WIDTH bound to: 8 - type: integer 
	Parameter din168_WIDTH bound to: 8 - type: integer 
	Parameter din169_WIDTH bound to: 8 - type: integer 
	Parameter din170_WIDTH bound to: 8 - type: integer 
	Parameter din171_WIDTH bound to: 8 - type: integer 
	Parameter din172_WIDTH bound to: 8 - type: integer 
	Parameter din173_WIDTH bound to: 8 - type: integer 
	Parameter din174_WIDTH bound to: 8 - type: integer 
	Parameter din175_WIDTH bound to: 8 - type: integer 
	Parameter din176_WIDTH bound to: 8 - type: integer 
	Parameter din177_WIDTH bound to: 8 - type: integer 
	Parameter din178_WIDTH bound to: 8 - type: integer 
	Parameter din179_WIDTH bound to: 8 - type: integer 
	Parameter din180_WIDTH bound to: 8 - type: integer 
	Parameter din181_WIDTH bound to: 8 - type: integer 
	Parameter din182_WIDTH bound to: 8 - type: integer 
	Parameter din183_WIDTH bound to: 8 - type: integer 
	Parameter din184_WIDTH bound to: 8 - type: integer 
	Parameter din185_WIDTH bound to: 8 - type: integer 
	Parameter din186_WIDTH bound to: 8 - type: integer 
	Parameter din187_WIDTH bound to: 8 - type: integer 
	Parameter din188_WIDTH bound to: 8 - type: integer 
	Parameter din189_WIDTH bound to: 8 - type: integer 
	Parameter din190_WIDTH bound to: 8 - type: integer 
	Parameter din191_WIDTH bound to: 8 - type: integer 
	Parameter din192_WIDTH bound to: 8 - type: integer 
	Parameter din193_WIDTH bound to: 8 - type: integer 
	Parameter din194_WIDTH bound to: 8 - type: integer 
	Parameter din195_WIDTH bound to: 8 - type: integer 
	Parameter din196_WIDTH bound to: 8 - type: integer 
	Parameter din197_WIDTH bound to: 8 - type: integer 
	Parameter din198_WIDTH bound to: 8 - type: integer 
	Parameter din199_WIDTH bound to: 8 - type: integer 
	Parameter din200_WIDTH bound to: 8 - type: integer 
	Parameter din201_WIDTH bound to: 8 - type: integer 
	Parameter din202_WIDTH bound to: 8 - type: integer 
	Parameter din203_WIDTH bound to: 8 - type: integer 
	Parameter din204_WIDTH bound to: 8 - type: integer 
	Parameter din205_WIDTH bound to: 8 - type: integer 
	Parameter din206_WIDTH bound to: 8 - type: integer 
	Parameter din207_WIDTH bound to: 8 - type: integer 
	Parameter din208_WIDTH bound to: 8 - type: integer 
	Parameter din209_WIDTH bound to: 8 - type: integer 
	Parameter din210_WIDTH bound to: 8 - type: integer 
	Parameter din211_WIDTH bound to: 8 - type: integer 
	Parameter din212_WIDTH bound to: 8 - type: integer 
	Parameter din213_WIDTH bound to: 8 - type: integer 
	Parameter din214_WIDTH bound to: 8 - type: integer 
	Parameter din215_WIDTH bound to: 8 - type: integer 
	Parameter din216_WIDTH bound to: 8 - type: integer 
	Parameter din217_WIDTH bound to: 8 - type: integer 
	Parameter din218_WIDTH bound to: 8 - type: integer 
	Parameter din219_WIDTH bound to: 8 - type: integer 
	Parameter din220_WIDTH bound to: 8 - type: integer 
	Parameter din221_WIDTH bound to: 8 - type: integer 
	Parameter din222_WIDTH bound to: 8 - type: integer 
	Parameter din223_WIDTH bound to: 8 - type: integer 
	Parameter din224_WIDTH bound to: 8 - type: integer 
	Parameter din225_WIDTH bound to: 8 - type: integer 
	Parameter din226_WIDTH bound to: 8 - type: integer 
	Parameter din227_WIDTH bound to: 8 - type: integer 
	Parameter din228_WIDTH bound to: 8 - type: integer 
	Parameter din229_WIDTH bound to: 8 - type: integer 
	Parameter din230_WIDTH bound to: 8 - type: integer 
	Parameter din231_WIDTH bound to: 8 - type: integer 
	Parameter din232_WIDTH bound to: 8 - type: integer 
	Parameter din233_WIDTH bound to: 8 - type: integer 
	Parameter din234_WIDTH bound to: 8 - type: integer 
	Parameter din235_WIDTH bound to: 8 - type: integer 
	Parameter din236_WIDTH bound to: 8 - type: integer 
	Parameter din237_WIDTH bound to: 8 - type: integer 
	Parameter din238_WIDTH bound to: 8 - type: integer 
	Parameter din239_WIDTH bound to: 8 - type: integer 
	Parameter din240_WIDTH bound to: 8 - type: integer 
	Parameter din241_WIDTH bound to: 8 - type: integer 
	Parameter din242_WIDTH bound to: 8 - type: integer 
	Parameter din243_WIDTH bound to: 8 - type: integer 
	Parameter din244_WIDTH bound to: 8 - type: integer 
	Parameter din245_WIDTH bound to: 8 - type: integer 
	Parameter din246_WIDTH bound to: 8 - type: integer 
	Parameter din247_WIDTH bound to: 8 - type: integer 
	Parameter din248_WIDTH bound to: 8 - type: integer 
	Parameter din249_WIDTH bound to: 8 - type: integer 
	Parameter din250_WIDTH bound to: 8 - type: integer 
	Parameter din251_WIDTH bound to: 8 - type: integer 
	Parameter din252_WIDTH bound to: 8 - type: integer 
	Parameter din253_WIDTH bound to: 8 - type: integer 
	Parameter din254_WIDTH bound to: 8 - type: integer 
	Parameter din255_WIDTH bound to: 8 - type: integer 
	Parameter din256_WIDTH bound to: 8 - type: integer 
	Parameter dout_WIDTH bound to: 8 - type: integer 
INFO: [Synth 8-3491] module 'aes_encrypt_top_mudo' declared at 'c:/AES/AES.srcs/sources_1/bd/aes_bd/ipshared/8618/hdl/vhdl/aes_encrypt_top_mudo.vhd:13' bound to instance 'aes_encrypt_top_mudo_U17' of component 'aes_encrypt_top_mudo' [c:/AES/AES.srcs/sources_1/bd/aes_bd/ipshared/8618/hdl/vhdl/aes_encrypt_top.vhd:10797]
	Parameter ID bound to: 1 - type: integer 
	Parameter NUM_STAGE bound to: 1 - type: integer 
	Parameter din0_WIDTH bound to: 8 - type: integer 
	Parameter din1_WIDTH bound to: 8 - type: integer 
	Parameter din2_WIDTH bound to: 8 - type: integer 
	Parameter din3_WIDTH bound to: 8 - type: integer 
	Parameter din4_WIDTH bound to: 8 - type: integer 
	Parameter din5_WIDTH bound to: 8 - type: integer 
	Parameter din6_WIDTH bound to: 8 - type: integer 
	Parameter din7_WIDTH bound to: 8 - type: integer 
	Parameter din8_WIDTH bound to: 8 - type: integer 
	Parameter din9_WIDTH bound to: 8 - type: integer 
	Parameter din10_WIDTH bound to: 8 - type: integer 
	Parameter din11_WIDTH bound to: 8 - type: integer 
	Parameter din12_WIDTH bound to: 8 - type: integer 
	Parameter din13_WIDTH bound to: 8 - type: integer 
	Parameter din14_WIDTH bound to: 8 - type: integer 
	Parameter din15_WIDTH bound to: 8 - type: integer 
	Parameter din16_WIDTH bound to: 8 - type: integer 
	Parameter din17_WIDTH bound to: 8 - type: integer 
	Parameter din18_WIDTH bound to: 8 - type: integer 
	Parameter din19_WIDTH bound to: 8 - type: integer 
	Parameter din20_WIDTH bound to: 8 - type: integer 
	Parameter din21_WIDTH bound to: 8 - type: integer 
	Parameter din22_WIDTH bound to: 8 - type: integer 
	Parameter din23_WIDTH bound to: 8 - type: integer 
	Parameter din24_WIDTH bound to: 8 - type: integer 
	Parameter din25_WIDTH bound to: 8 - type: integer 
	Parameter din26_WIDTH bound to: 8 - type: integer 
	Parameter din27_WIDTH bound to: 8 - type: integer 
	Parameter din28_WIDTH bound to: 8 - type: integer 
	Parameter din29_WIDTH bound to: 8 - type: integer 
	Parameter din30_WIDTH bound to: 8 - type: integer 
	Parameter din31_WIDTH bound to: 8 - type: integer 
	Parameter din32_WIDTH bound to: 8 - type: integer 
	Parameter din33_WIDTH bound to: 8 - type: integer 
	Parameter din34_WIDTH bound to: 8 - type: integer 
	Parameter din35_WIDTH bound to: 8 - type: integer 
	Parameter din36_WIDTH bound to: 8 - type: integer 
	Parameter din37_WIDTH bound to: 8 - type: integer 
	Parameter din38_WIDTH bound to: 8 - type: integer 
	Parameter din39_WIDTH bound to: 8 - type: integer 
	Parameter din40_WIDTH bound to: 8 - type: integer 
	Parameter din41_WIDTH bound to: 8 - type: integer 
	Parameter din42_WIDTH bound to: 8 - type: integer 
	Parameter din43_WIDTH bound to: 8 - type: integer 
	Parameter din44_WIDTH bound to: 8 - type: integer 
	Parameter din45_WIDTH bound to: 8 - type: integer 
	Parameter din46_WIDTH bound to: 8 - type: integer 
	Parameter din47_WIDTH bound to: 8 - type: integer 
	Parameter din48_WIDTH bound to: 8 - type: integer 
	Parameter din49_WIDTH bound to: 8 - type: integer 
	Parameter din50_WIDTH bound to: 8 - type: integer 
	Parameter din51_WIDTH bound to: 8 - type: integer 
	Parameter din52_WIDTH bound to: 8 - type: integer 
	Parameter din53_WIDTH bound to: 8 - type: integer 
	Parameter din54_WIDTH bound to: 8 - type: integer 
	Parameter din55_WIDTH bound to: 8 - type: integer 
	Parameter din56_WIDTH bound to: 8 - type: integer 
	Parameter din57_WIDTH bound to: 8 - type: integer 
	Parameter din58_WIDTH bound to: 8 - type: integer 
	Parameter din59_WIDTH bound to: 8 - type: integer 
	Parameter din60_WIDTH bound to: 8 - type: integer 
	Parameter din61_WIDTH bound to: 8 - type: integer 
	Parameter din62_WIDTH bound to: 8 - type: integer 
	Parameter din63_WIDTH bound to: 8 - type: integer 
	Parameter din64_WIDTH bound to: 8 - type: integer 
	Parameter din65_WIDTH bound to: 8 - type: integer 
	Parameter din66_WIDTH bound to: 8 - type: integer 
	Parameter din67_WIDTH bound to: 8 - type: integer 
	Parameter din68_WIDTH bound to: 8 - type: integer 
	Parameter din69_WIDTH bound to: 8 - type: integer 
	Parameter din70_WIDTH bound to: 8 - type: integer 
	Parameter din71_WIDTH bound to: 8 - type: integer 
	Parameter din72_WIDTH bound to: 8 - type: integer 
	Parameter din73_WIDTH bound to: 8 - type: integer 
	Parameter din74_WIDTH bound to: 8 - type: integer 
	Parameter din75_WIDTH bound to: 8 - type: integer 
	Parameter din76_WIDTH bound to: 8 - type: integer 
	Parameter din77_WIDTH bound to: 8 - type: integer 
	Parameter din78_WIDTH bound to: 8 - type: integer 
	Parameter din79_WIDTH bound to: 8 - type: integer 
	Parameter din80_WIDTH bound to: 8 - type: integer 
	Parameter din81_WIDTH bound to: 8 - type: integer 
	Parameter din82_WIDTH bound to: 8 - type: integer 
	Parameter din83_WIDTH bound to: 8 - type: integer 
	Parameter din84_WIDTH bound to: 8 - type: integer 
	Parameter din85_WIDTH bound to: 8 - type: integer 
	Parameter din86_WIDTH bound to: 8 - type: integer 
	Parameter din87_WIDTH bound to: 8 - type: integer 
	Parameter din88_WIDTH bound to: 8 - type: integer 
	Parameter din89_WIDTH bound to: 8 - type: integer 
	Parameter din90_WIDTH bound to: 8 - type: integer 
	Parameter din91_WIDTH bound to: 8 - type: integer 
	Parameter din92_WIDTH bound to: 8 - type: integer 
	Parameter din93_WIDTH bound to: 8 - type: integer 
	Parameter din94_WIDTH bound to: 8 - type: integer 
	Parameter din95_WIDTH bound to: 8 - type: integer 
	Parameter din96_WIDTH bound to: 8 - type: integer 
	Parameter din97_WIDTH bound to: 8 - type: integer 
	Parameter din98_WIDTH bound to: 8 - type: integer 
	Parameter din99_WIDTH bound to: 8 - type: integer 
	Parameter din100_WIDTH bound to: 8 - type: integer 
	Parameter din101_WIDTH bound to: 8 - type: integer 
	Parameter din102_WIDTH bound to: 8 - type: integer 
	Parameter din103_WIDTH bound to: 8 - type: integer 
	Parameter din104_WIDTH bound to: 8 - type: integer 
	Parameter din105_WIDTH bound to: 8 - type: integer 
	Parameter din106_WIDTH bound to: 8 - type: integer 
	Parameter din107_WIDTH bound to: 8 - type: integer 
	Parameter din108_WIDTH bound to: 8 - type: integer 
	Parameter din109_WIDTH bound to: 8 - type: integer 
	Parameter din110_WIDTH bound to: 8 - type: integer 
	Parameter din111_WIDTH bound to: 8 - type: integer 
	Parameter din112_WIDTH bound to: 8 - type: integer 
	Parameter din113_WIDTH bound to: 8 - type: integer 
	Parameter din114_WIDTH bound to: 8 - type: integer 
	Parameter din115_WIDTH bound to: 8 - type: integer 
	Parameter din116_WIDTH bound to: 8 - type: integer 
	Parameter din117_WIDTH bound to: 8 - type: integer 
	Parameter din118_WIDTH bound to: 8 - type: integer 
	Parameter din119_WIDTH bound to: 8 - type: integer 
	Parameter din120_WIDTH bound to: 8 - type: integer 
	Parameter din121_WIDTH bound to: 8 - type: integer 
	Parameter din122_WIDTH bound to: 8 - type: integer 
	Parameter din123_WIDTH bound to: 8 - type: integer 
	Parameter din124_WIDTH bound to: 8 - type: integer 
	Parameter din125_WIDTH bound to: 8 - type: integer 
	Parameter din126_WIDTH bound to: 8 - type: integer 
	Parameter din127_WIDTH bound to: 8 - type: integer 
	Parameter din128_WIDTH bound to: 8 - type: integer 
	Parameter din129_WIDTH bound to: 8 - type: integer 
	Parameter din130_WIDTH bound to: 8 - type: integer 
	Parameter din131_WIDTH bound to: 8 - type: integer 
	Parameter din132_WIDTH bound to: 8 - type: integer 
	Parameter din133_WIDTH bound to: 8 - type: integer 
	Parameter din134_WIDTH bound to: 8 - type: integer 
	Parameter din135_WIDTH bound to: 8 - type: integer 
	Parameter din136_WIDTH bound to: 8 - type: integer 
	Parameter din137_WIDTH bound to: 8 - type: integer 
	Parameter din138_WIDTH bound to: 8 - type: integer 
	Parameter din139_WIDTH bound to: 8 - type: integer 
	Parameter din140_WIDTH bound to: 8 - type: integer 
	Parameter din141_WIDTH bound to: 8 - type: integer 
	Parameter din142_WIDTH bound to: 8 - type: integer 
	Parameter din143_WIDTH bound to: 8 - type: integer 
	Parameter din144_WIDTH bound to: 8 - type: integer 
	Parameter din145_WIDTH bound to: 8 - type: integer 
	Parameter din146_WIDTH bound to: 8 - type: integer 
	Parameter din147_WIDTH bound to: 8 - type: integer 
	Parameter din148_WIDTH bound to: 8 - type: integer 
	Parameter din149_WIDTH bound to: 8 - type: integer 
	Parameter din150_WIDTH bound to: 8 - type: integer 
	Parameter din151_WIDTH bound to: 8 - type: integer 
	Parameter din152_WIDTH bound to: 8 - type: integer 
	Parameter din153_WIDTH bound to: 8 - type: integer 
	Parameter din154_WIDTH bound to: 8 - type: integer 
	Parameter din155_WIDTH bound to: 8 - type: integer 
	Parameter din156_WIDTH bound to: 8 - type: integer 
	Parameter din157_WIDTH bound to: 8 - type: integer 
	Parameter din158_WIDTH bound to: 8 - type: integer 
	Parameter din159_WIDTH bound to: 8 - type: integer 
	Parameter din160_WIDTH bound to: 8 - type: integer 
	Parameter din161_WIDTH bound to: 8 - type: integer 
	Parameter din162_WIDTH bound to: 8 - type: integer 
	Parameter din163_WIDTH bound to: 8 - type: integer 
	Parameter din164_WIDTH bound to: 8 - type: integer 
	Parameter din165_WIDTH bound to: 8 - type: integer 
	Parameter din166_WIDTH bound to: 8 - type: integer 
	Parameter din167_WIDTH bound to: 8 - type: integer 
	Parameter din168_WIDTH bound to: 8 - type: integer 
	Parameter din169_WIDTH bound to: 8 - type: integer 
	Parameter din170_WIDTH bound to: 8 - type: integer 
	Parameter din171_WIDTH bound to: 8 - type: integer 
	Parameter din172_WIDTH bound to: 8 - type: integer 
	Parameter din173_WIDTH bound to: 8 - type: integer 
	Parameter din174_WIDTH bound to: 8 - type: integer 
	Parameter din175_WIDTH bound to: 8 - type: integer 
	Parameter din176_WIDTH bound to: 8 - type: integer 
	Parameter din177_WIDTH bound to: 8 - type: integer 
	Parameter din178_WIDTH bound to: 8 - type: integer 
	Parameter din179_WIDTH bound to: 8 - type: integer 
	Parameter din180_WIDTH bound to: 8 - type: integer 
	Parameter din181_WIDTH bound to: 8 - type: integer 
	Parameter din182_WIDTH bound to: 8 - type: integer 
	Parameter din183_WIDTH bound to: 8 - type: integer 
	Parameter din184_WIDTH bound to: 8 - type: integer 
	Parameter din185_WIDTH bound to: 8 - type: integer 
	Parameter din186_WIDTH bound to: 8 - type: integer 
	Parameter din187_WIDTH bound to: 8 - type: integer 
	Parameter din188_WIDTH bound to: 8 - type: integer 
	Parameter din189_WIDTH bound to: 8 - type: integer 
	Parameter din190_WIDTH bound to: 8 - type: integer 
	Parameter din191_WIDTH bound to: 8 - type: integer 
	Parameter din192_WIDTH bound to: 8 - type: integer 
	Parameter din193_WIDTH bound to: 8 - type: integer 
	Parameter din194_WIDTH bound to: 8 - type: integer 
	Parameter din195_WIDTH bound to: 8 - type: integer 
	Parameter din196_WIDTH bound to: 8 - type: integer 
	Parameter din197_WIDTH bound to: 8 - type: integer 
	Parameter din198_WIDTH bound to: 8 - type: integer 
	Parameter din199_WIDTH bound to: 8 - type: integer 
	Parameter din200_WIDTH bound to: 8 - type: integer 
	Parameter din201_WIDTH bound to: 8 - type: integer 
	Parameter din202_WIDTH bound to: 8 - type: integer 
	Parameter din203_WIDTH bound to: 8 - type: integer 
	Parameter din204_WIDTH bound to: 8 - type: integer 
	Parameter din205_WIDTH bound to: 8 - type: integer 
	Parameter din206_WIDTH bound to: 8 - type: integer 
	Parameter din207_WIDTH bound to: 8 - type: integer 
	Parameter din208_WIDTH bound to: 8 - type: integer 
	Parameter din209_WIDTH bound to: 8 - type: integer 
	Parameter din210_WIDTH bound to: 8 - type: integer 
	Parameter din211_WIDTH bound to: 8 - type: integer 
	Parameter din212_WIDTH bound to: 8 - type: integer 
	Parameter din213_WIDTH bound to: 8 - type: integer 
	Parameter din214_WIDTH bound to: 8 - type: integer 
	Parameter din215_WIDTH bound to: 8 - type: integer 
	Parameter din216_WIDTH bound to: 8 - type: integer 
	Parameter din217_WIDTH bound to: 8 - type: integer 
	Parameter din218_WIDTH bound to: 8 - type: integer 
	Parameter din219_WIDTH bound to: 8 - type: integer 
	Parameter din220_WIDTH bound to: 8 - type: integer 
	Parameter din221_WIDTH bound to: 8 - type: integer 
	Parameter din222_WIDTH bound to: 8 - type: integer 
	Parameter din223_WIDTH bound to: 8 - type: integer 
	Parameter din224_WIDTH bound to: 8 - type: integer 
	Parameter din225_WIDTH bound to: 8 - type: integer 
	Parameter din226_WIDTH bound to: 8 - type: integer 
	Parameter din227_WIDTH bound to: 8 - type: integer 
	Parameter din228_WIDTH bound to: 8 - type: integer 
	Parameter din229_WIDTH bound to: 8 - type: integer 
	Parameter din230_WIDTH bound to: 8 - type: integer 
	Parameter din231_WIDTH bound to: 8 - type: integer 
	Parameter din232_WIDTH bound to: 8 - type: integer 
	Parameter din233_WIDTH bound to: 8 - type: integer 
	Parameter din234_WIDTH bound to: 8 - type: integer 
	Parameter din235_WIDTH bound to: 8 - type: integer 
	Parameter din236_WIDTH bound to: 8 - type: integer 
	Parameter din237_WIDTH bound to: 8 - type: integer 
	Parameter din238_WIDTH bound to: 8 - type: integer 
	Parameter din239_WIDTH bound to: 8 - type: integer 
	Parameter din240_WIDTH bound to: 8 - type: integer 
	Parameter din241_WIDTH bound to: 8 - type: integer 
	Parameter din242_WIDTH bound to: 8 - type: integer 
	Parameter din243_WIDTH bound to: 8 - type: integer 
	Parameter din244_WIDTH bound to: 8 - type: integer 
	Parameter din245_WIDTH bound to: 8 - type: integer 
	Parameter din246_WIDTH bound to: 8 - type: integer 
	Parameter din247_WIDTH bound to: 8 - type: integer 
	Parameter din248_WIDTH bound to: 8 - type: integer 
	Parameter din249_WIDTH bound to: 8 - type: integer 
	Parameter din250_WIDTH bound to: 8 - type: integer 
	Parameter din251_WIDTH bound to: 8 - type: integer 
	Parameter din252_WIDTH bound to: 8 - type: integer 
	Parameter din253_WIDTH bound to: 8 - type: integer 
	Parameter din254_WIDTH bound to: 8 - type: integer 
	Parameter din255_WIDTH bound to: 8 - type: integer 
	Parameter din256_WIDTH bound to: 8 - type: integer 
	Parameter dout_WIDTH bound to: 8 - type: integer 
INFO: [Synth 8-3491] module 'aes_encrypt_top_mudo' declared at 'c:/AES/AES.srcs/sources_1/bd/aes_bd/ipshared/8618/hdl/vhdl/aes_encrypt_top_mudo.vhd:13' bound to instance 'aes_encrypt_top_mudo_U18' of component 'aes_encrypt_top_mudo' [c:/AES/AES.srcs/sources_1/bd/aes_bd/ipshared/8618/hdl/vhdl/aes_encrypt_top.vhd:11319]
	Parameter ID bound to: 1 - type: integer 
	Parameter NUM_STAGE bound to: 1 - type: integer 
	Parameter din0_WIDTH bound to: 8 - type: integer 
	Parameter din1_WIDTH bound to: 8 - type: integer 
	Parameter din2_WIDTH bound to: 8 - type: integer 
	Parameter din3_WIDTH bound to: 8 - type: integer 
	Parameter din4_WIDTH bound to: 8 - type: integer 
	Parameter din5_WIDTH bound to: 8 - type: integer 
	Parameter din6_WIDTH bound to: 8 - type: integer 
	Parameter din7_WIDTH bound to: 8 - type: integer 
	Parameter din8_WIDTH bound to: 8 - type: integer 
	Parameter din9_WIDTH bound to: 8 - type: integer 
	Parameter din10_WIDTH bound to: 8 - type: integer 
	Parameter din11_WIDTH bound to: 8 - type: integer 
	Parameter din12_WIDTH bound to: 8 - type: integer 
	Parameter din13_WIDTH bound to: 8 - type: integer 
	Parameter din14_WIDTH bound to: 8 - type: integer 
	Parameter din15_WIDTH bound to: 8 - type: integer 
	Parameter din16_WIDTH bound to: 8 - type: integer 
	Parameter din17_WIDTH bound to: 8 - type: integer 
	Parameter din18_WIDTH bound to: 8 - type: integer 
	Parameter din19_WIDTH bound to: 8 - type: integer 
	Parameter din20_WIDTH bound to: 8 - type: integer 
	Parameter din21_WIDTH bound to: 8 - type: integer 
	Parameter din22_WIDTH bound to: 8 - type: integer 
	Parameter din23_WIDTH bound to: 8 - type: integer 
	Parameter din24_WIDTH bound to: 8 - type: integer 
	Parameter din25_WIDTH bound to: 8 - type: integer 
	Parameter din26_WIDTH bound to: 8 - type: integer 
	Parameter din27_WIDTH bound to: 8 - type: integer 
	Parameter din28_WIDTH bound to: 8 - type: integer 
	Parameter din29_WIDTH bound to: 8 - type: integer 
	Parameter din30_WIDTH bound to: 8 - type: integer 
	Parameter din31_WIDTH bound to: 8 - type: integer 
	Parameter din32_WIDTH bound to: 8 - type: integer 
	Parameter din33_WIDTH bound to: 8 - type: integer 
	Parameter din34_WIDTH bound to: 8 - type: integer 
	Parameter din35_WIDTH bound to: 8 - type: integer 
	Parameter din36_WIDTH bound to: 8 - type: integer 
	Parameter din37_WIDTH bound to: 8 - type: integer 
	Parameter din38_WIDTH bound to: 8 - type: integer 
	Parameter din39_WIDTH bound to: 8 - type: integer 
	Parameter din40_WIDTH bound to: 8 - type: integer 
	Parameter din41_WIDTH bound to: 8 - type: integer 
	Parameter din42_WIDTH bound to: 8 - type: integer 
	Parameter din43_WIDTH bound to: 8 - type: integer 
	Parameter din44_WIDTH bound to: 8 - type: integer 
	Parameter din45_WIDTH bound to: 8 - type: integer 
	Parameter din46_WIDTH bound to: 8 - type: integer 
	Parameter din47_WIDTH bound to: 8 - type: integer 
	Parameter din48_WIDTH bound to: 8 - type: integer 
	Parameter din49_WIDTH bound to: 8 - type: integer 
	Parameter din50_WIDTH bound to: 8 - type: integer 
	Parameter din51_WIDTH bound to: 8 - type: integer 
	Parameter din52_WIDTH bound to: 8 - type: integer 
	Parameter din53_WIDTH bound to: 8 - type: integer 
	Parameter din54_WIDTH bound to: 8 - type: integer 
	Parameter din55_WIDTH bound to: 8 - type: integer 
	Parameter din56_WIDTH bound to: 8 - type: integer 
	Parameter din57_WIDTH bound to: 8 - type: integer 
	Parameter din58_WIDTH bound to: 8 - type: integer 
	Parameter din59_WIDTH bound to: 8 - type: integer 
	Parameter din60_WIDTH bound to: 8 - type: integer 
	Parameter din61_WIDTH bound to: 8 - type: integer 
	Parameter din62_WIDTH bound to: 8 - type: integer 
	Parameter din63_WIDTH bound to: 8 - type: integer 
	Parameter din64_WIDTH bound to: 8 - type: integer 
	Parameter din65_WIDTH bound to: 8 - type: integer 
	Parameter din66_WIDTH bound to: 8 - type: integer 
	Parameter din67_WIDTH bound to: 8 - type: integer 
	Parameter din68_WIDTH bound to: 8 - type: integer 
	Parameter din69_WIDTH bound to: 8 - type: integer 
	Parameter din70_WIDTH bound to: 8 - type: integer 
	Parameter din71_WIDTH bound to: 8 - type: integer 
	Parameter din72_WIDTH bound to: 8 - type: integer 
	Parameter din73_WIDTH bound to: 8 - type: integer 
	Parameter din74_WIDTH bound to: 8 - type: integer 
	Parameter din75_WIDTH bound to: 8 - type: integer 
	Parameter din76_WIDTH bound to: 8 - type: integer 
	Parameter din77_WIDTH bound to: 8 - type: integer 
	Parameter din78_WIDTH bound to: 8 - type: integer 
	Parameter din79_WIDTH bound to: 8 - type: integer 
	Parameter din80_WIDTH bound to: 8 - type: integer 
	Parameter din81_WIDTH bound to: 8 - type: integer 
	Parameter din82_WIDTH bound to: 8 - type: integer 
	Parameter din83_WIDTH bound to: 8 - type: integer 
	Parameter din84_WIDTH bound to: 8 - type: integer 
	Parameter din85_WIDTH bound to: 8 - type: integer 
	Parameter din86_WIDTH bound to: 8 - type: integer 
	Parameter din87_WIDTH bound to: 8 - type: integer 
	Parameter din88_WIDTH bound to: 8 - type: integer 
	Parameter din89_WIDTH bound to: 8 - type: integer 
	Parameter din90_WIDTH bound to: 8 - type: integer 
	Parameter din91_WIDTH bound to: 8 - type: integer 
	Parameter din92_WIDTH bound to: 8 - type: integer 
	Parameter din93_WIDTH bound to: 8 - type: integer 
	Parameter din94_WIDTH bound to: 8 - type: integer 
	Parameter din95_WIDTH bound to: 8 - type: integer 
	Parameter din96_WIDTH bound to: 8 - type: integer 
	Parameter din97_WIDTH bound to: 8 - type: integer 
	Parameter din98_WIDTH bound to: 8 - type: integer 
	Parameter din99_WIDTH bound to: 8 - type: integer 
	Parameter din100_WIDTH bound to: 8 - type: integer 
	Parameter din101_WIDTH bound to: 8 - type: integer 
	Parameter din102_WIDTH bound to: 8 - type: integer 
	Parameter din103_WIDTH bound to: 8 - type: integer 
	Parameter din104_WIDTH bound to: 8 - type: integer 
	Parameter din105_WIDTH bound to: 8 - type: integer 
	Parameter din106_WIDTH bound to: 8 - type: integer 
	Parameter din107_WIDTH bound to: 8 - type: integer 
	Parameter din108_WIDTH bound to: 8 - type: integer 
	Parameter din109_WIDTH bound to: 8 - type: integer 
	Parameter din110_WIDTH bound to: 8 - type: integer 
	Parameter din111_WIDTH bound to: 8 - type: integer 
	Parameter din112_WIDTH bound to: 8 - type: integer 
	Parameter din113_WIDTH bound to: 8 - type: integer 
	Parameter din114_WIDTH bound to: 8 - type: integer 
	Parameter din115_WIDTH bound to: 8 - type: integer 
	Parameter din116_WIDTH bound to: 8 - type: integer 
	Parameter din117_WIDTH bound to: 8 - type: integer 
	Parameter din118_WIDTH bound to: 8 - type: integer 
	Parameter din119_WIDTH bound to: 8 - type: integer 
	Parameter din120_WIDTH bound to: 8 - type: integer 
	Parameter din121_WIDTH bound to: 8 - type: integer 
	Parameter din122_WIDTH bound to: 8 - type: integer 
	Parameter din123_WIDTH bound to: 8 - type: integer 
	Parameter din124_WIDTH bound to: 8 - type: integer 
	Parameter din125_WIDTH bound to: 8 - type: integer 
	Parameter din126_WIDTH bound to: 8 - type: integer 
	Parameter din127_WIDTH bound to: 8 - type: integer 
	Parameter din128_WIDTH bound to: 8 - type: integer 
	Parameter din129_WIDTH bound to: 8 - type: integer 
	Parameter din130_WIDTH bound to: 8 - type: integer 
	Parameter din131_WIDTH bound to: 8 - type: integer 
	Parameter din132_WIDTH bound to: 8 - type: integer 
	Parameter din133_WIDTH bound to: 8 - type: integer 
	Parameter din134_WIDTH bound to: 8 - type: integer 
	Parameter din135_WIDTH bound to: 8 - type: integer 
	Parameter din136_WIDTH bound to: 8 - type: integer 
	Parameter din137_WIDTH bound to: 8 - type: integer 
	Parameter din138_WIDTH bound to: 8 - type: integer 
	Parameter din139_WIDTH bound to: 8 - type: integer 
	Parameter din140_WIDTH bound to: 8 - type: integer 
	Parameter din141_WIDTH bound to: 8 - type: integer 
	Parameter din142_WIDTH bound to: 8 - type: integer 
	Parameter din143_WIDTH bound to: 8 - type: integer 
	Parameter din144_WIDTH bound to: 8 - type: integer 
	Parameter din145_WIDTH bound to: 8 - type: integer 
	Parameter din146_WIDTH bound to: 8 - type: integer 
	Parameter din147_WIDTH bound to: 8 - type: integer 
	Parameter din148_WIDTH bound to: 8 - type: integer 
	Parameter din149_WIDTH bound to: 8 - type: integer 
	Parameter din150_WIDTH bound to: 8 - type: integer 
	Parameter din151_WIDTH bound to: 8 - type: integer 
	Parameter din152_WIDTH bound to: 8 - type: integer 
	Parameter din153_WIDTH bound to: 8 - type: integer 
	Parameter din154_WIDTH bound to: 8 - type: integer 
	Parameter din155_WIDTH bound to: 8 - type: integer 
	Parameter din156_WIDTH bound to: 8 - type: integer 
	Parameter din157_WIDTH bound to: 8 - type: integer 
	Parameter din158_WIDTH bound to: 8 - type: integer 
	Parameter din159_WIDTH bound to: 8 - type: integer 
	Parameter din160_WIDTH bound to: 8 - type: integer 
	Parameter din161_WIDTH bound to: 8 - type: integer 
	Parameter din162_WIDTH bound to: 8 - type: integer 
	Parameter din163_WIDTH bound to: 8 - type: integer 
	Parameter din164_WIDTH bound to: 8 - type: integer 
	Parameter din165_WIDTH bound to: 8 - type: integer 
	Parameter din166_WIDTH bound to: 8 - type: integer 
	Parameter din167_WIDTH bound to: 8 - type: integer 
	Parameter din168_WIDTH bound to: 8 - type: integer 
	Parameter din169_WIDTH bound to: 8 - type: integer 
	Parameter din170_WIDTH bound to: 8 - type: integer 
	Parameter din171_WIDTH bound to: 8 - type: integer 
	Parameter din172_WIDTH bound to: 8 - type: integer 
	Parameter din173_WIDTH bound to: 8 - type: integer 
	Parameter din174_WIDTH bound to: 8 - type: integer 
	Parameter din175_WIDTH bound to: 8 - type: integer 
	Parameter din176_WIDTH bound to: 8 - type: integer 
	Parameter din177_WIDTH bound to: 8 - type: integer 
	Parameter din178_WIDTH bound to: 8 - type: integer 
	Parameter din179_WIDTH bound to: 8 - type: integer 
	Parameter din180_WIDTH bound to: 8 - type: integer 
	Parameter din181_WIDTH bound to: 8 - type: integer 
	Parameter din182_WIDTH bound to: 8 - type: integer 
	Parameter din183_WIDTH bound to: 8 - type: integer 
	Parameter din184_WIDTH bound to: 8 - type: integer 
	Parameter din185_WIDTH bound to: 8 - type: integer 
	Parameter din186_WIDTH bound to: 8 - type: integer 
	Parameter din187_WIDTH bound to: 8 - type: integer 
	Parameter din188_WIDTH bound to: 8 - type: integer 
	Parameter din189_WIDTH bound to: 8 - type: integer 
	Parameter din190_WIDTH bound to: 8 - type: integer 
	Parameter din191_WIDTH bound to: 8 - type: integer 
	Parameter din192_WIDTH bound to: 8 - type: integer 
	Parameter din193_WIDTH bound to: 8 - type: integer 
	Parameter din194_WIDTH bound to: 8 - type: integer 
	Parameter din195_WIDTH bound to: 8 - type: integer 
	Parameter din196_WIDTH bound to: 8 - type: integer 
	Parameter din197_WIDTH bound to: 8 - type: integer 
	Parameter din198_WIDTH bound to: 8 - type: integer 
	Parameter din199_WIDTH bound to: 8 - type: integer 
	Parameter din200_WIDTH bound to: 8 - type: integer 
	Parameter din201_WIDTH bound to: 8 - type: integer 
	Parameter din202_WIDTH bound to: 8 - type: integer 
	Parameter din203_WIDTH bound to: 8 - type: integer 
	Parameter din204_WIDTH bound to: 8 - type: integer 
	Parameter din205_WIDTH bound to: 8 - type: integer 
	Parameter din206_WIDTH bound to: 8 - type: integer 
	Parameter din207_WIDTH bound to: 8 - type: integer 
	Parameter din208_WIDTH bound to: 8 - type: integer 
	Parameter din209_WIDTH bound to: 8 - type: integer 
	Parameter din210_WIDTH bound to: 8 - type: integer 
	Parameter din211_WIDTH bound to: 8 - type: integer 
	Parameter din212_WIDTH bound to: 8 - type: integer 
	Parameter din213_WIDTH bound to: 8 - type: integer 
	Parameter din214_WIDTH bound to: 8 - type: integer 
	Parameter din215_WIDTH bound to: 8 - type: integer 
	Parameter din216_WIDTH bound to: 8 - type: integer 
	Parameter din217_WIDTH bound to: 8 - type: integer 
	Parameter din218_WIDTH bound to: 8 - type: integer 
	Parameter din219_WIDTH bound to: 8 - type: integer 
	Parameter din220_WIDTH bound to: 8 - type: integer 
	Parameter din221_WIDTH bound to: 8 - type: integer 
	Parameter din222_WIDTH bound to: 8 - type: integer 
	Parameter din223_WIDTH bound to: 8 - type: integer 
	Parameter din224_WIDTH bound to: 8 - type: integer 
	Parameter din225_WIDTH bound to: 8 - type: integer 
	Parameter din226_WIDTH bound to: 8 - type: integer 
	Parameter din227_WIDTH bound to: 8 - type: integer 
	Parameter din228_WIDTH bound to: 8 - type: integer 
	Parameter din229_WIDTH bound to: 8 - type: integer 
	Parameter din230_WIDTH bound to: 8 - type: integer 
	Parameter din231_WIDTH bound to: 8 - type: integer 
	Parameter din232_WIDTH bound to: 8 - type: integer 
	Parameter din233_WIDTH bound to: 8 - type: integer 
	Parameter din234_WIDTH bound to: 8 - type: integer 
	Parameter din235_WIDTH bound to: 8 - type: integer 
	Parameter din236_WIDTH bound to: 8 - type: integer 
	Parameter din237_WIDTH bound to: 8 - type: integer 
	Parameter din238_WIDTH bound to: 8 - type: integer 
	Parameter din239_WIDTH bound to: 8 - type: integer 
	Parameter din240_WIDTH bound to: 8 - type: integer 
	Parameter din241_WIDTH bound to: 8 - type: integer 
	Parameter din242_WIDTH bound to: 8 - type: integer 
	Parameter din243_WIDTH bound to: 8 - type: integer 
	Parameter din244_WIDTH bound to: 8 - type: integer 
	Parameter din245_WIDTH bound to: 8 - type: integer 
	Parameter din246_WIDTH bound to: 8 - type: integer 
	Parameter din247_WIDTH bound to: 8 - type: integer 
	Parameter din248_WIDTH bound to: 8 - type: integer 
	Parameter din249_WIDTH bound to: 8 - type: integer 
	Parameter din250_WIDTH bound to: 8 - type: integer 
	Parameter din251_WIDTH bound to: 8 - type: integer 
	Parameter din252_WIDTH bound to: 8 - type: integer 
	Parameter din253_WIDTH bound to: 8 - type: integer 
	Parameter din254_WIDTH bound to: 8 - type: integer 
	Parameter din255_WIDTH bound to: 8 - type: integer 
	Parameter din256_WIDTH bound to: 8 - type: integer 
	Parameter dout_WIDTH bound to: 8 - type: integer 
INFO: [Synth 8-3491] module 'aes_encrypt_top_mudo' declared at 'c:/AES/AES.srcs/sources_1/bd/aes_bd/ipshared/8618/hdl/vhdl/aes_encrypt_top_mudo.vhd:13' bound to instance 'aes_encrypt_top_mudo_U19' of component 'aes_encrypt_top_mudo' [c:/AES/AES.srcs/sources_1/bd/aes_bd/ipshared/8618/hdl/vhdl/aes_encrypt_top.vhd:11841]
	Parameter ID bound to: 1 - type: integer 
	Parameter NUM_STAGE bound to: 1 - type: integer 
	Parameter din0_WIDTH bound to: 8 - type: integer 
	Parameter din1_WIDTH bound to: 8 - type: integer 
	Parameter din2_WIDTH bound to: 8 - type: integer 
	Parameter din3_WIDTH bound to: 8 - type: integer 
	Parameter din4_WIDTH bound to: 8 - type: integer 
	Parameter din5_WIDTH bound to: 8 - type: integer 
	Parameter din6_WIDTH bound to: 8 - type: integer 
	Parameter din7_WIDTH bound to: 8 - type: integer 
	Parameter din8_WIDTH bound to: 8 - type: integer 
	Parameter din9_WIDTH bound to: 8 - type: integer 
	Parameter din10_WIDTH bound to: 8 - type: integer 
	Parameter din11_WIDTH bound to: 8 - type: integer 
	Parameter din12_WIDTH bound to: 8 - type: integer 
	Parameter din13_WIDTH bound to: 8 - type: integer 
	Parameter din14_WIDTH bound to: 8 - type: integer 
	Parameter din15_WIDTH bound to: 8 - type: integer 
	Parameter din16_WIDTH bound to: 8 - type: integer 
	Parameter din17_WIDTH bound to: 8 - type: integer 
	Parameter din18_WIDTH bound to: 8 - type: integer 
	Parameter din19_WIDTH bound to: 8 - type: integer 
	Parameter din20_WIDTH bound to: 8 - type: integer 
	Parameter din21_WIDTH bound to: 8 - type: integer 
	Parameter din22_WIDTH bound to: 8 - type: integer 
	Parameter din23_WIDTH bound to: 8 - type: integer 
	Parameter din24_WIDTH bound to: 8 - type: integer 
	Parameter din25_WIDTH bound to: 8 - type: integer 
	Parameter din26_WIDTH bound to: 8 - type: integer 
	Parameter din27_WIDTH bound to: 8 - type: integer 
	Parameter din28_WIDTH bound to: 8 - type: integer 
	Parameter din29_WIDTH bound to: 8 - type: integer 
	Parameter din30_WIDTH bound to: 8 - type: integer 
	Parameter din31_WIDTH bound to: 8 - type: integer 
	Parameter din32_WIDTH bound to: 8 - type: integer 
	Parameter din33_WIDTH bound to: 8 - type: integer 
	Parameter din34_WIDTH bound to: 8 - type: integer 
	Parameter din35_WIDTH bound to: 8 - type: integer 
	Parameter din36_WIDTH bound to: 8 - type: integer 
	Parameter din37_WIDTH bound to: 8 - type: integer 
	Parameter din38_WIDTH bound to: 8 - type: integer 
	Parameter din39_WIDTH bound to: 8 - type: integer 
	Parameter din40_WIDTH bound to: 8 - type: integer 
	Parameter din41_WIDTH bound to: 8 - type: integer 
	Parameter din42_WIDTH bound to: 8 - type: integer 
	Parameter din43_WIDTH bound to: 8 - type: integer 
	Parameter din44_WIDTH bound to: 8 - type: integer 
	Parameter din45_WIDTH bound to: 8 - type: integer 
	Parameter din46_WIDTH bound to: 8 - type: integer 
	Parameter din47_WIDTH bound to: 8 - type: integer 
	Parameter din48_WIDTH bound to: 8 - type: integer 
	Parameter din49_WIDTH bound to: 8 - type: integer 
	Parameter din50_WIDTH bound to: 8 - type: integer 
	Parameter din51_WIDTH bound to: 8 - type: integer 
	Parameter din52_WIDTH bound to: 8 - type: integer 
	Parameter din53_WIDTH bound to: 8 - type: integer 
	Parameter din54_WIDTH bound to: 8 - type: integer 
	Parameter din55_WIDTH bound to: 8 - type: integer 
	Parameter din56_WIDTH bound to: 8 - type: integer 
	Parameter din57_WIDTH bound to: 8 - type: integer 
	Parameter din58_WIDTH bound to: 8 - type: integer 
	Parameter din59_WIDTH bound to: 8 - type: integer 
	Parameter din60_WIDTH bound to: 8 - type: integer 
	Parameter din61_WIDTH bound to: 8 - type: integer 
	Parameter din62_WIDTH bound to: 8 - type: integer 
	Parameter din63_WIDTH bound to: 8 - type: integer 
	Parameter din64_WIDTH bound to: 8 - type: integer 
	Parameter din65_WIDTH bound to: 8 - type: integer 
	Parameter din66_WIDTH bound to: 8 - type: integer 
	Parameter din67_WIDTH bound to: 8 - type: integer 
	Parameter din68_WIDTH bound to: 8 - type: integer 
	Parameter din69_WIDTH bound to: 8 - type: integer 
	Parameter din70_WIDTH bound to: 8 - type: integer 
	Parameter din71_WIDTH bound to: 8 - type: integer 
	Parameter din72_WIDTH bound to: 8 - type: integer 
	Parameter din73_WIDTH bound to: 8 - type: integer 
	Parameter din74_WIDTH bound to: 8 - type: integer 
	Parameter din75_WIDTH bound to: 8 - type: integer 
	Parameter din76_WIDTH bound to: 8 - type: integer 
	Parameter din77_WIDTH bound to: 8 - type: integer 
	Parameter din78_WIDTH bound to: 8 - type: integer 
	Parameter din79_WIDTH bound to: 8 - type: integer 
	Parameter din80_WIDTH bound to: 8 - type: integer 
	Parameter din81_WIDTH bound to: 8 - type: integer 
	Parameter din82_WIDTH bound to: 8 - type: integer 
	Parameter din83_WIDTH bound to: 8 - type: integer 
	Parameter din84_WIDTH bound to: 8 - type: integer 
	Parameter din85_WIDTH bound to: 8 - type: integer 
	Parameter din86_WIDTH bound to: 8 - type: integer 
	Parameter din87_WIDTH bound to: 8 - type: integer 
	Parameter din88_WIDTH bound to: 8 - type: integer 
	Parameter din89_WIDTH bound to: 8 - type: integer 
	Parameter din90_WIDTH bound to: 8 - type: integer 
	Parameter din91_WIDTH bound to: 8 - type: integer 
	Parameter din92_WIDTH bound to: 8 - type: integer 
	Parameter din93_WIDTH bound to: 8 - type: integer 
	Parameter din94_WIDTH bound to: 8 - type: integer 
	Parameter din95_WIDTH bound to: 8 - type: integer 
	Parameter din96_WIDTH bound to: 8 - type: integer 
	Parameter din97_WIDTH bound to: 8 - type: integer 
	Parameter din98_WIDTH bound to: 8 - type: integer 
	Parameter din99_WIDTH bound to: 8 - type: integer 
	Parameter din100_WIDTH bound to: 8 - type: integer 
	Parameter din101_WIDTH bound to: 8 - type: integer 
	Parameter din102_WIDTH bound to: 8 - type: integer 
	Parameter din103_WIDTH bound to: 8 - type: integer 
	Parameter din104_WIDTH bound to: 8 - type: integer 
	Parameter din105_WIDTH bound to: 8 - type: integer 
	Parameter din106_WIDTH bound to: 8 - type: integer 
	Parameter din107_WIDTH bound to: 8 - type: integer 
	Parameter din108_WIDTH bound to: 8 - type: integer 
	Parameter din109_WIDTH bound to: 8 - type: integer 
	Parameter din110_WIDTH bound to: 8 - type: integer 
	Parameter din111_WIDTH bound to: 8 - type: integer 
	Parameter din112_WIDTH bound to: 8 - type: integer 
	Parameter din113_WIDTH bound to: 8 - type: integer 
	Parameter din114_WIDTH bound to: 8 - type: integer 
	Parameter din115_WIDTH bound to: 8 - type: integer 
	Parameter din116_WIDTH bound to: 8 - type: integer 
	Parameter din117_WIDTH bound to: 8 - type: integer 
	Parameter din118_WIDTH bound to: 8 - type: integer 
	Parameter din119_WIDTH bound to: 8 - type: integer 
	Parameter din120_WIDTH bound to: 8 - type: integer 
	Parameter din121_WIDTH bound to: 8 - type: integer 
	Parameter din122_WIDTH bound to: 8 - type: integer 
	Parameter din123_WIDTH bound to: 8 - type: integer 
	Parameter din124_WIDTH bound to: 8 - type: integer 
	Parameter din125_WIDTH bound to: 8 - type: integer 
	Parameter din126_WIDTH bound to: 8 - type: integer 
	Parameter din127_WIDTH bound to: 8 - type: integer 
	Parameter din128_WIDTH bound to: 8 - type: integer 
	Parameter din129_WIDTH bound to: 8 - type: integer 
	Parameter din130_WIDTH bound to: 8 - type: integer 
	Parameter din131_WIDTH bound to: 8 - type: integer 
	Parameter din132_WIDTH bound to: 8 - type: integer 
	Parameter din133_WIDTH bound to: 8 - type: integer 
	Parameter din134_WIDTH bound to: 8 - type: integer 
	Parameter din135_WIDTH bound to: 8 - type: integer 
	Parameter din136_WIDTH bound to: 8 - type: integer 
	Parameter din137_WIDTH bound to: 8 - type: integer 
	Parameter din138_WIDTH bound to: 8 - type: integer 
	Parameter din139_WIDTH bound to: 8 - type: integer 
	Parameter din140_WIDTH bound to: 8 - type: integer 
	Parameter din141_WIDTH bound to: 8 - type: integer 
	Parameter din142_WIDTH bound to: 8 - type: integer 
	Parameter din143_WIDTH bound to: 8 - type: integer 
	Parameter din144_WIDTH bound to: 8 - type: integer 
	Parameter din145_WIDTH bound to: 8 - type: integer 
	Parameter din146_WIDTH bound to: 8 - type: integer 
	Parameter din147_WIDTH bound to: 8 - type: integer 
	Parameter din148_WIDTH bound to: 8 - type: integer 
	Parameter din149_WIDTH bound to: 8 - type: integer 
	Parameter din150_WIDTH bound to: 8 - type: integer 
	Parameter din151_WIDTH bound to: 8 - type: integer 
	Parameter din152_WIDTH bound to: 8 - type: integer 
	Parameter din153_WIDTH bound to: 8 - type: integer 
	Parameter din154_WIDTH bound to: 8 - type: integer 
	Parameter din155_WIDTH bound to: 8 - type: integer 
	Parameter din156_WIDTH bound to: 8 - type: integer 
	Parameter din157_WIDTH bound to: 8 - type: integer 
	Parameter din158_WIDTH bound to: 8 - type: integer 
	Parameter din159_WIDTH bound to: 8 - type: integer 
	Parameter din160_WIDTH bound to: 8 - type: integer 
	Parameter din161_WIDTH bound to: 8 - type: integer 
	Parameter din162_WIDTH bound to: 8 - type: integer 
	Parameter din163_WIDTH bound to: 8 - type: integer 
	Parameter din164_WIDTH bound to: 8 - type: integer 
	Parameter din165_WIDTH bound to: 8 - type: integer 
	Parameter din166_WIDTH bound to: 8 - type: integer 
	Parameter din167_WIDTH bound to: 8 - type: integer 
	Parameter din168_WIDTH bound to: 8 - type: integer 
	Parameter din169_WIDTH bound to: 8 - type: integer 
	Parameter din170_WIDTH bound to: 8 - type: integer 
	Parameter din171_WIDTH bound to: 8 - type: integer 
	Parameter din172_WIDTH bound to: 8 - type: integer 
	Parameter din173_WIDTH bound to: 8 - type: integer 
	Parameter din174_WIDTH bound to: 8 - type: integer 
	Parameter din175_WIDTH bound to: 8 - type: integer 
	Parameter din176_WIDTH bound to: 8 - type: integer 
	Parameter din177_WIDTH bound to: 8 - type: integer 
	Parameter din178_WIDTH bound to: 8 - type: integer 
	Parameter din179_WIDTH bound to: 8 - type: integer 
	Parameter din180_WIDTH bound to: 8 - type: integer 
	Parameter din181_WIDTH bound to: 8 - type: integer 
	Parameter din182_WIDTH bound to: 8 - type: integer 
	Parameter din183_WIDTH bound to: 8 - type: integer 
	Parameter din184_WIDTH bound to: 8 - type: integer 
	Parameter din185_WIDTH bound to: 8 - type: integer 
	Parameter din186_WIDTH bound to: 8 - type: integer 
	Parameter din187_WIDTH bound to: 8 - type: integer 
	Parameter din188_WIDTH bound to: 8 - type: integer 
	Parameter din189_WIDTH bound to: 8 - type: integer 
	Parameter din190_WIDTH bound to: 8 - type: integer 
	Parameter din191_WIDTH bound to: 8 - type: integer 
	Parameter din192_WIDTH bound to: 8 - type: integer 
	Parameter din193_WIDTH bound to: 8 - type: integer 
	Parameter din194_WIDTH bound to: 8 - type: integer 
	Parameter din195_WIDTH bound to: 8 - type: integer 
	Parameter din196_WIDTH bound to: 8 - type: integer 
	Parameter din197_WIDTH bound to: 8 - type: integer 
	Parameter din198_WIDTH bound to: 8 - type: integer 
	Parameter din199_WIDTH bound to: 8 - type: integer 
	Parameter din200_WIDTH bound to: 8 - type: integer 
	Parameter din201_WIDTH bound to: 8 - type: integer 
	Parameter din202_WIDTH bound to: 8 - type: integer 
	Parameter din203_WIDTH bound to: 8 - type: integer 
	Parameter din204_WIDTH bound to: 8 - type: integer 
	Parameter din205_WIDTH bound to: 8 - type: integer 
	Parameter din206_WIDTH bound to: 8 - type: integer 
	Parameter din207_WIDTH bound to: 8 - type: integer 
	Parameter din208_WIDTH bound to: 8 - type: integer 
	Parameter din209_WIDTH bound to: 8 - type: integer 
	Parameter din210_WIDTH bound to: 8 - type: integer 
	Parameter din211_WIDTH bound to: 8 - type: integer 
	Parameter din212_WIDTH bound to: 8 - type: integer 
	Parameter din213_WIDTH bound to: 8 - type: integer 
	Parameter din214_WIDTH bound to: 8 - type: integer 
	Parameter din215_WIDTH bound to: 8 - type: integer 
	Parameter din216_WIDTH bound to: 8 - type: integer 
	Parameter din217_WIDTH bound to: 8 - type: integer 
	Parameter din218_WIDTH bound to: 8 - type: integer 
	Parameter din219_WIDTH bound to: 8 - type: integer 
	Parameter din220_WIDTH bound to: 8 - type: integer 
	Parameter din221_WIDTH bound to: 8 - type: integer 
	Parameter din222_WIDTH bound to: 8 - type: integer 
	Parameter din223_WIDTH bound to: 8 - type: integer 
	Parameter din224_WIDTH bound to: 8 - type: integer 
	Parameter din225_WIDTH bound to: 8 - type: integer 
	Parameter din226_WIDTH bound to: 8 - type: integer 
	Parameter din227_WIDTH bound to: 8 - type: integer 
	Parameter din228_WIDTH bound to: 8 - type: integer 
	Parameter din229_WIDTH bound to: 8 - type: integer 
	Parameter din230_WIDTH bound to: 8 - type: integer 
	Parameter din231_WIDTH bound to: 8 - type: integer 
	Parameter din232_WIDTH bound to: 8 - type: integer 
	Parameter din233_WIDTH bound to: 8 - type: integer 
	Parameter din234_WIDTH bound to: 8 - type: integer 
	Parameter din235_WIDTH bound to: 8 - type: integer 
	Parameter din236_WIDTH bound to: 8 - type: integer 
	Parameter din237_WIDTH bound to: 8 - type: integer 
	Parameter din238_WIDTH bound to: 8 - type: integer 
	Parameter din239_WIDTH bound to: 8 - type: integer 
	Parameter din240_WIDTH bound to: 8 - type: integer 
	Parameter din241_WIDTH bound to: 8 - type: integer 
	Parameter din242_WIDTH bound to: 8 - type: integer 
	Parameter din243_WIDTH bound to: 8 - type: integer 
	Parameter din244_WIDTH bound to: 8 - type: integer 
	Parameter din245_WIDTH bound to: 8 - type: integer 
	Parameter din246_WIDTH bound to: 8 - type: integer 
	Parameter din247_WIDTH bound to: 8 - type: integer 
	Parameter din248_WIDTH bound to: 8 - type: integer 
	Parameter din249_WIDTH bound to: 8 - type: integer 
	Parameter din250_WIDTH bound to: 8 - type: integer 
	Parameter din251_WIDTH bound to: 8 - type: integer 
	Parameter din252_WIDTH bound to: 8 - type: integer 
	Parameter din253_WIDTH bound to: 8 - type: integer 
	Parameter din254_WIDTH bound to: 8 - type: integer 
	Parameter din255_WIDTH bound to: 8 - type: integer 
	Parameter din256_WIDTH bound to: 8 - type: integer 
	Parameter dout_WIDTH bound to: 8 - type: integer 
INFO: [Synth 8-3491] module 'aes_encrypt_top_mudo' declared at 'c:/AES/AES.srcs/sources_1/bd/aes_bd/ipshared/8618/hdl/vhdl/aes_encrypt_top_mudo.vhd:13' bound to instance 'aes_encrypt_top_mudo_U20' of component 'aes_encrypt_top_mudo' [c:/AES/AES.srcs/sources_1/bd/aes_bd/ipshared/8618/hdl/vhdl/aes_encrypt_top.vhd:12363]
	Parameter ID bound to: 1 - type: integer 
	Parameter NUM_STAGE bound to: 1 - type: integer 
	Parameter din0_WIDTH bound to: 8 - type: integer 
	Parameter din1_WIDTH bound to: 8 - type: integer 
	Parameter din2_WIDTH bound to: 8 - type: integer 
	Parameter din3_WIDTH bound to: 8 - type: integer 
	Parameter din4_WIDTH bound to: 8 - type: integer 
	Parameter din5_WIDTH bound to: 8 - type: integer 
	Parameter din6_WIDTH bound to: 8 - type: integer 
	Parameter din7_WIDTH bound to: 8 - type: integer 
	Parameter din8_WIDTH bound to: 8 - type: integer 
	Parameter din9_WIDTH bound to: 8 - type: integer 
	Parameter din10_WIDTH bound to: 8 - type: integer 
	Parameter din11_WIDTH bound to: 8 - type: integer 
	Parameter din12_WIDTH bound to: 8 - type: integer 
	Parameter din13_WIDTH bound to: 8 - type: integer 
	Parameter din14_WIDTH bound to: 8 - type: integer 
	Parameter din15_WIDTH bound to: 8 - type: integer 
	Parameter din16_WIDTH bound to: 8 - type: integer 
	Parameter din17_WIDTH bound to: 8 - type: integer 
	Parameter din18_WIDTH bound to: 8 - type: integer 
	Parameter din19_WIDTH bound to: 8 - type: integer 
	Parameter din20_WIDTH bound to: 8 - type: integer 
	Parameter din21_WIDTH bound to: 8 - type: integer 
	Parameter din22_WIDTH bound to: 8 - type: integer 
	Parameter din23_WIDTH bound to: 8 - type: integer 
	Parameter din24_WIDTH bound to: 8 - type: integer 
	Parameter din25_WIDTH bound to: 8 - type: integer 
	Parameter din26_WIDTH bound to: 8 - type: integer 
	Parameter din27_WIDTH bound to: 8 - type: integer 
	Parameter din28_WIDTH bound to: 8 - type: integer 
	Parameter din29_WIDTH bound to: 8 - type: integer 
	Parameter din30_WIDTH bound to: 8 - type: integer 
	Parameter din31_WIDTH bound to: 8 - type: integer 
	Parameter din32_WIDTH bound to: 8 - type: integer 
	Parameter din33_WIDTH bound to: 8 - type: integer 
	Parameter din34_WIDTH bound to: 8 - type: integer 
	Parameter din35_WIDTH bound to: 8 - type: integer 
	Parameter din36_WIDTH bound to: 8 - type: integer 
	Parameter din37_WIDTH bound to: 8 - type: integer 
	Parameter din38_WIDTH bound to: 8 - type: integer 
	Parameter din39_WIDTH bound to: 8 - type: integer 
	Parameter din40_WIDTH bound to: 8 - type: integer 
	Parameter din41_WIDTH bound to: 8 - type: integer 
	Parameter din42_WIDTH bound to: 8 - type: integer 
	Parameter din43_WIDTH bound to: 8 - type: integer 
	Parameter din44_WIDTH bound to: 8 - type: integer 
	Parameter din45_WIDTH bound to: 8 - type: integer 
	Parameter din46_WIDTH bound to: 8 - type: integer 
	Parameter din47_WIDTH bound to: 8 - type: integer 
	Parameter din48_WIDTH bound to: 8 - type: integer 
	Parameter din49_WIDTH bound to: 8 - type: integer 
	Parameter din50_WIDTH bound to: 8 - type: integer 
	Parameter din51_WIDTH bound to: 8 - type: integer 
	Parameter din52_WIDTH bound to: 8 - type: integer 
	Parameter din53_WIDTH bound to: 8 - type: integer 
	Parameter din54_WIDTH bound to: 8 - type: integer 
	Parameter din55_WIDTH bound to: 8 - type: integer 
	Parameter din56_WIDTH bound to: 8 - type: integer 
	Parameter din57_WIDTH bound to: 8 - type: integer 
	Parameter din58_WIDTH bound to: 8 - type: integer 
	Parameter din59_WIDTH bound to: 8 - type: integer 
	Parameter din60_WIDTH bound to: 8 - type: integer 
	Parameter din61_WIDTH bound to: 8 - type: integer 
	Parameter din62_WIDTH bound to: 8 - type: integer 
	Parameter din63_WIDTH bound to: 8 - type: integer 
	Parameter din64_WIDTH bound to: 8 - type: integer 
	Parameter din65_WIDTH bound to: 8 - type: integer 
	Parameter din66_WIDTH bound to: 8 - type: integer 
	Parameter din67_WIDTH bound to: 8 - type: integer 
	Parameter din68_WIDTH bound to: 8 - type: integer 
	Parameter din69_WIDTH bound to: 8 - type: integer 
	Parameter din70_WIDTH bound to: 8 - type: integer 
	Parameter din71_WIDTH bound to: 8 - type: integer 
	Parameter din72_WIDTH bound to: 8 - type: integer 
	Parameter din73_WIDTH bound to: 8 - type: integer 
	Parameter din74_WIDTH bound to: 8 - type: integer 
	Parameter din75_WIDTH bound to: 8 - type: integer 
	Parameter din76_WIDTH bound to: 8 - type: integer 
	Parameter din77_WIDTH bound to: 8 - type: integer 
	Parameter din78_WIDTH bound to: 8 - type: integer 
	Parameter din79_WIDTH bound to: 8 - type: integer 
	Parameter din80_WIDTH bound to: 8 - type: integer 
	Parameter din81_WIDTH bound to: 8 - type: integer 
	Parameter din82_WIDTH bound to: 8 - type: integer 
	Parameter din83_WIDTH bound to: 8 - type: integer 
	Parameter din84_WIDTH bound to: 8 - type: integer 
	Parameter din85_WIDTH bound to: 8 - type: integer 
	Parameter din86_WIDTH bound to: 8 - type: integer 
	Parameter din87_WIDTH bound to: 8 - type: integer 
	Parameter din88_WIDTH bound to: 8 - type: integer 
	Parameter din89_WIDTH bound to: 8 - type: integer 
	Parameter din90_WIDTH bound to: 8 - type: integer 
	Parameter din91_WIDTH bound to: 8 - type: integer 
	Parameter din92_WIDTH bound to: 8 - type: integer 
	Parameter din93_WIDTH bound to: 8 - type: integer 
	Parameter din94_WIDTH bound to: 8 - type: integer 
	Parameter din95_WIDTH bound to: 8 - type: integer 
	Parameter din96_WIDTH bound to: 8 - type: integer 
	Parameter din97_WIDTH bound to: 8 - type: integer 
	Parameter din98_WIDTH bound to: 8 - type: integer 
	Parameter din99_WIDTH bound to: 8 - type: integer 
	Parameter din100_WIDTH bound to: 8 - type: integer 
	Parameter din101_WIDTH bound to: 8 - type: integer 
	Parameter din102_WIDTH bound to: 8 - type: integer 
	Parameter din103_WIDTH bound to: 8 - type: integer 
	Parameter din104_WIDTH bound to: 8 - type: integer 
	Parameter din105_WIDTH bound to: 8 - type: integer 
	Parameter din106_WIDTH bound to: 8 - type: integer 
	Parameter din107_WIDTH bound to: 8 - type: integer 
	Parameter din108_WIDTH bound to: 8 - type: integer 
	Parameter din109_WIDTH bound to: 8 - type: integer 
	Parameter din110_WIDTH bound to: 8 - type: integer 
	Parameter din111_WIDTH bound to: 8 - type: integer 
	Parameter din112_WIDTH bound to: 8 - type: integer 
	Parameter din113_WIDTH bound to: 8 - type: integer 
	Parameter din114_WIDTH bound to: 8 - type: integer 
	Parameter din115_WIDTH bound to: 8 - type: integer 
	Parameter din116_WIDTH bound to: 8 - type: integer 
	Parameter din117_WIDTH bound to: 8 - type: integer 
	Parameter din118_WIDTH bound to: 8 - type: integer 
	Parameter din119_WIDTH bound to: 8 - type: integer 
	Parameter din120_WIDTH bound to: 8 - type: integer 
	Parameter din121_WIDTH bound to: 8 - type: integer 
	Parameter din122_WIDTH bound to: 8 - type: integer 
	Parameter din123_WIDTH bound to: 8 - type: integer 
	Parameter din124_WIDTH bound to: 8 - type: integer 
	Parameter din125_WIDTH bound to: 8 - type: integer 
	Parameter din126_WIDTH bound to: 8 - type: integer 
	Parameter din127_WIDTH bound to: 8 - type: integer 
	Parameter din128_WIDTH bound to: 8 - type: integer 
	Parameter din129_WIDTH bound to: 8 - type: integer 
	Parameter din130_WIDTH bound to: 8 - type: integer 
	Parameter din131_WIDTH bound to: 8 - type: integer 
	Parameter din132_WIDTH bound to: 8 - type: integer 
	Parameter din133_WIDTH bound to: 8 - type: integer 
	Parameter din134_WIDTH bound to: 8 - type: integer 
	Parameter din135_WIDTH bound to: 8 - type: integer 
	Parameter din136_WIDTH bound to: 8 - type: integer 
	Parameter din137_WIDTH bound to: 8 - type: integer 
	Parameter din138_WIDTH bound to: 8 - type: integer 
	Parameter din139_WIDTH bound to: 8 - type: integer 
	Parameter din140_WIDTH bound to: 8 - type: integer 
	Parameter din141_WIDTH bound to: 8 - type: integer 
	Parameter din142_WIDTH bound to: 8 - type: integer 
	Parameter din143_WIDTH bound to: 8 - type: integer 
	Parameter din144_WIDTH bound to: 8 - type: integer 
	Parameter din145_WIDTH bound to: 8 - type: integer 
	Parameter din146_WIDTH bound to: 8 - type: integer 
	Parameter din147_WIDTH bound to: 8 - type: integer 
	Parameter din148_WIDTH bound to: 8 - type: integer 
	Parameter din149_WIDTH bound to: 8 - type: integer 
	Parameter din150_WIDTH bound to: 8 - type: integer 
	Parameter din151_WIDTH bound to: 8 - type: integer 
	Parameter din152_WIDTH bound to: 8 - type: integer 
	Parameter din153_WIDTH bound to: 8 - type: integer 
	Parameter din154_WIDTH bound to: 8 - type: integer 
	Parameter din155_WIDTH bound to: 8 - type: integer 
	Parameter din156_WIDTH bound to: 8 - type: integer 
	Parameter din157_WIDTH bound to: 8 - type: integer 
	Parameter din158_WIDTH bound to: 8 - type: integer 
	Parameter din159_WIDTH bound to: 8 - type: integer 
	Parameter din160_WIDTH bound to: 8 - type: integer 
	Parameter din161_WIDTH bound to: 8 - type: integer 
	Parameter din162_WIDTH bound to: 8 - type: integer 
	Parameter din163_WIDTH bound to: 8 - type: integer 
	Parameter din164_WIDTH bound to: 8 - type: integer 
	Parameter din165_WIDTH bound to: 8 - type: integer 
	Parameter din166_WIDTH bound to: 8 - type: integer 
	Parameter din167_WIDTH bound to: 8 - type: integer 
	Parameter din168_WIDTH bound to: 8 - type: integer 
	Parameter din169_WIDTH bound to: 8 - type: integer 
	Parameter din170_WIDTH bound to: 8 - type: integer 
	Parameter din171_WIDTH bound to: 8 - type: integer 
	Parameter din172_WIDTH bound to: 8 - type: integer 
	Parameter din173_WIDTH bound to: 8 - type: integer 
	Parameter din174_WIDTH bound to: 8 - type: integer 
	Parameter din175_WIDTH bound to: 8 - type: integer 
	Parameter din176_WIDTH bound to: 8 - type: integer 
	Parameter din177_WIDTH bound to: 8 - type: integer 
	Parameter din178_WIDTH bound to: 8 - type: integer 
	Parameter din179_WIDTH bound to: 8 - type: integer 
	Parameter din180_WIDTH bound to: 8 - type: integer 
	Parameter din181_WIDTH bound to: 8 - type: integer 
	Parameter din182_WIDTH bound to: 8 - type: integer 
	Parameter din183_WIDTH bound to: 8 - type: integer 
	Parameter din184_WIDTH bound to: 8 - type: integer 
	Parameter din185_WIDTH bound to: 8 - type: integer 
	Parameter din186_WIDTH bound to: 8 - type: integer 
	Parameter din187_WIDTH bound to: 8 - type: integer 
	Parameter din188_WIDTH bound to: 8 - type: integer 
	Parameter din189_WIDTH bound to: 8 - type: integer 
	Parameter din190_WIDTH bound to: 8 - type: integer 
	Parameter din191_WIDTH bound to: 8 - type: integer 
	Parameter din192_WIDTH bound to: 8 - type: integer 
	Parameter din193_WIDTH bound to: 8 - type: integer 
	Parameter din194_WIDTH bound to: 8 - type: integer 
	Parameter din195_WIDTH bound to: 8 - type: integer 
	Parameter din196_WIDTH bound to: 8 - type: integer 
	Parameter din197_WIDTH bound to: 8 - type: integer 
	Parameter din198_WIDTH bound to: 8 - type: integer 
	Parameter din199_WIDTH bound to: 8 - type: integer 
	Parameter din200_WIDTH bound to: 8 - type: integer 
	Parameter din201_WIDTH bound to: 8 - type: integer 
	Parameter din202_WIDTH bound to: 8 - type: integer 
	Parameter din203_WIDTH bound to: 8 - type: integer 
	Parameter din204_WIDTH bound to: 8 - type: integer 
	Parameter din205_WIDTH bound to: 8 - type: integer 
	Parameter din206_WIDTH bound to: 8 - type: integer 
	Parameter din207_WIDTH bound to: 8 - type: integer 
	Parameter din208_WIDTH bound to: 8 - type: integer 
	Parameter din209_WIDTH bound to: 8 - type: integer 
	Parameter din210_WIDTH bound to: 8 - type: integer 
	Parameter din211_WIDTH bound to: 8 - type: integer 
	Parameter din212_WIDTH bound to: 8 - type: integer 
	Parameter din213_WIDTH bound to: 8 - type: integer 
	Parameter din214_WIDTH bound to: 8 - type: integer 
	Parameter din215_WIDTH bound to: 8 - type: integer 
	Parameter din216_WIDTH bound to: 8 - type: integer 
	Parameter din217_WIDTH bound to: 8 - type: integer 
	Parameter din218_WIDTH bound to: 8 - type: integer 
	Parameter din219_WIDTH bound to: 8 - type: integer 
	Parameter din220_WIDTH bound to: 8 - type: integer 
	Parameter din221_WIDTH bound to: 8 - type: integer 
	Parameter din222_WIDTH bound to: 8 - type: integer 
	Parameter din223_WIDTH bound to: 8 - type: integer 
	Parameter din224_WIDTH bound to: 8 - type: integer 
	Parameter din225_WIDTH bound to: 8 - type: integer 
	Parameter din226_WIDTH bound to: 8 - type: integer 
	Parameter din227_WIDTH bound to: 8 - type: integer 
	Parameter din228_WIDTH bound to: 8 - type: integer 
	Parameter din229_WIDTH bound to: 8 - type: integer 
	Parameter din230_WIDTH bound to: 8 - type: integer 
	Parameter din231_WIDTH bound to: 8 - type: integer 
	Parameter din232_WIDTH bound to: 8 - type: integer 
	Parameter din233_WIDTH bound to: 8 - type: integer 
	Parameter din234_WIDTH bound to: 8 - type: integer 
	Parameter din235_WIDTH bound to: 8 - type: integer 
	Parameter din236_WIDTH bound to: 8 - type: integer 
	Parameter din237_WIDTH bound to: 8 - type: integer 
	Parameter din238_WIDTH bound to: 8 - type: integer 
	Parameter din239_WIDTH bound to: 8 - type: integer 
	Parameter din240_WIDTH bound to: 8 - type: integer 
	Parameter din241_WIDTH bound to: 8 - type: integer 
	Parameter din242_WIDTH bound to: 8 - type: integer 
	Parameter din243_WIDTH bound to: 8 - type: integer 
	Parameter din244_WIDTH bound to: 8 - type: integer 
	Parameter din245_WIDTH bound to: 8 - type: integer 
	Parameter din246_WIDTH bound to: 8 - type: integer 
	Parameter din247_WIDTH bound to: 8 - type: integer 
	Parameter din248_WIDTH bound to: 8 - type: integer 
	Parameter din249_WIDTH bound to: 8 - type: integer 
	Parameter din250_WIDTH bound to: 8 - type: integer 
	Parameter din251_WIDTH bound to: 8 - type: integer 
	Parameter din252_WIDTH bound to: 8 - type: integer 
	Parameter din253_WIDTH bound to: 8 - type: integer 
	Parameter din254_WIDTH bound to: 8 - type: integer 
	Parameter din255_WIDTH bound to: 8 - type: integer 
	Parameter din256_WIDTH bound to: 8 - type: integer 
	Parameter dout_WIDTH bound to: 8 - type: integer 
INFO: [Synth 8-3491] module 'aes_encrypt_top_mudo' declared at 'c:/AES/AES.srcs/sources_1/bd/aes_bd/ipshared/8618/hdl/vhdl/aes_encrypt_top_mudo.vhd:13' bound to instance 'aes_encrypt_top_mudo_U21' of component 'aes_encrypt_top_mudo' [c:/AES/AES.srcs/sources_1/bd/aes_bd/ipshared/8618/hdl/vhdl/aes_encrypt_top.vhd:12885]
	Parameter ID bound to: 1 - type: integer 
	Parameter NUM_STAGE bound to: 1 - type: integer 
	Parameter din0_WIDTH bound to: 8 - type: integer 
	Parameter din1_WIDTH bound to: 8 - type: integer 
	Parameter din2_WIDTH bound to: 8 - type: integer 
	Parameter din3_WIDTH bound to: 8 - type: integer 
	Parameter din4_WIDTH bound to: 8 - type: integer 
	Parameter din5_WIDTH bound to: 8 - type: integer 
	Parameter din6_WIDTH bound to: 8 - type: integer 
	Parameter din7_WIDTH bound to: 8 - type: integer 
	Parameter din8_WIDTH bound to: 8 - type: integer 
	Parameter din9_WIDTH bound to: 8 - type: integer 
	Parameter din10_WIDTH bound to: 8 - type: integer 
	Parameter din11_WIDTH bound to: 8 - type: integer 
	Parameter din12_WIDTH bound to: 8 - type: integer 
	Parameter din13_WIDTH bound to: 8 - type: integer 
	Parameter din14_WIDTH bound to: 8 - type: integer 
	Parameter din15_WIDTH bound to: 8 - type: integer 
	Parameter din16_WIDTH bound to: 8 - type: integer 
	Parameter din17_WIDTH bound to: 8 - type: integer 
	Parameter din18_WIDTH bound to: 8 - type: integer 
	Parameter din19_WIDTH bound to: 8 - type: integer 
	Parameter din20_WIDTH bound to: 8 - type: integer 
	Parameter din21_WIDTH bound to: 8 - type: integer 
	Parameter din22_WIDTH bound to: 8 - type: integer 
	Parameter din23_WIDTH bound to: 8 - type: integer 
	Parameter din24_WIDTH bound to: 8 - type: integer 
	Parameter din25_WIDTH bound to: 8 - type: integer 
	Parameter din26_WIDTH bound to: 8 - type: integer 
	Parameter din27_WIDTH bound to: 8 - type: integer 
	Parameter din28_WIDTH bound to: 8 - type: integer 
	Parameter din29_WIDTH bound to: 8 - type: integer 
	Parameter din30_WIDTH bound to: 8 - type: integer 
	Parameter din31_WIDTH bound to: 8 - type: integer 
	Parameter din32_WIDTH bound to: 8 - type: integer 
	Parameter din33_WIDTH bound to: 8 - type: integer 
	Parameter din34_WIDTH bound to: 8 - type: integer 
	Parameter din35_WIDTH bound to: 8 - type: integer 
	Parameter din36_WIDTH bound to: 8 - type: integer 
	Parameter din37_WIDTH bound to: 8 - type: integer 
	Parameter din38_WIDTH bound to: 8 - type: integer 
	Parameter din39_WIDTH bound to: 8 - type: integer 
	Parameter din40_WIDTH bound to: 8 - type: integer 
	Parameter din41_WIDTH bound to: 8 - type: integer 
	Parameter din42_WIDTH bound to: 8 - type: integer 
	Parameter din43_WIDTH bound to: 8 - type: integer 
	Parameter din44_WIDTH bound to: 8 - type: integer 
	Parameter din45_WIDTH bound to: 8 - type: integer 
	Parameter din46_WIDTH bound to: 8 - type: integer 
	Parameter din47_WIDTH bound to: 8 - type: integer 
	Parameter din48_WIDTH bound to: 8 - type: integer 
	Parameter din49_WIDTH bound to: 8 - type: integer 
	Parameter din50_WIDTH bound to: 8 - type: integer 
	Parameter din51_WIDTH bound to: 8 - type: integer 
	Parameter din52_WIDTH bound to: 8 - type: integer 
	Parameter din53_WIDTH bound to: 8 - type: integer 
	Parameter din54_WIDTH bound to: 8 - type: integer 
	Parameter din55_WIDTH bound to: 8 - type: integer 
	Parameter din56_WIDTH bound to: 8 - type: integer 
	Parameter din57_WIDTH bound to: 8 - type: integer 
	Parameter din58_WIDTH bound to: 8 - type: integer 
	Parameter din59_WIDTH bound to: 8 - type: integer 
	Parameter din60_WIDTH bound to: 8 - type: integer 
	Parameter din61_WIDTH bound to: 8 - type: integer 
	Parameter din62_WIDTH bound to: 8 - type: integer 
	Parameter din63_WIDTH bound to: 8 - type: integer 
	Parameter din64_WIDTH bound to: 8 - type: integer 
	Parameter din65_WIDTH bound to: 8 - type: integer 
	Parameter din66_WIDTH bound to: 8 - type: integer 
	Parameter din67_WIDTH bound to: 8 - type: integer 
	Parameter din68_WIDTH bound to: 8 - type: integer 
	Parameter din69_WIDTH bound to: 8 - type: integer 
	Parameter din70_WIDTH bound to: 8 - type: integer 
	Parameter din71_WIDTH bound to: 8 - type: integer 
	Parameter din72_WIDTH bound to: 8 - type: integer 
	Parameter din73_WIDTH bound to: 8 - type: integer 
	Parameter din74_WIDTH bound to: 8 - type: integer 
	Parameter din75_WIDTH bound to: 8 - type: integer 
	Parameter din76_WIDTH bound to: 8 - type: integer 
	Parameter din77_WIDTH bound to: 8 - type: integer 
	Parameter din78_WIDTH bound to: 8 - type: integer 
	Parameter din79_WIDTH bound to: 8 - type: integer 
	Parameter din80_WIDTH bound to: 8 - type: integer 
	Parameter din81_WIDTH bound to: 8 - type: integer 
	Parameter din82_WIDTH bound to: 8 - type: integer 
	Parameter din83_WIDTH bound to: 8 - type: integer 
	Parameter din84_WIDTH bound to: 8 - type: integer 
	Parameter din85_WIDTH bound to: 8 - type: integer 
	Parameter din86_WIDTH bound to: 8 - type: integer 
	Parameter din87_WIDTH bound to: 8 - type: integer 
	Parameter din88_WIDTH bound to: 8 - type: integer 
	Parameter din89_WIDTH bound to: 8 - type: integer 
	Parameter din90_WIDTH bound to: 8 - type: integer 
	Parameter din91_WIDTH bound to: 8 - type: integer 
	Parameter din92_WIDTH bound to: 8 - type: integer 
	Parameter din93_WIDTH bound to: 8 - type: integer 
	Parameter din94_WIDTH bound to: 8 - type: integer 
	Parameter din95_WIDTH bound to: 8 - type: integer 
	Parameter din96_WIDTH bound to: 8 - type: integer 
	Parameter din97_WIDTH bound to: 8 - type: integer 
	Parameter din98_WIDTH bound to: 8 - type: integer 
	Parameter din99_WIDTH bound to: 8 - type: integer 
	Parameter din100_WIDTH bound to: 8 - type: integer 
	Parameter din101_WIDTH bound to: 8 - type: integer 
	Parameter din102_WIDTH bound to: 8 - type: integer 
	Parameter din103_WIDTH bound to: 8 - type: integer 
	Parameter din104_WIDTH bound to: 8 - type: integer 
	Parameter din105_WIDTH bound to: 8 - type: integer 
	Parameter din106_WIDTH bound to: 8 - type: integer 
	Parameter din107_WIDTH bound to: 8 - type: integer 
	Parameter din108_WIDTH bound to: 8 - type: integer 
	Parameter din109_WIDTH bound to: 8 - type: integer 
	Parameter din110_WIDTH bound to: 8 - type: integer 
	Parameter din111_WIDTH bound to: 8 - type: integer 
	Parameter din112_WIDTH bound to: 8 - type: integer 
	Parameter din113_WIDTH bound to: 8 - type: integer 
	Parameter din114_WIDTH bound to: 8 - type: integer 
	Parameter din115_WIDTH bound to: 8 - type: integer 
	Parameter din116_WIDTH bound to: 8 - type: integer 
	Parameter din117_WIDTH bound to: 8 - type: integer 
	Parameter din118_WIDTH bound to: 8 - type: integer 
	Parameter din119_WIDTH bound to: 8 - type: integer 
	Parameter din120_WIDTH bound to: 8 - type: integer 
	Parameter din121_WIDTH bound to: 8 - type: integer 
	Parameter din122_WIDTH bound to: 8 - type: integer 
	Parameter din123_WIDTH bound to: 8 - type: integer 
	Parameter din124_WIDTH bound to: 8 - type: integer 
	Parameter din125_WIDTH bound to: 8 - type: integer 
	Parameter din126_WIDTH bound to: 8 - type: integer 
	Parameter din127_WIDTH bound to: 8 - type: integer 
	Parameter din128_WIDTH bound to: 8 - type: integer 
	Parameter din129_WIDTH bound to: 8 - type: integer 
	Parameter din130_WIDTH bound to: 8 - type: integer 
	Parameter din131_WIDTH bound to: 8 - type: integer 
	Parameter din132_WIDTH bound to: 8 - type: integer 
	Parameter din133_WIDTH bound to: 8 - type: integer 
	Parameter din134_WIDTH bound to: 8 - type: integer 
	Parameter din135_WIDTH bound to: 8 - type: integer 
	Parameter din136_WIDTH bound to: 8 - type: integer 
	Parameter din137_WIDTH bound to: 8 - type: integer 
	Parameter din138_WIDTH bound to: 8 - type: integer 
	Parameter din139_WIDTH bound to: 8 - type: integer 
	Parameter din140_WIDTH bound to: 8 - type: integer 
	Parameter din141_WIDTH bound to: 8 - type: integer 
	Parameter din142_WIDTH bound to: 8 - type: integer 
	Parameter din143_WIDTH bound to: 8 - type: integer 
	Parameter din144_WIDTH bound to: 8 - type: integer 
	Parameter din145_WIDTH bound to: 8 - type: integer 
	Parameter din146_WIDTH bound to: 8 - type: integer 
	Parameter din147_WIDTH bound to: 8 - type: integer 
	Parameter din148_WIDTH bound to: 8 - type: integer 
	Parameter din149_WIDTH bound to: 8 - type: integer 
	Parameter din150_WIDTH bound to: 8 - type: integer 
	Parameter din151_WIDTH bound to: 8 - type: integer 
	Parameter din152_WIDTH bound to: 8 - type: integer 
	Parameter din153_WIDTH bound to: 8 - type: integer 
	Parameter din154_WIDTH bound to: 8 - type: integer 
	Parameter din155_WIDTH bound to: 8 - type: integer 
	Parameter din156_WIDTH bound to: 8 - type: integer 
	Parameter din157_WIDTH bound to: 8 - type: integer 
	Parameter din158_WIDTH bound to: 8 - type: integer 
	Parameter din159_WIDTH bound to: 8 - type: integer 
	Parameter din160_WIDTH bound to: 8 - type: integer 
	Parameter din161_WIDTH bound to: 8 - type: integer 
	Parameter din162_WIDTH bound to: 8 - type: integer 
	Parameter din163_WIDTH bound to: 8 - type: integer 
	Parameter din164_WIDTH bound to: 8 - type: integer 
	Parameter din165_WIDTH bound to: 8 - type: integer 
	Parameter din166_WIDTH bound to: 8 - type: integer 
	Parameter din167_WIDTH bound to: 8 - type: integer 
	Parameter din168_WIDTH bound to: 8 - type: integer 
	Parameter din169_WIDTH bound to: 8 - type: integer 
	Parameter din170_WIDTH bound to: 8 - type: integer 
	Parameter din171_WIDTH bound to: 8 - type: integer 
	Parameter din172_WIDTH bound to: 8 - type: integer 
	Parameter din173_WIDTH bound to: 8 - type: integer 
	Parameter din174_WIDTH bound to: 8 - type: integer 
	Parameter din175_WIDTH bound to: 8 - type: integer 
	Parameter din176_WIDTH bound to: 8 - type: integer 
	Parameter din177_WIDTH bound to: 8 - type: integer 
	Parameter din178_WIDTH bound to: 8 - type: integer 
	Parameter din179_WIDTH bound to: 8 - type: integer 
	Parameter din180_WIDTH bound to: 8 - type: integer 
	Parameter din181_WIDTH bound to: 8 - type: integer 
	Parameter din182_WIDTH bound to: 8 - type: integer 
	Parameter din183_WIDTH bound to: 8 - type: integer 
	Parameter din184_WIDTH bound to: 8 - type: integer 
	Parameter din185_WIDTH bound to: 8 - type: integer 
	Parameter din186_WIDTH bound to: 8 - type: integer 
	Parameter din187_WIDTH bound to: 8 - type: integer 
	Parameter din188_WIDTH bound to: 8 - type: integer 
	Parameter din189_WIDTH bound to: 8 - type: integer 
	Parameter din190_WIDTH bound to: 8 - type: integer 
	Parameter din191_WIDTH bound to: 8 - type: integer 
	Parameter din192_WIDTH bound to: 8 - type: integer 
	Parameter din193_WIDTH bound to: 8 - type: integer 
	Parameter din194_WIDTH bound to: 8 - type: integer 
	Parameter din195_WIDTH bound to: 8 - type: integer 
	Parameter din196_WIDTH bound to: 8 - type: integer 
	Parameter din197_WIDTH bound to: 8 - type: integer 
	Parameter din198_WIDTH bound to: 8 - type: integer 
	Parameter din199_WIDTH bound to: 8 - type: integer 
	Parameter din200_WIDTH bound to: 8 - type: integer 
	Parameter din201_WIDTH bound to: 8 - type: integer 
	Parameter din202_WIDTH bound to: 8 - type: integer 
	Parameter din203_WIDTH bound to: 8 - type: integer 
	Parameter din204_WIDTH bound to: 8 - type: integer 
	Parameter din205_WIDTH bound to: 8 - type: integer 
	Parameter din206_WIDTH bound to: 8 - type: integer 
	Parameter din207_WIDTH bound to: 8 - type: integer 
	Parameter din208_WIDTH bound to: 8 - type: integer 
	Parameter din209_WIDTH bound to: 8 - type: integer 
	Parameter din210_WIDTH bound to: 8 - type: integer 
	Parameter din211_WIDTH bound to: 8 - type: integer 
	Parameter din212_WIDTH bound to: 8 - type: integer 
	Parameter din213_WIDTH bound to: 8 - type: integer 
	Parameter din214_WIDTH bound to: 8 - type: integer 
	Parameter din215_WIDTH bound to: 8 - type: integer 
	Parameter din216_WIDTH bound to: 8 - type: integer 
	Parameter din217_WIDTH bound to: 8 - type: integer 
	Parameter din218_WIDTH bound to: 8 - type: integer 
	Parameter din219_WIDTH bound to: 8 - type: integer 
	Parameter din220_WIDTH bound to: 8 - type: integer 
	Parameter din221_WIDTH bound to: 8 - type: integer 
	Parameter din222_WIDTH bound to: 8 - type: integer 
	Parameter din223_WIDTH bound to: 8 - type: integer 
	Parameter din224_WIDTH bound to: 8 - type: integer 
	Parameter din225_WIDTH bound to: 8 - type: integer 
	Parameter din226_WIDTH bound to: 8 - type: integer 
	Parameter din227_WIDTH bound to: 8 - type: integer 
	Parameter din228_WIDTH bound to: 8 - type: integer 
	Parameter din229_WIDTH bound to: 8 - type: integer 
	Parameter din230_WIDTH bound to: 8 - type: integer 
	Parameter din231_WIDTH bound to: 8 - type: integer 
	Parameter din232_WIDTH bound to: 8 - type: integer 
	Parameter din233_WIDTH bound to: 8 - type: integer 
	Parameter din234_WIDTH bound to: 8 - type: integer 
	Parameter din235_WIDTH bound to: 8 - type: integer 
	Parameter din236_WIDTH bound to: 8 - type: integer 
	Parameter din237_WIDTH bound to: 8 - type: integer 
	Parameter din238_WIDTH bound to: 8 - type: integer 
	Parameter din239_WIDTH bound to: 8 - type: integer 
	Parameter din240_WIDTH bound to: 8 - type: integer 
	Parameter din241_WIDTH bound to: 8 - type: integer 
	Parameter din242_WIDTH bound to: 8 - type: integer 
	Parameter din243_WIDTH bound to: 8 - type: integer 
	Parameter din244_WIDTH bound to: 8 - type: integer 
	Parameter din245_WIDTH bound to: 8 - type: integer 
	Parameter din246_WIDTH bound to: 8 - type: integer 
	Parameter din247_WIDTH bound to: 8 - type: integer 
	Parameter din248_WIDTH bound to: 8 - type: integer 
	Parameter din249_WIDTH bound to: 8 - type: integer 
	Parameter din250_WIDTH bound to: 8 - type: integer 
	Parameter din251_WIDTH bound to: 8 - type: integer 
	Parameter din252_WIDTH bound to: 8 - type: integer 
	Parameter din253_WIDTH bound to: 8 - type: integer 
	Parameter din254_WIDTH bound to: 8 - type: integer 
	Parameter din255_WIDTH bound to: 8 - type: integer 
	Parameter din256_WIDTH bound to: 8 - type: integer 
	Parameter dout_WIDTH bound to: 8 - type: integer 
INFO: [Synth 8-3491] module 'aes_encrypt_top_mudo' declared at 'c:/AES/AES.srcs/sources_1/bd/aes_bd/ipshared/8618/hdl/vhdl/aes_encrypt_top_mudo.vhd:13' bound to instance 'aes_encrypt_top_mudo_U22' of component 'aes_encrypt_top_mudo' [c:/AES/AES.srcs/sources_1/bd/aes_bd/ipshared/8618/hdl/vhdl/aes_encrypt_top.vhd:13407]
	Parameter ID bound to: 1 - type: integer 
	Parameter NUM_STAGE bound to: 1 - type: integer 
	Parameter din0_WIDTH bound to: 8 - type: integer 
	Parameter din1_WIDTH bound to: 8 - type: integer 
	Parameter din2_WIDTH bound to: 8 - type: integer 
	Parameter din3_WIDTH bound to: 8 - type: integer 
	Parameter din4_WIDTH bound to: 8 - type: integer 
	Parameter din5_WIDTH bound to: 8 - type: integer 
	Parameter din6_WIDTH bound to: 8 - type: integer 
	Parameter din7_WIDTH bound to: 8 - type: integer 
	Parameter din8_WIDTH bound to: 8 - type: integer 
	Parameter din9_WIDTH bound to: 8 - type: integer 
	Parameter din10_WIDTH bound to: 8 - type: integer 
	Parameter din11_WIDTH bound to: 8 - type: integer 
	Parameter din12_WIDTH bound to: 8 - type: integer 
	Parameter din13_WIDTH bound to: 8 - type: integer 
	Parameter din14_WIDTH bound to: 8 - type: integer 
	Parameter din15_WIDTH bound to: 8 - type: integer 
	Parameter din16_WIDTH bound to: 8 - type: integer 
	Parameter din17_WIDTH bound to: 8 - type: integer 
	Parameter din18_WIDTH bound to: 8 - type: integer 
	Parameter din19_WIDTH bound to: 8 - type: integer 
	Parameter din20_WIDTH bound to: 8 - type: integer 
	Parameter din21_WIDTH bound to: 8 - type: integer 
	Parameter din22_WIDTH bound to: 8 - type: integer 
	Parameter din23_WIDTH bound to: 8 - type: integer 
	Parameter din24_WIDTH bound to: 8 - type: integer 
	Parameter din25_WIDTH bound to: 8 - type: integer 
	Parameter din26_WIDTH bound to: 8 - type: integer 
	Parameter din27_WIDTH bound to: 8 - type: integer 
	Parameter din28_WIDTH bound to: 8 - type: integer 
	Parameter din29_WIDTH bound to: 8 - type: integer 
	Parameter din30_WIDTH bound to: 8 - type: integer 
	Parameter din31_WIDTH bound to: 8 - type: integer 
	Parameter din32_WIDTH bound to: 8 - type: integer 
	Parameter din33_WIDTH bound to: 8 - type: integer 
	Parameter din34_WIDTH bound to: 8 - type: integer 
	Parameter din35_WIDTH bound to: 8 - type: integer 
	Parameter din36_WIDTH bound to: 8 - type: integer 
	Parameter din37_WIDTH bound to: 8 - type: integer 
	Parameter din38_WIDTH bound to: 8 - type: integer 
	Parameter din39_WIDTH bound to: 8 - type: integer 
	Parameter din40_WIDTH bound to: 8 - type: integer 
	Parameter din41_WIDTH bound to: 8 - type: integer 
	Parameter din42_WIDTH bound to: 8 - type: integer 
	Parameter din43_WIDTH bound to: 8 - type: integer 
	Parameter din44_WIDTH bound to: 8 - type: integer 
	Parameter din45_WIDTH bound to: 8 - type: integer 
	Parameter din46_WIDTH bound to: 8 - type: integer 
	Parameter din47_WIDTH bound to: 8 - type: integer 
	Parameter din48_WIDTH bound to: 8 - type: integer 
	Parameter din49_WIDTH bound to: 8 - type: integer 
	Parameter din50_WIDTH bound to: 8 - type: integer 
	Parameter din51_WIDTH bound to: 8 - type: integer 
	Parameter din52_WIDTH bound to: 8 - type: integer 
	Parameter din53_WIDTH bound to: 8 - type: integer 
	Parameter din54_WIDTH bound to: 8 - type: integer 
	Parameter din55_WIDTH bound to: 8 - type: integer 
	Parameter din56_WIDTH bound to: 8 - type: integer 
	Parameter din57_WIDTH bound to: 8 - type: integer 
	Parameter din58_WIDTH bound to: 8 - type: integer 
	Parameter din59_WIDTH bound to: 8 - type: integer 
	Parameter din60_WIDTH bound to: 8 - type: integer 
	Parameter din61_WIDTH bound to: 8 - type: integer 
	Parameter din62_WIDTH bound to: 8 - type: integer 
	Parameter din63_WIDTH bound to: 8 - type: integer 
	Parameter din64_WIDTH bound to: 8 - type: integer 
	Parameter din65_WIDTH bound to: 8 - type: integer 
	Parameter din66_WIDTH bound to: 8 - type: integer 
	Parameter din67_WIDTH bound to: 8 - type: integer 
	Parameter din68_WIDTH bound to: 8 - type: integer 
	Parameter din69_WIDTH bound to: 8 - type: integer 
	Parameter din70_WIDTH bound to: 8 - type: integer 
	Parameter din71_WIDTH bound to: 8 - type: integer 
	Parameter din72_WIDTH bound to: 8 - type: integer 
	Parameter din73_WIDTH bound to: 8 - type: integer 
	Parameter din74_WIDTH bound to: 8 - type: integer 
	Parameter din75_WIDTH bound to: 8 - type: integer 
	Parameter din76_WIDTH bound to: 8 - type: integer 
	Parameter din77_WIDTH bound to: 8 - type: integer 
	Parameter din78_WIDTH bound to: 8 - type: integer 
	Parameter din79_WIDTH bound to: 8 - type: integer 
	Parameter din80_WIDTH bound to: 8 - type: integer 
	Parameter din81_WIDTH bound to: 8 - type: integer 
	Parameter din82_WIDTH bound to: 8 - type: integer 
	Parameter din83_WIDTH bound to: 8 - type: integer 
	Parameter din84_WIDTH bound to: 8 - type: integer 
	Parameter din85_WIDTH bound to: 8 - type: integer 
	Parameter din86_WIDTH bound to: 8 - type: integer 
	Parameter din87_WIDTH bound to: 8 - type: integer 
	Parameter din88_WIDTH bound to: 8 - type: integer 
	Parameter din89_WIDTH bound to: 8 - type: integer 
	Parameter din90_WIDTH bound to: 8 - type: integer 
	Parameter din91_WIDTH bound to: 8 - type: integer 
	Parameter din92_WIDTH bound to: 8 - type: integer 
	Parameter din93_WIDTH bound to: 8 - type: integer 
	Parameter din94_WIDTH bound to: 8 - type: integer 
	Parameter din95_WIDTH bound to: 8 - type: integer 
	Parameter din96_WIDTH bound to: 8 - type: integer 
	Parameter din97_WIDTH bound to: 8 - type: integer 
	Parameter din98_WIDTH bound to: 8 - type: integer 
	Parameter din99_WIDTH bound to: 8 - type: integer 
	Parameter din100_WIDTH bound to: 8 - type: integer 
	Parameter din101_WIDTH bound to: 8 - type: integer 
	Parameter din102_WIDTH bound to: 8 - type: integer 
	Parameter din103_WIDTH bound to: 8 - type: integer 
	Parameter din104_WIDTH bound to: 8 - type: integer 
	Parameter din105_WIDTH bound to: 8 - type: integer 
	Parameter din106_WIDTH bound to: 8 - type: integer 
	Parameter din107_WIDTH bound to: 8 - type: integer 
	Parameter din108_WIDTH bound to: 8 - type: integer 
	Parameter din109_WIDTH bound to: 8 - type: integer 
	Parameter din110_WIDTH bound to: 8 - type: integer 
	Parameter din111_WIDTH bound to: 8 - type: integer 
	Parameter din112_WIDTH bound to: 8 - type: integer 
	Parameter din113_WIDTH bound to: 8 - type: integer 
	Parameter din114_WIDTH bound to: 8 - type: integer 
	Parameter din115_WIDTH bound to: 8 - type: integer 
	Parameter din116_WIDTH bound to: 8 - type: integer 
	Parameter din117_WIDTH bound to: 8 - type: integer 
	Parameter din118_WIDTH bound to: 8 - type: integer 
	Parameter din119_WIDTH bound to: 8 - type: integer 
	Parameter din120_WIDTH bound to: 8 - type: integer 
	Parameter din121_WIDTH bound to: 8 - type: integer 
	Parameter din122_WIDTH bound to: 8 - type: integer 
	Parameter din123_WIDTH bound to: 8 - type: integer 
	Parameter din124_WIDTH bound to: 8 - type: integer 
	Parameter din125_WIDTH bound to: 8 - type: integer 
	Parameter din126_WIDTH bound to: 8 - type: integer 
	Parameter din127_WIDTH bound to: 8 - type: integer 
	Parameter din128_WIDTH bound to: 8 - type: integer 
	Parameter din129_WIDTH bound to: 8 - type: integer 
	Parameter din130_WIDTH bound to: 8 - type: integer 
	Parameter din131_WIDTH bound to: 8 - type: integer 
	Parameter din132_WIDTH bound to: 8 - type: integer 
	Parameter din133_WIDTH bound to: 8 - type: integer 
	Parameter din134_WIDTH bound to: 8 - type: integer 
	Parameter din135_WIDTH bound to: 8 - type: integer 
	Parameter din136_WIDTH bound to: 8 - type: integer 
	Parameter din137_WIDTH bound to: 8 - type: integer 
	Parameter din138_WIDTH bound to: 8 - type: integer 
	Parameter din139_WIDTH bound to: 8 - type: integer 
	Parameter din140_WIDTH bound to: 8 - type: integer 
	Parameter din141_WIDTH bound to: 8 - type: integer 
	Parameter din142_WIDTH bound to: 8 - type: integer 
	Parameter din143_WIDTH bound to: 8 - type: integer 
	Parameter din144_WIDTH bound to: 8 - type: integer 
	Parameter din145_WIDTH bound to: 8 - type: integer 
	Parameter din146_WIDTH bound to: 8 - type: integer 
	Parameter din147_WIDTH bound to: 8 - type: integer 
	Parameter din148_WIDTH bound to: 8 - type: integer 
	Parameter din149_WIDTH bound to: 8 - type: integer 
	Parameter din150_WIDTH bound to: 8 - type: integer 
	Parameter din151_WIDTH bound to: 8 - type: integer 
	Parameter din152_WIDTH bound to: 8 - type: integer 
	Parameter din153_WIDTH bound to: 8 - type: integer 
	Parameter din154_WIDTH bound to: 8 - type: integer 
	Parameter din155_WIDTH bound to: 8 - type: integer 
	Parameter din156_WIDTH bound to: 8 - type: integer 
	Parameter din157_WIDTH bound to: 8 - type: integer 
	Parameter din158_WIDTH bound to: 8 - type: integer 
	Parameter din159_WIDTH bound to: 8 - type: integer 
	Parameter din160_WIDTH bound to: 8 - type: integer 
	Parameter din161_WIDTH bound to: 8 - type: integer 
	Parameter din162_WIDTH bound to: 8 - type: integer 
	Parameter din163_WIDTH bound to: 8 - type: integer 
	Parameter din164_WIDTH bound to: 8 - type: integer 
	Parameter din165_WIDTH bound to: 8 - type: integer 
	Parameter din166_WIDTH bound to: 8 - type: integer 
	Parameter din167_WIDTH bound to: 8 - type: integer 
	Parameter din168_WIDTH bound to: 8 - type: integer 
	Parameter din169_WIDTH bound to: 8 - type: integer 
	Parameter din170_WIDTH bound to: 8 - type: integer 
	Parameter din171_WIDTH bound to: 8 - type: integer 
	Parameter din172_WIDTH bound to: 8 - type: integer 
	Parameter din173_WIDTH bound to: 8 - type: integer 
	Parameter din174_WIDTH bound to: 8 - type: integer 
	Parameter din175_WIDTH bound to: 8 - type: integer 
	Parameter din176_WIDTH bound to: 8 - type: integer 
	Parameter din177_WIDTH bound to: 8 - type: integer 
	Parameter din178_WIDTH bound to: 8 - type: integer 
	Parameter din179_WIDTH bound to: 8 - type: integer 
	Parameter din180_WIDTH bound to: 8 - type: integer 
	Parameter din181_WIDTH bound to: 8 - type: integer 
	Parameter din182_WIDTH bound to: 8 - type: integer 
	Parameter din183_WIDTH bound to: 8 - type: integer 
	Parameter din184_WIDTH bound to: 8 - type: integer 
	Parameter din185_WIDTH bound to: 8 - type: integer 
	Parameter din186_WIDTH bound to: 8 - type: integer 
	Parameter din187_WIDTH bound to: 8 - type: integer 
	Parameter din188_WIDTH bound to: 8 - type: integer 
	Parameter din189_WIDTH bound to: 8 - type: integer 
	Parameter din190_WIDTH bound to: 8 - type: integer 
	Parameter din191_WIDTH bound to: 8 - type: integer 
	Parameter din192_WIDTH bound to: 8 - type: integer 
	Parameter din193_WIDTH bound to: 8 - type: integer 
	Parameter din194_WIDTH bound to: 8 - type: integer 
	Parameter din195_WIDTH bound to: 8 - type: integer 
	Parameter din196_WIDTH bound to: 8 - type: integer 
	Parameter din197_WIDTH bound to: 8 - type: integer 
	Parameter din198_WIDTH bound to: 8 - type: integer 
	Parameter din199_WIDTH bound to: 8 - type: integer 
	Parameter din200_WIDTH bound to: 8 - type: integer 
	Parameter din201_WIDTH bound to: 8 - type: integer 
	Parameter din202_WIDTH bound to: 8 - type: integer 
	Parameter din203_WIDTH bound to: 8 - type: integer 
	Parameter din204_WIDTH bound to: 8 - type: integer 
	Parameter din205_WIDTH bound to: 8 - type: integer 
	Parameter din206_WIDTH bound to: 8 - type: integer 
	Parameter din207_WIDTH bound to: 8 - type: integer 
	Parameter din208_WIDTH bound to: 8 - type: integer 
	Parameter din209_WIDTH bound to: 8 - type: integer 
	Parameter din210_WIDTH bound to: 8 - type: integer 
	Parameter din211_WIDTH bound to: 8 - type: integer 
	Parameter din212_WIDTH bound to: 8 - type: integer 
	Parameter din213_WIDTH bound to: 8 - type: integer 
	Parameter din214_WIDTH bound to: 8 - type: integer 
	Parameter din215_WIDTH bound to: 8 - type: integer 
	Parameter din216_WIDTH bound to: 8 - type: integer 
	Parameter din217_WIDTH bound to: 8 - type: integer 
	Parameter din218_WIDTH bound to: 8 - type: integer 
	Parameter din219_WIDTH bound to: 8 - type: integer 
	Parameter din220_WIDTH bound to: 8 - type: integer 
	Parameter din221_WIDTH bound to: 8 - type: integer 
	Parameter din222_WIDTH bound to: 8 - type: integer 
	Parameter din223_WIDTH bound to: 8 - type: integer 
	Parameter din224_WIDTH bound to: 8 - type: integer 
	Parameter din225_WIDTH bound to: 8 - type: integer 
	Parameter din226_WIDTH bound to: 8 - type: integer 
	Parameter din227_WIDTH bound to: 8 - type: integer 
	Parameter din228_WIDTH bound to: 8 - type: integer 
	Parameter din229_WIDTH bound to: 8 - type: integer 
	Parameter din230_WIDTH bound to: 8 - type: integer 
	Parameter din231_WIDTH bound to: 8 - type: integer 
	Parameter din232_WIDTH bound to: 8 - type: integer 
	Parameter din233_WIDTH bound to: 8 - type: integer 
	Parameter din234_WIDTH bound to: 8 - type: integer 
	Parameter din235_WIDTH bound to: 8 - type: integer 
	Parameter din236_WIDTH bound to: 8 - type: integer 
	Parameter din237_WIDTH bound to: 8 - type: integer 
	Parameter din238_WIDTH bound to: 8 - type: integer 
	Parameter din239_WIDTH bound to: 8 - type: integer 
	Parameter din240_WIDTH bound to: 8 - type: integer 
	Parameter din241_WIDTH bound to: 8 - type: integer 
	Parameter din242_WIDTH bound to: 8 - type: integer 
	Parameter din243_WIDTH bound to: 8 - type: integer 
	Parameter din244_WIDTH bound to: 8 - type: integer 
	Parameter din245_WIDTH bound to: 8 - type: integer 
	Parameter din246_WIDTH bound to: 8 - type: integer 
	Parameter din247_WIDTH bound to: 8 - type: integer 
	Parameter din248_WIDTH bound to: 8 - type: integer 
	Parameter din249_WIDTH bound to: 8 - type: integer 
	Parameter din250_WIDTH bound to: 8 - type: integer 
	Parameter din251_WIDTH bound to: 8 - type: integer 
	Parameter din252_WIDTH bound to: 8 - type: integer 
	Parameter din253_WIDTH bound to: 8 - type: integer 
	Parameter din254_WIDTH bound to: 8 - type: integer 
	Parameter din255_WIDTH bound to: 8 - type: integer 
	Parameter din256_WIDTH bound to: 8 - type: integer 
	Parameter dout_WIDTH bound to: 8 - type: integer 
INFO: [Synth 8-3491] module 'aes_encrypt_top_mudo' declared at 'c:/AES/AES.srcs/sources_1/bd/aes_bd/ipshared/8618/hdl/vhdl/aes_encrypt_top_mudo.vhd:13' bound to instance 'aes_encrypt_top_mudo_U23' of component 'aes_encrypt_top_mudo' [c:/AES/AES.srcs/sources_1/bd/aes_bd/ipshared/8618/hdl/vhdl/aes_encrypt_top.vhd:13929]
	Parameter ID bound to: 1 - type: integer 
	Parameter NUM_STAGE bound to: 1 - type: integer 
	Parameter din0_WIDTH bound to: 8 - type: integer 
	Parameter din1_WIDTH bound to: 8 - type: integer 
	Parameter din2_WIDTH bound to: 8 - type: integer 
	Parameter din3_WIDTH bound to: 8 - type: integer 
	Parameter din4_WIDTH bound to: 8 - type: integer 
	Parameter din5_WIDTH bound to: 8 - type: integer 
	Parameter din6_WIDTH bound to: 8 - type: integer 
	Parameter din7_WIDTH bound to: 8 - type: integer 
	Parameter din8_WIDTH bound to: 8 - type: integer 
	Parameter din9_WIDTH bound to: 8 - type: integer 
	Parameter din10_WIDTH bound to: 8 - type: integer 
	Parameter din11_WIDTH bound to: 8 - type: integer 
	Parameter din12_WIDTH bound to: 8 - type: integer 
	Parameter din13_WIDTH bound to: 8 - type: integer 
	Parameter din14_WIDTH bound to: 8 - type: integer 
	Parameter din15_WIDTH bound to: 8 - type: integer 
	Parameter din16_WIDTH bound to: 8 - type: integer 
	Parameter din17_WIDTH bound to: 8 - type: integer 
	Parameter din18_WIDTH bound to: 8 - type: integer 
	Parameter din19_WIDTH bound to: 8 - type: integer 
	Parameter din20_WIDTH bound to: 8 - type: integer 
	Parameter din21_WIDTH bound to: 8 - type: integer 
	Parameter din22_WIDTH bound to: 8 - type: integer 
	Parameter din23_WIDTH bound to: 8 - type: integer 
	Parameter din24_WIDTH bound to: 8 - type: integer 
	Parameter din25_WIDTH bound to: 8 - type: integer 
	Parameter din26_WIDTH bound to: 8 - type: integer 
	Parameter din27_WIDTH bound to: 8 - type: integer 
	Parameter din28_WIDTH bound to: 8 - type: integer 
	Parameter din29_WIDTH bound to: 8 - type: integer 
	Parameter din30_WIDTH bound to: 8 - type: integer 
	Parameter din31_WIDTH bound to: 8 - type: integer 
	Parameter din32_WIDTH bound to: 8 - type: integer 
	Parameter din33_WIDTH bound to: 8 - type: integer 
	Parameter din34_WIDTH bound to: 8 - type: integer 
	Parameter din35_WIDTH bound to: 8 - type: integer 
	Parameter din36_WIDTH bound to: 8 - type: integer 
	Parameter din37_WIDTH bound to: 8 - type: integer 
	Parameter din38_WIDTH bound to: 8 - type: integer 
	Parameter din39_WIDTH bound to: 8 - type: integer 
	Parameter din40_WIDTH bound to: 8 - type: integer 
	Parameter din41_WIDTH bound to: 8 - type: integer 
	Parameter din42_WIDTH bound to: 8 - type: integer 
	Parameter din43_WIDTH bound to: 8 - type: integer 
	Parameter din44_WIDTH bound to: 8 - type: integer 
	Parameter din45_WIDTH bound to: 8 - type: integer 
	Parameter din46_WIDTH bound to: 8 - type: integer 
	Parameter din47_WIDTH bound to: 8 - type: integer 
	Parameter din48_WIDTH bound to: 8 - type: integer 
	Parameter din49_WIDTH bound to: 8 - type: integer 
	Parameter din50_WIDTH bound to: 8 - type: integer 
	Parameter din51_WIDTH bound to: 8 - type: integer 
	Parameter din52_WIDTH bound to: 8 - type: integer 
	Parameter din53_WIDTH bound to: 8 - type: integer 
	Parameter din54_WIDTH bound to: 8 - type: integer 
	Parameter din55_WIDTH bound to: 8 - type: integer 
	Parameter din56_WIDTH bound to: 8 - type: integer 
	Parameter din57_WIDTH bound to: 8 - type: integer 
	Parameter din58_WIDTH bound to: 8 - type: integer 
	Parameter din59_WIDTH bound to: 8 - type: integer 
	Parameter din60_WIDTH bound to: 8 - type: integer 
	Parameter din61_WIDTH bound to: 8 - type: integer 
	Parameter din62_WIDTH bound to: 8 - type: integer 
	Parameter din63_WIDTH bound to: 8 - type: integer 
	Parameter din64_WIDTH bound to: 8 - type: integer 
	Parameter din65_WIDTH bound to: 8 - type: integer 
	Parameter din66_WIDTH bound to: 8 - type: integer 
	Parameter din67_WIDTH bound to: 8 - type: integer 
	Parameter din68_WIDTH bound to: 8 - type: integer 
	Parameter din69_WIDTH bound to: 8 - type: integer 
	Parameter din70_WIDTH bound to: 8 - type: integer 
	Parameter din71_WIDTH bound to: 8 - type: integer 
	Parameter din72_WIDTH bound to: 8 - type: integer 
	Parameter din73_WIDTH bound to: 8 - type: integer 
	Parameter din74_WIDTH bound to: 8 - type: integer 
	Parameter din75_WIDTH bound to: 8 - type: integer 
	Parameter din76_WIDTH bound to: 8 - type: integer 
	Parameter din77_WIDTH bound to: 8 - type: integer 
	Parameter din78_WIDTH bound to: 8 - type: integer 
	Parameter din79_WIDTH bound to: 8 - type: integer 
	Parameter din80_WIDTH bound to: 8 - type: integer 
	Parameter din81_WIDTH bound to: 8 - type: integer 
	Parameter din82_WIDTH bound to: 8 - type: integer 
	Parameter din83_WIDTH bound to: 8 - type: integer 
	Parameter din84_WIDTH bound to: 8 - type: integer 
	Parameter din85_WIDTH bound to: 8 - type: integer 
	Parameter din86_WIDTH bound to: 8 - type: integer 
	Parameter din87_WIDTH bound to: 8 - type: integer 
	Parameter din88_WIDTH bound to: 8 - type: integer 
	Parameter din89_WIDTH bound to: 8 - type: integer 
	Parameter din90_WIDTH bound to: 8 - type: integer 
	Parameter din91_WIDTH bound to: 8 - type: integer 
	Parameter din92_WIDTH bound to: 8 - type: integer 
	Parameter din93_WIDTH bound to: 8 - type: integer 
	Parameter din94_WIDTH bound to: 8 - type: integer 
	Parameter din95_WIDTH bound to: 8 - type: integer 
	Parameter din96_WIDTH bound to: 8 - type: integer 
	Parameter din97_WIDTH bound to: 8 - type: integer 
	Parameter din98_WIDTH bound to: 8 - type: integer 
	Parameter din99_WIDTH bound to: 8 - type: integer 
	Parameter din100_WIDTH bound to: 8 - type: integer 
	Parameter din101_WIDTH bound to: 8 - type: integer 
	Parameter din102_WIDTH bound to: 8 - type: integer 
	Parameter din103_WIDTH bound to: 8 - type: integer 
	Parameter din104_WIDTH bound to: 8 - type: integer 
	Parameter din105_WIDTH bound to: 8 - type: integer 
	Parameter din106_WIDTH bound to: 8 - type: integer 
	Parameter din107_WIDTH bound to: 8 - type: integer 
	Parameter din108_WIDTH bound to: 8 - type: integer 
	Parameter din109_WIDTH bound to: 8 - type: integer 
	Parameter din110_WIDTH bound to: 8 - type: integer 
	Parameter din111_WIDTH bound to: 8 - type: integer 
	Parameter din112_WIDTH bound to: 8 - type: integer 
	Parameter din113_WIDTH bound to: 8 - type: integer 
	Parameter din114_WIDTH bound to: 8 - type: integer 
	Parameter din115_WIDTH bound to: 8 - type: integer 
	Parameter din116_WIDTH bound to: 8 - type: integer 
	Parameter din117_WIDTH bound to: 8 - type: integer 
	Parameter din118_WIDTH bound to: 8 - type: integer 
	Parameter din119_WIDTH bound to: 8 - type: integer 
	Parameter din120_WIDTH bound to: 8 - type: integer 
	Parameter din121_WIDTH bound to: 8 - type: integer 
	Parameter din122_WIDTH bound to: 8 - type: integer 
	Parameter din123_WIDTH bound to: 8 - type: integer 
	Parameter din124_WIDTH bound to: 8 - type: integer 
	Parameter din125_WIDTH bound to: 8 - type: integer 
	Parameter din126_WIDTH bound to: 8 - type: integer 
	Parameter din127_WIDTH bound to: 8 - type: integer 
	Parameter din128_WIDTH bound to: 8 - type: integer 
	Parameter din129_WIDTH bound to: 8 - type: integer 
	Parameter din130_WIDTH bound to: 8 - type: integer 
	Parameter din131_WIDTH bound to: 8 - type: integer 
	Parameter din132_WIDTH bound to: 8 - type: integer 
	Parameter din133_WIDTH bound to: 8 - type: integer 
	Parameter din134_WIDTH bound to: 8 - type: integer 
	Parameter din135_WIDTH bound to: 8 - type: integer 
	Parameter din136_WIDTH bound to: 8 - type: integer 
	Parameter din137_WIDTH bound to: 8 - type: integer 
	Parameter din138_WIDTH bound to: 8 - type: integer 
	Parameter din139_WIDTH bound to: 8 - type: integer 
	Parameter din140_WIDTH bound to: 8 - type: integer 
	Parameter din141_WIDTH bound to: 8 - type: integer 
	Parameter din142_WIDTH bound to: 8 - type: integer 
	Parameter din143_WIDTH bound to: 8 - type: integer 
	Parameter din144_WIDTH bound to: 8 - type: integer 
	Parameter din145_WIDTH bound to: 8 - type: integer 
	Parameter din146_WIDTH bound to: 8 - type: integer 
	Parameter din147_WIDTH bound to: 8 - type: integer 
	Parameter din148_WIDTH bound to: 8 - type: integer 
	Parameter din149_WIDTH bound to: 8 - type: integer 
	Parameter din150_WIDTH bound to: 8 - type: integer 
	Parameter din151_WIDTH bound to: 8 - type: integer 
	Parameter din152_WIDTH bound to: 8 - type: integer 
	Parameter din153_WIDTH bound to: 8 - type: integer 
	Parameter din154_WIDTH bound to: 8 - type: integer 
	Parameter din155_WIDTH bound to: 8 - type: integer 
	Parameter din156_WIDTH bound to: 8 - type: integer 
	Parameter din157_WIDTH bound to: 8 - type: integer 
	Parameter din158_WIDTH bound to: 8 - type: integer 
	Parameter din159_WIDTH bound to: 8 - type: integer 
	Parameter din160_WIDTH bound to: 8 - type: integer 
	Parameter din161_WIDTH bound to: 8 - type: integer 
	Parameter din162_WIDTH bound to: 8 - type: integer 
	Parameter din163_WIDTH bound to: 8 - type: integer 
	Parameter din164_WIDTH bound to: 8 - type: integer 
	Parameter din165_WIDTH bound to: 8 - type: integer 
	Parameter din166_WIDTH bound to: 8 - type: integer 
	Parameter din167_WIDTH bound to: 8 - type: integer 
	Parameter din168_WIDTH bound to: 8 - type: integer 
	Parameter din169_WIDTH bound to: 8 - type: integer 
	Parameter din170_WIDTH bound to: 8 - type: integer 
	Parameter din171_WIDTH bound to: 8 - type: integer 
	Parameter din172_WIDTH bound to: 8 - type: integer 
	Parameter din173_WIDTH bound to: 8 - type: integer 
	Parameter din174_WIDTH bound to: 8 - type: integer 
	Parameter din175_WIDTH bound to: 8 - type: integer 
	Parameter din176_WIDTH bound to: 8 - type: integer 
	Parameter din177_WIDTH bound to: 8 - type: integer 
	Parameter din178_WIDTH bound to: 8 - type: integer 
	Parameter din179_WIDTH bound to: 8 - type: integer 
	Parameter din180_WIDTH bound to: 8 - type: integer 
	Parameter din181_WIDTH bound to: 8 - type: integer 
	Parameter din182_WIDTH bound to: 8 - type: integer 
	Parameter din183_WIDTH bound to: 8 - type: integer 
	Parameter din184_WIDTH bound to: 8 - type: integer 
	Parameter din185_WIDTH bound to: 8 - type: integer 
	Parameter din186_WIDTH bound to: 8 - type: integer 
	Parameter din187_WIDTH bound to: 8 - type: integer 
	Parameter din188_WIDTH bound to: 8 - type: integer 
	Parameter din189_WIDTH bound to: 8 - type: integer 
	Parameter din190_WIDTH bound to: 8 - type: integer 
	Parameter din191_WIDTH bound to: 8 - type: integer 
	Parameter din192_WIDTH bound to: 8 - type: integer 
	Parameter din193_WIDTH bound to: 8 - type: integer 
	Parameter din194_WIDTH bound to: 8 - type: integer 
	Parameter din195_WIDTH bound to: 8 - type: integer 
	Parameter din196_WIDTH bound to: 8 - type: integer 
	Parameter din197_WIDTH bound to: 8 - type: integer 
	Parameter din198_WIDTH bound to: 8 - type: integer 
	Parameter din199_WIDTH bound to: 8 - type: integer 
	Parameter din200_WIDTH bound to: 8 - type: integer 
	Parameter din201_WIDTH bound to: 8 - type: integer 
	Parameter din202_WIDTH bound to: 8 - type: integer 
	Parameter din203_WIDTH bound to: 8 - type: integer 
	Parameter din204_WIDTH bound to: 8 - type: integer 
	Parameter din205_WIDTH bound to: 8 - type: integer 
	Parameter din206_WIDTH bound to: 8 - type: integer 
	Parameter din207_WIDTH bound to: 8 - type: integer 
	Parameter din208_WIDTH bound to: 8 - type: integer 
	Parameter din209_WIDTH bound to: 8 - type: integer 
	Parameter din210_WIDTH bound to: 8 - type: integer 
	Parameter din211_WIDTH bound to: 8 - type: integer 
	Parameter din212_WIDTH bound to: 8 - type: integer 
	Parameter din213_WIDTH bound to: 8 - type: integer 
	Parameter din214_WIDTH bound to: 8 - type: integer 
	Parameter din215_WIDTH bound to: 8 - type: integer 
	Parameter din216_WIDTH bound to: 8 - type: integer 
	Parameter din217_WIDTH bound to: 8 - type: integer 
	Parameter din218_WIDTH bound to: 8 - type: integer 
	Parameter din219_WIDTH bound to: 8 - type: integer 
	Parameter din220_WIDTH bound to: 8 - type: integer 
	Parameter din221_WIDTH bound to: 8 - type: integer 
	Parameter din222_WIDTH bound to: 8 - type: integer 
	Parameter din223_WIDTH bound to: 8 - type: integer 
	Parameter din224_WIDTH bound to: 8 - type: integer 
	Parameter din225_WIDTH bound to: 8 - type: integer 
	Parameter din226_WIDTH bound to: 8 - type: integer 
	Parameter din227_WIDTH bound to: 8 - type: integer 
	Parameter din228_WIDTH bound to: 8 - type: integer 
	Parameter din229_WIDTH bound to: 8 - type: integer 
	Parameter din230_WIDTH bound to: 8 - type: integer 
	Parameter din231_WIDTH bound to: 8 - type: integer 
	Parameter din232_WIDTH bound to: 8 - type: integer 
	Parameter din233_WIDTH bound to: 8 - type: integer 
	Parameter din234_WIDTH bound to: 8 - type: integer 
	Parameter din235_WIDTH bound to: 8 - type: integer 
	Parameter din236_WIDTH bound to: 8 - type: integer 
	Parameter din237_WIDTH bound to: 8 - type: integer 
	Parameter din238_WIDTH bound to: 8 - type: integer 
	Parameter din239_WIDTH bound to: 8 - type: integer 
	Parameter din240_WIDTH bound to: 8 - type: integer 
	Parameter din241_WIDTH bound to: 8 - type: integer 
	Parameter din242_WIDTH bound to: 8 - type: integer 
	Parameter din243_WIDTH bound to: 8 - type: integer 
	Parameter din244_WIDTH bound to: 8 - type: integer 
	Parameter din245_WIDTH bound to: 8 - type: integer 
	Parameter din246_WIDTH bound to: 8 - type: integer 
	Parameter din247_WIDTH bound to: 8 - type: integer 
	Parameter din248_WIDTH bound to: 8 - type: integer 
	Parameter din249_WIDTH bound to: 8 - type: integer 
	Parameter din250_WIDTH bound to: 8 - type: integer 
	Parameter din251_WIDTH bound to: 8 - type: integer 
	Parameter din252_WIDTH bound to: 8 - type: integer 
	Parameter din253_WIDTH bound to: 8 - type: integer 
	Parameter din254_WIDTH bound to: 8 - type: integer 
	Parameter din255_WIDTH bound to: 8 - type: integer 
	Parameter din256_WIDTH bound to: 8 - type: integer 
	Parameter dout_WIDTH bound to: 8 - type: integer 
INFO: [Synth 8-3491] module 'aes_encrypt_top_mudo' declared at 'c:/AES/AES.srcs/sources_1/bd/aes_bd/ipshared/8618/hdl/vhdl/aes_encrypt_top_mudo.vhd:13' bound to instance 'aes_encrypt_top_mudo_U24' of component 'aes_encrypt_top_mudo' [c:/AES/AES.srcs/sources_1/bd/aes_bd/ipshared/8618/hdl/vhdl/aes_encrypt_top.vhd:14451]
	Parameter ID bound to: 1 - type: integer 
	Parameter NUM_STAGE bound to: 1 - type: integer 
	Parameter din0_WIDTH bound to: 8 - type: integer 
	Parameter din1_WIDTH bound to: 8 - type: integer 
	Parameter din2_WIDTH bound to: 8 - type: integer 
	Parameter din3_WIDTH bound to: 8 - type: integer 
	Parameter din4_WIDTH bound to: 8 - type: integer 
	Parameter din5_WIDTH bound to: 8 - type: integer 
	Parameter din6_WIDTH bound to: 8 - type: integer 
	Parameter din7_WIDTH bound to: 8 - type: integer 
	Parameter din8_WIDTH bound to: 8 - type: integer 
	Parameter din9_WIDTH bound to: 8 - type: integer 
	Parameter din10_WIDTH bound to: 8 - type: integer 
	Parameter din11_WIDTH bound to: 8 - type: integer 
	Parameter din12_WIDTH bound to: 8 - type: integer 
	Parameter din13_WIDTH bound to: 8 - type: integer 
	Parameter din14_WIDTH bound to: 8 - type: integer 
	Parameter din15_WIDTH bound to: 8 - type: integer 
	Parameter din16_WIDTH bound to: 8 - type: integer 
	Parameter din17_WIDTH bound to: 8 - type: integer 
	Parameter din18_WIDTH bound to: 8 - type: integer 
	Parameter din19_WIDTH bound to: 8 - type: integer 
	Parameter din20_WIDTH bound to: 8 - type: integer 
	Parameter din21_WIDTH bound to: 8 - type: integer 
	Parameter din22_WIDTH bound to: 8 - type: integer 
	Parameter din23_WIDTH bound to: 8 - type: integer 
	Parameter din24_WIDTH bound to: 8 - type: integer 
	Parameter din25_WIDTH bound to: 8 - type: integer 
	Parameter din26_WIDTH bound to: 8 - type: integer 
	Parameter din27_WIDTH bound to: 8 - type: integer 
	Parameter din28_WIDTH bound to: 8 - type: integer 
	Parameter din29_WIDTH bound to: 8 - type: integer 
	Parameter din30_WIDTH bound to: 8 - type: integer 
	Parameter din31_WIDTH bound to: 8 - type: integer 
	Parameter din32_WIDTH bound to: 8 - type: integer 
	Parameter din33_WIDTH bound to: 8 - type: integer 
	Parameter din34_WIDTH bound to: 8 - type: integer 
	Parameter din35_WIDTH bound to: 8 - type: integer 
	Parameter din36_WIDTH bound to: 8 - type: integer 
	Parameter din37_WIDTH bound to: 8 - type: integer 
	Parameter din38_WIDTH bound to: 8 - type: integer 
	Parameter din39_WIDTH bound to: 8 - type: integer 
	Parameter din40_WIDTH bound to: 8 - type: integer 
	Parameter din41_WIDTH bound to: 8 - type: integer 
	Parameter din42_WIDTH bound to: 8 - type: integer 
	Parameter din43_WIDTH bound to: 8 - type: integer 
	Parameter din44_WIDTH bound to: 8 - type: integer 
	Parameter din45_WIDTH bound to: 8 - type: integer 
	Parameter din46_WIDTH bound to: 8 - type: integer 
	Parameter din47_WIDTH bound to: 8 - type: integer 
	Parameter din48_WIDTH bound to: 8 - type: integer 
	Parameter din49_WIDTH bound to: 8 - type: integer 
	Parameter din50_WIDTH bound to: 8 - type: integer 
	Parameter din51_WIDTH bound to: 8 - type: integer 
	Parameter din52_WIDTH bound to: 8 - type: integer 
	Parameter din53_WIDTH bound to: 8 - type: integer 
	Parameter din54_WIDTH bound to: 8 - type: integer 
	Parameter din55_WIDTH bound to: 8 - type: integer 
	Parameter din56_WIDTH bound to: 8 - type: integer 
	Parameter din57_WIDTH bound to: 8 - type: integer 
	Parameter din58_WIDTH bound to: 8 - type: integer 
	Parameter din59_WIDTH bound to: 8 - type: integer 
	Parameter din60_WIDTH bound to: 8 - type: integer 
	Parameter din61_WIDTH bound to: 8 - type: integer 
	Parameter din62_WIDTH bound to: 8 - type: integer 
	Parameter din63_WIDTH bound to: 8 - type: integer 
	Parameter din64_WIDTH bound to: 8 - type: integer 
	Parameter din65_WIDTH bound to: 8 - type: integer 
	Parameter din66_WIDTH bound to: 8 - type: integer 
	Parameter din67_WIDTH bound to: 8 - type: integer 
	Parameter din68_WIDTH bound to: 8 - type: integer 
	Parameter din69_WIDTH bound to: 8 - type: integer 
	Parameter din70_WIDTH bound to: 8 - type: integer 
	Parameter din71_WIDTH bound to: 8 - type: integer 
	Parameter din72_WIDTH bound to: 8 - type: integer 
	Parameter din73_WIDTH bound to: 8 - type: integer 
	Parameter din74_WIDTH bound to: 8 - type: integer 
	Parameter din75_WIDTH bound to: 8 - type: integer 
	Parameter din76_WIDTH bound to: 8 - type: integer 
	Parameter din77_WIDTH bound to: 8 - type: integer 
	Parameter din78_WIDTH bound to: 8 - type: integer 
	Parameter din79_WIDTH bound to: 8 - type: integer 
	Parameter din80_WIDTH bound to: 8 - type: integer 
	Parameter din81_WIDTH bound to: 8 - type: integer 
	Parameter din82_WIDTH bound to: 8 - type: integer 
	Parameter din83_WIDTH bound to: 8 - type: integer 
	Parameter din84_WIDTH bound to: 8 - type: integer 
	Parameter din85_WIDTH bound to: 8 - type: integer 
	Parameter din86_WIDTH bound to: 8 - type: integer 
	Parameter din87_WIDTH bound to: 8 - type: integer 
	Parameter din88_WIDTH bound to: 8 - type: integer 
	Parameter din89_WIDTH bound to: 8 - type: integer 
	Parameter din90_WIDTH bound to: 8 - type: integer 
	Parameter din91_WIDTH bound to: 8 - type: integer 
	Parameter din92_WIDTH bound to: 8 - type: integer 
	Parameter din93_WIDTH bound to: 8 - type: integer 
	Parameter din94_WIDTH bound to: 8 - type: integer 
	Parameter din95_WIDTH bound to: 8 - type: integer 
	Parameter din96_WIDTH bound to: 8 - type: integer 
	Parameter din97_WIDTH bound to: 8 - type: integer 
	Parameter din98_WIDTH bound to: 8 - type: integer 
	Parameter din99_WIDTH bound to: 8 - type: integer 
	Parameter din100_WIDTH bound to: 8 - type: integer 
	Parameter din101_WIDTH bound to: 8 - type: integer 
	Parameter din102_WIDTH bound to: 8 - type: integer 
	Parameter din103_WIDTH bound to: 8 - type: integer 
	Parameter din104_WIDTH bound to: 8 - type: integer 
	Parameter din105_WIDTH bound to: 8 - type: integer 
	Parameter din106_WIDTH bound to: 8 - type: integer 
	Parameter din107_WIDTH bound to: 8 - type: integer 
	Parameter din108_WIDTH bound to: 8 - type: integer 
	Parameter din109_WIDTH bound to: 8 - type: integer 
	Parameter din110_WIDTH bound to: 8 - type: integer 
	Parameter din111_WIDTH bound to: 8 - type: integer 
	Parameter din112_WIDTH bound to: 8 - type: integer 
	Parameter din113_WIDTH bound to: 8 - type: integer 
	Parameter din114_WIDTH bound to: 8 - type: integer 
	Parameter din115_WIDTH bound to: 8 - type: integer 
	Parameter din116_WIDTH bound to: 8 - type: integer 
	Parameter din117_WIDTH bound to: 8 - type: integer 
	Parameter din118_WIDTH bound to: 8 - type: integer 
	Parameter din119_WIDTH bound to: 8 - type: integer 
	Parameter din120_WIDTH bound to: 8 - type: integer 
	Parameter din121_WIDTH bound to: 8 - type: integer 
	Parameter din122_WIDTH bound to: 8 - type: integer 
	Parameter din123_WIDTH bound to: 8 - type: integer 
	Parameter din124_WIDTH bound to: 8 - type: integer 
	Parameter din125_WIDTH bound to: 8 - type: integer 
	Parameter din126_WIDTH bound to: 8 - type: integer 
	Parameter din127_WIDTH bound to: 8 - type: integer 
	Parameter din128_WIDTH bound to: 8 - type: integer 
	Parameter din129_WIDTH bound to: 8 - type: integer 
	Parameter din130_WIDTH bound to: 8 - type: integer 
	Parameter din131_WIDTH bound to: 8 - type: integer 
	Parameter din132_WIDTH bound to: 8 - type: integer 
	Parameter din133_WIDTH bound to: 8 - type: integer 
	Parameter din134_WIDTH bound to: 8 - type: integer 
	Parameter din135_WIDTH bound to: 8 - type: integer 
	Parameter din136_WIDTH bound to: 8 - type: integer 
	Parameter din137_WIDTH bound to: 8 - type: integer 
	Parameter din138_WIDTH bound to: 8 - type: integer 
	Parameter din139_WIDTH bound to: 8 - type: integer 
	Parameter din140_WIDTH bound to: 8 - type: integer 
	Parameter din141_WIDTH bound to: 8 - type: integer 
	Parameter din142_WIDTH bound to: 8 - type: integer 
	Parameter din143_WIDTH bound to: 8 - type: integer 
	Parameter din144_WIDTH bound to: 8 - type: integer 
	Parameter din145_WIDTH bound to: 8 - type: integer 
	Parameter din146_WIDTH bound to: 8 - type: integer 
	Parameter din147_WIDTH bound to: 8 - type: integer 
	Parameter din148_WIDTH bound to: 8 - type: integer 
	Parameter din149_WIDTH bound to: 8 - type: integer 
	Parameter din150_WIDTH bound to: 8 - type: integer 
	Parameter din151_WIDTH bound to: 8 - type: integer 
	Parameter din152_WIDTH bound to: 8 - type: integer 
	Parameter din153_WIDTH bound to: 8 - type: integer 
	Parameter din154_WIDTH bound to: 8 - type: integer 
	Parameter din155_WIDTH bound to: 8 - type: integer 
	Parameter din156_WIDTH bound to: 8 - type: integer 
	Parameter din157_WIDTH bound to: 8 - type: integer 
	Parameter din158_WIDTH bound to: 8 - type: integer 
	Parameter din159_WIDTH bound to: 8 - type: integer 
	Parameter din160_WIDTH bound to: 8 - type: integer 
	Parameter din161_WIDTH bound to: 8 - type: integer 
	Parameter din162_WIDTH bound to: 8 - type: integer 
	Parameter din163_WIDTH bound to: 8 - type: integer 
	Parameter din164_WIDTH bound to: 8 - type: integer 
	Parameter din165_WIDTH bound to: 8 - type: integer 
	Parameter din166_WIDTH bound to: 8 - type: integer 
	Parameter din167_WIDTH bound to: 8 - type: integer 
	Parameter din168_WIDTH bound to: 8 - type: integer 
	Parameter din169_WIDTH bound to: 8 - type: integer 
	Parameter din170_WIDTH bound to: 8 - type: integer 
	Parameter din171_WIDTH bound to: 8 - type: integer 
	Parameter din172_WIDTH bound to: 8 - type: integer 
	Parameter din173_WIDTH bound to: 8 - type: integer 
	Parameter din174_WIDTH bound to: 8 - type: integer 
	Parameter din175_WIDTH bound to: 8 - type: integer 
	Parameter din176_WIDTH bound to: 8 - type: integer 
	Parameter din177_WIDTH bound to: 8 - type: integer 
	Parameter din178_WIDTH bound to: 8 - type: integer 
	Parameter din179_WIDTH bound to: 8 - type: integer 
	Parameter din180_WIDTH bound to: 8 - type: integer 
	Parameter din181_WIDTH bound to: 8 - type: integer 
	Parameter din182_WIDTH bound to: 8 - type: integer 
	Parameter din183_WIDTH bound to: 8 - type: integer 
	Parameter din184_WIDTH bound to: 8 - type: integer 
	Parameter din185_WIDTH bound to: 8 - type: integer 
	Parameter din186_WIDTH bound to: 8 - type: integer 
	Parameter din187_WIDTH bound to: 8 - type: integer 
	Parameter din188_WIDTH bound to: 8 - type: integer 
	Parameter din189_WIDTH bound to: 8 - type: integer 
	Parameter din190_WIDTH bound to: 8 - type: integer 
	Parameter din191_WIDTH bound to: 8 - type: integer 
	Parameter din192_WIDTH bound to: 8 - type: integer 
	Parameter din193_WIDTH bound to: 8 - type: integer 
	Parameter din194_WIDTH bound to: 8 - type: integer 
	Parameter din195_WIDTH bound to: 8 - type: integer 
	Parameter din196_WIDTH bound to: 8 - type: integer 
	Parameter din197_WIDTH bound to: 8 - type: integer 
	Parameter din198_WIDTH bound to: 8 - type: integer 
	Parameter din199_WIDTH bound to: 8 - type: integer 
	Parameter din200_WIDTH bound to: 8 - type: integer 
	Parameter din201_WIDTH bound to: 8 - type: integer 
	Parameter din202_WIDTH bound to: 8 - type: integer 
	Parameter din203_WIDTH bound to: 8 - type: integer 
	Parameter din204_WIDTH bound to: 8 - type: integer 
	Parameter din205_WIDTH bound to: 8 - type: integer 
	Parameter din206_WIDTH bound to: 8 - type: integer 
	Parameter din207_WIDTH bound to: 8 - type: integer 
	Parameter din208_WIDTH bound to: 8 - type: integer 
	Parameter din209_WIDTH bound to: 8 - type: integer 
	Parameter din210_WIDTH bound to: 8 - type: integer 
	Parameter din211_WIDTH bound to: 8 - type: integer 
	Parameter din212_WIDTH bound to: 8 - type: integer 
	Parameter din213_WIDTH bound to: 8 - type: integer 
	Parameter din214_WIDTH bound to: 8 - type: integer 
	Parameter din215_WIDTH bound to: 8 - type: integer 
	Parameter din216_WIDTH bound to: 8 - type: integer 
	Parameter din217_WIDTH bound to: 8 - type: integer 
	Parameter din218_WIDTH bound to: 8 - type: integer 
	Parameter din219_WIDTH bound to: 8 - type: integer 
	Parameter din220_WIDTH bound to: 8 - type: integer 
	Parameter din221_WIDTH bound to: 8 - type: integer 
	Parameter din222_WIDTH bound to: 8 - type: integer 
	Parameter din223_WIDTH bound to: 8 - type: integer 
	Parameter din224_WIDTH bound to: 8 - type: integer 
	Parameter din225_WIDTH bound to: 8 - type: integer 
	Parameter din226_WIDTH bound to: 8 - type: integer 
	Parameter din227_WIDTH bound to: 8 - type: integer 
	Parameter din228_WIDTH bound to: 8 - type: integer 
	Parameter din229_WIDTH bound to: 8 - type: integer 
	Parameter din230_WIDTH bound to: 8 - type: integer 
	Parameter din231_WIDTH bound to: 8 - type: integer 
	Parameter din232_WIDTH bound to: 8 - type: integer 
	Parameter din233_WIDTH bound to: 8 - type: integer 
	Parameter din234_WIDTH bound to: 8 - type: integer 
	Parameter din235_WIDTH bound to: 8 - type: integer 
	Parameter din236_WIDTH bound to: 8 - type: integer 
	Parameter din237_WIDTH bound to: 8 - type: integer 
	Parameter din238_WIDTH bound to: 8 - type: integer 
	Parameter din239_WIDTH bound to: 8 - type: integer 
	Parameter din240_WIDTH bound to: 8 - type: integer 
	Parameter din241_WIDTH bound to: 8 - type: integer 
	Parameter din242_WIDTH bound to: 8 - type: integer 
	Parameter din243_WIDTH bound to: 8 - type: integer 
	Parameter din244_WIDTH bound to: 8 - type: integer 
	Parameter din245_WIDTH bound to: 8 - type: integer 
	Parameter din246_WIDTH bound to: 8 - type: integer 
	Parameter din247_WIDTH bound to: 8 - type: integer 
	Parameter din248_WIDTH bound to: 8 - type: integer 
	Parameter din249_WIDTH bound to: 8 - type: integer 
	Parameter din250_WIDTH bound to: 8 - type: integer 
	Parameter din251_WIDTH bound to: 8 - type: integer 
	Parameter din252_WIDTH bound to: 8 - type: integer 
	Parameter din253_WIDTH bound to: 8 - type: integer 
	Parameter din254_WIDTH bound to: 8 - type: integer 
	Parameter din255_WIDTH bound to: 8 - type: integer 
	Parameter din256_WIDTH bound to: 8 - type: integer 
	Parameter dout_WIDTH bound to: 8 - type: integer 
INFO: [Synth 8-3491] module 'aes_encrypt_top_mudo' declared at 'c:/AES/AES.srcs/sources_1/bd/aes_bd/ipshared/8618/hdl/vhdl/aes_encrypt_top_mudo.vhd:13' bound to instance 'aes_encrypt_top_mudo_U25' of component 'aes_encrypt_top_mudo' [c:/AES/AES.srcs/sources_1/bd/aes_bd/ipshared/8618/hdl/vhdl/aes_encrypt_top.vhd:14973]
	Parameter ID bound to: 1 - type: integer 
	Parameter NUM_STAGE bound to: 1 - type: integer 
	Parameter din0_WIDTH bound to: 8 - type: integer 
	Parameter din1_WIDTH bound to: 8 - type: integer 
	Parameter din2_WIDTH bound to: 8 - type: integer 
	Parameter din3_WIDTH bound to: 8 - type: integer 
	Parameter din4_WIDTH bound to: 8 - type: integer 
	Parameter din5_WIDTH bound to: 8 - type: integer 
	Parameter din6_WIDTH bound to: 8 - type: integer 
	Parameter din7_WIDTH bound to: 8 - type: integer 
	Parameter din8_WIDTH bound to: 8 - type: integer 
	Parameter din9_WIDTH bound to: 8 - type: integer 
	Parameter din10_WIDTH bound to: 8 - type: integer 
	Parameter din11_WIDTH bound to: 8 - type: integer 
	Parameter din12_WIDTH bound to: 8 - type: integer 
	Parameter din13_WIDTH bound to: 8 - type: integer 
	Parameter din14_WIDTH bound to: 8 - type: integer 
	Parameter din15_WIDTH bound to: 8 - type: integer 
	Parameter din16_WIDTH bound to: 8 - type: integer 
	Parameter din17_WIDTH bound to: 8 - type: integer 
	Parameter din18_WIDTH bound to: 8 - type: integer 
	Parameter din19_WIDTH bound to: 8 - type: integer 
	Parameter din20_WIDTH bound to: 8 - type: integer 
	Parameter din21_WIDTH bound to: 8 - type: integer 
	Parameter din22_WIDTH bound to: 8 - type: integer 
	Parameter din23_WIDTH bound to: 8 - type: integer 
	Parameter din24_WIDTH bound to: 8 - type: integer 
	Parameter din25_WIDTH bound to: 8 - type: integer 
	Parameter din26_WIDTH bound to: 8 - type: integer 
	Parameter din27_WIDTH bound to: 8 - type: integer 
	Parameter din28_WIDTH bound to: 8 - type: integer 
	Parameter din29_WIDTH bound to: 8 - type: integer 
	Parameter din30_WIDTH bound to: 8 - type: integer 
	Parameter din31_WIDTH bound to: 8 - type: integer 
	Parameter din32_WIDTH bound to: 8 - type: integer 
	Parameter din33_WIDTH bound to: 8 - type: integer 
	Parameter din34_WIDTH bound to: 8 - type: integer 
	Parameter din35_WIDTH bound to: 8 - type: integer 
	Parameter din36_WIDTH bound to: 8 - type: integer 
	Parameter din37_WIDTH bound to: 8 - type: integer 
	Parameter din38_WIDTH bound to: 8 - type: integer 
	Parameter din39_WIDTH bound to: 8 - type: integer 
	Parameter din40_WIDTH bound to: 8 - type: integer 
	Parameter din41_WIDTH bound to: 8 - type: integer 
	Parameter din42_WIDTH bound to: 8 - type: integer 
	Parameter din43_WIDTH bound to: 8 - type: integer 
	Parameter din44_WIDTH bound to: 8 - type: integer 
	Parameter din45_WIDTH bound to: 8 - type: integer 
	Parameter din46_WIDTH bound to: 8 - type: integer 
	Parameter din47_WIDTH bound to: 8 - type: integer 
	Parameter din48_WIDTH bound to: 8 - type: integer 
	Parameter din49_WIDTH bound to: 8 - type: integer 
	Parameter din50_WIDTH bound to: 8 - type: integer 
	Parameter din51_WIDTH bound to: 8 - type: integer 
	Parameter din52_WIDTH bound to: 8 - type: integer 
	Parameter din53_WIDTH bound to: 8 - type: integer 
	Parameter din54_WIDTH bound to: 8 - type: integer 
	Parameter din55_WIDTH bound to: 8 - type: integer 
	Parameter din56_WIDTH bound to: 8 - type: integer 
	Parameter din57_WIDTH bound to: 8 - type: integer 
	Parameter din58_WIDTH bound to: 8 - type: integer 
	Parameter din59_WIDTH bound to: 8 - type: integer 
	Parameter din60_WIDTH bound to: 8 - type: integer 
	Parameter din61_WIDTH bound to: 8 - type: integer 
	Parameter din62_WIDTH bound to: 8 - type: integer 
	Parameter din63_WIDTH bound to: 8 - type: integer 
	Parameter din64_WIDTH bound to: 8 - type: integer 
	Parameter din65_WIDTH bound to: 8 - type: integer 
	Parameter din66_WIDTH bound to: 8 - type: integer 
	Parameter din67_WIDTH bound to: 8 - type: integer 
	Parameter din68_WIDTH bound to: 8 - type: integer 
	Parameter din69_WIDTH bound to: 8 - type: integer 
	Parameter din70_WIDTH bound to: 8 - type: integer 
	Parameter din71_WIDTH bound to: 8 - type: integer 
	Parameter din72_WIDTH bound to: 8 - type: integer 
	Parameter din73_WIDTH bound to: 8 - type: integer 
	Parameter din74_WIDTH bound to: 8 - type: integer 
	Parameter din75_WIDTH bound to: 8 - type: integer 
	Parameter din76_WIDTH bound to: 8 - type: integer 
	Parameter din77_WIDTH bound to: 8 - type: integer 
	Parameter din78_WIDTH bound to: 8 - type: integer 
	Parameter din79_WIDTH bound to: 8 - type: integer 
	Parameter din80_WIDTH bound to: 8 - type: integer 
	Parameter din81_WIDTH bound to: 8 - type: integer 
	Parameter din82_WIDTH bound to: 8 - type: integer 
	Parameter din83_WIDTH bound to: 8 - type: integer 
	Parameter din84_WIDTH bound to: 8 - type: integer 
	Parameter din85_WIDTH bound to: 8 - type: integer 
	Parameter din86_WIDTH bound to: 8 - type: integer 
	Parameter din87_WIDTH bound to: 8 - type: integer 
	Parameter din88_WIDTH bound to: 8 - type: integer 
	Parameter din89_WIDTH bound to: 8 - type: integer 
	Parameter din90_WIDTH bound to: 8 - type: integer 
	Parameter din91_WIDTH bound to: 8 - type: integer 
	Parameter din92_WIDTH bound to: 8 - type: integer 
	Parameter din93_WIDTH bound to: 8 - type: integer 
	Parameter din94_WIDTH bound to: 8 - type: integer 
	Parameter din95_WIDTH bound to: 8 - type: integer 
	Parameter din96_WIDTH bound to: 8 - type: integer 
	Parameter din97_WIDTH bound to: 8 - type: integer 
	Parameter din98_WIDTH bound to: 8 - type: integer 
	Parameter din99_WIDTH bound to: 8 - type: integer 
	Parameter din100_WIDTH bound to: 8 - type: integer 
	Parameter din101_WIDTH bound to: 8 - type: integer 
	Parameter din102_WIDTH bound to: 8 - type: integer 
	Parameter din103_WIDTH bound to: 8 - type: integer 
	Parameter din104_WIDTH bound to: 8 - type: integer 
	Parameter din105_WIDTH bound to: 8 - type: integer 
	Parameter din106_WIDTH bound to: 8 - type: integer 
	Parameter din107_WIDTH bound to: 8 - type: integer 
	Parameter din108_WIDTH bound to: 8 - type: integer 
	Parameter din109_WIDTH bound to: 8 - type: integer 
	Parameter din110_WIDTH bound to: 8 - type: integer 
	Parameter din111_WIDTH bound to: 8 - type: integer 
	Parameter din112_WIDTH bound to: 8 - type: integer 
	Parameter din113_WIDTH bound to: 8 - type: integer 
	Parameter din114_WIDTH bound to: 8 - type: integer 
	Parameter din115_WIDTH bound to: 8 - type: integer 
	Parameter din116_WIDTH bound to: 8 - type: integer 
	Parameter din117_WIDTH bound to: 8 - type: integer 
	Parameter din118_WIDTH bound to: 8 - type: integer 
	Parameter din119_WIDTH bound to: 8 - type: integer 
	Parameter din120_WIDTH bound to: 8 - type: integer 
	Parameter din121_WIDTH bound to: 8 - type: integer 
	Parameter din122_WIDTH bound to: 8 - type: integer 
	Parameter din123_WIDTH bound to: 8 - type: integer 
	Parameter din124_WIDTH bound to: 8 - type: integer 
	Parameter din125_WIDTH bound to: 8 - type: integer 
	Parameter din126_WIDTH bound to: 8 - type: integer 
	Parameter din127_WIDTH bound to: 8 - type: integer 
	Parameter din128_WIDTH bound to: 8 - type: integer 
	Parameter din129_WIDTH bound to: 8 - type: integer 
	Parameter din130_WIDTH bound to: 8 - type: integer 
	Parameter din131_WIDTH bound to: 8 - type: integer 
	Parameter din132_WIDTH bound to: 8 - type: integer 
	Parameter din133_WIDTH bound to: 8 - type: integer 
	Parameter din134_WIDTH bound to: 8 - type: integer 
	Parameter din135_WIDTH bound to: 8 - type: integer 
	Parameter din136_WIDTH bound to: 8 - type: integer 
	Parameter din137_WIDTH bound to: 8 - type: integer 
	Parameter din138_WIDTH bound to: 8 - type: integer 
	Parameter din139_WIDTH bound to: 8 - type: integer 
	Parameter din140_WIDTH bound to: 8 - type: integer 
	Parameter din141_WIDTH bound to: 8 - type: integer 
	Parameter din142_WIDTH bound to: 8 - type: integer 
	Parameter din143_WIDTH bound to: 8 - type: integer 
	Parameter din144_WIDTH bound to: 8 - type: integer 
	Parameter din145_WIDTH bound to: 8 - type: integer 
	Parameter din146_WIDTH bound to: 8 - type: integer 
	Parameter din147_WIDTH bound to: 8 - type: integer 
	Parameter din148_WIDTH bound to: 8 - type: integer 
	Parameter din149_WIDTH bound to: 8 - type: integer 
	Parameter din150_WIDTH bound to: 8 - type: integer 
	Parameter din151_WIDTH bound to: 8 - type: integer 
	Parameter din152_WIDTH bound to: 8 - type: integer 
	Parameter din153_WIDTH bound to: 8 - type: integer 
	Parameter din154_WIDTH bound to: 8 - type: integer 
	Parameter din155_WIDTH bound to: 8 - type: integer 
	Parameter din156_WIDTH bound to: 8 - type: integer 
	Parameter din157_WIDTH bound to: 8 - type: integer 
	Parameter din158_WIDTH bound to: 8 - type: integer 
	Parameter din159_WIDTH bound to: 8 - type: integer 
	Parameter din160_WIDTH bound to: 8 - type: integer 
	Parameter din161_WIDTH bound to: 8 - type: integer 
	Parameter din162_WIDTH bound to: 8 - type: integer 
	Parameter din163_WIDTH bound to: 8 - type: integer 
	Parameter din164_WIDTH bound to: 8 - type: integer 
	Parameter din165_WIDTH bound to: 8 - type: integer 
	Parameter din166_WIDTH bound to: 8 - type: integer 
	Parameter din167_WIDTH bound to: 8 - type: integer 
	Parameter din168_WIDTH bound to: 8 - type: integer 
	Parameter din169_WIDTH bound to: 8 - type: integer 
	Parameter din170_WIDTH bound to: 8 - type: integer 
	Parameter din171_WIDTH bound to: 8 - type: integer 
	Parameter din172_WIDTH bound to: 8 - type: integer 
	Parameter din173_WIDTH bound to: 8 - type: integer 
	Parameter din174_WIDTH bound to: 8 - type: integer 
	Parameter din175_WIDTH bound to: 8 - type: integer 
	Parameter din176_WIDTH bound to: 8 - type: integer 
	Parameter din177_WIDTH bound to: 8 - type: integer 
	Parameter din178_WIDTH bound to: 8 - type: integer 
	Parameter din179_WIDTH bound to: 8 - type: integer 
	Parameter din180_WIDTH bound to: 8 - type: integer 
	Parameter din181_WIDTH bound to: 8 - type: integer 
	Parameter din182_WIDTH bound to: 8 - type: integer 
	Parameter din183_WIDTH bound to: 8 - type: integer 
	Parameter din184_WIDTH bound to: 8 - type: integer 
	Parameter din185_WIDTH bound to: 8 - type: integer 
	Parameter din186_WIDTH bound to: 8 - type: integer 
	Parameter din187_WIDTH bound to: 8 - type: integer 
	Parameter din188_WIDTH bound to: 8 - type: integer 
	Parameter din189_WIDTH bound to: 8 - type: integer 
	Parameter din190_WIDTH bound to: 8 - type: integer 
	Parameter din191_WIDTH bound to: 8 - type: integer 
	Parameter din192_WIDTH bound to: 8 - type: integer 
	Parameter din193_WIDTH bound to: 8 - type: integer 
	Parameter din194_WIDTH bound to: 8 - type: integer 
	Parameter din195_WIDTH bound to: 8 - type: integer 
	Parameter din196_WIDTH bound to: 8 - type: integer 
	Parameter din197_WIDTH bound to: 8 - type: integer 
	Parameter din198_WIDTH bound to: 8 - type: integer 
	Parameter din199_WIDTH bound to: 8 - type: integer 
	Parameter din200_WIDTH bound to: 8 - type: integer 
	Parameter din201_WIDTH bound to: 8 - type: integer 
	Parameter din202_WIDTH bound to: 8 - type: integer 
	Parameter din203_WIDTH bound to: 8 - type: integer 
	Parameter din204_WIDTH bound to: 8 - type: integer 
	Parameter din205_WIDTH bound to: 8 - type: integer 
	Parameter din206_WIDTH bound to: 8 - type: integer 
	Parameter din207_WIDTH bound to: 8 - type: integer 
	Parameter din208_WIDTH bound to: 8 - type: integer 
	Parameter din209_WIDTH bound to: 8 - type: integer 
	Parameter din210_WIDTH bound to: 8 - type: integer 
	Parameter din211_WIDTH bound to: 8 - type: integer 
	Parameter din212_WIDTH bound to: 8 - type: integer 
	Parameter din213_WIDTH bound to: 8 - type: integer 
	Parameter din214_WIDTH bound to: 8 - type: integer 
	Parameter din215_WIDTH bound to: 8 - type: integer 
	Parameter din216_WIDTH bound to: 8 - type: integer 
	Parameter din217_WIDTH bound to: 8 - type: integer 
	Parameter din218_WIDTH bound to: 8 - type: integer 
	Parameter din219_WIDTH bound to: 8 - type: integer 
	Parameter din220_WIDTH bound to: 8 - type: integer 
	Parameter din221_WIDTH bound to: 8 - type: integer 
	Parameter din222_WIDTH bound to: 8 - type: integer 
	Parameter din223_WIDTH bound to: 8 - type: integer 
	Parameter din224_WIDTH bound to: 8 - type: integer 
	Parameter din225_WIDTH bound to: 8 - type: integer 
	Parameter din226_WIDTH bound to: 8 - type: integer 
	Parameter din227_WIDTH bound to: 8 - type: integer 
	Parameter din228_WIDTH bound to: 8 - type: integer 
	Parameter din229_WIDTH bound to: 8 - type: integer 
	Parameter din230_WIDTH bound to: 8 - type: integer 
	Parameter din231_WIDTH bound to: 8 - type: integer 
	Parameter din232_WIDTH bound to: 8 - type: integer 
	Parameter din233_WIDTH bound to: 8 - type: integer 
	Parameter din234_WIDTH bound to: 8 - type: integer 
	Parameter din235_WIDTH bound to: 8 - type: integer 
	Parameter din236_WIDTH bound to: 8 - type: integer 
	Parameter din237_WIDTH bound to: 8 - type: integer 
	Parameter din238_WIDTH bound to: 8 - type: integer 
	Parameter din239_WIDTH bound to: 8 - type: integer 
	Parameter din240_WIDTH bound to: 8 - type: integer 
	Parameter din241_WIDTH bound to: 8 - type: integer 
	Parameter din242_WIDTH bound to: 8 - type: integer 
	Parameter din243_WIDTH bound to: 8 - type: integer 
	Parameter din244_WIDTH bound to: 8 - type: integer 
	Parameter din245_WIDTH bound to: 8 - type: integer 
	Parameter din246_WIDTH bound to: 8 - type: integer 
	Parameter din247_WIDTH bound to: 8 - type: integer 
	Parameter din248_WIDTH bound to: 8 - type: integer 
	Parameter din249_WIDTH bound to: 8 - type: integer 
	Parameter din250_WIDTH bound to: 8 - type: integer 
	Parameter din251_WIDTH bound to: 8 - type: integer 
	Parameter din252_WIDTH bound to: 8 - type: integer 
	Parameter din253_WIDTH bound to: 8 - type: integer 
	Parameter din254_WIDTH bound to: 8 - type: integer 
	Parameter din255_WIDTH bound to: 8 - type: integer 
	Parameter din256_WIDTH bound to: 8 - type: integer 
	Parameter dout_WIDTH bound to: 8 - type: integer 
INFO: [Synth 8-3491] module 'aes_encrypt_top_mudo' declared at 'c:/AES/AES.srcs/sources_1/bd/aes_bd/ipshared/8618/hdl/vhdl/aes_encrypt_top_mudo.vhd:13' bound to instance 'aes_encrypt_top_mudo_U26' of component 'aes_encrypt_top_mudo' [c:/AES/AES.srcs/sources_1/bd/aes_bd/ipshared/8618/hdl/vhdl/aes_encrypt_top.vhd:15495]
	Parameter ID bound to: 1 - type: integer 
	Parameter NUM_STAGE bound to: 1 - type: integer 
	Parameter din0_WIDTH bound to: 8 - type: integer 
	Parameter din1_WIDTH bound to: 8 - type: integer 
	Parameter din2_WIDTH bound to: 8 - type: integer 
	Parameter din3_WIDTH bound to: 8 - type: integer 
	Parameter din4_WIDTH bound to: 8 - type: integer 
	Parameter din5_WIDTH bound to: 8 - type: integer 
	Parameter din6_WIDTH bound to: 8 - type: integer 
	Parameter din7_WIDTH bound to: 8 - type: integer 
	Parameter din8_WIDTH bound to: 8 - type: integer 
	Parameter din9_WIDTH bound to: 8 - type: integer 
	Parameter din10_WIDTH bound to: 8 - type: integer 
	Parameter din11_WIDTH bound to: 8 - type: integer 
	Parameter din12_WIDTH bound to: 8 - type: integer 
	Parameter din13_WIDTH bound to: 8 - type: integer 
	Parameter din14_WIDTH bound to: 8 - type: integer 
	Parameter din15_WIDTH bound to: 8 - type: integer 
	Parameter din16_WIDTH bound to: 8 - type: integer 
	Parameter din17_WIDTH bound to: 8 - type: integer 
	Parameter din18_WIDTH bound to: 8 - type: integer 
	Parameter din19_WIDTH bound to: 8 - type: integer 
	Parameter din20_WIDTH bound to: 8 - type: integer 
	Parameter din21_WIDTH bound to: 8 - type: integer 
	Parameter din22_WIDTH bound to: 8 - type: integer 
	Parameter din23_WIDTH bound to: 8 - type: integer 
	Parameter din24_WIDTH bound to: 8 - type: integer 
	Parameter din25_WIDTH bound to: 8 - type: integer 
	Parameter din26_WIDTH bound to: 8 - type: integer 
	Parameter din27_WIDTH bound to: 8 - type: integer 
	Parameter din28_WIDTH bound to: 8 - type: integer 
	Parameter din29_WIDTH bound to: 8 - type: integer 
	Parameter din30_WIDTH bound to: 8 - type: integer 
	Parameter din31_WIDTH bound to: 8 - type: integer 
	Parameter din32_WIDTH bound to: 8 - type: integer 
	Parameter din33_WIDTH bound to: 8 - type: integer 
	Parameter din34_WIDTH bound to: 8 - type: integer 
	Parameter din35_WIDTH bound to: 8 - type: integer 
	Parameter din36_WIDTH bound to: 8 - type: integer 
	Parameter din37_WIDTH bound to: 8 - type: integer 
	Parameter din38_WIDTH bound to: 8 - type: integer 
	Parameter din39_WIDTH bound to: 8 - type: integer 
	Parameter din40_WIDTH bound to: 8 - type: integer 
	Parameter din41_WIDTH bound to: 8 - type: integer 
	Parameter din42_WIDTH bound to: 8 - type: integer 
	Parameter din43_WIDTH bound to: 8 - type: integer 
	Parameter din44_WIDTH bound to: 8 - type: integer 
	Parameter din45_WIDTH bound to: 8 - type: integer 
	Parameter din46_WIDTH bound to: 8 - type: integer 
	Parameter din47_WIDTH bound to: 8 - type: integer 
	Parameter din48_WIDTH bound to: 8 - type: integer 
	Parameter din49_WIDTH bound to: 8 - type: integer 
	Parameter din50_WIDTH bound to: 8 - type: integer 
	Parameter din51_WIDTH bound to: 8 - type: integer 
	Parameter din52_WIDTH bound to: 8 - type: integer 
	Parameter din53_WIDTH bound to: 8 - type: integer 
	Parameter din54_WIDTH bound to: 8 - type: integer 
	Parameter din55_WIDTH bound to: 8 - type: integer 
	Parameter din56_WIDTH bound to: 8 - type: integer 
	Parameter din57_WIDTH bound to: 8 - type: integer 
	Parameter din58_WIDTH bound to: 8 - type: integer 
	Parameter din59_WIDTH bound to: 8 - type: integer 
	Parameter din60_WIDTH bound to: 8 - type: integer 
	Parameter din61_WIDTH bound to: 8 - type: integer 
	Parameter din62_WIDTH bound to: 8 - type: integer 
	Parameter din63_WIDTH bound to: 8 - type: integer 
	Parameter din64_WIDTH bound to: 8 - type: integer 
	Parameter din65_WIDTH bound to: 8 - type: integer 
	Parameter din66_WIDTH bound to: 8 - type: integer 
	Parameter din67_WIDTH bound to: 8 - type: integer 
	Parameter din68_WIDTH bound to: 8 - type: integer 
	Parameter din69_WIDTH bound to: 8 - type: integer 
	Parameter din70_WIDTH bound to: 8 - type: integer 
	Parameter din71_WIDTH bound to: 8 - type: integer 
	Parameter din72_WIDTH bound to: 8 - type: integer 
	Parameter din73_WIDTH bound to: 8 - type: integer 
	Parameter din74_WIDTH bound to: 8 - type: integer 
	Parameter din75_WIDTH bound to: 8 - type: integer 
	Parameter din76_WIDTH bound to: 8 - type: integer 
	Parameter din77_WIDTH bound to: 8 - type: integer 
	Parameter din78_WIDTH bound to: 8 - type: integer 
	Parameter din79_WIDTH bound to: 8 - type: integer 
	Parameter din80_WIDTH bound to: 8 - type: integer 
	Parameter din81_WIDTH bound to: 8 - type: integer 
	Parameter din82_WIDTH bound to: 8 - type: integer 
	Parameter din83_WIDTH bound to: 8 - type: integer 
	Parameter din84_WIDTH bound to: 8 - type: integer 
	Parameter din85_WIDTH bound to: 8 - type: integer 
	Parameter din86_WIDTH bound to: 8 - type: integer 
	Parameter din87_WIDTH bound to: 8 - type: integer 
	Parameter din88_WIDTH bound to: 8 - type: integer 
	Parameter din89_WIDTH bound to: 8 - type: integer 
	Parameter din90_WIDTH bound to: 8 - type: integer 
	Parameter din91_WIDTH bound to: 8 - type: integer 
	Parameter din92_WIDTH bound to: 8 - type: integer 
	Parameter din93_WIDTH bound to: 8 - type: integer 
	Parameter din94_WIDTH bound to: 8 - type: integer 
	Parameter din95_WIDTH bound to: 8 - type: integer 
	Parameter din96_WIDTH bound to: 8 - type: integer 
	Parameter din97_WIDTH bound to: 8 - type: integer 
	Parameter din98_WIDTH bound to: 8 - type: integer 
	Parameter din99_WIDTH bound to: 8 - type: integer 
	Parameter din100_WIDTH bound to: 8 - type: integer 
	Parameter din101_WIDTH bound to: 8 - type: integer 
	Parameter din102_WIDTH bound to: 8 - type: integer 
	Parameter din103_WIDTH bound to: 8 - type: integer 
	Parameter din104_WIDTH bound to: 8 - type: integer 
	Parameter din105_WIDTH bound to: 8 - type: integer 
	Parameter din106_WIDTH bound to: 8 - type: integer 
	Parameter din107_WIDTH bound to: 8 - type: integer 
	Parameter din108_WIDTH bound to: 8 - type: integer 
	Parameter din109_WIDTH bound to: 8 - type: integer 
	Parameter din110_WIDTH bound to: 8 - type: integer 
	Parameter din111_WIDTH bound to: 8 - type: integer 
	Parameter din112_WIDTH bound to: 8 - type: integer 
	Parameter din113_WIDTH bound to: 8 - type: integer 
	Parameter din114_WIDTH bound to: 8 - type: integer 
	Parameter din115_WIDTH bound to: 8 - type: integer 
	Parameter din116_WIDTH bound to: 8 - type: integer 
	Parameter din117_WIDTH bound to: 8 - type: integer 
	Parameter din118_WIDTH bound to: 8 - type: integer 
	Parameter din119_WIDTH bound to: 8 - type: integer 
	Parameter din120_WIDTH bound to: 8 - type: integer 
	Parameter din121_WIDTH bound to: 8 - type: integer 
	Parameter din122_WIDTH bound to: 8 - type: integer 
	Parameter din123_WIDTH bound to: 8 - type: integer 
	Parameter din124_WIDTH bound to: 8 - type: integer 
	Parameter din125_WIDTH bound to: 8 - type: integer 
	Parameter din126_WIDTH bound to: 8 - type: integer 
	Parameter din127_WIDTH bound to: 8 - type: integer 
	Parameter din128_WIDTH bound to: 8 - type: integer 
	Parameter din129_WIDTH bound to: 8 - type: integer 
	Parameter din130_WIDTH bound to: 8 - type: integer 
	Parameter din131_WIDTH bound to: 8 - type: integer 
	Parameter din132_WIDTH bound to: 8 - type: integer 
	Parameter din133_WIDTH bound to: 8 - type: integer 
	Parameter din134_WIDTH bound to: 8 - type: integer 
	Parameter din135_WIDTH bound to: 8 - type: integer 
	Parameter din136_WIDTH bound to: 8 - type: integer 
	Parameter din137_WIDTH bound to: 8 - type: integer 
	Parameter din138_WIDTH bound to: 8 - type: integer 
	Parameter din139_WIDTH bound to: 8 - type: integer 
	Parameter din140_WIDTH bound to: 8 - type: integer 
	Parameter din141_WIDTH bound to: 8 - type: integer 
	Parameter din142_WIDTH bound to: 8 - type: integer 
	Parameter din143_WIDTH bound to: 8 - type: integer 
	Parameter din144_WIDTH bound to: 8 - type: integer 
	Parameter din145_WIDTH bound to: 8 - type: integer 
	Parameter din146_WIDTH bound to: 8 - type: integer 
	Parameter din147_WIDTH bound to: 8 - type: integer 
	Parameter din148_WIDTH bound to: 8 - type: integer 
	Parameter din149_WIDTH bound to: 8 - type: integer 
	Parameter din150_WIDTH bound to: 8 - type: integer 
	Parameter din151_WIDTH bound to: 8 - type: integer 
	Parameter din152_WIDTH bound to: 8 - type: integer 
	Parameter din153_WIDTH bound to: 8 - type: integer 
	Parameter din154_WIDTH bound to: 8 - type: integer 
	Parameter din155_WIDTH bound to: 8 - type: integer 
	Parameter din156_WIDTH bound to: 8 - type: integer 
	Parameter din157_WIDTH bound to: 8 - type: integer 
	Parameter din158_WIDTH bound to: 8 - type: integer 
	Parameter din159_WIDTH bound to: 8 - type: integer 
	Parameter din160_WIDTH bound to: 8 - type: integer 
	Parameter din161_WIDTH bound to: 8 - type: integer 
	Parameter din162_WIDTH bound to: 8 - type: integer 
	Parameter din163_WIDTH bound to: 8 - type: integer 
	Parameter din164_WIDTH bound to: 8 - type: integer 
	Parameter din165_WIDTH bound to: 8 - type: integer 
	Parameter din166_WIDTH bound to: 8 - type: integer 
	Parameter din167_WIDTH bound to: 8 - type: integer 
	Parameter din168_WIDTH bound to: 8 - type: integer 
	Parameter din169_WIDTH bound to: 8 - type: integer 
	Parameter din170_WIDTH bound to: 8 - type: integer 
	Parameter din171_WIDTH bound to: 8 - type: integer 
	Parameter din172_WIDTH bound to: 8 - type: integer 
	Parameter din173_WIDTH bound to: 8 - type: integer 
	Parameter din174_WIDTH bound to: 8 - type: integer 
	Parameter din175_WIDTH bound to: 8 - type: integer 
	Parameter din176_WIDTH bound to: 8 - type: integer 
	Parameter din177_WIDTH bound to: 8 - type: integer 
	Parameter din178_WIDTH bound to: 8 - type: integer 
	Parameter din179_WIDTH bound to: 8 - type: integer 
	Parameter din180_WIDTH bound to: 8 - type: integer 
	Parameter din181_WIDTH bound to: 8 - type: integer 
	Parameter din182_WIDTH bound to: 8 - type: integer 
	Parameter din183_WIDTH bound to: 8 - type: integer 
	Parameter din184_WIDTH bound to: 8 - type: integer 
	Parameter din185_WIDTH bound to: 8 - type: integer 
	Parameter din186_WIDTH bound to: 8 - type: integer 
	Parameter din187_WIDTH bound to: 8 - type: integer 
	Parameter din188_WIDTH bound to: 8 - type: integer 
	Parameter din189_WIDTH bound to: 8 - type: integer 
	Parameter din190_WIDTH bound to: 8 - type: integer 
	Parameter din191_WIDTH bound to: 8 - type: integer 
	Parameter din192_WIDTH bound to: 8 - type: integer 
	Parameter din193_WIDTH bound to: 8 - type: integer 
	Parameter din194_WIDTH bound to: 8 - type: integer 
	Parameter din195_WIDTH bound to: 8 - type: integer 
	Parameter din196_WIDTH bound to: 8 - type: integer 
	Parameter din197_WIDTH bound to: 8 - type: integer 
	Parameter din198_WIDTH bound to: 8 - type: integer 
	Parameter din199_WIDTH bound to: 8 - type: integer 
	Parameter din200_WIDTH bound to: 8 - type: integer 
	Parameter din201_WIDTH bound to: 8 - type: integer 
	Parameter din202_WIDTH bound to: 8 - type: integer 
	Parameter din203_WIDTH bound to: 8 - type: integer 
	Parameter din204_WIDTH bound to: 8 - type: integer 
	Parameter din205_WIDTH bound to: 8 - type: integer 
	Parameter din206_WIDTH bound to: 8 - type: integer 
	Parameter din207_WIDTH bound to: 8 - type: integer 
	Parameter din208_WIDTH bound to: 8 - type: integer 
	Parameter din209_WIDTH bound to: 8 - type: integer 
	Parameter din210_WIDTH bound to: 8 - type: integer 
	Parameter din211_WIDTH bound to: 8 - type: integer 
	Parameter din212_WIDTH bound to: 8 - type: integer 
	Parameter din213_WIDTH bound to: 8 - type: integer 
	Parameter din214_WIDTH bound to: 8 - type: integer 
	Parameter din215_WIDTH bound to: 8 - type: integer 
	Parameter din216_WIDTH bound to: 8 - type: integer 
	Parameter din217_WIDTH bound to: 8 - type: integer 
	Parameter din218_WIDTH bound to: 8 - type: integer 
	Parameter din219_WIDTH bound to: 8 - type: integer 
	Parameter din220_WIDTH bound to: 8 - type: integer 
	Parameter din221_WIDTH bound to: 8 - type: integer 
	Parameter din222_WIDTH bound to: 8 - type: integer 
	Parameter din223_WIDTH bound to: 8 - type: integer 
	Parameter din224_WIDTH bound to: 8 - type: integer 
	Parameter din225_WIDTH bound to: 8 - type: integer 
	Parameter din226_WIDTH bound to: 8 - type: integer 
	Parameter din227_WIDTH bound to: 8 - type: integer 
	Parameter din228_WIDTH bound to: 8 - type: integer 
	Parameter din229_WIDTH bound to: 8 - type: integer 
	Parameter din230_WIDTH bound to: 8 - type: integer 
	Parameter din231_WIDTH bound to: 8 - type: integer 
	Parameter din232_WIDTH bound to: 8 - type: integer 
	Parameter din233_WIDTH bound to: 8 - type: integer 
	Parameter din234_WIDTH bound to: 8 - type: integer 
	Parameter din235_WIDTH bound to: 8 - type: integer 
	Parameter din236_WIDTH bound to: 8 - type: integer 
	Parameter din237_WIDTH bound to: 8 - type: integer 
	Parameter din238_WIDTH bound to: 8 - type: integer 
	Parameter din239_WIDTH bound to: 8 - type: integer 
	Parameter din240_WIDTH bound to: 8 - type: integer 
	Parameter din241_WIDTH bound to: 8 - type: integer 
	Parameter din242_WIDTH bound to: 8 - type: integer 
	Parameter din243_WIDTH bound to: 8 - type: integer 
	Parameter din244_WIDTH bound to: 8 - type: integer 
	Parameter din245_WIDTH bound to: 8 - type: integer 
	Parameter din246_WIDTH bound to: 8 - type: integer 
	Parameter din247_WIDTH bound to: 8 - type: integer 
	Parameter din248_WIDTH bound to: 8 - type: integer 
	Parameter din249_WIDTH bound to: 8 - type: integer 
	Parameter din250_WIDTH bound to: 8 - type: integer 
	Parameter din251_WIDTH bound to: 8 - type: integer 
	Parameter din252_WIDTH bound to: 8 - type: integer 
	Parameter din253_WIDTH bound to: 8 - type: integer 
	Parameter din254_WIDTH bound to: 8 - type: integer 
	Parameter din255_WIDTH bound to: 8 - type: integer 
	Parameter din256_WIDTH bound to: 8 - type: integer 
	Parameter dout_WIDTH bound to: 8 - type: integer 
INFO: [Synth 8-3491] module 'aes_encrypt_top_mudo' declared at 'c:/AES/AES.srcs/sources_1/bd/aes_bd/ipshared/8618/hdl/vhdl/aes_encrypt_top_mudo.vhd:13' bound to instance 'aes_encrypt_top_mudo_U27' of component 'aes_encrypt_top_mudo' [c:/AES/AES.srcs/sources_1/bd/aes_bd/ipshared/8618/hdl/vhdl/aes_encrypt_top.vhd:16017]
	Parameter ID bound to: 1 - type: integer 
	Parameter NUM_STAGE bound to: 1 - type: integer 
	Parameter din0_WIDTH bound to: 8 - type: integer 
	Parameter din1_WIDTH bound to: 8 - type: integer 
	Parameter din2_WIDTH bound to: 8 - type: integer 
	Parameter din3_WIDTH bound to: 8 - type: integer 
	Parameter din4_WIDTH bound to: 8 - type: integer 
	Parameter din5_WIDTH bound to: 8 - type: integer 
	Parameter din6_WIDTH bound to: 8 - type: integer 
	Parameter din7_WIDTH bound to: 8 - type: integer 
	Parameter din8_WIDTH bound to: 8 - type: integer 
	Parameter din9_WIDTH bound to: 8 - type: integer 
	Parameter din10_WIDTH bound to: 8 - type: integer 
	Parameter din11_WIDTH bound to: 8 - type: integer 
	Parameter din12_WIDTH bound to: 8 - type: integer 
	Parameter din13_WIDTH bound to: 8 - type: integer 
	Parameter din14_WIDTH bound to: 8 - type: integer 
	Parameter din15_WIDTH bound to: 8 - type: integer 
	Parameter din16_WIDTH bound to: 8 - type: integer 
	Parameter din17_WIDTH bound to: 8 - type: integer 
	Parameter din18_WIDTH bound to: 8 - type: integer 
	Parameter din19_WIDTH bound to: 8 - type: integer 
	Parameter din20_WIDTH bound to: 8 - type: integer 
	Parameter din21_WIDTH bound to: 8 - type: integer 
	Parameter din22_WIDTH bound to: 8 - type: integer 
	Parameter din23_WIDTH bound to: 8 - type: integer 
	Parameter din24_WIDTH bound to: 8 - type: integer 
	Parameter din25_WIDTH bound to: 8 - type: integer 
	Parameter din26_WIDTH bound to: 8 - type: integer 
	Parameter din27_WIDTH bound to: 8 - type: integer 
	Parameter din28_WIDTH bound to: 8 - type: integer 
	Parameter din29_WIDTH bound to: 8 - type: integer 
	Parameter din30_WIDTH bound to: 8 - type: integer 
	Parameter din31_WIDTH bound to: 8 - type: integer 
	Parameter din32_WIDTH bound to: 8 - type: integer 
	Parameter din33_WIDTH bound to: 8 - type: integer 
	Parameter din34_WIDTH bound to: 8 - type: integer 
	Parameter din35_WIDTH bound to: 8 - type: integer 
	Parameter din36_WIDTH bound to: 8 - type: integer 
	Parameter din37_WIDTH bound to: 8 - type: integer 
	Parameter din38_WIDTH bound to: 8 - type: integer 
	Parameter din39_WIDTH bound to: 8 - type: integer 
	Parameter din40_WIDTH bound to: 8 - type: integer 
	Parameter din41_WIDTH bound to: 8 - type: integer 
	Parameter din42_WIDTH bound to: 8 - type: integer 
	Parameter din43_WIDTH bound to: 8 - type: integer 
	Parameter din44_WIDTH bound to: 8 - type: integer 
	Parameter din45_WIDTH bound to: 8 - type: integer 
	Parameter din46_WIDTH bound to: 8 - type: integer 
	Parameter din47_WIDTH bound to: 8 - type: integer 
	Parameter din48_WIDTH bound to: 8 - type: integer 
	Parameter din49_WIDTH bound to: 8 - type: integer 
	Parameter din50_WIDTH bound to: 8 - type: integer 
	Parameter din51_WIDTH bound to: 8 - type: integer 
	Parameter din52_WIDTH bound to: 8 - type: integer 
	Parameter din53_WIDTH bound to: 8 - type: integer 
	Parameter din54_WIDTH bound to: 8 - type: integer 
	Parameter din55_WIDTH bound to: 8 - type: integer 
	Parameter din56_WIDTH bound to: 8 - type: integer 
	Parameter din57_WIDTH bound to: 8 - type: integer 
	Parameter din58_WIDTH bound to: 8 - type: integer 
	Parameter din59_WIDTH bound to: 8 - type: integer 
	Parameter din60_WIDTH bound to: 8 - type: integer 
	Parameter din61_WIDTH bound to: 8 - type: integer 
	Parameter din62_WIDTH bound to: 8 - type: integer 
	Parameter din63_WIDTH bound to: 8 - type: integer 
	Parameter din64_WIDTH bound to: 8 - type: integer 
	Parameter din65_WIDTH bound to: 8 - type: integer 
	Parameter din66_WIDTH bound to: 8 - type: integer 
	Parameter din67_WIDTH bound to: 8 - type: integer 
	Parameter din68_WIDTH bound to: 8 - type: integer 
	Parameter din69_WIDTH bound to: 8 - type: integer 
	Parameter din70_WIDTH bound to: 8 - type: integer 
	Parameter din71_WIDTH bound to: 8 - type: integer 
	Parameter din72_WIDTH bound to: 8 - type: integer 
	Parameter din73_WIDTH bound to: 8 - type: integer 
	Parameter din74_WIDTH bound to: 8 - type: integer 
	Parameter din75_WIDTH bound to: 8 - type: integer 
	Parameter din76_WIDTH bound to: 8 - type: integer 
	Parameter din77_WIDTH bound to: 8 - type: integer 
	Parameter din78_WIDTH bound to: 8 - type: integer 
	Parameter din79_WIDTH bound to: 8 - type: integer 
	Parameter din80_WIDTH bound to: 8 - type: integer 
	Parameter din81_WIDTH bound to: 8 - type: integer 
	Parameter din82_WIDTH bound to: 8 - type: integer 
	Parameter din83_WIDTH bound to: 8 - type: integer 
	Parameter din84_WIDTH bound to: 8 - type: integer 
	Parameter din85_WIDTH bound to: 8 - type: integer 
	Parameter din86_WIDTH bound to: 8 - type: integer 
	Parameter din87_WIDTH bound to: 8 - type: integer 
	Parameter din88_WIDTH bound to: 8 - type: integer 
	Parameter din89_WIDTH bound to: 8 - type: integer 
	Parameter din90_WIDTH bound to: 8 - type: integer 
	Parameter din91_WIDTH bound to: 8 - type: integer 
	Parameter din92_WIDTH bound to: 8 - type: integer 
	Parameter din93_WIDTH bound to: 8 - type: integer 
	Parameter din94_WIDTH bound to: 8 - type: integer 
	Parameter din95_WIDTH bound to: 8 - type: integer 
	Parameter din96_WIDTH bound to: 8 - type: integer 
	Parameter din97_WIDTH bound to: 8 - type: integer 
	Parameter din98_WIDTH bound to: 8 - type: integer 
	Parameter din99_WIDTH bound to: 8 - type: integer 
	Parameter din100_WIDTH bound to: 8 - type: integer 
	Parameter din101_WIDTH bound to: 8 - type: integer 
	Parameter din102_WIDTH bound to: 8 - type: integer 
	Parameter din103_WIDTH bound to: 8 - type: integer 
	Parameter din104_WIDTH bound to: 8 - type: integer 
	Parameter din105_WIDTH bound to: 8 - type: integer 
	Parameter din106_WIDTH bound to: 8 - type: integer 
	Parameter din107_WIDTH bound to: 8 - type: integer 
	Parameter din108_WIDTH bound to: 8 - type: integer 
	Parameter din109_WIDTH bound to: 8 - type: integer 
	Parameter din110_WIDTH bound to: 8 - type: integer 
	Parameter din111_WIDTH bound to: 8 - type: integer 
	Parameter din112_WIDTH bound to: 8 - type: integer 
	Parameter din113_WIDTH bound to: 8 - type: integer 
	Parameter din114_WIDTH bound to: 8 - type: integer 
	Parameter din115_WIDTH bound to: 8 - type: integer 
	Parameter din116_WIDTH bound to: 8 - type: integer 
	Parameter din117_WIDTH bound to: 8 - type: integer 
	Parameter din118_WIDTH bound to: 8 - type: integer 
	Parameter din119_WIDTH bound to: 8 - type: integer 
	Parameter din120_WIDTH bound to: 8 - type: integer 
	Parameter din121_WIDTH bound to: 8 - type: integer 
	Parameter din122_WIDTH bound to: 8 - type: integer 
	Parameter din123_WIDTH bound to: 8 - type: integer 
	Parameter din124_WIDTH bound to: 8 - type: integer 
	Parameter din125_WIDTH bound to: 8 - type: integer 
	Parameter din126_WIDTH bound to: 8 - type: integer 
	Parameter din127_WIDTH bound to: 8 - type: integer 
	Parameter din128_WIDTH bound to: 8 - type: integer 
	Parameter din129_WIDTH bound to: 8 - type: integer 
	Parameter din130_WIDTH bound to: 8 - type: integer 
	Parameter din131_WIDTH bound to: 8 - type: integer 
	Parameter din132_WIDTH bound to: 8 - type: integer 
	Parameter din133_WIDTH bound to: 8 - type: integer 
	Parameter din134_WIDTH bound to: 8 - type: integer 
	Parameter din135_WIDTH bound to: 8 - type: integer 
	Parameter din136_WIDTH bound to: 8 - type: integer 
	Parameter din137_WIDTH bound to: 8 - type: integer 
	Parameter din138_WIDTH bound to: 8 - type: integer 
	Parameter din139_WIDTH bound to: 8 - type: integer 
	Parameter din140_WIDTH bound to: 8 - type: integer 
	Parameter din141_WIDTH bound to: 8 - type: integer 
	Parameter din142_WIDTH bound to: 8 - type: integer 
	Parameter din143_WIDTH bound to: 8 - type: integer 
	Parameter din144_WIDTH bound to: 8 - type: integer 
	Parameter din145_WIDTH bound to: 8 - type: integer 
	Parameter din146_WIDTH bound to: 8 - type: integer 
	Parameter din147_WIDTH bound to: 8 - type: integer 
	Parameter din148_WIDTH bound to: 8 - type: integer 
	Parameter din149_WIDTH bound to: 8 - type: integer 
	Parameter din150_WIDTH bound to: 8 - type: integer 
	Parameter din151_WIDTH bound to: 8 - type: integer 
	Parameter din152_WIDTH bound to: 8 - type: integer 
	Parameter din153_WIDTH bound to: 8 - type: integer 
	Parameter din154_WIDTH bound to: 8 - type: integer 
	Parameter din155_WIDTH bound to: 8 - type: integer 
	Parameter din156_WIDTH bound to: 8 - type: integer 
	Parameter din157_WIDTH bound to: 8 - type: integer 
	Parameter din158_WIDTH bound to: 8 - type: integer 
	Parameter din159_WIDTH bound to: 8 - type: integer 
	Parameter din160_WIDTH bound to: 8 - type: integer 
	Parameter din161_WIDTH bound to: 8 - type: integer 
	Parameter din162_WIDTH bound to: 8 - type: integer 
	Parameter din163_WIDTH bound to: 8 - type: integer 
	Parameter din164_WIDTH bound to: 8 - type: integer 
	Parameter din165_WIDTH bound to: 8 - type: integer 
	Parameter din166_WIDTH bound to: 8 - type: integer 
	Parameter din167_WIDTH bound to: 8 - type: integer 
	Parameter din168_WIDTH bound to: 8 - type: integer 
	Parameter din169_WIDTH bound to: 8 - type: integer 
	Parameter din170_WIDTH bound to: 8 - type: integer 
	Parameter din171_WIDTH bound to: 8 - type: integer 
	Parameter din172_WIDTH bound to: 8 - type: integer 
	Parameter din173_WIDTH bound to: 8 - type: integer 
	Parameter din174_WIDTH bound to: 8 - type: integer 
	Parameter din175_WIDTH bound to: 8 - type: integer 
	Parameter din176_WIDTH bound to: 8 - type: integer 
	Parameter din177_WIDTH bound to: 8 - type: integer 
	Parameter din178_WIDTH bound to: 8 - type: integer 
	Parameter din179_WIDTH bound to: 8 - type: integer 
	Parameter din180_WIDTH bound to: 8 - type: integer 
	Parameter din181_WIDTH bound to: 8 - type: integer 
	Parameter din182_WIDTH bound to: 8 - type: integer 
	Parameter din183_WIDTH bound to: 8 - type: integer 
	Parameter din184_WIDTH bound to: 8 - type: integer 
	Parameter din185_WIDTH bound to: 8 - type: integer 
	Parameter din186_WIDTH bound to: 8 - type: integer 
	Parameter din187_WIDTH bound to: 8 - type: integer 
	Parameter din188_WIDTH bound to: 8 - type: integer 
	Parameter din189_WIDTH bound to: 8 - type: integer 
	Parameter din190_WIDTH bound to: 8 - type: integer 
	Parameter din191_WIDTH bound to: 8 - type: integer 
	Parameter din192_WIDTH bound to: 8 - type: integer 
	Parameter din193_WIDTH bound to: 8 - type: integer 
	Parameter din194_WIDTH bound to: 8 - type: integer 
	Parameter din195_WIDTH bound to: 8 - type: integer 
	Parameter din196_WIDTH bound to: 8 - type: integer 
	Parameter din197_WIDTH bound to: 8 - type: integer 
	Parameter din198_WIDTH bound to: 8 - type: integer 
	Parameter din199_WIDTH bound to: 8 - type: integer 
	Parameter din200_WIDTH bound to: 8 - type: integer 
	Parameter din201_WIDTH bound to: 8 - type: integer 
	Parameter din202_WIDTH bound to: 8 - type: integer 
	Parameter din203_WIDTH bound to: 8 - type: integer 
	Parameter din204_WIDTH bound to: 8 - type: integer 
	Parameter din205_WIDTH bound to: 8 - type: integer 
	Parameter din206_WIDTH bound to: 8 - type: integer 
	Parameter din207_WIDTH bound to: 8 - type: integer 
	Parameter din208_WIDTH bound to: 8 - type: integer 
	Parameter din209_WIDTH bound to: 8 - type: integer 
	Parameter din210_WIDTH bound to: 8 - type: integer 
	Parameter din211_WIDTH bound to: 8 - type: integer 
	Parameter din212_WIDTH bound to: 8 - type: integer 
	Parameter din213_WIDTH bound to: 8 - type: integer 
	Parameter din214_WIDTH bound to: 8 - type: integer 
	Parameter din215_WIDTH bound to: 8 - type: integer 
	Parameter din216_WIDTH bound to: 8 - type: integer 
	Parameter din217_WIDTH bound to: 8 - type: integer 
	Parameter din218_WIDTH bound to: 8 - type: integer 
	Parameter din219_WIDTH bound to: 8 - type: integer 
	Parameter din220_WIDTH bound to: 8 - type: integer 
	Parameter din221_WIDTH bound to: 8 - type: integer 
	Parameter din222_WIDTH bound to: 8 - type: integer 
	Parameter din223_WIDTH bound to: 8 - type: integer 
	Parameter din224_WIDTH bound to: 8 - type: integer 
	Parameter din225_WIDTH bound to: 8 - type: integer 
	Parameter din226_WIDTH bound to: 8 - type: integer 
	Parameter din227_WIDTH bound to: 8 - type: integer 
	Parameter din228_WIDTH bound to: 8 - type: integer 
	Parameter din229_WIDTH bound to: 8 - type: integer 
	Parameter din230_WIDTH bound to: 8 - type: integer 
	Parameter din231_WIDTH bound to: 8 - type: integer 
	Parameter din232_WIDTH bound to: 8 - type: integer 
	Parameter din233_WIDTH bound to: 8 - type: integer 
	Parameter din234_WIDTH bound to: 8 - type: integer 
	Parameter din235_WIDTH bound to: 8 - type: integer 
	Parameter din236_WIDTH bound to: 8 - type: integer 
	Parameter din237_WIDTH bound to: 8 - type: integer 
	Parameter din238_WIDTH bound to: 8 - type: integer 
	Parameter din239_WIDTH bound to: 8 - type: integer 
	Parameter din240_WIDTH bound to: 8 - type: integer 
	Parameter din241_WIDTH bound to: 8 - type: integer 
	Parameter din242_WIDTH bound to: 8 - type: integer 
	Parameter din243_WIDTH bound to: 8 - type: integer 
	Parameter din244_WIDTH bound to: 8 - type: integer 
	Parameter din245_WIDTH bound to: 8 - type: integer 
	Parameter din246_WIDTH bound to: 8 - type: integer 
	Parameter din247_WIDTH bound to: 8 - type: integer 
	Parameter din248_WIDTH bound to: 8 - type: integer 
	Parameter din249_WIDTH bound to: 8 - type: integer 
	Parameter din250_WIDTH bound to: 8 - type: integer 
	Parameter din251_WIDTH bound to: 8 - type: integer 
	Parameter din252_WIDTH bound to: 8 - type: integer 
	Parameter din253_WIDTH bound to: 8 - type: integer 
	Parameter din254_WIDTH bound to: 8 - type: integer 
	Parameter din255_WIDTH bound to: 8 - type: integer 
	Parameter din256_WIDTH bound to: 8 - type: integer 
	Parameter dout_WIDTH bound to: 8 - type: integer 
INFO: [Synth 8-3491] module 'aes_encrypt_top_mudo' declared at 'c:/AES/AES.srcs/sources_1/bd/aes_bd/ipshared/8618/hdl/vhdl/aes_encrypt_top_mudo.vhd:13' bound to instance 'aes_encrypt_top_mudo_U28' of component 'aes_encrypt_top_mudo' [c:/AES/AES.srcs/sources_1/bd/aes_bd/ipshared/8618/hdl/vhdl/aes_encrypt_top.vhd:16539]
	Parameter ID bound to: 1 - type: integer 
	Parameter NUM_STAGE bound to: 1 - type: integer 
	Parameter din0_WIDTH bound to: 8 - type: integer 
	Parameter din1_WIDTH bound to: 8 - type: integer 
	Parameter din2_WIDTH bound to: 8 - type: integer 
	Parameter din3_WIDTH bound to: 8 - type: integer 
	Parameter din4_WIDTH bound to: 8 - type: integer 
	Parameter din5_WIDTH bound to: 8 - type: integer 
	Parameter din6_WIDTH bound to: 8 - type: integer 
	Parameter din7_WIDTH bound to: 8 - type: integer 
	Parameter din8_WIDTH bound to: 8 - type: integer 
	Parameter din9_WIDTH bound to: 8 - type: integer 
	Parameter din10_WIDTH bound to: 8 - type: integer 
	Parameter din11_WIDTH bound to: 8 - type: integer 
	Parameter din12_WIDTH bound to: 8 - type: integer 
	Parameter din13_WIDTH bound to: 8 - type: integer 
	Parameter din14_WIDTH bound to: 8 - type: integer 
	Parameter din15_WIDTH bound to: 8 - type: integer 
	Parameter din16_WIDTH bound to: 8 - type: integer 
	Parameter din17_WIDTH bound to: 8 - type: integer 
	Parameter din18_WIDTH bound to: 8 - type: integer 
	Parameter din19_WIDTH bound to: 8 - type: integer 
	Parameter din20_WIDTH bound to: 8 - type: integer 
	Parameter din21_WIDTH bound to: 8 - type: integer 
	Parameter din22_WIDTH bound to: 8 - type: integer 
	Parameter din23_WIDTH bound to: 8 - type: integer 
	Parameter din24_WIDTH bound to: 8 - type: integer 
	Parameter din25_WIDTH bound to: 8 - type: integer 
	Parameter din26_WIDTH bound to: 8 - type: integer 
	Parameter din27_WIDTH bound to: 8 - type: integer 
	Parameter din28_WIDTH bound to: 8 - type: integer 
	Parameter din29_WIDTH bound to: 8 - type: integer 
	Parameter din30_WIDTH bound to: 8 - type: integer 
	Parameter din31_WIDTH bound to: 8 - type: integer 
	Parameter din32_WIDTH bound to: 8 - type: integer 
	Parameter din33_WIDTH bound to: 8 - type: integer 
	Parameter din34_WIDTH bound to: 8 - type: integer 
	Parameter din35_WIDTH bound to: 8 - type: integer 
	Parameter din36_WIDTH bound to: 8 - type: integer 
	Parameter din37_WIDTH bound to: 8 - type: integer 
	Parameter din38_WIDTH bound to: 8 - type: integer 
	Parameter din39_WIDTH bound to: 8 - type: integer 
	Parameter din40_WIDTH bound to: 8 - type: integer 
	Parameter din41_WIDTH bound to: 8 - type: integer 
	Parameter din42_WIDTH bound to: 8 - type: integer 
	Parameter din43_WIDTH bound to: 8 - type: integer 
	Parameter din44_WIDTH bound to: 8 - type: integer 
	Parameter din45_WIDTH bound to: 8 - type: integer 
	Parameter din46_WIDTH bound to: 8 - type: integer 
	Parameter din47_WIDTH bound to: 8 - type: integer 
	Parameter din48_WIDTH bound to: 8 - type: integer 
	Parameter din49_WIDTH bound to: 8 - type: integer 
	Parameter din50_WIDTH bound to: 8 - type: integer 
	Parameter din51_WIDTH bound to: 8 - type: integer 
	Parameter din52_WIDTH bound to: 8 - type: integer 
	Parameter din53_WIDTH bound to: 8 - type: integer 
	Parameter din54_WIDTH bound to: 8 - type: integer 
	Parameter din55_WIDTH bound to: 8 - type: integer 
	Parameter din56_WIDTH bound to: 8 - type: integer 
	Parameter din57_WIDTH bound to: 8 - type: integer 
	Parameter din58_WIDTH bound to: 8 - type: integer 
	Parameter din59_WIDTH bound to: 8 - type: integer 
	Parameter din60_WIDTH bound to: 8 - type: integer 
	Parameter din61_WIDTH bound to: 8 - type: integer 
	Parameter din62_WIDTH bound to: 8 - type: integer 
	Parameter din63_WIDTH bound to: 8 - type: integer 
	Parameter din64_WIDTH bound to: 8 - type: integer 
	Parameter din65_WIDTH bound to: 8 - type: integer 
	Parameter din66_WIDTH bound to: 8 - type: integer 
	Parameter din67_WIDTH bound to: 8 - type: integer 
	Parameter din68_WIDTH bound to: 8 - type: integer 
	Parameter din69_WIDTH bound to: 8 - type: integer 
	Parameter din70_WIDTH bound to: 8 - type: integer 
	Parameter din71_WIDTH bound to: 8 - type: integer 
	Parameter din72_WIDTH bound to: 8 - type: integer 
	Parameter din73_WIDTH bound to: 8 - type: integer 
	Parameter din74_WIDTH bound to: 8 - type: integer 
	Parameter din75_WIDTH bound to: 8 - type: integer 
	Parameter din76_WIDTH bound to: 8 - type: integer 
	Parameter din77_WIDTH bound to: 8 - type: integer 
	Parameter din78_WIDTH bound to: 8 - type: integer 
	Parameter din79_WIDTH bound to: 8 - type: integer 
	Parameter din80_WIDTH bound to: 8 - type: integer 
	Parameter din81_WIDTH bound to: 8 - type: integer 
	Parameter din82_WIDTH bound to: 8 - type: integer 
	Parameter din83_WIDTH bound to: 8 - type: integer 
	Parameter din84_WIDTH bound to: 8 - type: integer 
	Parameter din85_WIDTH bound to: 8 - type: integer 
	Parameter din86_WIDTH bound to: 8 - type: integer 
	Parameter din87_WIDTH bound to: 8 - type: integer 
	Parameter din88_WIDTH bound to: 8 - type: integer 
	Parameter din89_WIDTH bound to: 8 - type: integer 
	Parameter din90_WIDTH bound to: 8 - type: integer 
	Parameter din91_WIDTH bound to: 8 - type: integer 
	Parameter din92_WIDTH bound to: 8 - type: integer 
	Parameter din93_WIDTH bound to: 8 - type: integer 
	Parameter din94_WIDTH bound to: 8 - type: integer 
	Parameter din95_WIDTH bound to: 8 - type: integer 
	Parameter din96_WIDTH bound to: 8 - type: integer 
	Parameter din97_WIDTH bound to: 8 - type: integer 
	Parameter din98_WIDTH bound to: 8 - type: integer 
	Parameter din99_WIDTH bound to: 8 - type: integer 
	Parameter din100_WIDTH bound to: 8 - type: integer 
	Parameter din101_WIDTH bound to: 8 - type: integer 
	Parameter din102_WIDTH bound to: 8 - type: integer 
	Parameter din103_WIDTH bound to: 8 - type: integer 
	Parameter din104_WIDTH bound to: 8 - type: integer 
	Parameter din105_WIDTH bound to: 8 - type: integer 
	Parameter din106_WIDTH bound to: 8 - type: integer 
	Parameter din107_WIDTH bound to: 8 - type: integer 
	Parameter din108_WIDTH bound to: 8 - type: integer 
	Parameter din109_WIDTH bound to: 8 - type: integer 
	Parameter din110_WIDTH bound to: 8 - type: integer 
	Parameter din111_WIDTH bound to: 8 - type: integer 
	Parameter din112_WIDTH bound to: 8 - type: integer 
	Parameter din113_WIDTH bound to: 8 - type: integer 
	Parameter din114_WIDTH bound to: 8 - type: integer 
	Parameter din115_WIDTH bound to: 8 - type: integer 
	Parameter din116_WIDTH bound to: 8 - type: integer 
	Parameter din117_WIDTH bound to: 8 - type: integer 
	Parameter din118_WIDTH bound to: 8 - type: integer 
	Parameter din119_WIDTH bound to: 8 - type: integer 
	Parameter din120_WIDTH bound to: 8 - type: integer 
	Parameter din121_WIDTH bound to: 8 - type: integer 
	Parameter din122_WIDTH bound to: 8 - type: integer 
	Parameter din123_WIDTH bound to: 8 - type: integer 
	Parameter din124_WIDTH bound to: 8 - type: integer 
	Parameter din125_WIDTH bound to: 8 - type: integer 
	Parameter din126_WIDTH bound to: 8 - type: integer 
	Parameter din127_WIDTH bound to: 8 - type: integer 
	Parameter din128_WIDTH bound to: 8 - type: integer 
	Parameter din129_WIDTH bound to: 8 - type: integer 
	Parameter din130_WIDTH bound to: 8 - type: integer 
	Parameter din131_WIDTH bound to: 8 - type: integer 
	Parameter din132_WIDTH bound to: 8 - type: integer 
	Parameter din133_WIDTH bound to: 8 - type: integer 
	Parameter din134_WIDTH bound to: 8 - type: integer 
	Parameter din135_WIDTH bound to: 8 - type: integer 
	Parameter din136_WIDTH bound to: 8 - type: integer 
	Parameter din137_WIDTH bound to: 8 - type: integer 
	Parameter din138_WIDTH bound to: 8 - type: integer 
	Parameter din139_WIDTH bound to: 8 - type: integer 
	Parameter din140_WIDTH bound to: 8 - type: integer 
	Parameter din141_WIDTH bound to: 8 - type: integer 
	Parameter din142_WIDTH bound to: 8 - type: integer 
	Parameter din143_WIDTH bound to: 8 - type: integer 
	Parameter din144_WIDTH bound to: 8 - type: integer 
	Parameter din145_WIDTH bound to: 8 - type: integer 
	Parameter din146_WIDTH bound to: 8 - type: integer 
	Parameter din147_WIDTH bound to: 8 - type: integer 
	Parameter din148_WIDTH bound to: 8 - type: integer 
	Parameter din149_WIDTH bound to: 8 - type: integer 
	Parameter din150_WIDTH bound to: 8 - type: integer 
	Parameter din151_WIDTH bound to: 8 - type: integer 
	Parameter din152_WIDTH bound to: 8 - type: integer 
	Parameter din153_WIDTH bound to: 8 - type: integer 
	Parameter din154_WIDTH bound to: 8 - type: integer 
	Parameter din155_WIDTH bound to: 8 - type: integer 
	Parameter din156_WIDTH bound to: 8 - type: integer 
	Parameter din157_WIDTH bound to: 8 - type: integer 
	Parameter din158_WIDTH bound to: 8 - type: integer 
	Parameter din159_WIDTH bound to: 8 - type: integer 
	Parameter din160_WIDTH bound to: 8 - type: integer 
	Parameter din161_WIDTH bound to: 8 - type: integer 
	Parameter din162_WIDTH bound to: 8 - type: integer 
	Parameter din163_WIDTH bound to: 8 - type: integer 
	Parameter din164_WIDTH bound to: 8 - type: integer 
	Parameter din165_WIDTH bound to: 8 - type: integer 
	Parameter din166_WIDTH bound to: 8 - type: integer 
	Parameter din167_WIDTH bound to: 8 - type: integer 
	Parameter din168_WIDTH bound to: 8 - type: integer 
	Parameter din169_WIDTH bound to: 8 - type: integer 
	Parameter din170_WIDTH bound to: 8 - type: integer 
	Parameter din171_WIDTH bound to: 8 - type: integer 
	Parameter din172_WIDTH bound to: 8 - type: integer 
	Parameter din173_WIDTH bound to: 8 - type: integer 
	Parameter din174_WIDTH bound to: 8 - type: integer 
	Parameter din175_WIDTH bound to: 8 - type: integer 
	Parameter din176_WIDTH bound to: 8 - type: integer 
	Parameter din177_WIDTH bound to: 8 - type: integer 
	Parameter din178_WIDTH bound to: 8 - type: integer 
	Parameter din179_WIDTH bound to: 8 - type: integer 
	Parameter din180_WIDTH bound to: 8 - type: integer 
	Parameter din181_WIDTH bound to: 8 - type: integer 
	Parameter din182_WIDTH bound to: 8 - type: integer 
	Parameter din183_WIDTH bound to: 8 - type: integer 
	Parameter din184_WIDTH bound to: 8 - type: integer 
	Parameter din185_WIDTH bound to: 8 - type: integer 
	Parameter din186_WIDTH bound to: 8 - type: integer 
	Parameter din187_WIDTH bound to: 8 - type: integer 
	Parameter din188_WIDTH bound to: 8 - type: integer 
	Parameter din189_WIDTH bound to: 8 - type: integer 
	Parameter din190_WIDTH bound to: 8 - type: integer 
	Parameter din191_WIDTH bound to: 8 - type: integer 
	Parameter din192_WIDTH bound to: 8 - type: integer 
	Parameter din193_WIDTH bound to: 8 - type: integer 
	Parameter din194_WIDTH bound to: 8 - type: integer 
	Parameter din195_WIDTH bound to: 8 - type: integer 
	Parameter din196_WIDTH bound to: 8 - type: integer 
	Parameter din197_WIDTH bound to: 8 - type: integer 
	Parameter din198_WIDTH bound to: 8 - type: integer 
	Parameter din199_WIDTH bound to: 8 - type: integer 
	Parameter din200_WIDTH bound to: 8 - type: integer 
	Parameter din201_WIDTH bound to: 8 - type: integer 
	Parameter din202_WIDTH bound to: 8 - type: integer 
	Parameter din203_WIDTH bound to: 8 - type: integer 
	Parameter din204_WIDTH bound to: 8 - type: integer 
	Parameter din205_WIDTH bound to: 8 - type: integer 
	Parameter din206_WIDTH bound to: 8 - type: integer 
	Parameter din207_WIDTH bound to: 8 - type: integer 
	Parameter din208_WIDTH bound to: 8 - type: integer 
	Parameter din209_WIDTH bound to: 8 - type: integer 
	Parameter din210_WIDTH bound to: 8 - type: integer 
	Parameter din211_WIDTH bound to: 8 - type: integer 
	Parameter din212_WIDTH bound to: 8 - type: integer 
	Parameter din213_WIDTH bound to: 8 - type: integer 
	Parameter din214_WIDTH bound to: 8 - type: integer 
	Parameter din215_WIDTH bound to: 8 - type: integer 
	Parameter din216_WIDTH bound to: 8 - type: integer 
	Parameter din217_WIDTH bound to: 8 - type: integer 
	Parameter din218_WIDTH bound to: 8 - type: integer 
	Parameter din219_WIDTH bound to: 8 - type: integer 
	Parameter din220_WIDTH bound to: 8 - type: integer 
	Parameter din221_WIDTH bound to: 8 - type: integer 
	Parameter din222_WIDTH bound to: 8 - type: integer 
	Parameter din223_WIDTH bound to: 8 - type: integer 
	Parameter din224_WIDTH bound to: 8 - type: integer 
	Parameter din225_WIDTH bound to: 8 - type: integer 
	Parameter din226_WIDTH bound to: 8 - type: integer 
	Parameter din227_WIDTH bound to: 8 - type: integer 
	Parameter din228_WIDTH bound to: 8 - type: integer 
	Parameter din229_WIDTH bound to: 8 - type: integer 
	Parameter din230_WIDTH bound to: 8 - type: integer 
	Parameter din231_WIDTH bound to: 8 - type: integer 
	Parameter din232_WIDTH bound to: 8 - type: integer 
	Parameter din233_WIDTH bound to: 8 - type: integer 
	Parameter din234_WIDTH bound to: 8 - type: integer 
	Parameter din235_WIDTH bound to: 8 - type: integer 
	Parameter din236_WIDTH bound to: 8 - type: integer 
	Parameter din237_WIDTH bound to: 8 - type: integer 
	Parameter din238_WIDTH bound to: 8 - type: integer 
	Parameter din239_WIDTH bound to: 8 - type: integer 
	Parameter din240_WIDTH bound to: 8 - type: integer 
	Parameter din241_WIDTH bound to: 8 - type: integer 
	Parameter din242_WIDTH bound to: 8 - type: integer 
	Parameter din243_WIDTH bound to: 8 - type: integer 
	Parameter din244_WIDTH bound to: 8 - type: integer 
	Parameter din245_WIDTH bound to: 8 - type: integer 
	Parameter din246_WIDTH bound to: 8 - type: integer 
	Parameter din247_WIDTH bound to: 8 - type: integer 
	Parameter din248_WIDTH bound to: 8 - type: integer 
	Parameter din249_WIDTH bound to: 8 - type: integer 
	Parameter din250_WIDTH bound to: 8 - type: integer 
	Parameter din251_WIDTH bound to: 8 - type: integer 
	Parameter din252_WIDTH bound to: 8 - type: integer 
	Parameter din253_WIDTH bound to: 8 - type: integer 
	Parameter din254_WIDTH bound to: 8 - type: integer 
	Parameter din255_WIDTH bound to: 8 - type: integer 
	Parameter din256_WIDTH bound to: 8 - type: integer 
	Parameter dout_WIDTH bound to: 8 - type: integer 
INFO: [Synth 8-3491] module 'aes_encrypt_top_mudo' declared at 'c:/AES/AES.srcs/sources_1/bd/aes_bd/ipshared/8618/hdl/vhdl/aes_encrypt_top_mudo.vhd:13' bound to instance 'aes_encrypt_top_mudo_U29' of component 'aes_encrypt_top_mudo' [c:/AES/AES.srcs/sources_1/bd/aes_bd/ipshared/8618/hdl/vhdl/aes_encrypt_top.vhd:17061]
	Parameter ID bound to: 1 - type: integer 
	Parameter NUM_STAGE bound to: 1 - type: integer 
	Parameter din0_WIDTH bound to: 8 - type: integer 
	Parameter din1_WIDTH bound to: 8 - type: integer 
	Parameter din2_WIDTH bound to: 8 - type: integer 
	Parameter din3_WIDTH bound to: 8 - type: integer 
	Parameter din4_WIDTH bound to: 8 - type: integer 
	Parameter din5_WIDTH bound to: 8 - type: integer 
	Parameter din6_WIDTH bound to: 8 - type: integer 
	Parameter din7_WIDTH bound to: 8 - type: integer 
	Parameter din8_WIDTH bound to: 8 - type: integer 
	Parameter din9_WIDTH bound to: 8 - type: integer 
	Parameter din10_WIDTH bound to: 8 - type: integer 
	Parameter din11_WIDTH bound to: 8 - type: integer 
	Parameter din12_WIDTH bound to: 8 - type: integer 
	Parameter din13_WIDTH bound to: 8 - type: integer 
	Parameter din14_WIDTH bound to: 8 - type: integer 
	Parameter din15_WIDTH bound to: 8 - type: integer 
	Parameter din16_WIDTH bound to: 8 - type: integer 
	Parameter din17_WIDTH bound to: 8 - type: integer 
	Parameter din18_WIDTH bound to: 8 - type: integer 
	Parameter din19_WIDTH bound to: 8 - type: integer 
	Parameter din20_WIDTH bound to: 8 - type: integer 
	Parameter din21_WIDTH bound to: 8 - type: integer 
	Parameter din22_WIDTH bound to: 8 - type: integer 
	Parameter din23_WIDTH bound to: 8 - type: integer 
	Parameter din24_WIDTH bound to: 8 - type: integer 
	Parameter din25_WIDTH bound to: 8 - type: integer 
	Parameter din26_WIDTH bound to: 8 - type: integer 
	Parameter din27_WIDTH bound to: 8 - type: integer 
	Parameter din28_WIDTH bound to: 8 - type: integer 
	Parameter din29_WIDTH bound to: 8 - type: integer 
	Parameter din30_WIDTH bound to: 8 - type: integer 
	Parameter din31_WIDTH bound to: 8 - type: integer 
	Parameter din32_WIDTH bound to: 8 - type: integer 
	Parameter din33_WIDTH bound to: 8 - type: integer 
	Parameter din34_WIDTH bound to: 8 - type: integer 
	Parameter din35_WIDTH bound to: 8 - type: integer 
	Parameter din36_WIDTH bound to: 8 - type: integer 
	Parameter din37_WIDTH bound to: 8 - type: integer 
	Parameter din38_WIDTH bound to: 8 - type: integer 
	Parameter din39_WIDTH bound to: 8 - type: integer 
	Parameter din40_WIDTH bound to: 8 - type: integer 
	Parameter din41_WIDTH bound to: 8 - type: integer 
	Parameter din42_WIDTH bound to: 8 - type: integer 
	Parameter din43_WIDTH bound to: 8 - type: integer 
	Parameter din44_WIDTH bound to: 8 - type: integer 
	Parameter din45_WIDTH bound to: 8 - type: integer 
	Parameter din46_WIDTH bound to: 8 - type: integer 
	Parameter din47_WIDTH bound to: 8 - type: integer 
	Parameter din48_WIDTH bound to: 8 - type: integer 
	Parameter din49_WIDTH bound to: 8 - type: integer 
	Parameter din50_WIDTH bound to: 8 - type: integer 
	Parameter din51_WIDTH bound to: 8 - type: integer 
	Parameter din52_WIDTH bound to: 8 - type: integer 
	Parameter din53_WIDTH bound to: 8 - type: integer 
	Parameter din54_WIDTH bound to: 8 - type: integer 
	Parameter din55_WIDTH bound to: 8 - type: integer 
	Parameter din56_WIDTH bound to: 8 - type: integer 
	Parameter din57_WIDTH bound to: 8 - type: integer 
	Parameter din58_WIDTH bound to: 8 - type: integer 
	Parameter din59_WIDTH bound to: 8 - type: integer 
	Parameter din60_WIDTH bound to: 8 - type: integer 
	Parameter din61_WIDTH bound to: 8 - type: integer 
	Parameter din62_WIDTH bound to: 8 - type: integer 
	Parameter din63_WIDTH bound to: 8 - type: integer 
	Parameter din64_WIDTH bound to: 8 - type: integer 
	Parameter din65_WIDTH bound to: 8 - type: integer 
	Parameter din66_WIDTH bound to: 8 - type: integer 
	Parameter din67_WIDTH bound to: 8 - type: integer 
	Parameter din68_WIDTH bound to: 8 - type: integer 
	Parameter din69_WIDTH bound to: 8 - type: integer 
	Parameter din70_WIDTH bound to: 8 - type: integer 
	Parameter din71_WIDTH bound to: 8 - type: integer 
	Parameter din72_WIDTH bound to: 8 - type: integer 
	Parameter din73_WIDTH bound to: 8 - type: integer 
	Parameter din74_WIDTH bound to: 8 - type: integer 
	Parameter din75_WIDTH bound to: 8 - type: integer 
	Parameter din76_WIDTH bound to: 8 - type: integer 
	Parameter din77_WIDTH bound to: 8 - type: integer 
	Parameter din78_WIDTH bound to: 8 - type: integer 
	Parameter din79_WIDTH bound to: 8 - type: integer 
	Parameter din80_WIDTH bound to: 8 - type: integer 
	Parameter din81_WIDTH bound to: 8 - type: integer 
	Parameter din82_WIDTH bound to: 8 - type: integer 
	Parameter din83_WIDTH bound to: 8 - type: integer 
	Parameter din84_WIDTH bound to: 8 - type: integer 
	Parameter din85_WIDTH bound to: 8 - type: integer 
	Parameter din86_WIDTH bound to: 8 - type: integer 
	Parameter din87_WIDTH bound to: 8 - type: integer 
	Parameter din88_WIDTH bound to: 8 - type: integer 
	Parameter din89_WIDTH bound to: 8 - type: integer 
	Parameter din90_WIDTH bound to: 8 - type: integer 
	Parameter din91_WIDTH bound to: 8 - type: integer 
	Parameter din92_WIDTH bound to: 8 - type: integer 
	Parameter din93_WIDTH bound to: 8 - type: integer 
	Parameter din94_WIDTH bound to: 8 - type: integer 
	Parameter din95_WIDTH bound to: 8 - type: integer 
	Parameter din96_WIDTH bound to: 8 - type: integer 
	Parameter din97_WIDTH bound to: 8 - type: integer 
	Parameter din98_WIDTH bound to: 8 - type: integer 
	Parameter din99_WIDTH bound to: 8 - type: integer 
	Parameter din100_WIDTH bound to: 8 - type: integer 
	Parameter din101_WIDTH bound to: 8 - type: integer 
	Parameter din102_WIDTH bound to: 8 - type: integer 
	Parameter din103_WIDTH bound to: 8 - type: integer 
	Parameter din104_WIDTH bound to: 8 - type: integer 
	Parameter din105_WIDTH bound to: 8 - type: integer 
	Parameter din106_WIDTH bound to: 8 - type: integer 
	Parameter din107_WIDTH bound to: 8 - type: integer 
	Parameter din108_WIDTH bound to: 8 - type: integer 
	Parameter din109_WIDTH bound to: 8 - type: integer 
	Parameter din110_WIDTH bound to: 8 - type: integer 
	Parameter din111_WIDTH bound to: 8 - type: integer 
	Parameter din112_WIDTH bound to: 8 - type: integer 
	Parameter din113_WIDTH bound to: 8 - type: integer 
	Parameter din114_WIDTH bound to: 8 - type: integer 
	Parameter din115_WIDTH bound to: 8 - type: integer 
	Parameter din116_WIDTH bound to: 8 - type: integer 
	Parameter din117_WIDTH bound to: 8 - type: integer 
	Parameter din118_WIDTH bound to: 8 - type: integer 
	Parameter din119_WIDTH bound to: 8 - type: integer 
	Parameter din120_WIDTH bound to: 8 - type: integer 
	Parameter din121_WIDTH bound to: 8 - type: integer 
	Parameter din122_WIDTH bound to: 8 - type: integer 
	Parameter din123_WIDTH bound to: 8 - type: integer 
	Parameter din124_WIDTH bound to: 8 - type: integer 
	Parameter din125_WIDTH bound to: 8 - type: integer 
	Parameter din126_WIDTH bound to: 8 - type: integer 
	Parameter din127_WIDTH bound to: 8 - type: integer 
	Parameter din128_WIDTH bound to: 8 - type: integer 
	Parameter din129_WIDTH bound to: 8 - type: integer 
	Parameter din130_WIDTH bound to: 8 - type: integer 
	Parameter din131_WIDTH bound to: 8 - type: integer 
	Parameter din132_WIDTH bound to: 8 - type: integer 
	Parameter din133_WIDTH bound to: 8 - type: integer 
	Parameter din134_WIDTH bound to: 8 - type: integer 
	Parameter din135_WIDTH bound to: 8 - type: integer 
	Parameter din136_WIDTH bound to: 8 - type: integer 
	Parameter din137_WIDTH bound to: 8 - type: integer 
	Parameter din138_WIDTH bound to: 8 - type: integer 
	Parameter din139_WIDTH bound to: 8 - type: integer 
	Parameter din140_WIDTH bound to: 8 - type: integer 
	Parameter din141_WIDTH bound to: 8 - type: integer 
	Parameter din142_WIDTH bound to: 8 - type: integer 
	Parameter din143_WIDTH bound to: 8 - type: integer 
	Parameter din144_WIDTH bound to: 8 - type: integer 
	Parameter din145_WIDTH bound to: 8 - type: integer 
	Parameter din146_WIDTH bound to: 8 - type: integer 
	Parameter din147_WIDTH bound to: 8 - type: integer 
	Parameter din148_WIDTH bound to: 8 - type: integer 
	Parameter din149_WIDTH bound to: 8 - type: integer 
	Parameter din150_WIDTH bound to: 8 - type: integer 
	Parameter din151_WIDTH bound to: 8 - type: integer 
	Parameter din152_WIDTH bound to: 8 - type: integer 
	Parameter din153_WIDTH bound to: 8 - type: integer 
	Parameter din154_WIDTH bound to: 8 - type: integer 
	Parameter din155_WIDTH bound to: 8 - type: integer 
	Parameter din156_WIDTH bound to: 8 - type: integer 
	Parameter din157_WIDTH bound to: 8 - type: integer 
	Parameter din158_WIDTH bound to: 8 - type: integer 
	Parameter din159_WIDTH bound to: 8 - type: integer 
	Parameter din160_WIDTH bound to: 8 - type: integer 
	Parameter din161_WIDTH bound to: 8 - type: integer 
	Parameter din162_WIDTH bound to: 8 - type: integer 
	Parameter din163_WIDTH bound to: 8 - type: integer 
	Parameter din164_WIDTH bound to: 8 - type: integer 
	Parameter din165_WIDTH bound to: 8 - type: integer 
	Parameter din166_WIDTH bound to: 8 - type: integer 
	Parameter din167_WIDTH bound to: 8 - type: integer 
	Parameter din168_WIDTH bound to: 8 - type: integer 
	Parameter din169_WIDTH bound to: 8 - type: integer 
	Parameter din170_WIDTH bound to: 8 - type: integer 
	Parameter din171_WIDTH bound to: 8 - type: integer 
	Parameter din172_WIDTH bound to: 8 - type: integer 
	Parameter din173_WIDTH bound to: 8 - type: integer 
	Parameter din174_WIDTH bound to: 8 - type: integer 
	Parameter din175_WIDTH bound to: 8 - type: integer 
	Parameter din176_WIDTH bound to: 8 - type: integer 
	Parameter din177_WIDTH bound to: 8 - type: integer 
	Parameter din178_WIDTH bound to: 8 - type: integer 
	Parameter din179_WIDTH bound to: 8 - type: integer 
	Parameter din180_WIDTH bound to: 8 - type: integer 
	Parameter din181_WIDTH bound to: 8 - type: integer 
	Parameter din182_WIDTH bound to: 8 - type: integer 
	Parameter din183_WIDTH bound to: 8 - type: integer 
	Parameter din184_WIDTH bound to: 8 - type: integer 
	Parameter din185_WIDTH bound to: 8 - type: integer 
	Parameter din186_WIDTH bound to: 8 - type: integer 
	Parameter din187_WIDTH bound to: 8 - type: integer 
	Parameter din188_WIDTH bound to: 8 - type: integer 
	Parameter din189_WIDTH bound to: 8 - type: integer 
	Parameter din190_WIDTH bound to: 8 - type: integer 
	Parameter din191_WIDTH bound to: 8 - type: integer 
	Parameter din192_WIDTH bound to: 8 - type: integer 
	Parameter din193_WIDTH bound to: 8 - type: integer 
	Parameter din194_WIDTH bound to: 8 - type: integer 
	Parameter din195_WIDTH bound to: 8 - type: integer 
	Parameter din196_WIDTH bound to: 8 - type: integer 
	Parameter din197_WIDTH bound to: 8 - type: integer 
	Parameter din198_WIDTH bound to: 8 - type: integer 
	Parameter din199_WIDTH bound to: 8 - type: integer 
	Parameter din200_WIDTH bound to: 8 - type: integer 
	Parameter din201_WIDTH bound to: 8 - type: integer 
	Parameter din202_WIDTH bound to: 8 - type: integer 
	Parameter din203_WIDTH bound to: 8 - type: integer 
	Parameter din204_WIDTH bound to: 8 - type: integer 
	Parameter din205_WIDTH bound to: 8 - type: integer 
	Parameter din206_WIDTH bound to: 8 - type: integer 
	Parameter din207_WIDTH bound to: 8 - type: integer 
	Parameter din208_WIDTH bound to: 8 - type: integer 
	Parameter din209_WIDTH bound to: 8 - type: integer 
	Parameter din210_WIDTH bound to: 8 - type: integer 
	Parameter din211_WIDTH bound to: 8 - type: integer 
	Parameter din212_WIDTH bound to: 8 - type: integer 
	Parameter din213_WIDTH bound to: 8 - type: integer 
	Parameter din214_WIDTH bound to: 8 - type: integer 
	Parameter din215_WIDTH bound to: 8 - type: integer 
	Parameter din216_WIDTH bound to: 8 - type: integer 
	Parameter din217_WIDTH bound to: 8 - type: integer 
	Parameter din218_WIDTH bound to: 8 - type: integer 
	Parameter din219_WIDTH bound to: 8 - type: integer 
	Parameter din220_WIDTH bound to: 8 - type: integer 
	Parameter din221_WIDTH bound to: 8 - type: integer 
	Parameter din222_WIDTH bound to: 8 - type: integer 
	Parameter din223_WIDTH bound to: 8 - type: integer 
	Parameter din224_WIDTH bound to: 8 - type: integer 
	Parameter din225_WIDTH bound to: 8 - type: integer 
	Parameter din226_WIDTH bound to: 8 - type: integer 
	Parameter din227_WIDTH bound to: 8 - type: integer 
	Parameter din228_WIDTH bound to: 8 - type: integer 
	Parameter din229_WIDTH bound to: 8 - type: integer 
	Parameter din230_WIDTH bound to: 8 - type: integer 
	Parameter din231_WIDTH bound to: 8 - type: integer 
	Parameter din232_WIDTH bound to: 8 - type: integer 
	Parameter din233_WIDTH bound to: 8 - type: integer 
	Parameter din234_WIDTH bound to: 8 - type: integer 
	Parameter din235_WIDTH bound to: 8 - type: integer 
	Parameter din236_WIDTH bound to: 8 - type: integer 
	Parameter din237_WIDTH bound to: 8 - type: integer 
	Parameter din238_WIDTH bound to: 8 - type: integer 
	Parameter din239_WIDTH bound to: 8 - type: integer 
	Parameter din240_WIDTH bound to: 8 - type: integer 
	Parameter din241_WIDTH bound to: 8 - type: integer 
	Parameter din242_WIDTH bound to: 8 - type: integer 
	Parameter din243_WIDTH bound to: 8 - type: integer 
	Parameter din244_WIDTH bound to: 8 - type: integer 
	Parameter din245_WIDTH bound to: 8 - type: integer 
	Parameter din246_WIDTH bound to: 8 - type: integer 
	Parameter din247_WIDTH bound to: 8 - type: integer 
	Parameter din248_WIDTH bound to: 8 - type: integer 
	Parameter din249_WIDTH bound to: 8 - type: integer 
	Parameter din250_WIDTH bound to: 8 - type: integer 
	Parameter din251_WIDTH bound to: 8 - type: integer 
	Parameter din252_WIDTH bound to: 8 - type: integer 
	Parameter din253_WIDTH bound to: 8 - type: integer 
	Parameter din254_WIDTH bound to: 8 - type: integer 
	Parameter din255_WIDTH bound to: 8 - type: integer 
	Parameter din256_WIDTH bound to: 8 - type: integer 
	Parameter dout_WIDTH bound to: 8 - type: integer 
INFO: [Synth 8-3491] module 'aes_encrypt_top_mudo' declared at 'c:/AES/AES.srcs/sources_1/bd/aes_bd/ipshared/8618/hdl/vhdl/aes_encrypt_top_mudo.vhd:13' bound to instance 'aes_encrypt_top_mudo_U30' of component 'aes_encrypt_top_mudo' [c:/AES/AES.srcs/sources_1/bd/aes_bd/ipshared/8618/hdl/vhdl/aes_encrypt_top.vhd:17583]
	Parameter ID bound to: 1 - type: integer 
	Parameter NUM_STAGE bound to: 1 - type: integer 
	Parameter din0_WIDTH bound to: 8 - type: integer 
	Parameter din1_WIDTH bound to: 8 - type: integer 
	Parameter din2_WIDTH bound to: 8 - type: integer 
	Parameter din3_WIDTH bound to: 8 - type: integer 
	Parameter din4_WIDTH bound to: 8 - type: integer 
	Parameter din5_WIDTH bound to: 8 - type: integer 
	Parameter din6_WIDTH bound to: 8 - type: integer 
	Parameter din7_WIDTH bound to: 8 - type: integer 
	Parameter din8_WIDTH bound to: 8 - type: integer 
	Parameter din9_WIDTH bound to: 8 - type: integer 
	Parameter din10_WIDTH bound to: 8 - type: integer 
	Parameter din11_WIDTH bound to: 8 - type: integer 
	Parameter din12_WIDTH bound to: 8 - type: integer 
	Parameter din13_WIDTH bound to: 8 - type: integer 
	Parameter din14_WIDTH bound to: 8 - type: integer 
	Parameter din15_WIDTH bound to: 8 - type: integer 
	Parameter din16_WIDTH bound to: 8 - type: integer 
	Parameter din17_WIDTH bound to: 8 - type: integer 
	Parameter din18_WIDTH bound to: 8 - type: integer 
	Parameter din19_WIDTH bound to: 8 - type: integer 
	Parameter din20_WIDTH bound to: 8 - type: integer 
	Parameter din21_WIDTH bound to: 8 - type: integer 
	Parameter din22_WIDTH bound to: 8 - type: integer 
	Parameter din23_WIDTH bound to: 8 - type: integer 
	Parameter din24_WIDTH bound to: 8 - type: integer 
	Parameter din25_WIDTH bound to: 8 - type: integer 
	Parameter din26_WIDTH bound to: 8 - type: integer 
	Parameter din27_WIDTH bound to: 8 - type: integer 
	Parameter din28_WIDTH bound to: 8 - type: integer 
	Parameter din29_WIDTH bound to: 8 - type: integer 
	Parameter din30_WIDTH bound to: 8 - type: integer 
	Parameter din31_WIDTH bound to: 8 - type: integer 
	Parameter din32_WIDTH bound to: 8 - type: integer 
	Parameter din33_WIDTH bound to: 8 - type: integer 
	Parameter din34_WIDTH bound to: 8 - type: integer 
	Parameter din35_WIDTH bound to: 8 - type: integer 
	Parameter din36_WIDTH bound to: 8 - type: integer 
	Parameter din37_WIDTH bound to: 8 - type: integer 
	Parameter din38_WIDTH bound to: 8 - type: integer 
	Parameter din39_WIDTH bound to: 8 - type: integer 
	Parameter din40_WIDTH bound to: 8 - type: integer 
	Parameter din41_WIDTH bound to: 8 - type: integer 
	Parameter din42_WIDTH bound to: 8 - type: integer 
	Parameter din43_WIDTH bound to: 8 - type: integer 
	Parameter din44_WIDTH bound to: 8 - type: integer 
	Parameter din45_WIDTH bound to: 8 - type: integer 
	Parameter din46_WIDTH bound to: 8 - type: integer 
	Parameter din47_WIDTH bound to: 8 - type: integer 
	Parameter din48_WIDTH bound to: 8 - type: integer 
	Parameter din49_WIDTH bound to: 8 - type: integer 
	Parameter din50_WIDTH bound to: 8 - type: integer 
	Parameter din51_WIDTH bound to: 8 - type: integer 
	Parameter din52_WIDTH bound to: 8 - type: integer 
	Parameter din53_WIDTH bound to: 8 - type: integer 
	Parameter din54_WIDTH bound to: 8 - type: integer 
	Parameter din55_WIDTH bound to: 8 - type: integer 
	Parameter din56_WIDTH bound to: 8 - type: integer 
	Parameter din57_WIDTH bound to: 8 - type: integer 
	Parameter din58_WIDTH bound to: 8 - type: integer 
	Parameter din59_WIDTH bound to: 8 - type: integer 
	Parameter din60_WIDTH bound to: 8 - type: integer 
	Parameter din61_WIDTH bound to: 8 - type: integer 
	Parameter din62_WIDTH bound to: 8 - type: integer 
	Parameter din63_WIDTH bound to: 8 - type: integer 
	Parameter din64_WIDTH bound to: 8 - type: integer 
	Parameter din65_WIDTH bound to: 8 - type: integer 
	Parameter din66_WIDTH bound to: 8 - type: integer 
	Parameter din67_WIDTH bound to: 8 - type: integer 
	Parameter din68_WIDTH bound to: 8 - type: integer 
	Parameter din69_WIDTH bound to: 8 - type: integer 
	Parameter din70_WIDTH bound to: 8 - type: integer 
	Parameter din71_WIDTH bound to: 8 - type: integer 
	Parameter din72_WIDTH bound to: 8 - type: integer 
	Parameter din73_WIDTH bound to: 8 - type: integer 
	Parameter din74_WIDTH bound to: 8 - type: integer 
	Parameter din75_WIDTH bound to: 8 - type: integer 
	Parameter din76_WIDTH bound to: 8 - type: integer 
	Parameter din77_WIDTH bound to: 8 - type: integer 
	Parameter din78_WIDTH bound to: 8 - type: integer 
	Parameter din79_WIDTH bound to: 8 - type: integer 
	Parameter din80_WIDTH bound to: 8 - type: integer 
	Parameter din81_WIDTH bound to: 8 - type: integer 
	Parameter din82_WIDTH bound to: 8 - type: integer 
	Parameter din83_WIDTH bound to: 8 - type: integer 
	Parameter din84_WIDTH bound to: 8 - type: integer 
	Parameter din85_WIDTH bound to: 8 - type: integer 
	Parameter din86_WIDTH bound to: 8 - type: integer 
	Parameter din87_WIDTH bound to: 8 - type: integer 
	Parameter din88_WIDTH bound to: 8 - type: integer 
	Parameter din89_WIDTH bound to: 8 - type: integer 
	Parameter din90_WIDTH bound to: 8 - type: integer 
	Parameter din91_WIDTH bound to: 8 - type: integer 
	Parameter din92_WIDTH bound to: 8 - type: integer 
	Parameter din93_WIDTH bound to: 8 - type: integer 
	Parameter din94_WIDTH bound to: 8 - type: integer 
	Parameter din95_WIDTH bound to: 8 - type: integer 
	Parameter din96_WIDTH bound to: 8 - type: integer 
	Parameter din97_WIDTH bound to: 8 - type: integer 
	Parameter din98_WIDTH bound to: 8 - type: integer 
	Parameter din99_WIDTH bound to: 8 - type: integer 
	Parameter din100_WIDTH bound to: 8 - type: integer 
	Parameter din101_WIDTH bound to: 8 - type: integer 
	Parameter din102_WIDTH bound to: 8 - type: integer 
	Parameter din103_WIDTH bound to: 8 - type: integer 
	Parameter din104_WIDTH bound to: 8 - type: integer 
	Parameter din105_WIDTH bound to: 8 - type: integer 
	Parameter din106_WIDTH bound to: 8 - type: integer 
	Parameter din107_WIDTH bound to: 8 - type: integer 
	Parameter din108_WIDTH bound to: 8 - type: integer 
	Parameter din109_WIDTH bound to: 8 - type: integer 
	Parameter din110_WIDTH bound to: 8 - type: integer 
	Parameter din111_WIDTH bound to: 8 - type: integer 
	Parameter din112_WIDTH bound to: 8 - type: integer 
	Parameter din113_WIDTH bound to: 8 - type: integer 
	Parameter din114_WIDTH bound to: 8 - type: integer 
	Parameter din115_WIDTH bound to: 8 - type: integer 
	Parameter din116_WIDTH bound to: 8 - type: integer 
	Parameter din117_WIDTH bound to: 8 - type: integer 
	Parameter din118_WIDTH bound to: 8 - type: integer 
	Parameter din119_WIDTH bound to: 8 - type: integer 
	Parameter din120_WIDTH bound to: 8 - type: integer 
	Parameter din121_WIDTH bound to: 8 - type: integer 
	Parameter din122_WIDTH bound to: 8 - type: integer 
	Parameter din123_WIDTH bound to: 8 - type: integer 
	Parameter din124_WIDTH bound to: 8 - type: integer 
	Parameter din125_WIDTH bound to: 8 - type: integer 
	Parameter din126_WIDTH bound to: 8 - type: integer 
	Parameter din127_WIDTH bound to: 8 - type: integer 
	Parameter din128_WIDTH bound to: 8 - type: integer 
	Parameter din129_WIDTH bound to: 8 - type: integer 
	Parameter din130_WIDTH bound to: 8 - type: integer 
	Parameter din131_WIDTH bound to: 8 - type: integer 
	Parameter din132_WIDTH bound to: 8 - type: integer 
	Parameter din133_WIDTH bound to: 8 - type: integer 
	Parameter din134_WIDTH bound to: 8 - type: integer 
	Parameter din135_WIDTH bound to: 8 - type: integer 
	Parameter din136_WIDTH bound to: 8 - type: integer 
	Parameter din137_WIDTH bound to: 8 - type: integer 
	Parameter din138_WIDTH bound to: 8 - type: integer 
	Parameter din139_WIDTH bound to: 8 - type: integer 
	Parameter din140_WIDTH bound to: 8 - type: integer 
	Parameter din141_WIDTH bound to: 8 - type: integer 
	Parameter din142_WIDTH bound to: 8 - type: integer 
	Parameter din143_WIDTH bound to: 8 - type: integer 
	Parameter din144_WIDTH bound to: 8 - type: integer 
	Parameter din145_WIDTH bound to: 8 - type: integer 
	Parameter din146_WIDTH bound to: 8 - type: integer 
	Parameter din147_WIDTH bound to: 8 - type: integer 
	Parameter din148_WIDTH bound to: 8 - type: integer 
	Parameter din149_WIDTH bound to: 8 - type: integer 
	Parameter din150_WIDTH bound to: 8 - type: integer 
	Parameter din151_WIDTH bound to: 8 - type: integer 
	Parameter din152_WIDTH bound to: 8 - type: integer 
	Parameter din153_WIDTH bound to: 8 - type: integer 
	Parameter din154_WIDTH bound to: 8 - type: integer 
	Parameter din155_WIDTH bound to: 8 - type: integer 
	Parameter din156_WIDTH bound to: 8 - type: integer 
	Parameter din157_WIDTH bound to: 8 - type: integer 
	Parameter din158_WIDTH bound to: 8 - type: integer 
	Parameter din159_WIDTH bound to: 8 - type: integer 
	Parameter din160_WIDTH bound to: 8 - type: integer 
	Parameter din161_WIDTH bound to: 8 - type: integer 
	Parameter din162_WIDTH bound to: 8 - type: integer 
	Parameter din163_WIDTH bound to: 8 - type: integer 
	Parameter din164_WIDTH bound to: 8 - type: integer 
	Parameter din165_WIDTH bound to: 8 - type: integer 
	Parameter din166_WIDTH bound to: 8 - type: integer 
	Parameter din167_WIDTH bound to: 8 - type: integer 
	Parameter din168_WIDTH bound to: 8 - type: integer 
	Parameter din169_WIDTH bound to: 8 - type: integer 
	Parameter din170_WIDTH bound to: 8 - type: integer 
	Parameter din171_WIDTH bound to: 8 - type: integer 
	Parameter din172_WIDTH bound to: 8 - type: integer 
	Parameter din173_WIDTH bound to: 8 - type: integer 
	Parameter din174_WIDTH bound to: 8 - type: integer 
	Parameter din175_WIDTH bound to: 8 - type: integer 
	Parameter din176_WIDTH bound to: 8 - type: integer 
	Parameter din177_WIDTH bound to: 8 - type: integer 
	Parameter din178_WIDTH bound to: 8 - type: integer 
	Parameter din179_WIDTH bound to: 8 - type: integer 
	Parameter din180_WIDTH bound to: 8 - type: integer 
	Parameter din181_WIDTH bound to: 8 - type: integer 
	Parameter din182_WIDTH bound to: 8 - type: integer 
	Parameter din183_WIDTH bound to: 8 - type: integer 
	Parameter din184_WIDTH bound to: 8 - type: integer 
	Parameter din185_WIDTH bound to: 8 - type: integer 
	Parameter din186_WIDTH bound to: 8 - type: integer 
	Parameter din187_WIDTH bound to: 8 - type: integer 
	Parameter din188_WIDTH bound to: 8 - type: integer 
	Parameter din189_WIDTH bound to: 8 - type: integer 
	Parameter din190_WIDTH bound to: 8 - type: integer 
	Parameter din191_WIDTH bound to: 8 - type: integer 
	Parameter din192_WIDTH bound to: 8 - type: integer 
	Parameter din193_WIDTH bound to: 8 - type: integer 
	Parameter din194_WIDTH bound to: 8 - type: integer 
	Parameter din195_WIDTH bound to: 8 - type: integer 
	Parameter din196_WIDTH bound to: 8 - type: integer 
	Parameter din197_WIDTH bound to: 8 - type: integer 
	Parameter din198_WIDTH bound to: 8 - type: integer 
	Parameter din199_WIDTH bound to: 8 - type: integer 
	Parameter din200_WIDTH bound to: 8 - type: integer 
	Parameter din201_WIDTH bound to: 8 - type: integer 
	Parameter din202_WIDTH bound to: 8 - type: integer 
	Parameter din203_WIDTH bound to: 8 - type: integer 
	Parameter din204_WIDTH bound to: 8 - type: integer 
	Parameter din205_WIDTH bound to: 8 - type: integer 
	Parameter din206_WIDTH bound to: 8 - type: integer 
	Parameter din207_WIDTH bound to: 8 - type: integer 
	Parameter din208_WIDTH bound to: 8 - type: integer 
	Parameter din209_WIDTH bound to: 8 - type: integer 
	Parameter din210_WIDTH bound to: 8 - type: integer 
	Parameter din211_WIDTH bound to: 8 - type: integer 
	Parameter din212_WIDTH bound to: 8 - type: integer 
	Parameter din213_WIDTH bound to: 8 - type: integer 
	Parameter din214_WIDTH bound to: 8 - type: integer 
	Parameter din215_WIDTH bound to: 8 - type: integer 
	Parameter din216_WIDTH bound to: 8 - type: integer 
	Parameter din217_WIDTH bound to: 8 - type: integer 
	Parameter din218_WIDTH bound to: 8 - type: integer 
	Parameter din219_WIDTH bound to: 8 - type: integer 
	Parameter din220_WIDTH bound to: 8 - type: integer 
	Parameter din221_WIDTH bound to: 8 - type: integer 
	Parameter din222_WIDTH bound to: 8 - type: integer 
	Parameter din223_WIDTH bound to: 8 - type: integer 
	Parameter din224_WIDTH bound to: 8 - type: integer 
	Parameter din225_WIDTH bound to: 8 - type: integer 
	Parameter din226_WIDTH bound to: 8 - type: integer 
	Parameter din227_WIDTH bound to: 8 - type: integer 
	Parameter din228_WIDTH bound to: 8 - type: integer 
	Parameter din229_WIDTH bound to: 8 - type: integer 
	Parameter din230_WIDTH bound to: 8 - type: integer 
	Parameter din231_WIDTH bound to: 8 - type: integer 
	Parameter din232_WIDTH bound to: 8 - type: integer 
	Parameter din233_WIDTH bound to: 8 - type: integer 
	Parameter din234_WIDTH bound to: 8 - type: integer 
	Parameter din235_WIDTH bound to: 8 - type: integer 
	Parameter din236_WIDTH bound to: 8 - type: integer 
	Parameter din237_WIDTH bound to: 8 - type: integer 
	Parameter din238_WIDTH bound to: 8 - type: integer 
	Parameter din239_WIDTH bound to: 8 - type: integer 
	Parameter din240_WIDTH bound to: 8 - type: integer 
	Parameter din241_WIDTH bound to: 8 - type: integer 
	Parameter din242_WIDTH bound to: 8 - type: integer 
	Parameter din243_WIDTH bound to: 8 - type: integer 
	Parameter din244_WIDTH bound to: 8 - type: integer 
	Parameter din245_WIDTH bound to: 8 - type: integer 
	Parameter din246_WIDTH bound to: 8 - type: integer 
	Parameter din247_WIDTH bound to: 8 - type: integer 
	Parameter din248_WIDTH bound to: 8 - type: integer 
	Parameter din249_WIDTH bound to: 8 - type: integer 
	Parameter din250_WIDTH bound to: 8 - type: integer 
	Parameter din251_WIDTH bound to: 8 - type: integer 
	Parameter din252_WIDTH bound to: 8 - type: integer 
	Parameter din253_WIDTH bound to: 8 - type: integer 
	Parameter din254_WIDTH bound to: 8 - type: integer 
	Parameter din255_WIDTH bound to: 8 - type: integer 
	Parameter din256_WIDTH bound to: 8 - type: integer 
	Parameter dout_WIDTH bound to: 8 - type: integer 
INFO: [Synth 8-3491] module 'aes_encrypt_top_mudo' declared at 'c:/AES/AES.srcs/sources_1/bd/aes_bd/ipshared/8618/hdl/vhdl/aes_encrypt_top_mudo.vhd:13' bound to instance 'aes_encrypt_top_mudo_U31' of component 'aes_encrypt_top_mudo' [c:/AES/AES.srcs/sources_1/bd/aes_bd/ipshared/8618/hdl/vhdl/aes_encrypt_top.vhd:18105]
	Parameter ID bound to: 1 - type: integer 
	Parameter NUM_STAGE bound to: 1 - type: integer 
	Parameter din0_WIDTH bound to: 8 - type: integer 
	Parameter din1_WIDTH bound to: 8 - type: integer 
	Parameter din2_WIDTH bound to: 8 - type: integer 
	Parameter din3_WIDTH bound to: 8 - type: integer 
	Parameter din4_WIDTH bound to: 8 - type: integer 
	Parameter din5_WIDTH bound to: 8 - type: integer 
	Parameter din6_WIDTH bound to: 8 - type: integer 
	Parameter din7_WIDTH bound to: 8 - type: integer 
	Parameter din8_WIDTH bound to: 8 - type: integer 
	Parameter din9_WIDTH bound to: 8 - type: integer 
	Parameter din10_WIDTH bound to: 8 - type: integer 
	Parameter din11_WIDTH bound to: 8 - type: integer 
	Parameter din12_WIDTH bound to: 8 - type: integer 
	Parameter din13_WIDTH bound to: 8 - type: integer 
	Parameter din14_WIDTH bound to: 8 - type: integer 
	Parameter din15_WIDTH bound to: 8 - type: integer 
	Parameter din16_WIDTH bound to: 8 - type: integer 
	Parameter din17_WIDTH bound to: 8 - type: integer 
	Parameter din18_WIDTH bound to: 8 - type: integer 
	Parameter din19_WIDTH bound to: 8 - type: integer 
	Parameter din20_WIDTH bound to: 8 - type: integer 
	Parameter din21_WIDTH bound to: 8 - type: integer 
	Parameter din22_WIDTH bound to: 8 - type: integer 
	Parameter din23_WIDTH bound to: 8 - type: integer 
	Parameter din24_WIDTH bound to: 8 - type: integer 
	Parameter din25_WIDTH bound to: 8 - type: integer 
	Parameter din26_WIDTH bound to: 8 - type: integer 
	Parameter din27_WIDTH bound to: 8 - type: integer 
	Parameter din28_WIDTH bound to: 8 - type: integer 
	Parameter din29_WIDTH bound to: 8 - type: integer 
	Parameter din30_WIDTH bound to: 8 - type: integer 
	Parameter din31_WIDTH bound to: 8 - type: integer 
	Parameter din32_WIDTH bound to: 8 - type: integer 
	Parameter din33_WIDTH bound to: 8 - type: integer 
	Parameter din34_WIDTH bound to: 8 - type: integer 
	Parameter din35_WIDTH bound to: 8 - type: integer 
	Parameter din36_WIDTH bound to: 8 - type: integer 
	Parameter din37_WIDTH bound to: 8 - type: integer 
	Parameter din38_WIDTH bound to: 8 - type: integer 
	Parameter din39_WIDTH bound to: 8 - type: integer 
	Parameter din40_WIDTH bound to: 8 - type: integer 
	Parameter din41_WIDTH bound to: 8 - type: integer 
	Parameter din42_WIDTH bound to: 8 - type: integer 
	Parameter din43_WIDTH bound to: 8 - type: integer 
	Parameter din44_WIDTH bound to: 8 - type: integer 
	Parameter din45_WIDTH bound to: 8 - type: integer 
	Parameter din46_WIDTH bound to: 8 - type: integer 
	Parameter din47_WIDTH bound to: 8 - type: integer 
	Parameter din48_WIDTH bound to: 8 - type: integer 
	Parameter din49_WIDTH bound to: 8 - type: integer 
	Parameter din50_WIDTH bound to: 8 - type: integer 
	Parameter din51_WIDTH bound to: 8 - type: integer 
	Parameter din52_WIDTH bound to: 8 - type: integer 
	Parameter din53_WIDTH bound to: 8 - type: integer 
	Parameter din54_WIDTH bound to: 8 - type: integer 
	Parameter din55_WIDTH bound to: 8 - type: integer 
	Parameter din56_WIDTH bound to: 8 - type: integer 
	Parameter din57_WIDTH bound to: 8 - type: integer 
	Parameter din58_WIDTH bound to: 8 - type: integer 
	Parameter din59_WIDTH bound to: 8 - type: integer 
	Parameter din60_WIDTH bound to: 8 - type: integer 
	Parameter din61_WIDTH bound to: 8 - type: integer 
	Parameter din62_WIDTH bound to: 8 - type: integer 
	Parameter din63_WIDTH bound to: 8 - type: integer 
	Parameter din64_WIDTH bound to: 8 - type: integer 
	Parameter din65_WIDTH bound to: 8 - type: integer 
	Parameter din66_WIDTH bound to: 8 - type: integer 
	Parameter din67_WIDTH bound to: 8 - type: integer 
	Parameter din68_WIDTH bound to: 8 - type: integer 
	Parameter din69_WIDTH bound to: 8 - type: integer 
	Parameter din70_WIDTH bound to: 8 - type: integer 
	Parameter din71_WIDTH bound to: 8 - type: integer 
	Parameter din72_WIDTH bound to: 8 - type: integer 
	Parameter din73_WIDTH bound to: 8 - type: integer 
	Parameter din74_WIDTH bound to: 8 - type: integer 
	Parameter din75_WIDTH bound to: 8 - type: integer 
	Parameter din76_WIDTH bound to: 8 - type: integer 
	Parameter din77_WIDTH bound to: 8 - type: integer 
	Parameter din78_WIDTH bound to: 8 - type: integer 
	Parameter din79_WIDTH bound to: 8 - type: integer 
	Parameter din80_WIDTH bound to: 8 - type: integer 
	Parameter din81_WIDTH bound to: 8 - type: integer 
	Parameter din82_WIDTH bound to: 8 - type: integer 
	Parameter din83_WIDTH bound to: 8 - type: integer 
	Parameter din84_WIDTH bound to: 8 - type: integer 
	Parameter din85_WIDTH bound to: 8 - type: integer 
	Parameter din86_WIDTH bound to: 8 - type: integer 
	Parameter din87_WIDTH bound to: 8 - type: integer 
	Parameter din88_WIDTH bound to: 8 - type: integer 
	Parameter din89_WIDTH bound to: 8 - type: integer 
	Parameter din90_WIDTH bound to: 8 - type: integer 
	Parameter din91_WIDTH bound to: 8 - type: integer 
	Parameter din92_WIDTH bound to: 8 - type: integer 
	Parameter din93_WIDTH bound to: 8 - type: integer 
	Parameter din94_WIDTH bound to: 8 - type: integer 
	Parameter din95_WIDTH bound to: 8 - type: integer 
	Parameter din96_WIDTH bound to: 8 - type: integer 
	Parameter din97_WIDTH bound to: 8 - type: integer 
	Parameter din98_WIDTH bound to: 8 - type: integer 
	Parameter din99_WIDTH bound to: 8 - type: integer 
	Parameter din100_WIDTH bound to: 8 - type: integer 
	Parameter din101_WIDTH bound to: 8 - type: integer 
	Parameter din102_WIDTH bound to: 8 - type: integer 
	Parameter din103_WIDTH bound to: 8 - type: integer 
	Parameter din104_WIDTH bound to: 8 - type: integer 
	Parameter din105_WIDTH bound to: 8 - type: integer 
	Parameter din106_WIDTH bound to: 8 - type: integer 
	Parameter din107_WIDTH bound to: 8 - type: integer 
	Parameter din108_WIDTH bound to: 8 - type: integer 
	Parameter din109_WIDTH bound to: 8 - type: integer 
	Parameter din110_WIDTH bound to: 8 - type: integer 
	Parameter din111_WIDTH bound to: 8 - type: integer 
	Parameter din112_WIDTH bound to: 8 - type: integer 
	Parameter din113_WIDTH bound to: 8 - type: integer 
	Parameter din114_WIDTH bound to: 8 - type: integer 
	Parameter din115_WIDTH bound to: 8 - type: integer 
	Parameter din116_WIDTH bound to: 8 - type: integer 
	Parameter din117_WIDTH bound to: 8 - type: integer 
	Parameter din118_WIDTH bound to: 8 - type: integer 
	Parameter din119_WIDTH bound to: 8 - type: integer 
	Parameter din120_WIDTH bound to: 8 - type: integer 
	Parameter din121_WIDTH bound to: 8 - type: integer 
	Parameter din122_WIDTH bound to: 8 - type: integer 
	Parameter din123_WIDTH bound to: 8 - type: integer 
	Parameter din124_WIDTH bound to: 8 - type: integer 
	Parameter din125_WIDTH bound to: 8 - type: integer 
	Parameter din126_WIDTH bound to: 8 - type: integer 
	Parameter din127_WIDTH bound to: 8 - type: integer 
	Parameter din128_WIDTH bound to: 8 - type: integer 
	Parameter din129_WIDTH bound to: 8 - type: integer 
	Parameter din130_WIDTH bound to: 8 - type: integer 
	Parameter din131_WIDTH bound to: 8 - type: integer 
	Parameter din132_WIDTH bound to: 8 - type: integer 
	Parameter din133_WIDTH bound to: 8 - type: integer 
	Parameter din134_WIDTH bound to: 8 - type: integer 
	Parameter din135_WIDTH bound to: 8 - type: integer 
	Parameter din136_WIDTH bound to: 8 - type: integer 
	Parameter din137_WIDTH bound to: 8 - type: integer 
	Parameter din138_WIDTH bound to: 8 - type: integer 
	Parameter din139_WIDTH bound to: 8 - type: integer 
	Parameter din140_WIDTH bound to: 8 - type: integer 
	Parameter din141_WIDTH bound to: 8 - type: integer 
	Parameter din142_WIDTH bound to: 8 - type: integer 
	Parameter din143_WIDTH bound to: 8 - type: integer 
	Parameter din144_WIDTH bound to: 8 - type: integer 
	Parameter din145_WIDTH bound to: 8 - type: integer 
	Parameter din146_WIDTH bound to: 8 - type: integer 
	Parameter din147_WIDTH bound to: 8 - type: integer 
	Parameter din148_WIDTH bound to: 8 - type: integer 
	Parameter din149_WIDTH bound to: 8 - type: integer 
	Parameter din150_WIDTH bound to: 8 - type: integer 
	Parameter din151_WIDTH bound to: 8 - type: integer 
	Parameter din152_WIDTH bound to: 8 - type: integer 
	Parameter din153_WIDTH bound to: 8 - type: integer 
	Parameter din154_WIDTH bound to: 8 - type: integer 
	Parameter din155_WIDTH bound to: 8 - type: integer 
	Parameter din156_WIDTH bound to: 8 - type: integer 
	Parameter din157_WIDTH bound to: 8 - type: integer 
	Parameter din158_WIDTH bound to: 8 - type: integer 
	Parameter din159_WIDTH bound to: 8 - type: integer 
	Parameter din160_WIDTH bound to: 8 - type: integer 
	Parameter din161_WIDTH bound to: 8 - type: integer 
	Parameter din162_WIDTH bound to: 8 - type: integer 
	Parameter din163_WIDTH bound to: 8 - type: integer 
	Parameter din164_WIDTH bound to: 8 - type: integer 
	Parameter din165_WIDTH bound to: 8 - type: integer 
	Parameter din166_WIDTH bound to: 8 - type: integer 
	Parameter din167_WIDTH bound to: 8 - type: integer 
	Parameter din168_WIDTH bound to: 8 - type: integer 
	Parameter din169_WIDTH bound to: 8 - type: integer 
	Parameter din170_WIDTH bound to: 8 - type: integer 
	Parameter din171_WIDTH bound to: 8 - type: integer 
	Parameter din172_WIDTH bound to: 8 - type: integer 
	Parameter din173_WIDTH bound to: 8 - type: integer 
	Parameter din174_WIDTH bound to: 8 - type: integer 
	Parameter din175_WIDTH bound to: 8 - type: integer 
	Parameter din176_WIDTH bound to: 8 - type: integer 
	Parameter din177_WIDTH bound to: 8 - type: integer 
	Parameter din178_WIDTH bound to: 8 - type: integer 
	Parameter din179_WIDTH bound to: 8 - type: integer 
	Parameter din180_WIDTH bound to: 8 - type: integer 
	Parameter din181_WIDTH bound to: 8 - type: integer 
	Parameter din182_WIDTH bound to: 8 - type: integer 
	Parameter din183_WIDTH bound to: 8 - type: integer 
	Parameter din184_WIDTH bound to: 8 - type: integer 
	Parameter din185_WIDTH bound to: 8 - type: integer 
	Parameter din186_WIDTH bound to: 8 - type: integer 
	Parameter din187_WIDTH bound to: 8 - type: integer 
	Parameter din188_WIDTH bound to: 8 - type: integer 
	Parameter din189_WIDTH bound to: 8 - type: integer 
	Parameter din190_WIDTH bound to: 8 - type: integer 
	Parameter din191_WIDTH bound to: 8 - type: integer 
	Parameter din192_WIDTH bound to: 8 - type: integer 
	Parameter din193_WIDTH bound to: 8 - type: integer 
	Parameter din194_WIDTH bound to: 8 - type: integer 
	Parameter din195_WIDTH bound to: 8 - type: integer 
	Parameter din196_WIDTH bound to: 8 - type: integer 
	Parameter din197_WIDTH bound to: 8 - type: integer 
	Parameter din198_WIDTH bound to: 8 - type: integer 
	Parameter din199_WIDTH bound to: 8 - type: integer 
	Parameter din200_WIDTH bound to: 8 - type: integer 
	Parameter din201_WIDTH bound to: 8 - type: integer 
	Parameter din202_WIDTH bound to: 8 - type: integer 
	Parameter din203_WIDTH bound to: 8 - type: integer 
	Parameter din204_WIDTH bound to: 8 - type: integer 
	Parameter din205_WIDTH bound to: 8 - type: integer 
	Parameter din206_WIDTH bound to: 8 - type: integer 
	Parameter din207_WIDTH bound to: 8 - type: integer 
	Parameter din208_WIDTH bound to: 8 - type: integer 
	Parameter din209_WIDTH bound to: 8 - type: integer 
	Parameter din210_WIDTH bound to: 8 - type: integer 
	Parameter din211_WIDTH bound to: 8 - type: integer 
	Parameter din212_WIDTH bound to: 8 - type: integer 
	Parameter din213_WIDTH bound to: 8 - type: integer 
	Parameter din214_WIDTH bound to: 8 - type: integer 
	Parameter din215_WIDTH bound to: 8 - type: integer 
	Parameter din216_WIDTH bound to: 8 - type: integer 
	Parameter din217_WIDTH bound to: 8 - type: integer 
	Parameter din218_WIDTH bound to: 8 - type: integer 
	Parameter din219_WIDTH bound to: 8 - type: integer 
	Parameter din220_WIDTH bound to: 8 - type: integer 
	Parameter din221_WIDTH bound to: 8 - type: integer 
	Parameter din222_WIDTH bound to: 8 - type: integer 
	Parameter din223_WIDTH bound to: 8 - type: integer 
	Parameter din224_WIDTH bound to: 8 - type: integer 
	Parameter din225_WIDTH bound to: 8 - type: integer 
	Parameter din226_WIDTH bound to: 8 - type: integer 
	Parameter din227_WIDTH bound to: 8 - type: integer 
	Parameter din228_WIDTH bound to: 8 - type: integer 
	Parameter din229_WIDTH bound to: 8 - type: integer 
	Parameter din230_WIDTH bound to: 8 - type: integer 
	Parameter din231_WIDTH bound to: 8 - type: integer 
	Parameter din232_WIDTH bound to: 8 - type: integer 
	Parameter din233_WIDTH bound to: 8 - type: integer 
	Parameter din234_WIDTH bound to: 8 - type: integer 
	Parameter din235_WIDTH bound to: 8 - type: integer 
	Parameter din236_WIDTH bound to: 8 - type: integer 
	Parameter din237_WIDTH bound to: 8 - type: integer 
	Parameter din238_WIDTH bound to: 8 - type: integer 
	Parameter din239_WIDTH bound to: 8 - type: integer 
	Parameter din240_WIDTH bound to: 8 - type: integer 
	Parameter din241_WIDTH bound to: 8 - type: integer 
	Parameter din242_WIDTH bound to: 8 - type: integer 
	Parameter din243_WIDTH bound to: 8 - type: integer 
	Parameter din244_WIDTH bound to: 8 - type: integer 
	Parameter din245_WIDTH bound to: 8 - type: integer 
	Parameter din246_WIDTH bound to: 8 - type: integer 
	Parameter din247_WIDTH bound to: 8 - type: integer 
	Parameter din248_WIDTH bound to: 8 - type: integer 
	Parameter din249_WIDTH bound to: 8 - type: integer 
	Parameter din250_WIDTH bound to: 8 - type: integer 
	Parameter din251_WIDTH bound to: 8 - type: integer 
	Parameter din252_WIDTH bound to: 8 - type: integer 
	Parameter din253_WIDTH bound to: 8 - type: integer 
	Parameter din254_WIDTH bound to: 8 - type: integer 
	Parameter din255_WIDTH bound to: 8 - type: integer 
	Parameter din256_WIDTH bound to: 8 - type: integer 
	Parameter dout_WIDTH bound to: 8 - type: integer 
INFO: [Synth 8-3491] module 'aes_encrypt_top_mudo' declared at 'c:/AES/AES.srcs/sources_1/bd/aes_bd/ipshared/8618/hdl/vhdl/aes_encrypt_top_mudo.vhd:13' bound to instance 'aes_encrypt_top_mudo_U32' of component 'aes_encrypt_top_mudo' [c:/AES/AES.srcs/sources_1/bd/aes_bd/ipshared/8618/hdl/vhdl/aes_encrypt_top.vhd:18627]
WARNING: [Synth 8-6014] Unused sequential element outStream_V_keep_V_1_sel_rd_reg was removed.  [c:/AES/AES.srcs/sources_1/bd/aes_bd/ipshared/8618/hdl/vhdl/aes_encrypt_top.vhd:19369]
WARNING: [Synth 8-6014] Unused sequential element outStream_V_strb_V_1_sel_rd_reg was removed.  [c:/AES/AES.srcs/sources_1/bd/aes_bd/ipshared/8618/hdl/vhdl/aes_encrypt_top.vhd:19451]
INFO: [Synth 8-256] done synthesizing module 'aes_encrypt_top' (12#1) [c:/AES/AES.srcs/sources_1/bd/aes_bd/ipshared/8618/hdl/vhdl/aes_encrypt_top.vhd:52]
INFO: [Synth 8-256] done synthesizing module 'aes_bd_aes_encrypt_top_0_0' (13#1) [c:/AES/AES.srcs/sources_1/bd/aes_bd/ip/aes_bd_aes_encrypt_top_0_0/synth/aes_bd_aes_encrypt_top_0_0.vhd:93]
WARNING: [Synth 8-3331] design aes_encrypt_top_reOg has unconnected port reset
WARNING: [Synth 8-3331] design aes_encrypt_top_odEe has unconnected port reset
WARNING: [Synth 8-3331] design aes_encrypt_top_icud has unconnected port reset
WARNING: [Synth 8-3331] design aes_encrypt_top_sbkb has unconnected port reset
WARNING: [Synth 8-3331] design aes_encrypt_top has unconnected port inStream_TKEEP[0]
WARNING: [Synth 8-3331] design aes_encrypt_top has unconnected port inStream_TSTRB[0]
WARNING: [Synth 8-3331] design aes_encrypt_top has unconnected port inStream_TLAST[0]
---------------------------------------------------------------------------------
Finished RTL Elaboration : Time (s): cpu = 00:00:07 ; elapsed = 00:00:07 . Memory (MB): peak = 576.758 ; gain = 203.535
---------------------------------------------------------------------------------

Report Check Netlist: 
+------+------------------+-------+---------+-------+------------------+
|      |Item              |Errors |Warnings |Status |Description       |
+------+------------------+-------+---------+-------+------------------+
|1     |multi_driven_nets |      0|        0|Passed |Multi driven nets |
+------+------------------+-------+---------+-------+------------------+
---------------------------------------------------------------------------------
Start Handling Custom Attributes
---------------------------------------------------------------------------------
---------------------------------------------------------------------------------
Finished Handling Custom Attributes : Time (s): cpu = 00:00:07 ; elapsed = 00:00:08 . Memory (MB): peak = 576.758 ; gain = 203.535
---------------------------------------------------------------------------------
---------------------------------------------------------------------------------
Finished RTL Optimization Phase 1 : Time (s): cpu = 00:00:07 ; elapsed = 00:00:08 . Memory (MB): peak = 576.758 ; gain = 203.535
---------------------------------------------------------------------------------
INFO: [Device 21-403] Loading part xc7z020clg400-1
INFO: [Project 1-570] Preparing netlist for logic optimization

Processing XDC Constraints
Initializing timing engine
Parsing XDC File [c:/AES/AES.srcs/sources_1/bd/aes_bd/ip/aes_bd_aes_encrypt_top_0_0/constraints/aes_encrypt_top_ooc.xdc] for cell 'U0'
Finished Parsing XDC File [c:/AES/AES.srcs/sources_1/bd/aes_bd/ip/aes_bd_aes_encrypt_top_0_0/constraints/aes_encrypt_top_ooc.xdc] for cell 'U0'
Parsing XDC File [C:/AES/AES.runs/aes_bd_aes_encrypt_top_0_0_synth_1/dont_touch.xdc]
Finished Parsing XDC File [C:/AES/AES.runs/aes_bd_aes_encrypt_top_0_0_synth_1/dont_touch.xdc]
Completed Processing XDC Constraints

Netlist sorting complete. Time (s): cpu = 00:00:00 ; elapsed = 00:00:00.002 . Memory (MB): peak = 995.602 ; gain = 0.000
INFO: [Project 1-111] Unisim Transformation Summary:
No Unisim elements were transformed.

Netlist sorting complete. Time (s): cpu = 00:00:00 ; elapsed = 00:00:00.003 . Memory (MB): peak = 995.602 ; gain = 0.000
Constraint Validation Runtime : Time (s): cpu = 00:00:00 ; elapsed = 00:00:00.176 . Memory (MB): peak = 997.098 ; gain = 1.496
---------------------------------------------------------------------------------
Finished Constraint Validation : Time (s): cpu = 00:00:17 ; elapsed = 00:00:31 . Memory (MB): peak = 997.098 ; gain = 623.875
---------------------------------------------------------------------------------
---------------------------------------------------------------------------------
Start Loading Part and Timing Information
---------------------------------------------------------------------------------
Loading part: xc7z020clg400-1
---------------------------------------------------------------------------------
Finished Loading Part and Timing Information : Time (s): cpu = 00:00:17 ; elapsed = 00:00:31 . Memory (MB): peak = 997.098 ; gain = 623.875
---------------------------------------------------------------------------------
---------------------------------------------------------------------------------
Start Applying 'set_property' XDC Constraints
---------------------------------------------------------------------------------
Applied set_property DONT_TOUCH = true for U0. (constraint file  C:/AES/AES.runs/aes_bd_aes_encrypt_top_0_0_synth_1/dont_touch.xdc, line 9).
---------------------------------------------------------------------------------
Finished applying 'set_property' XDC Constraints : Time (s): cpu = 00:00:17 ; elapsed = 00:00:31 . Memory (MB): peak = 997.098 ; gain = 623.875
---------------------------------------------------------------------------------
INFO: [Synth 8-5544] ROM "AWREADY_t" won't be mapped to Block RAM because address size (3) smaller than threshold (5)
INFO: [Synth 8-5544] ROM "WREADY_t" won't be mapped to Block RAM because address size (3) smaller than threshold (5)
INFO: [Synth 8-5544] ROM "BVALID" won't be mapped to Block RAM because address size (3) smaller than threshold (5)
INFO: [Synth 8-5544] ROM "ARREADY_t" won't be mapped to Block RAM because address size (3) smaller than threshold (5)
INFO: [Synth 8-4490] FSM extraction disabled for register 'ap_CS_fsm_reg' through user attribute
INFO: [Synth 8-5546] ROM "exitcond1_fu_4445_p2" won't be mapped to RAM because it is too sparse
INFO: [Synth 8-5544] ROM "exitcond8_i_fu_4547_p2" won't be mapped to Block RAM because address size (4) smaller than threshold (5)
INFO: [Synth 8-5546] ROM "exitcond_fu_22141_p2" won't be mapped to RAM because it is too sparse
INFO: [Synth 8-5544] ROM "inStream_V_data_V_0_state_cmp_full" won't be mapped to Block RAM because address size (2) smaller than threshold (5)
INFO: [Synth 8-5544] ROM "outStream_V_data_V_1_state_cmp_full" won't be mapped to Block RAM because address size (2) smaller than threshold (5)
INFO: [Synth 8-5544] ROM "outStream_V_last_V_1_state_cmp_full" won't be mapped to Block RAM because address size (2) smaller than threshold (5)
INFO: [Synth 8-5546] ROM "val_last_V_fu_22158_p2" won't be mapped to RAM because it is too sparse
INFO: [Synth 8-5546] ROM "exitcond1_fu_4445_p2" won't be mapped to RAM because it is too sparse
INFO: [Synth 8-5544] ROM "exitcond8_i_fu_4547_p2" won't be mapped to Block RAM because address size (4) smaller than threshold (5)
INFO: [Synth 8-5546] ROM "exitcond_fu_22141_p2" won't be mapped to RAM because it is too sparse
INFO: [Synth 8-5544] ROM "inStream_V_data_V_0_state_cmp_full" won't be mapped to Block RAM because address size (2) smaller than threshold (5)
INFO: [Synth 8-5544] ROM "outStream_V_data_V_1_state_cmp_full" won't be mapped to Block RAM because address size (2) smaller than threshold (5)
INFO: [Synth 8-5544] ROM "outStream_V_last_V_1_state_cmp_full" won't be mapped to Block RAM because address size (2) smaller than threshold (5)
INFO: [Synth 8-5546] ROM "val_last_V_fu_22158_p2" won't be mapped to RAM because it is too sparse
INFO: [Synth 8-5544] ROM "roundKeys_12_V_address1" won't be mapped to Block RAM because address size (1) smaller than threshold (5)
INFO: [Synth 8-5544] ROM "roundKeys_13_V_address1" won't be mapped to Block RAM because address size (1) smaller than threshold (5)
INFO: [Synth 8-5544] ROM "roundKeys_1_V_address1" won't be mapped to Block RAM because address size (1) smaller than threshold (5)
INFO: [Synth 8-5544] ROM "roundKeys_3_V_address1" won't be mapped to Block RAM because address size (1) smaller than threshold (5)
INFO: [Synth 8-5544] ROM "output_address1" won't be mapped to Block RAM because address size (1) smaller than threshold (5)
INFO: [Synth 8-5544] ROM "ap_NS_fsm" won't be mapped to Block RAM because address size (1) smaller than threshold (5)
INFO: [Synth 8-5544] ROM "ap_NS_fsm" won't be mapped to Block RAM because address size (1) smaller than threshold (5)
INFO: [Synth 8-5544] ROM "ap_NS_fsm" won't be mapped to Block RAM because address size (1) smaller than threshold (5)
INFO: [Synth 8-5544] ROM "ap_NS_fsm" won't be mapped to Block RAM because address size (1) smaller than threshold (5)
INFO: [Synth 8-5544] ROM "ap_NS_fsm" won't be mapped to Block RAM because address size (1) smaller than threshold (5)
INFO: [Synth 8-5544] ROM "inStream_V_data_V_0_state" won't be mapped to Block RAM because address size (1) smaller than threshold (5)
INFO: [Synth 8-5544] ROM "inStream_V_data_V_0_state" won't be mapped to Block RAM because address size (1) smaller than threshold (5)
INFO: [Synth 8-5544] ROM "inStream_V_last_V_0_state" won't be mapped to Block RAM because address size (1) smaller than threshold (5)
INFO: [Synth 8-5544] ROM "inStream_V_last_V_0_state" won't be mapped to Block RAM because address size (1) smaller than threshold (5)
INFO: [Synth 8-5544] ROM "outStream_V_data_V_1_state" won't be mapped to Block RAM because address size (1) smaller than threshold (5)
INFO: [Synth 8-5544] ROM "outStream_V_data_V_1_state" won't be mapped to Block RAM because address size (1) smaller than threshold (5)
INFO: [Synth 8-5544] ROM "outStream_V_keep_V_1_state" won't be mapped to Block RAM because address size (1) smaller than threshold (5)
INFO: [Synth 8-5544] ROM "outStream_V_keep_V_1_state" won't be mapped to Block RAM because address size (1) smaller than threshold (5)
INFO: [Synth 8-5544] ROM "outStream_V_last_V_1_state" won't be mapped to Block RAM because address size (1) smaller than threshold (5)
INFO: [Synth 8-5544] ROM "outStream_V_last_V_1_state" won't be mapped to Block RAM because address size (1) smaller than threshold (5)
INFO: [Synth 8-5544] ROM "outStream_V_strb_V_1_state" won't be mapped to Block RAM because address size (1) smaller than threshold (5)
INFO: [Synth 8-5544] ROM "outStream_V_strb_V_1_state" won't be mapped to Block RAM because address size (1) smaller than threshold (5)
INFO: [Synth 8-5544] ROM "p_i5_cast_cast_fu_13027_p3" won't be mapped to Block RAM because address size (1) smaller than threshold (5)
INFO: [Synth 8-5544] ROM "p_i4_cast_cast_fu_12999_p3" won't be mapped to Block RAM because address size (1) smaller than threshold (5)
INFO: [Synth 8-5544] ROM "p_i9_cast_cast_fu_13145_p3" won't be mapped to Block RAM because address size (1) smaller than threshold (5)
INFO: [Synth 8-5544] ROM "p_i8_cast_cast_fu_13117_p3" won't be mapped to Block RAM because address size (1) smaller than threshold (5)
INFO: [Synth 8-5544] ROM "p_i13_cast_cast_fu_13263_p3" won't be mapped to Block RAM because address size (1) smaller than threshold (5)
INFO: [Synth 8-5544] ROM "p_i12_cast_cast_fu_13235_p3" won't be mapped to Block RAM because address size (1) smaller than threshold (5)
INFO: [Synth 8-5544] ROM "roundKeys_12_V_address0" won't be mapped to Block RAM because address size (1) smaller than threshold (5)
INFO: [Synth 8-5544] ROM "p_i6_cast_cast_fu_13055_p3" won't be mapped to Block RAM because address size (1) smaller than threshold (5)
INFO: [Synth 8-5544] ROM "p_i10_cast_cast_fu_13173_p3" won't be mapped to Block RAM because address size (1) smaller than threshold (5)
INFO: [Synth 8-5544] ROM "roundKeys_11_V_address0" won't be mapped to Block RAM because address size (1) smaller than threshold (5)
INFO: [Synth 8-5544] ROM "roundKeys_9_V_address1" won't be mapped to Block RAM because address size (1) smaller than threshold (5)
INFO: [Synth 8-5544] ROM "p_i14_cast_cast_fu_13291_p3" won't be mapped to Block RAM because address size (1) smaller than threshold (5)
INFO: [Synth 8-5544] ROM "p_i2_cast_cast_fu_12937_p3" won't be mapped to Block RAM because address size (1) smaller than threshold (5)
INFO: [Synth 8-5544] ROM "p_i1_cast_cast_fu_12909_p3" won't be mapped to Block RAM because address size (1) smaller than threshold (5)
INFO: [Synth 8-5544] ROM "p_i7_cast_cast_fu_13083_p3" won't be mapped to Block RAM because address size (1) smaller than threshold (5)
INFO: [Synth 8-5544] ROM "roundKeys_6_V_address0" won't be mapped to Block RAM because address size (1) smaller than threshold (5)
INFO: [Synth 8-5544] ROM "roundKeys_6_V_address1" won't be mapped to Block RAM because address size (1) smaller than threshold (5)
INFO: [Synth 8-5544] ROM "p_i11_cast_cast_fu_13201_p3" won't be mapped to Block RAM because address size (1) smaller than threshold (5)
INFO: [Synth 8-5544] ROM "p_i15_cast_cast_fu_13319_p3" won't be mapped to Block RAM because address size (1) smaller than threshold (5)
INFO: [Synth 8-5544] ROM "roundKeys_14_V_address0" won't be mapped to Block RAM because address size (1) smaller than threshold (5)
INFO: [Synth 8-5544] ROM "p_i3_cast_cast_fu_12965_p3" won't be mapped to Block RAM because address size (1) smaller than threshold (5)
INFO: [Synth 8-5544] ROM "roundKeys_15_V_address1" won't be mapped to Block RAM because address size (1) smaller than threshold (5)
INFO: [Synth 8-5544] ROM "p_i_cast_cast_fu_12881_p3" won't be mapped to Block RAM because address size (1) smaller than threshold (5)
INFO: [Synth 8-3971] The signal gen_write[1].mem_reg was recognized as a true dual port RAM template.
INFO: [Synth 8-3971] The signal ram_reg was recognized as a true dual port RAM template.
INFO: [Synth 8-3971] The signal ram_reg was recognized as a true dual port RAM template.
---------------------------------------------------------------------------------
Finished RTL Optimization Phase 2 : Time (s): cpu = 00:00:19 ; elapsed = 00:00:34 . Memory (MB): peak = 997.098 ; gain = 623.875
---------------------------------------------------------------------------------
INFO: [Synth 8-223] decloning instance 'U0/aes_encrypt_top_mudo_U1' (aes_encrypt_top_mudo) to 'U0/aes_encrypt_top_mudo_U17'
INFO: [Synth 8-223] decloning instance 'U0/aes_encrypt_top_mudo_U2' (aes_encrypt_top_mudo) to 'U0/aes_encrypt_top_mudo_U18'
INFO: [Synth 8-223] decloning instance 'U0/aes_encrypt_top_mudo_U3' (aes_encrypt_top_mudo) to 'U0/aes_encrypt_top_mudo_U19'
INFO: [Synth 8-223] decloning instance 'U0/aes_encrypt_top_mudo_U4' (aes_encrypt_top_mudo) to 'U0/aes_encrypt_top_mudo_U20'
INFO: [Synth 8-223] decloning instance 'U0/aes_encrypt_top_mudo_U5' (aes_encrypt_top_mudo) to 'U0/aes_encrypt_top_mudo_U21'
INFO: [Synth 8-223] decloning instance 'U0/aes_encrypt_top_mudo_U6' (aes_encrypt_top_mudo) to 'U0/aes_encrypt_top_mudo_U22'
INFO: [Synth 8-223] decloning instance 'U0/aes_encrypt_top_mudo_U7' (aes_encrypt_top_mudo) to 'U0/aes_encrypt_top_mudo_U23'
INFO: [Synth 8-223] decloning instance 'U0/aes_encrypt_top_mudo_U8' (aes_encrypt_top_mudo) to 'U0/aes_encrypt_top_mudo_U24'
INFO: [Synth 8-223] decloning instance 'U0/aes_encrypt_top_mudo_U9' (aes_encrypt_top_mudo) to 'U0/aes_encrypt_top_mudo_U25'
INFO: [Synth 8-223] decloning instance 'U0/aes_encrypt_top_mudo_U10' (aes_encrypt_top_mudo) to 'U0/aes_encrypt_top_mudo_U26'
INFO: [Synth 8-223] decloning instance 'U0/aes_encrypt_top_mudo_U11' (aes_encrypt_top_mudo) to 'U0/aes_encrypt_top_mudo_U27'
INFO: [Synth 8-223] decloning instance 'U0/aes_encrypt_top_mudo_U12' (aes_encrypt_top_mudo) to 'U0/aes_encrypt_top_mudo_U28'
INFO: [Synth 8-223] decloning instance 'U0/aes_encrypt_top_mudo_U13' (aes_encrypt_top_mudo) to 'U0/aes_encrypt_top_mudo_U29'
INFO: [Synth 8-223] decloning instance 'U0/aes_encrypt_top_mudo_U14' (aes_encrypt_top_mudo) to 'U0/aes_encrypt_top_mudo_U30'
INFO: [Synth 8-223] decloning instance 'U0/aes_encrypt_top_mudo_U15' (aes_encrypt_top_mudo) to 'U0/aes_encrypt_top_mudo_U31'
INFO: [Synth 8-223] decloning instance 'U0/aes_encrypt_top_mudo_U16' (aes_encrypt_top_mudo) to 'U0/aes_encrypt_top_mudo_U32'

Report RTL Partitions: 
+-+--------------+------------+----------+
| |RTL Partition |Replication |Instances |
+-+--------------+------------+----------+
+-+--------------+------------+----------+
---------------------------------------------------------------------------------
Start RTL Component Statistics 
---------------------------------------------------------------------------------
Detailed RTL Component Info : 
+---Adders : 
	   2 Input      5 Bit       Adders := 2     
	   2 Input      4 Bit       Adders := 1     
+---XORs : 
	   2 Input      8 Bit         XORs := 215   
	   3 Input      8 Bit         XORs := 5     
	   5 Input      8 Bit         XORs := 14    
	   6 Input      8 Bit         XORs := 2     
	   2 Input      1 Bit         XORs := 2     
+---Registers : 
	               32 Bit    Registers := 3     
	                8 Bit    Registers := 190   
	                5 Bit    Registers := 3     
	                4 Bit    Registers := 1     
	                3 Bit    Registers := 2     
	                2 Bit    Registers := 7     
	                1 Bit    Registers := 27    
+---RAMs : 
	              128 Bit         RAMs := 2     
	               88 Bit         RAMs := 16    
+---ROMs : 
	                              ROMs := 2     
+---Muxes : 
	   3 Input     56 Bit        Muxes := 1     
	   2 Input     56 Bit        Muxes := 1     
	  57 Input     56 Bit        Muxes := 1     
	   2 Input     47 Bit        Muxes := 1     
	   3 Input     37 Bit        Muxes := 1     
	   2 Input     32 Bit        Muxes := 14    
	   5 Input     32 Bit        Muxes := 1     
	   2 Input      8 Bit        Muxes := 4105  
	  16 Input      4 Bit        Muxes := 1     
	   8 Input      4 Bit        Muxes := 2     
	   2 Input      4 Bit        Muxes := 9     
	   5 Input      4 Bit        Muxes := 11    
	   6 Input      4 Bit        Muxes := 12    
	   4 Input      4 Bit        Muxes := 1     
	   5 Input      3 Bit        Muxes := 1     
	   2 Input      3 Bit        Muxes := 10    
	   6 Input      2 Bit        Muxes := 1     
	   2 Input      2 Bit        Muxes := 12    
	   4 Input      2 Bit        Muxes := 6     
	   2 Input      1 Bit        Muxes := 32    
---------------------------------------------------------------------------------
Finished RTL Component Statistics 
---------------------------------------------------------------------------------
---------------------------------------------------------------------------------
Start RTL Hierarchical Component Statistics 
---------------------------------------------------------------------------------
Hierarchical RTL Component report 
Module aes_encrypt_top_sbkb_rom 
Detailed RTL Component Info : 
+---Registers : 
	                8 Bit    Registers := 2     
+---ROMs : 
	                              ROMs := 2     
Module aes_encrypt_top_AXILiteS_s_axi_ram 
Detailed RTL Component Info : 
+---Registers : 
	               32 Bit    Registers := 2     
+---RAMs : 
	              128 Bit         RAMs := 1     
+---Muxes : 
	   2 Input     32 Bit        Muxes := 12    
	   2 Input      8 Bit        Muxes := 2     
Module aes_encrypt_top_AXILiteS_s_axi 
Detailed RTL Component Info : 
+---XORs : 
	   2 Input      1 Bit         XORs := 2     
+---Registers : 
	               32 Bit    Registers := 1     
	                5 Bit    Registers := 1     
	                3 Bit    Registers := 2     
	                2 Bit    Registers := 1     
	                1 Bit    Registers := 10    
+---Muxes : 
	   5 Input     32 Bit        Muxes := 1     
	   2 Input     32 Bit        Muxes := 2     
	   5 Input      3 Bit        Muxes := 1     
	   6 Input      2 Bit        Muxes := 1     
	   2 Input      2 Bit        Muxes := 1     
	   2 Input      1 Bit        Muxes := 7     
Module aes_encrypt_top_icud_ram 
Detailed RTL Component Info : 
+---Registers : 
	                8 Bit    Registers := 2     
+---Muxes : 
	   2 Input      8 Bit        Muxes := 1     
Module aes_encrypt_top_odEe_ram 
Detailed RTL Component Info : 
+---Registers : 
	                8 Bit    Registers := 1     
+---RAMs : 
	              128 Bit         RAMs := 1     
Module aes_encrypt_top_reOg_ram 
Detailed RTL Component Info : 
+---Registers : 
	                8 Bit    Registers := 1     
+---RAMs : 
	               88 Bit         RAMs := 1     
Module aes_encrypt_top_mudo 
Detailed RTL Component Info : 
+---Muxes : 
	   2 Input      8 Bit        Muxes := 255   
Module aes_encrypt_top 
Detailed RTL Component Info : 
+---Adders : 
	   2 Input      5 Bit       Adders := 2     
	   2 Input      4 Bit       Adders := 1     
+---XORs : 
	   2 Input      8 Bit         XORs := 215   
	   3 Input      8 Bit         XORs := 5     
	   5 Input      8 Bit         XORs := 14    
	   6 Input      8 Bit         XORs := 2     
+---Registers : 
	                8 Bit    Registers := 169   
	                5 Bit    Registers := 2     
	                4 Bit    Registers := 1     
	                2 Bit    Registers := 6     
	                1 Bit    Registers := 17    
+---Muxes : 
	   3 Input     56 Bit        Muxes := 1     
	   2 Input     56 Bit        Muxes := 1     
	  57 Input     56 Bit        Muxes := 1     
	   2 Input     47 Bit        Muxes := 1     
	   3 Input     37 Bit        Muxes := 1     
	   2 Input      8 Bit        Muxes := 22    
	  16 Input      4 Bit        Muxes := 1     
	   8 Input      4 Bit        Muxes := 2     
	   2 Input      4 Bit        Muxes := 9     
	   5 Input      4 Bit        Muxes := 11    
	   6 Input      4 Bit        Muxes := 12    
	   4 Input      4 Bit        Muxes := 1     
	   2 Input      3 Bit        Muxes := 10    
	   2 Input      2 Bit        Muxes := 11    
	   4 Input      2 Bit        Muxes := 6     
	   2 Input      1 Bit        Muxes := 25    
---------------------------------------------------------------------------------
Finished RTL Hierarchical Component Statistics
---------------------------------------------------------------------------------
---------------------------------------------------------------------------------
Start Part Resource Summary
---------------------------------------------------------------------------------
Part Resources:
DSPs: 220 (col length:60)
BRAMs: 280 (col length: RAMB18 60 RAMB36 30)
---------------------------------------------------------------------------------
Finished Part Resource Summary
---------------------------------------------------------------------------------
---------------------------------------------------------------------------------
Start Cross Boundary and Area Optimization
---------------------------------------------------------------------------------
Warning: Parallel synthesis criteria is not met 
WARNING: [Synth 8-3331] design aes_encrypt_top has unconnected port inStream_TKEEP[0]
WARNING: [Synth 8-3331] design aes_encrypt_top has unconnected port inStream_TSTRB[0]
WARNING: [Synth 8-3331] design aes_encrypt_top has unconnected port inStream_TLAST[0]
INFO: [Synth 8-3971] The signal int_key_V/gen_write[1].mem_reg was recognized as a true dual port RAM template.
INFO: [Synth 8-3971] The signal output_U/aes_encrypt_top_odEe_ram_U/ram_reg was recognized as a true dual port RAM template.
INFO: [Synth 8-3971] The signal roundKeys_0_V_U/aes_encrypt_top_reOg_ram_U/ram_reg was recognized as a true dual port RAM template.
INFO: [Synth 8-3971] The signal roundKeys_1_V_U/aes_encrypt_top_reOg_ram_U/ram_reg was recognized as a true dual port RAM template.
INFO: [Synth 8-3971] The signal roundKeys_2_V_U/aes_encrypt_top_reOg_ram_U/ram_reg was recognized as a true dual port RAM template.
INFO: [Synth 8-3971] The signal roundKeys_3_V_U/aes_encrypt_top_reOg_ram_U/ram_reg was recognized as a true dual port RAM template.
INFO: [Synth 8-3971] The signal roundKeys_4_V_U/aes_encrypt_top_reOg_ram_U/ram_reg was recognized as a true dual port RAM template.
INFO: [Synth 8-3971] The signal roundKeys_5_V_U/aes_encrypt_top_reOg_ram_U/ram_reg was recognized as a true dual port RAM template.
INFO: [Synth 8-3971] The signal roundKeys_6_V_U/aes_encrypt_top_reOg_ram_U/ram_reg was recognized as a true dual port RAM template.
INFO: [Synth 8-3971] The signal roundKeys_7_V_U/aes_encrypt_top_reOg_ram_U/ram_reg was recognized as a true dual port RAM template.
INFO: [Synth 8-3971] The signal roundKeys_8_V_U/aes_encrypt_top_reOg_ram_U/ram_reg was recognized as a true dual port RAM template.
INFO: [Synth 8-3971] The signal roundKeys_9_V_U/aes_encrypt_top_reOg_ram_U/ram_reg was recognized as a true dual port RAM template.
INFO: [Synth 8-3971] The signal roundKeys_10_V_U/aes_encrypt_top_reOg_ram_U/ram_reg was recognized as a true dual port RAM template.
INFO: [Synth 8-3971] The signal roundKeys_11_V_U/aes_encrypt_top_reOg_ram_U/ram_reg was recognized as a true dual port RAM template.
INFO: [Synth 8-3971] The signal roundKeys_12_V_U/aes_encrypt_top_reOg_ram_U/ram_reg was recognized as a true dual port RAM template.
INFO: [Synth 8-3971] The signal roundKeys_13_V_U/aes_encrypt_top_reOg_ram_U/ram_reg was recognized as a true dual port RAM template.
INFO: [Synth 8-3971] The signal roundKeys_14_V_U/aes_encrypt_top_reOg_ram_U/ram_reg was recognized as a true dual port RAM template.
INFO: [Synth 8-3971] The signal roundKeys_15_V_U/aes_encrypt_top_reOg_ram_U/ram_reg was recognized as a true dual port RAM template.
INFO: [Synth 8-3333] propagating constant 1 across sequential element (U0/aes_encrypt_top_AXILiteS_s_axi_U/\rstate_reg[2] )
INFO: [Synth 8-3333] propagating constant 0 across sequential element (U0/aes_encrypt_top_AXILiteS_s_axi_U/\wstate_reg[2] )
---------------------------------------------------------------------------------
Finished Cross Boundary and Area Optimization : Time (s): cpu = 00:00:36 ; elapsed = 00:00:51 . Memory (MB): peak = 997.098 ; gain = 623.875
---------------------------------------------------------------------------------
---------------------------------------------------------------------------------
Start ROM, RAM, DSP and Shift Register Reporting
---------------------------------------------------------------------------------

ROM:
+----------------+-----------------------------------------------+---------------+----------------+
|Module Name     | RTL Object                                    | Depth x Width | Implemented As | 
+----------------+-----------------------------------------------+---------------+----------------+
|aes_encrypt_top | sboxExp_V_U/aes_encrypt_top_sbkb_rom_U/q0_reg | 256x8         | Block RAM      | 
|aes_encrypt_top | sboxExp_V_U/aes_encrypt_top_sbkb_rom_U/q1_reg | 256x8         | Block RAM      | 
+----------------+-----------------------------------------------+---------------+----------------+


Block RAM: Preliminary Mapping  Report (see note below)
+------------------------------------+----------------------+------------------------+---+---+------------------------+---+---+------------------+--------+--------+
|Module Name                         | RTL Object           | PORT A (Depth x Width) | W | R | PORT B (Depth x Width) | W | R | Ports driving FF | RAMB18 | RAMB36 | 
+------------------------------------+----------------------+------------------------+---+---+------------------------+---+---+------------------+--------+--------+
|aes_encrypt_top_AXILiteS_s_axi_ram: | gen_write[1].mem_reg | 4 x 32(READ_FIRST)     | W | R | 4 x 32(READ_FIRST)     | W | R | Port A and B     | 0      | 1      | 
|aes_encrypt_top_odEe_ram:           | ram_reg              | 16 x 8(WRITE_FIRST)    | W | R | 16 x 8(READ_FIRST)     | W |   | Port A and B     | 1      | 0      | 
|aes_encrypt_top_reOg_ram:           | ram_reg              | 16 x 8(NO_CHANGE)      | W |   | 16 x 8(WRITE_FIRST)    | W | R | Port A and B     | 1      | 0      | 
|aes_encrypt_top_reOg_ram:           | ram_reg              | 16 x 8(NO_CHANGE)      | W |   | 16 x 8(WRITE_FIRST)    | W | R | Port A and B     | 1      | 0      | 
|aes_encrypt_top_reOg_ram:           | ram_reg              | 16 x 8(NO_CHANGE)      | W |   | 16 x 8(WRITE_FIRST)    | W | R | Port A and B     | 1      | 0      | 
|aes_encrypt_top_reOg_ram:           | ram_reg              | 16 x 8(NO_CHANGE)      | W |   | 16 x 8(WRITE_FIRST)    | W | R | Port A and B     | 1      | 0      | 
|aes_encrypt_top_reOg_ram:           | ram_reg              | 16 x 8(NO_CHANGE)      | W |   | 16 x 8(WRITE_FIRST)    | W | R | Port A and B     | 1      | 0      | 
|aes_encrypt_top_reOg_ram:           | ram_reg              | 16 x 8(NO_CHANGE)      | W |   | 16 x 8(WRITE_FIRST)    | W | R | Port A and B     | 1      | 0      | 
|aes_encrypt_top_reOg_ram:           | ram_reg              | 16 x 8(NO_CHANGE)      | W |   | 16 x 8(WRITE_FIRST)    | W | R | Port A and B     | 1      | 0      | 
|aes_encrypt_top_reOg_ram:           | ram_reg              | 16 x 8(NO_CHANGE)      | W |   | 16 x 8(WRITE_FIRST)    | W | R | Port A and B     | 1      | 0      | 
|aes_encrypt_top_reOg_ram:           | ram_reg              | 16 x 8(NO_CHANGE)      | W |   | 16 x 8(WRITE_FIRST)    | W | R | Port A and B     | 1      | 0      | 
|aes_encrypt_top_reOg_ram:           | ram_reg              | 16 x 8(NO_CHANGE)      | W |   | 16 x 8(WRITE_FIRST)    | W | R | Port A and B     | 1      | 0      | 
|aes_encrypt_top_reOg_ram:           | ram_reg              | 16 x 8(NO_CHANGE)      | W |   | 16 x 8(WRITE_FIRST)    | W | R | Port A and B     | 1      | 0      | 
|aes_encrypt_top_reOg_ram:           | ram_reg              | 16 x 8(NO_CHANGE)      | W |   | 16 x 8(WRITE_FIRST)    | W | R | Port A and B     | 1      | 0      | 
|aes_encrypt_top_reOg_ram:           | ram_reg              | 16 x 8(NO_CHANGE)      | W |   | 16 x 8(WRITE_FIRST)    | W | R | Port A and B     | 1      | 0      | 
|aes_encrypt_top_reOg_ram:           | ram_reg              | 16 x 8(NO_CHANGE)      | W |   | 16 x 8(WRITE_FIRST)    | W | R | Port A and B     | 1      | 0      | 
|aes_encrypt_top_reOg_ram:           | ram_reg              | 16 x 8(NO_CHANGE)      | W |   | 16 x 8(WRITE_FIRST)    | W | R | Port A and B     | 1      | 0      | 
|aes_encrypt_top_reOg_ram:           | ram_reg              | 16 x 8(NO_CHANGE)      | W |   | 16 x 8(WRITE_FIRST)    | W | R | Port A and B     | 1      | 0      | 
+------------------------------------+----------------------+------------------------+---+---+------------------------+---+---+------------------+--------+--------+

Note: The table above is a preliminary report that shows the Block RAMs at the current stage of the synthesis flow. Some Block RAMs may be reimplemented as non Block RAM primitives later in the synthesis flow. Multiple instantiated Block RAMs are reported only once. 

Distributed RAM: Preliminary Mapping  Report (see note below)
+------------+----------------------------------------------+----------------+----------------------+----------------+
|Module Name | RTL Object                                   | Inference      | Size (Depth x Width) | Primitives     | 
+------------+----------------------------------------------+----------------+----------------------+----------------+
|U0          | input_V_U/aes_encrypt_top_icud_ram_U/ram_reg | User Attribute | 16 x 8               | RAM16X1D x 8   | 
+------------+----------------------------------------------+----------------+----------------------+----------------+

Note: The table above is a preliminary report that shows the Distributed RAMs at the current stage of the synthesis flow. Some Distributed RAMs may be reimplemented as non Distributed RAM primitives later in the synthesis flow. Multiple instantiated RAMs are reported only once.
---------------------------------------------------------------------------------
Finished ROM, RAM, DSP and Shift Register Reporting
---------------------------------------------------------------------------------
INFO: [Synth 8-6837] The timing for the instance U0/aes_encrypt_top_AXILiteS_s_axi_U/i_2_1/int_key_V/gen_write[1].mem_reg (implemented as a Block RAM) might be sub-optimal as no optional output register could be merged into the block ram. Providing additional output register may help in improving timing.
INFO: [Synth 8-6837] The timing for the instance U0/aes_encrypt_top_AXILiteS_s_axi_U/i_2_1/int_key_V/gen_write[1].mem_reg (implemented as a Block RAM) might be sub-optimal as no optional output register could be merged into the block ram. Providing additional output register may help in improving timing.
INFO: [Synth 8-6837] The timing for the instance U0/i_2_2/output_U/aes_encrypt_top_odEe_ram_U/ram_reg (implemented as a Block RAM) might be sub-optimal as no optional output register could be merged into the block ram. Providing additional output register may help in improving timing.
INFO: [Synth 8-6837] The timing for the instance U0/i_2_5/roundKeys_0_V_U/aes_encrypt_top_reOg_ram_U/ram_reg (implemented as a Block RAM) might be sub-optimal as no optional output register could be merged into the block ram. Providing additional output register may help in improving timing.
INFO: [Synth 8-6837] The timing for the instance U0/i_2_6/roundKeys_1_V_U/aes_encrypt_top_reOg_ram_U/ram_reg (implemented as a Block RAM) might be sub-optimal as no optional output register could be merged into the block ram. Providing additional output register may help in improving timing.
INFO: [Synth 8-6837] The timing for the instance U0/i_2_7/roundKeys_2_V_U/aes_encrypt_top_reOg_ram_U/ram_reg (implemented as a Block RAM) might be sub-optimal as no optional output register could be merged into the block ram. Providing additional output register may help in improving timing.
INFO: [Synth 8-6837] The timing for the instance U0/i_2_8/roundKeys_3_V_U/aes_encrypt_top_reOg_ram_U/ram_reg (implemented as a Block RAM) might be sub-optimal as no optional output register could be merged into the block ram. Providing additional output register may help in improving timing.
INFO: [Synth 8-6837] The timing for the instance U0/i_2_9/roundKeys_4_V_U/aes_encrypt_top_reOg_ram_U/ram_reg (implemented as a Block RAM) might be sub-optimal as no optional output register could be merged into the block ram. Providing additional output register may help in improving timing.
INFO: [Synth 8-6837] The timing for the instance U0/i_2_10/roundKeys_5_V_U/aes_encrypt_top_reOg_ram_U/ram_reg (implemented as a Block RAM) might be sub-optimal as no optional output register could be merged into the block ram. Providing additional output register may help in improving timing.
INFO: [Synth 8-6837] The timing for the instance U0/i_2_14/roundKeys_6_V_U/aes_encrypt_top_reOg_ram_U/ram_reg (implemented as a Block RAM) might be sub-optimal as no optional output register could be merged into the block ram. Providing additional output register may help in improving timing.
INFO: [Synth 8-6837] The timing for the instance U0/i_2_15/roundKeys_7_V_U/aes_encrypt_top_reOg_ram_U/ram_reg (implemented as a Block RAM) might be sub-optimal as no optional output register could be merged into the block ram. Providing additional output register may help in improving timing.
INFO: [Synth 8-6837] The timing for the instance U0/i_2_16/roundKeys_8_V_U/aes_encrypt_top_reOg_ram_U/ram_reg (implemented as a Block RAM) might be sub-optimal as no optional output register could be merged into the block ram. Providing additional output register may help in improving timing.
INFO: [Synth 8-6837] The timing for the instance U0/i_2_17/roundKeys_9_V_U/aes_encrypt_top_reOg_ram_U/ram_reg (implemented as a Block RAM) might be sub-optimal as no optional output register could be merged into the block ram. Providing additional output register may help in improving timing.
INFO: [Synth 8-6837] The timing for the instance U0/i_2_18/roundKeys_10_V_U/aes_encrypt_top_reOg_ram_U/ram_reg (implemented as a Block RAM) might be sub-optimal as no optional output register could be merged into the block ram. Providing additional output register may help in improving timing.
INFO: [Synth 8-6837] The timing for the instance U0/i_2_21/roundKeys_11_V_U/aes_encrypt_top_reOg_ram_U/ram_reg (implemented as a Block RAM) might be sub-optimal as no optional output register could be merged into the block ram. Providing additional output register may help in improving timing.
INFO: [Synth 8-6837] The timing for the instance U0/i_2_22/roundKeys_12_V_U/aes_encrypt_top_reOg_ram_U/ram_reg (implemented as a Block RAM) might be sub-optimal as no optional output register could be merged into the block ram. Providing additional output register may help in improving timing.
INFO: [Synth 8-6837] The timing for the instance U0/i_2_23/roundKeys_13_V_U/aes_encrypt_top_reOg_ram_U/ram_reg (implemented as a Block RAM) might be sub-optimal as no optional output register could be merged into the block ram. Providing additional output register may help in improving timing.
INFO: [Synth 8-6837] The timing for the instance U0/i_2_24/roundKeys_14_V_U/aes_encrypt_top_reOg_ram_U/ram_reg (implemented as a Block RAM) might be sub-optimal as no optional output register could be merged into the block ram. Providing additional output register may help in improving timing.
INFO: [Synth 8-6837] The timing for the instance U0/i_2_25/roundKeys_15_V_U/aes_encrypt_top_reOg_ram_U/ram_reg (implemented as a Block RAM) might be sub-optimal as no optional output register could be merged into the block ram. Providing additional output register may help in improving timing.
INFO: [Synth 8-6837] The timing for the instance U0/i_2_64/sboxExp_V_U/aes_encrypt_top_sbkb_rom_U/q0_reg (implemented as a Block RAM) might be sub-optimal as no optional output register could be merged into the block ram. Providing additional output register may help in improving timing.
INFO: [Synth 8-6837] The timing for the instance U0/i_2_68/sboxExp_V_U/aes_encrypt_top_sbkb_rom_U/q1_reg (implemented as a Block RAM) might be sub-optimal as no optional output register could be merged into the block ram. Providing additional output register may help in improving timing.

Report RTL Partitions: 
+-+--------------+------------+----------+
| |RTL Partition |Replication |Instances |
+-+--------------+------------+----------+
+-+--------------+------------+----------+
---------------------------------------------------------------------------------
Start Applying XDC Timing Constraints
---------------------------------------------------------------------------------
---------------------------------------------------------------------------------
Finished Applying XDC Timing Constraints : Time (s): cpu = 00:00:42 ; elapsed = 00:00:57 . Memory (MB): peak = 997.098 ; gain = 623.875
---------------------------------------------------------------------------------
---------------------------------------------------------------------------------
Start Timing Optimization
---------------------------------------------------------------------------------
---------------------------------------------------------------------------------
Finished Timing Optimization : Time (s): cpu = 00:00:54 ; elapsed = 00:01:09 . Memory (MB): peak = 1129.477 ; gain = 756.254
---------------------------------------------------------------------------------
---------------------------------------------------------------------------------
Start ROM, RAM, DSP and Shift Register Reporting
---------------------------------------------------------------------------------

Block RAM: Final Mapping  Report
+------------------------------------+----------------------+------------------------+---+---+------------------------+---+---+------------------+--------+--------+
|Module Name                         | RTL Object           | PORT A (Depth x Width) | W | R | PORT B (Depth x Width) | W | R | Ports driving FF | RAMB18 | RAMB36 | 
+------------------------------------+----------------------+------------------------+---+---+------------------------+---+---+------------------+--------+--------+
|aes_encrypt_top_AXILiteS_s_axi_ram: | gen_write[1].mem_reg | 4 x 32(READ_FIRST)     | W | R | 4 x 32(READ_FIRST)     | W | R | Port A and B     | 0      | 1      | 
|aes_encrypt_top_odEe_ram:           | ram_reg              | 16 x 8(WRITE_FIRST)    | W | R | 16 x 8(READ_FIRST)     | W |   | Port A and B     | 1      | 0      | 
|aes_encrypt_top_reOg_ram:           | ram_reg              | 16 x 8(NO_CHANGE)      | W |   | 16 x 8(WRITE_FIRST)    | W | R | Port A and B     | 1      | 0      | 
|aes_encrypt_top_reOg_ram:           | ram_reg              | 16 x 8(NO_CHANGE)      | W |   | 16 x 8(WRITE_FIRST)    | W | R | Port A and B     | 1      | 0      | 
|aes_encrypt_top_reOg_ram:           | ram_reg              | 16 x 8(NO_CHANGE)      | W |   | 16 x 8(WRITE_FIRST)    | W | R | Port A and B     | 1      | 0      | 
|aes_encrypt_top_reOg_ram:           | ram_reg              | 16 x 8(NO_CHANGE)      | W |   | 16 x 8(WRITE_FIRST)    | W | R | Port A and B     | 1      | 0      | 
|aes_encrypt_top_reOg_ram:           | ram_reg              | 16 x 8(NO_CHANGE)      | W |   | 16 x 8(WRITE_FIRST)    | W | R | Port A and B     | 1      | 0      | 
|aes_encrypt_top_reOg_ram:           | ram_reg              | 16 x 8(NO_CHANGE)      | W |   | 16 x 8(WRITE_FIRST)    | W | R | Port A and B     | 1      | 0      | 
|aes_encrypt_top_reOg_ram:           | ram_reg              | 16 x 8(NO_CHANGE)      | W |   | 16 x 8(WRITE_FIRST)    | W | R | Port A and B     | 1      | 0      | 
|aes_encrypt_top_reOg_ram:           | ram_reg              | 16 x 8(NO_CHANGE)      | W |   | 16 x 8(WRITE_FIRST)    | W | R | Port A and B     | 1      | 0      | 
|aes_encrypt_top_reOg_ram:           | ram_reg              | 16 x 8(NO_CHANGE)      | W |   | 16 x 8(WRITE_FIRST)    | W | R | Port A and B     | 1      | 0      | 
|aes_encrypt_top_reOg_ram:           | ram_reg              | 16 x 8(NO_CHANGE)      | W |   | 16 x 8(WRITE_FIRST)    | W | R | Port A and B     | 1      | 0      | 
|aes_encrypt_top_reOg_ram:           | ram_reg              | 16 x 8(NO_CHANGE)      | W |   | 16 x 8(WRITE_FIRST)    | W | R | Port A and B     | 1      | 0      | 
|aes_encrypt_top_reOg_ram:           | ram_reg              | 16 x 8(NO_CHANGE)      | W |   | 16 x 8(WRITE_FIRST)    | W | R | Port A and B     | 1      | 0      | 
|aes_encrypt_top_reOg_ram:           | ram_reg              | 16 x 8(NO_CHANGE)      | W |   | 16 x 8(WRITE_FIRST)    | W | R | Port A and B     | 1      | 0      | 
|aes_encrypt_top_reOg_ram:           | ram_reg              | 16 x 8(NO_CHANGE)      | W |   | 16 x 8(WRITE_FIRST)    | W | R | Port A and B     | 1      | 0      | 
|aes_encrypt_top_reOg_ram:           | ram_reg              | 16 x 8(NO_CHANGE)      | W |   | 16 x 8(WRITE_FIRST)    | W | R | Port A and B     | 1      | 0      | 
|aes_encrypt_top_reOg_ram:           | ram_reg              | 16 x 8(NO_CHANGE)      | W |   | 16 x 8(WRITE_FIRST)    | W | R | Port A and B     | 1      | 0      | 
+------------------------------------+----------------------+------------------------+---+---+------------------------+---+---+------------------+--------+--------+


Distributed RAM: Final Mapping  Report
+------------+----------------------------------------------+----------------+----------------------+----------------+
|Module Name | RTL Object                                   | Inference      | Size (Depth x Width) | Primitives     | 
+------------+----------------------------------------------+----------------+----------------------+----------------+
|U0          | input_V_U/aes_encrypt_top_icud_ram_U/ram_reg | User Attribute | 16 x 8               | RAM16X1D x 8   | 
+------------+----------------------------------------------+----------------+----------------------+----------------+

---------------------------------------------------------------------------------
Finished ROM, RAM, DSP and Shift Register Reporting
---------------------------------------------------------------------------------

Report RTL Partitions: 
+-+--------------+------------+----------+
| |RTL Partition |Replication |Instances |
+-+--------------+------------+----------+
+-+--------------+------------+----------+
---------------------------------------------------------------------------------
Start Technology Mapping
---------------------------------------------------------------------------------
INFO: [Synth 8-6837] The timing for the instance U0/aes_encrypt_top_AXILiteS_s_axi_U/int_key_V/gen_write[1].mem_reg (implemented as a Block RAM) might be sub-optimal as no optional output register could be merged into the block ram. Providing additional output register may help in improving timing.
INFO: [Synth 8-6837] The timing for the instance U0/aes_encrypt_top_AXILiteS_s_axi_U/int_key_V/gen_write[1].mem_reg (implemented as a Block RAM) might be sub-optimal as no optional output register could be merged into the block ram. Providing additional output register may help in improving timing.
INFO: [Synth 8-6837] The timing for the instance U0/output_U/aes_encrypt_top_odEe_ram_U/ram_reg (implemented as a Block RAM) might be sub-optimal as no optional output register could be merged into the block ram. Providing additional output register may help in improving timing.
INFO: [Synth 8-6837] The timing for the instance U0/roundKeys_0_V_U/aes_encrypt_top_reOg_ram_U/ram_reg (implemented as a Block RAM) might be sub-optimal as no optional output register could be merged into the block ram. Providing additional output register may help in improving timing.
INFO: [Synth 8-6837] The timing for the instance U0/roundKeys_1_V_U/aes_encrypt_top_reOg_ram_U/ram_reg (implemented as a Block RAM) might be sub-optimal as no optional output register could be merged into the block ram. Providing additional output register may help in improving timing.
INFO: [Synth 8-6837] The timing for the instance U0/roundKeys_2_V_U/aes_encrypt_top_reOg_ram_U/ram_reg (implemented as a Block RAM) might be sub-optimal as no optional output register could be merged into the block ram. Providing additional output register may help in improving timing.
INFO: [Synth 8-6837] The timing for the instance U0/roundKeys_3_V_U/aes_encrypt_top_reOg_ram_U/ram_reg (implemented as a Block RAM) might be sub-optimal as no optional output register could be merged into the block ram. Providing additional output register may help in improving timing.
INFO: [Synth 8-6837] The timing for the instance U0/roundKeys_4_V_U/aes_encrypt_top_reOg_ram_U/ram_reg (implemented as a Block RAM) might be sub-optimal as no optional output register could be merged into the block ram. Providing additional output register may help in improving timing.
INFO: [Synth 8-6837] The timing for the instance U0/roundKeys_5_V_U/aes_encrypt_top_reOg_ram_U/ram_reg (implemented as a Block RAM) might be sub-optimal as no optional output register could be merged into the block ram. Providing additional output register may help in improving timing.
INFO: [Synth 8-6837] The timing for the instance U0/roundKeys_6_V_U/aes_encrypt_top_reOg_ram_U/ram_reg (implemented as a Block RAM) might be sub-optimal as no optional output register could be merged into the block ram. Providing additional output register may help in improving timing.
INFO: [Synth 8-6837] The timing for the instance U0/roundKeys_7_V_U/aes_encrypt_top_reOg_ram_U/ram_reg (implemented as a Block RAM) might be sub-optimal as no optional output register could be merged into the block ram. Providing additional output register may help in improving timing.
INFO: [Synth 8-6837] The timing for the instance U0/roundKeys_8_V_U/aes_encrypt_top_reOg_ram_U/ram_reg (implemented as a Block RAM) might be sub-optimal as no optional output register could be merged into the block ram. Providing additional output register may help in improving timing.
INFO: [Synth 8-6837] The timing for the instance U0/roundKeys_9_V_U/aes_encrypt_top_reOg_ram_U/ram_reg (implemented as a Block RAM) might be sub-optimal as no optional output register could be merged into the block ram. Providing additional output register may help in improving timing.
INFO: [Synth 8-6837] The timing for the instance U0/roundKeys_10_V_U/aes_encrypt_top_reOg_ram_U/ram_reg (implemented as a Block RAM) might be sub-optimal as no optional output register could be merged into the block ram. Providing additional output register may help in improving timing.
INFO: [Synth 8-6837] The timing for the instance U0/roundKeys_11_V_U/aes_encrypt_top_reOg_ram_U/ram_reg (implemented as a Block RAM) might be sub-optimal as no optional output register could be merged into the block ram. Providing additional output register may help in improving timing.
INFO: [Synth 8-6837] The timing for the instance U0/roundKeys_12_V_U/aes_encrypt_top_reOg_ram_U/ram_reg (implemented as a Block RAM) might be sub-optimal as no optional output register could be merged into the block ram. Providing additional output register may help in improving timing.
INFO: [Synth 8-6837] The timing for the instance U0/roundKeys_13_V_U/aes_encrypt_top_reOg_ram_U/ram_reg (implemented as a Block RAM) might be sub-optimal as no optional output register could be merged into the block ram. Providing additional output register may help in improving timing.
INFO: [Synth 8-6837] The timing for the instance U0/roundKeys_14_V_U/aes_encrypt_top_reOg_ram_U/ram_reg (implemented as a Block RAM) might be sub-optimal as no optional output register could be merged into the block ram. Providing additional output register may help in improving timing.
INFO: [Synth 8-6837] The timing for the instance U0/roundKeys_15_V_U/aes_encrypt_top_reOg_ram_U/ram_reg (implemented as a Block RAM) might be sub-optimal as no optional output register could be merged into the block ram. Providing additional output register may help in improving timing.
INFO: [Synth 8-6837] The timing for the instance U0/sboxExp_V_U/aes_encrypt_top_sbkb_rom_U/q0_reg (implemented as a Block RAM) might be sub-optimal as no optional output register could be merged into the block ram. Providing additional output register may help in improving timing.
INFO: [Synth 8-6837] The timing for the instance U0/sboxExp_V_U/aes_encrypt_top_sbkb_rom_U/q0_reg (implemented as a Block RAM) might be sub-optimal as no optional output register could be merged into the block ram. Providing additional output register may help in improving timing.
---------------------------------------------------------------------------------
Finished Technology Mapping : Time (s): cpu = 00:00:56 ; elapsed = 00:01:12 . Memory (MB): peak = 1138.531 ; gain = 765.309
---------------------------------------------------------------------------------

Report RTL Partitions: 
+-+--------------+------------+----------+
| |RTL Partition |Replication |Instances |
+-+--------------+------------+----------+
+-+--------------+------------+----------+
---------------------------------------------------------------------------------
Start IO Insertion
---------------------------------------------------------------------------------
---------------------------------------------------------------------------------
Start Flattening Before IO Insertion
---------------------------------------------------------------------------------
---------------------------------------------------------------------------------
Finished Flattening Before IO Insertion
---------------------------------------------------------------------------------
---------------------------------------------------------------------------------
Start Final Netlist Cleanup
---------------------------------------------------------------------------------
---------------------------------------------------------------------------------
Finished Final Netlist Cleanup
---------------------------------------------------------------------------------
---------------------------------------------------------------------------------
Finished IO Insertion : Time (s): cpu = 00:00:57 ; elapsed = 00:01:13 . Memory (MB): peak = 1138.531 ; gain = 765.309
---------------------------------------------------------------------------------

Report Check Netlist: 
+------+------------------+-------+---------+-------+------------------+
|      |Item              |Errors |Warnings |Status |Description       |
+------+------------------+-------+---------+-------+------------------+
|1     |multi_driven_nets |      0|        0|Passed |Multi driven nets |
+------+------------------+-------+---------+-------+------------------+
---------------------------------------------------------------------------------
Start Renaming Generated Instances
---------------------------------------------------------------------------------
---------------------------------------------------------------------------------
Finished Renaming Generated Instances : Time (s): cpu = 00:00:57 ; elapsed = 00:01:13 . Memory (MB): peak = 1138.531 ; gain = 765.309
---------------------------------------------------------------------------------

Report RTL Partitions: 
+-+--------------+------------+----------+
| |RTL Partition |Replication |Instances |
+-+--------------+------------+----------+
+-+--------------+------------+----------+
---------------------------------------------------------------------------------
Start Rebuilding User Hierarchy
---------------------------------------------------------------------------------
---------------------------------------------------------------------------------
Finished Rebuilding User Hierarchy : Time (s): cpu = 00:00:57 ; elapsed = 00:01:13 . Memory (MB): peak = 1138.531 ; gain = 765.309
---------------------------------------------------------------------------------
---------------------------------------------------------------------------------
Start Renaming Generated Ports
---------------------------------------------------------------------------------
---------------------------------------------------------------------------------
Finished Renaming Generated Ports : Time (s): cpu = 00:00:57 ; elapsed = 00:01:13 . Memory (MB): peak = 1138.531 ; gain = 765.309
---------------------------------------------------------------------------------
---------------------------------------------------------------------------------
Start Handling Custom Attributes
---------------------------------------------------------------------------------
---------------------------------------------------------------------------------
Finished Handling Custom Attributes : Time (s): cpu = 00:00:57 ; elapsed = 00:01:13 . Memory (MB): peak = 1138.531 ; gain = 765.309
---------------------------------------------------------------------------------
---------------------------------------------------------------------------------
Start Renaming Generated Nets
---------------------------------------------------------------------------------
---------------------------------------------------------------------------------
Finished Renaming Generated Nets : Time (s): cpu = 00:00:57 ; elapsed = 00:01:13 . Memory (MB): peak = 1138.531 ; gain = 765.309
---------------------------------------------------------------------------------
---------------------------------------------------------------------------------
Start Writing Synthesis Report
---------------------------------------------------------------------------------

Report BlackBoxes: 
+-+--------------+----------+
| |BlackBox name |Instances |
+-+--------------+----------+
+-+--------------+----------+

Report Cell Usage: 
+------+-----------+------+
|      |Cell       |Count |
+------+-----------+------+
|1     |LUT1       |     4|
|2     |LUT2       |  1097|
|3     |LUT3       |   358|
|4     |LUT4       |   174|
|5     |LUT5       |   353|
|6     |LUT6       |  1432|
|7     |MUXF7      |   267|
|8     |MUXF8      |   128|
|9     |RAM16X1D   |     8|
|10    |RAMB18E1   |     1|
|11    |RAMB18E1_1 |    16|
|12    |RAMB18E1_2 |     1|
|13    |RAMB36E1   |     1|
|14    |FDRE       |  1583|
|15    |FDSE       |     5|
+------+-----------+------+

Report Instance Areas: 
+------+-------------------------------------+-----------------------------------+------+
|      |Instance                             |Module                             |Cells |
+------+-------------------------------------+-----------------------------------+------+
|1     |top                                  |                                   |  5428|
|2     |  U0                                 |aes_encrypt_top                    |  5428|
|3     |    aes_encrypt_top_AXILiteS_s_axi_U |aes_encrypt_top_AXILiteS_s_axi     |   278|
|4     |      int_key_V                      |aes_encrypt_top_AXILiteS_s_axi_ram |   146|
|5     |    input_V_U                        |aes_encrypt_top_icud               |   172|
|6     |      aes_encrypt_top_icud_ram_U     |aes_encrypt_top_icud_ram           |   172|
|7     |    output_U                         |aes_encrypt_top_odEe               |   193|
|8     |      aes_encrypt_top_odEe_ram_U     |aes_encrypt_top_odEe_ram           |   193|
|9     |    roundKeys_0_V_U                  |aes_encrypt_top_reOg               |    70|
|10    |      aes_encrypt_top_reOg_ram_U     |aes_encrypt_top_reOg_ram_29        |    70|
|11    |    roundKeys_10_V_U                 |aes_encrypt_top_reOg_0             |    43|
|12    |      aes_encrypt_top_reOg_ram_U     |aes_encrypt_top_reOg_ram_28        |    43|
|13    |    roundKeys_11_V_U                 |aes_encrypt_top_reOg_1             |    54|
|14    |      aes_encrypt_top_reOg_ram_U     |aes_encrypt_top_reOg_ram_27        |    54|
|15    |    roundKeys_12_V_U                 |aes_encrypt_top_reOg_2             |    70|
|16    |      aes_encrypt_top_reOg_ram_U     |aes_encrypt_top_reOg_ram_26        |    70|
|17    |    roundKeys_13_V_U                 |aes_encrypt_top_reOg_3             |    70|
|18    |      aes_encrypt_top_reOg_ram_U     |aes_encrypt_top_reOg_ram_25        |    70|
|19    |    roundKeys_14_V_U                 |aes_encrypt_top_reOg_4             |    63|
|20    |      aes_encrypt_top_reOg_ram_U     |aes_encrypt_top_reOg_ram_24        |    63|
|21    |    roundKeys_15_V_U                 |aes_encrypt_top_reOg_5             |    79|
|22    |      aes_encrypt_top_reOg_ram_U     |aes_encrypt_top_reOg_ram_23        |    79|
|23    |    roundKeys_1_V_U                  |aes_encrypt_top_reOg_6             |    62|
|24    |      aes_encrypt_top_reOg_ram_U     |aes_encrypt_top_reOg_ram_22        |    62|
|25    |    roundKeys_2_V_U                  |aes_encrypt_top_reOg_7             |    40|
|26    |      aes_encrypt_top_reOg_ram_U     |aes_encrypt_top_reOg_ram_21        |    40|
|27    |    roundKeys_3_V_U                  |aes_encrypt_top_reOg_8             |    50|
|28    |      aes_encrypt_top_reOg_ram_U     |aes_encrypt_top_reOg_ram_20        |    50|
|29    |    roundKeys_4_V_U                  |aes_encrypt_top_reOg_9             |    65|
|30    |      aes_encrypt_top_reOg_ram_U     |aes_encrypt_top_reOg_ram_19        |    65|
|31    |    roundKeys_5_V_U                  |aes_encrypt_top_reOg_10            |    69|
|32    |      aes_encrypt_top_reOg_ram_U     |aes_encrypt_top_reOg_ram_18        |    69|
|33    |    roundKeys_6_V_U                  |aes_encrypt_top_reOg_11            |    55|
|34    |      aes_encrypt_top_reOg_ram_U     |aes_encrypt_top_reOg_ram_17        |    55|
|35    |    roundKeys_7_V_U                  |aes_encrypt_top_reOg_12            |    53|
|36    |      aes_encrypt_top_reOg_ram_U     |aes_encrypt_top_reOg_ram_16        |    53|
|37    |    roundKeys_8_V_U                  |aes_encrypt_top_reOg_13            |    56|
|38    |      aes_encrypt_top_reOg_ram_U     |aes_encrypt_top_reOg_ram_15        |    56|
|39    |    roundKeys_9_V_U                  |aes_encrypt_top_reOg_14            |    68|
|40    |      aes_encrypt_top_reOg_ram_U     |aes_encrypt_top_reOg_ram           |    68|
|41    |    sboxExp_V_U                      |aes_encrypt_top_sbkb               |   889|
|42    |      aes_encrypt_top_sbkb_rom_U     |aes_encrypt_top_sbkb_rom           |   889|
+------+-------------------------------------+-----------------------------------+------+
---------------------------------------------------------------------------------
Finished Writing Synthesis Report : Time (s): cpu = 00:00:57 ; elapsed = 00:01:13 . Memory (MB): peak = 1138.531 ; gain = 765.309
---------------------------------------------------------------------------------
Synthesis finished with 0 errors, 0 critical warnings and 3 warnings.
Synthesis Optimization Runtime : Time (s): cpu = 00:00:43 ; elapsed = 00:00:52 . Memory (MB): peak = 1138.531 ; gain = 344.969
Synthesis Optimization Complete : Time (s): cpu = 00:00:58 ; elapsed = 00:01:13 . Memory (MB): peak = 1138.531 ; gain = 765.309
INFO: [Project 1-571] Translating synthesized netlist
INFO: [Netlist 29-17] Analyzing 422 Unisim elements for replacement
INFO: [Netlist 29-28] Unisim Transformation completed in 0 CPU seconds
INFO: [Project 1-570] Preparing netlist for logic optimization
INFO: [Opt 31-138] Pushed 0 inverter(s) to 0 load pin(s).
Netlist sorting complete. Time (s): cpu = 00:00:00 ; elapsed = 00:00:00.001 . Memory (MB): peak = 1138.531 ; gain = 0.000
INFO: [Project 1-111] Unisim Transformation Summary:
  A total of 8 instances were transformed.
  RAM16X1D => RAM32X1D (RAMD32, RAMD32): 8 instances

INFO: [Common 17-83] Releasing license: Synthesis
300 Infos, 12 Warnings, 0 Critical Warnings and 0 Errors encountered.
synth_design completed successfully
synth_design: Time (s): cpu = 00:00:59 ; elapsed = 00:01:16 . Memory (MB): peak = 1138.531 ; gain = 776.785
Netlist sorting complete. Time (s): cpu = 00:00:00 ; elapsed = 00:00:00.001 . Memory (MB): peak = 1138.531 ; gain = 0.000
WARNING: [Constraints 18-5210] No constraints selected for write.
Resolution: This message can indicate that there are no constraints for the design, or it can indicate that the used_in flags are set such that the constraints are ignored. This later case is used when running synth_design to not write synthesis constraints to the resulting checkpoint. Instead, project constraints are read when the synthesized design is opened.
INFO: [Common 17-1381] The checkpoint 'C:/AES/AES.runs/aes_bd_aes_encrypt_top_0_0_synth_1/aes_bd_aes_encrypt_top_0_0.dcp' has been generated.
INFO: [Coretcl 2-1648] Added synthesis output to IP cache for IP aes_bd_aes_encrypt_top_0_0, cache-ID = 4adf2b47b1b8ae69
INFO: [Coretcl 2-1174] Renamed 41 cell refs.
Netlist sorting complete. Time (s): cpu = 00:00:00 ; elapsed = 00:00:00.001 . Memory (MB): peak = 1138.531 ; gain = 0.000
WARNING: [Constraints 18-5210] No constraints selected for write.
Resolution: This message can indicate that there are no constraints for the design, or it can indicate that the used_in flags are set such that the constraints are ignored. This later case is used when running synth_design to not write synthesis constraints to the resulting checkpoint. Instead, project constraints are read when the synthesized design is opened.
INFO: [Common 17-1381] The checkpoint 'C:/AES/AES.runs/aes_bd_aes_encrypt_top_0_0_synth_1/aes_bd_aes_encrypt_top_0_0.dcp' has been generated.
INFO: [runtcl-4] Executing : report_utilization -file aes_bd_aes_encrypt_top_0_0_utilization_synth.rpt -pb aes_bd_aes_encrypt_top_0_0_utilization_synth.pb
INFO: [Common 17-206] Exiting Vivado at Tue Apr 21 20:59:24 2020...
