Copyright 1986-2018 Xilinx, Inc. All Rights Reserved.
-----------------------------------------------------------------------------------------------------------------------------------------------------------------------------------------------------------------
| Tool Version : Vivado v.2018.3 (win64) Build 2405991 Thu Dec  6 23:38:27 MST 2018
| Date         : Tue Apr 21 21:03:27 2020
| Host         : LAPTOP-DSNMM6HG running 64-bit major release  (build 9200)
| Command      : report_timing_summary -max_paths 10 -file aes_bd_wrapper_timing_summary_routed.rpt -pb aes_bd_wrapper_timing_summary_routed.pb -rpx aes_bd_wrapper_timing_summary_routed.rpx -warn_on_violation
| Design       : aes_bd_wrapper
| Device       : 7z020-clg400
| Speed File   : -1  PRODUCTION 1.11 2014-09-11
-----------------------------------------------------------------------------------------------------------------------------------------------------------------------------------------------------------------

Timing Summary Report

------------------------------------------------------------------------------------------------
| Timer Settings
| --------------
------------------------------------------------------------------------------------------------

  Enable Multi Corner Analysis               :  Yes
  Enable Pessimism Removal                   :  Yes
  Pessimism Removal Resolution               :  Nearest Common Node
  Enable Input Delay Default Clock           :  No
  Enable Preset / Clear Arcs                 :  No
  Disable Flight Delays                      :  No
  Ignore I/O Paths                           :  No
  Timing Early Launch at Borrowing Latches   :  false

  Corner  Analyze    Analyze    
  Name    Max Paths  Min Paths  
  ------  ---------  ---------  
  Slow    Yes        Yes        
  Fast    Yes        Yes        



check_timing report

Table of Contents
-----------------
1. checking no_clock
2. checking constant_clock
3. checking pulse_width_clock
4. checking unconstrained_internal_endpoints
5. checking no_input_delay
6. checking no_output_delay
7. checking multiple_clock
8. checking generated_clocks
9. checking loops
10. checking partial_input_delay
11. checking partial_output_delay
12. checking latch_loops

1. checking no_clock
--------------------
 There are 0 register/latch pins with no clock.


2. checking constant_clock
--------------------------
 There are 0 register/latch pins with constant_clock.


3. checking pulse_width_clock
-----------------------------
 There are 0 register/latch pins which need pulse_width check


4. checking unconstrained_internal_endpoints
--------------------------------------------
 There are 0 pins that are not constrained for maximum delay.

 There are 0 pins that are not constrained for maximum delay due to constant clock.


5. checking no_input_delay
--------------------------
 There are 0 input ports with no input delay specified.

 There are 0 input ports with no input delay but user has a false path constraint.


6. checking no_output_delay
---------------------------
 There are 0 ports with no output delay specified.

 There are 0 ports with no output delay but user has a false path constraint

 There are 0 ports with no output delay but with a timing clock defined on it or propagating through it


7. checking multiple_clock
--------------------------
 There are 0 register/latch pins with multiple clocks.


8. checking generated_clocks
----------------------------
 There are 0 generated clocks that are not connected to a clock source.


9. checking loops
-----------------
 There are 0 combinational loops in the design.


10. checking partial_input_delay
--------------------------------
 There are 0 input ports with partial input delay specified.


11. checking partial_output_delay
---------------------------------
 There are 0 ports with partial output delay specified.


12. checking latch_loops
------------------------
 There are 0 combinational latch loops in the design through latch input



------------------------------------------------------------------------------------------------
| Design Timing Summary
| ---------------------
------------------------------------------------------------------------------------------------

    WNS(ns)      TNS(ns)  TNS Failing Endpoints  TNS Total Endpoints      WHS(ns)      THS(ns)  THS Failing Endpoints  THS Total Endpoints     WPWS(ns)     TPWS(ns)  TPWS Failing Endpoints  TPWS Total Endpoints  
    -------      -------  ---------------------  -------------------      -------      -------  ---------------------  -------------------     --------     --------  ----------------------  --------------------  
      0.996        0.000                      0                23137        0.016        0.000                      0                23137        3.750        0.000                       0                  8214  


All user specified timing constraints are met.


------------------------------------------------------------------------------------------------
| Clock Summary
| -------------
------------------------------------------------------------------------------------------------

Clock       Waveform(ns)       Period(ns)      Frequency(MHz)
-----       ------------       ----------      --------------
clk_fpga_0  {0.000 5.000}      10.000          100.000         


------------------------------------------------------------------------------------------------
| Intra Clock Table
| -----------------
------------------------------------------------------------------------------------------------

Clock             WNS(ns)      TNS(ns)  TNS Failing Endpoints  TNS Total Endpoints      WHS(ns)      THS(ns)  THS Failing Endpoints  THS Total Endpoints     WPWS(ns)     TPWS(ns)  TPWS Failing Endpoints  TPWS Total Endpoints  
-----             -------      -------  ---------------------  -------------------      -------      -------  ---------------------  -------------------     --------     --------  ----------------------  --------------------  
clk_fpga_0          0.996        0.000                      0                23137        0.016        0.000                      0                23137        3.750        0.000                       0                  8214  


------------------------------------------------------------------------------------------------
| Inter Clock Table
| -----------------
------------------------------------------------------------------------------------------------

From Clock    To Clock          WNS(ns)      TNS(ns)  TNS Failing Endpoints  TNS Total Endpoints      WHS(ns)      THS(ns)  THS Failing Endpoints  THS Total Endpoints  
----------    --------          -------      -------  ---------------------  -------------------      -------      -------  ---------------------  -------------------  


------------------------------------------------------------------------------------------------
| Other Path Groups Table
| -----------------------
------------------------------------------------------------------------------------------------

Path Group    From Clock    To Clock          WNS(ns)      TNS(ns)  TNS Failing Endpoints  TNS Total Endpoints      WHS(ns)      THS(ns)  THS Failing Endpoints  THS Total Endpoints  
----------    ----------    --------          -------      -------  ---------------------  -------------------      -------      -------  ---------------------  -------------------  


------------------------------------------------------------------------------------------------
| Timing Details
| --------------
------------------------------------------------------------------------------------------------


---------------------------------------------------------------------------------------------------
From Clock:  clk_fpga_0
  To Clock:  clk_fpga_0

Setup :            0  Failing Endpoints,  Worst Slack        0.996ns,  Total Violation        0.000ns
Hold  :            0  Failing Endpoints,  Worst Slack        0.016ns,  Total Violation        0.000ns
PW    :            0  Failing Endpoints,  Worst Slack        3.750ns,  Total Violation        0.000ns
---------------------------------------------------------------------------------------------------


Max Delay Paths
--------------------------------------------------------------------------------------
Slack (MET) :             0.996ns  (required time - arrival time)
  Source:                 aes_bd_i/aes_encrypt_top_0/U0/aes_encrypt_top_AXILiteS_s_axi_U/int_key_V/gen_write[1].mem_reg/CLKARDCLK
                            (rising edge-triggered cell RAMB36E1 clocked by clk_fpga_0  {rise@0.000ns fall@5.000ns period=10.000ns})
  Destination:            aes_bd_i/aes_encrypt_top_0/U0/sboxExp_V_U/aes_encrypt_top_sbkb_rom_U/q0_reg/ADDRARDADDR[5]
                            (rising edge-triggered cell RAMB18E1 clocked by clk_fpga_0  {rise@0.000ns fall@5.000ns period=10.000ns})
  Path Group:             clk_fpga_0
  Path Type:              Setup (Max at Slow Process Corner)
  Requirement:            10.000ns  (clk_fpga_0 rise@10.000ns - clk_fpga_0 rise@0.000ns)
  Data Path Delay:        8.218ns  (logic 3.208ns (39.036%)  route 5.010ns (60.964%))
  Logic Levels:           4  (LUT6=3 MUXF7=1)
  Clock Path Skew:        -0.066ns (DCD - SCD + CPR)
    Destination Clock Delay (DCD):    2.702ns = ( 12.702 - 10.000 ) 
    Source Clock Delay      (SCD):    2.997ns
    Clock Pessimism Removal (CPR):    0.230ns
  Clock Uncertainty:      0.154ns  ((TSJ^2 + TIJ^2)^1/2 + DJ) / 2 + PE
    Total System Jitter     (TSJ):    0.071ns
    Total Input Jitter      (TIJ):    0.300ns
    Discrete Jitter          (DJ):    0.000ns
    Phase Error              (PE):    0.000ns

    Location             Delay type                Incr(ns)  Path(ns)    Netlist Resource(s)
  -------------------------------------------------------------------    -------------------
                         (clock clk_fpga_0 rise edge)
                                                      0.000     0.000 r  
    PS7_X0Y0             PS7                          0.000     0.000 r  aes_bd_i/processing_system7_0/inst/PS7_i/FCLKCLK[0]
                         net (fo=1, routed)           1.193     1.193    aes_bd_i/processing_system7_0/inst/FCLK_CLK_unbuffered[0]
    BUFGCTRL_X0Y16       BUFG (Prop_bufg_I_O)         0.101     1.294 r  aes_bd_i/processing_system7_0/inst/buffer_fclk_clk_0.FCLK_CLK_0_BUFG/O
                         net (fo=8215, routed)        1.703     2.997    aes_bd_i/aes_encrypt_top_0/U0/aes_encrypt_top_AXILiteS_s_axi_U/int_key_V/ap_clk
    RAMB36_X2Y6          RAMB36E1                                     r  aes_bd_i/aes_encrypt_top_0/U0/aes_encrypt_top_AXILiteS_s_axi_U/int_key_V/gen_write[1].mem_reg/CLKARDCLK
  -------------------------------------------------------------------    -------------------
    RAMB36_X2Y6          RAMB36E1 (Prop_ramb36e1_CLKARDCLK_DOADO[17])
                                                      2.454     5.451 r  aes_bd_i/aes_encrypt_top_0/U0/aes_encrypt_top_AXILiteS_s_axi_U/int_key_V/gen_write[1].mem_reg/DOADO[17]
                         net (fo=2, routed)           1.091     6.542    aes_bd_i/aes_encrypt_top_0/U0/aes_encrypt_top_AXILiteS_s_axi_U/DOADO[17]
    SLICE_X30Y32         LUT6 (Prop_lut6_I0_O)        0.124     6.666 r  aes_bd_i/aes_encrypt_top_0/U0/aes_encrypt_top_AXILiteS_s_axi_U/key_V_load_14_reg_22199[1]_i_2/O
                         net (fo=1, routed)           0.000     6.666    aes_bd_i/aes_encrypt_top_0/U0/aes_encrypt_top_AXILiteS_s_axi_U/key_V_load_14_reg_22199[1]_i_2_n_2
    SLICE_X30Y32         MUXF7 (Prop_muxf7_I0_O)      0.209     6.875 r  aes_bd_i/aes_encrypt_top_0/U0/aes_encrypt_top_AXILiteS_s_axi_U/key_V_load_14_reg_22199_reg[1]_i_1/O
                         net (fo=25, routed)          1.331     8.206    aes_bd_i/aes_encrypt_top_0/U0/aes_encrypt_top_AXILiteS_s_axi_U/int_key_V/ret_V_1_2_3_reg_22462_reg[1]
    SLICE_X27Y6          LUT6 (Prop_lut6_I1_O)        0.297     8.503 r  aes_bd_i/aes_encrypt_top_0/U0/aes_encrypt_top_AXILiteS_s_axi_U/int_key_V/q0_reg_i_60/O
                         net (fo=1, routed)           1.271     9.775    aes_bd_i/aes_encrypt_top_0/U0/aes_encrypt_top_AXILiteS_s_axi_U/int_key_V/q0_reg_i_60_n_2
    SLICE_X38Y6          LUT6 (Prop_lut6_I2_O)        0.124     9.899 r  aes_bd_i/aes_encrypt_top_0/U0/aes_encrypt_top_AXILiteS_s_axi_U/int_key_V/q0_reg_i_9/O
                         net (fo=1, routed)           1.317    11.216    aes_bd_i/aes_encrypt_top_0/U0/sboxExp_V_U/aes_encrypt_top_sbkb_rom_U/ADDRARDADDR[1]
    RAMB18_X2Y8          RAMB18E1                                     r  aes_bd_i/aes_encrypt_top_0/U0/sboxExp_V_U/aes_encrypt_top_sbkb_rom_U/q0_reg/ADDRARDADDR[5]
  -------------------------------------------------------------------    -------------------

                         (clock clk_fpga_0 rise edge)
                                                     10.000    10.000 r  
    PS7_X0Y0             PS7                          0.000    10.000 r  aes_bd_i/processing_system7_0/inst/PS7_i/FCLKCLK[0]
                         net (fo=1, routed)           1.088    11.088    aes_bd_i/processing_system7_0/inst/FCLK_CLK_unbuffered[0]
    BUFGCTRL_X0Y16       BUFG (Prop_bufg_I_O)         0.091    11.179 r  aes_bd_i/processing_system7_0/inst/buffer_fclk_clk_0.FCLK_CLK_0_BUFG/O
                         net (fo=8215, routed)        1.523    12.702    aes_bd_i/aes_encrypt_top_0/U0/sboxExp_V_U/aes_encrypt_top_sbkb_rom_U/ap_clk
    RAMB18_X2Y8          RAMB18E1                                     r  aes_bd_i/aes_encrypt_top_0/U0/sboxExp_V_U/aes_encrypt_top_sbkb_rom_U/q0_reg/CLKARDCLK
                         clock pessimism              0.230    12.931    
                         clock uncertainty           -0.154    12.777    
    RAMB18_X2Y8          RAMB18E1 (Setup_ramb18e1_CLKARDCLK_ADDRARDADDR[5])
                                                     -0.566    12.211    aes_bd_i/aes_encrypt_top_0/U0/sboxExp_V_U/aes_encrypt_top_sbkb_rom_U/q0_reg
  -------------------------------------------------------------------
                         required time                         12.211    
                         arrival time                         -11.216    
  -------------------------------------------------------------------
                         slack                                  0.996    

Slack (MET) :             1.129ns  (required time - arrival time)
  Source:                 aes_bd_i/aes_encrypt_top_0/U0/aes_encrypt_top_AXILiteS_s_axi_U/int_key_V/gen_write[1].mem_reg/CLKARDCLK
                            (rising edge-triggered cell RAMB36E1 clocked by clk_fpga_0  {rise@0.000ns fall@5.000ns period=10.000ns})
  Destination:            aes_bd_i/aes_encrypt_top_0/U0/sboxExp_V_U/aes_encrypt_top_sbkb_rom_U/q0_reg/ADDRARDADDR[6]
                            (rising edge-triggered cell RAMB18E1 clocked by clk_fpga_0  {rise@0.000ns fall@5.000ns period=10.000ns})
  Path Group:             clk_fpga_0
  Path Type:              Setup (Max at Slow Process Corner)
  Requirement:            10.000ns  (clk_fpga_0 rise@10.000ns - clk_fpga_0 rise@0.000ns)
  Data Path Delay:        8.084ns  (logic 3.218ns (39.805%)  route 4.866ns (60.195%))
  Logic Levels:           4  (LUT6=3 MUXF7=1)
  Clock Path Skew:        -0.066ns (DCD - SCD + CPR)
    Destination Clock Delay (DCD):    2.702ns = ( 12.702 - 10.000 ) 
    Source Clock Delay      (SCD):    2.997ns
    Clock Pessimism Removal (CPR):    0.230ns
  Clock Uncertainty:      0.154ns  ((TSJ^2 + TIJ^2)^1/2 + DJ) / 2 + PE
    Total System Jitter     (TSJ):    0.071ns
    Total Input Jitter      (TIJ):    0.300ns
    Discrete Jitter          (DJ):    0.000ns
    Phase Error              (PE):    0.000ns

    Location             Delay type                Incr(ns)  Path(ns)    Netlist Resource(s)
  -------------------------------------------------------------------    -------------------
                         (clock clk_fpga_0 rise edge)
                                                      0.000     0.000 r  
    PS7_X0Y0             PS7                          0.000     0.000 r  aes_bd_i/processing_system7_0/inst/PS7_i/FCLKCLK[0]
                         net (fo=1, routed)           1.193     1.193    aes_bd_i/processing_system7_0/inst/FCLK_CLK_unbuffered[0]
    BUFGCTRL_X0Y16       BUFG (Prop_bufg_I_O)         0.101     1.294 r  aes_bd_i/processing_system7_0/inst/buffer_fclk_clk_0.FCLK_CLK_0_BUFG/O
                         net (fo=8215, routed)        1.703     2.997    aes_bd_i/aes_encrypt_top_0/U0/aes_encrypt_top_AXILiteS_s_axi_U/int_key_V/ap_clk
    RAMB36_X2Y6          RAMB36E1                                     r  aes_bd_i/aes_encrypt_top_0/U0/aes_encrypt_top_AXILiteS_s_axi_U/int_key_V/gen_write[1].mem_reg/CLKARDCLK
  -------------------------------------------------------------------    -------------------
    RAMB36_X2Y6          RAMB36E1 (Prop_ramb36e1_CLKARDCLK_DOADO[26])
                                                      2.454     5.451 r  aes_bd_i/aes_encrypt_top_0/U0/aes_encrypt_top_AXILiteS_s_axi_U/int_key_V/gen_write[1].mem_reg/DOADO[26]
                         net (fo=2, routed)           1.128     6.580    aes_bd_i/aes_encrypt_top_0/U0/aes_encrypt_top_AXILiteS_s_axi_U/DOADO[26]
    SLICE_X31Y30         LUT6 (Prop_lut6_I0_O)        0.124     6.704 r  aes_bd_i/aes_encrypt_top_0/U0/aes_encrypt_top_AXILiteS_s_axi_U/key_V_load_14_reg_22199[2]_i_3/O
                         net (fo=1, routed)           0.000     6.704    aes_bd_i/aes_encrypt_top_0/U0/aes_encrypt_top_AXILiteS_s_axi_U/key_V_load_14_reg_22199[2]_i_3_n_2
    SLICE_X31Y30         MUXF7 (Prop_muxf7_I1_O)      0.217     6.921 r  aes_bd_i/aes_encrypt_top_0/U0/aes_encrypt_top_AXILiteS_s_axi_U/key_V_load_14_reg_22199_reg[2]_i_1/O
                         net (fo=25, routed)          1.396     8.317    aes_bd_i/aes_encrypt_top_0/U0/aes_encrypt_top_AXILiteS_s_axi_U/int_key_V/ret_V_1_2_1_reg_22391_reg[2]
    SLICE_X25Y4          LUT6 (Prop_lut6_I2_O)        0.299     8.616 r  aes_bd_i/aes_encrypt_top_0/U0/aes_encrypt_top_AXILiteS_s_axi_U/int_key_V/q0_reg_i_54/O
                         net (fo=1, routed)           1.020     9.636    aes_bd_i/aes_encrypt_top_0/U0/aes_encrypt_top_AXILiteS_s_axi_U/int_key_V/q0_reg_i_54_n_2
    SLICE_X36Y4          LUT6 (Prop_lut6_I2_O)        0.124     9.760 r  aes_bd_i/aes_encrypt_top_0/U0/aes_encrypt_top_AXILiteS_s_axi_U/int_key_V/q0_reg_i_8/O
                         net (fo=1, routed)           1.322    11.082    aes_bd_i/aes_encrypt_top_0/U0/sboxExp_V_U/aes_encrypt_top_sbkb_rom_U/ADDRARDADDR[2]
    RAMB18_X2Y8          RAMB18E1                                     r  aes_bd_i/aes_encrypt_top_0/U0/sboxExp_V_U/aes_encrypt_top_sbkb_rom_U/q0_reg/ADDRARDADDR[6]
  -------------------------------------------------------------------    -------------------

                         (clock clk_fpga_0 rise edge)
                                                     10.000    10.000 r  
    PS7_X0Y0             PS7                          0.000    10.000 r  aes_bd_i/processing_system7_0/inst/PS7_i/FCLKCLK[0]
                         net (fo=1, routed)           1.088    11.088    aes_bd_i/processing_system7_0/inst/FCLK_CLK_unbuffered[0]
    BUFGCTRL_X0Y16       BUFG (Prop_bufg_I_O)         0.091    11.179 r  aes_bd_i/processing_system7_0/inst/buffer_fclk_clk_0.FCLK_CLK_0_BUFG/O
                         net (fo=8215, routed)        1.523    12.702    aes_bd_i/aes_encrypt_top_0/U0/sboxExp_V_U/aes_encrypt_top_sbkb_rom_U/ap_clk
    RAMB18_X2Y8          RAMB18E1                                     r  aes_bd_i/aes_encrypt_top_0/U0/sboxExp_V_U/aes_encrypt_top_sbkb_rom_U/q0_reg/CLKARDCLK
                         clock pessimism              0.230    12.931    
                         clock uncertainty           -0.154    12.777    
    RAMB18_X2Y8          RAMB18E1 (Setup_ramb18e1_CLKARDCLK_ADDRARDADDR[6])
                                                     -0.566    12.211    aes_bd_i/aes_encrypt_top_0/U0/sboxExp_V_U/aes_encrypt_top_sbkb_rom_U/q0_reg
  -------------------------------------------------------------------
                         required time                         12.211    
                         arrival time                         -11.082    
  -------------------------------------------------------------------
                         slack                                  1.129    

Slack (MET) :             1.296ns  (required time - arrival time)
  Source:                 aes_bd_i/aes_encrypt_top_0/U0/aes_encrypt_top_AXILiteS_s_axi_U/int_key_V/gen_write[1].mem_reg/CLKARDCLK
                            (rising edge-triggered cell RAMB36E1 clocked by clk_fpga_0  {rise@0.000ns fall@5.000ns period=10.000ns})
  Destination:            aes_bd_i/aes_encrypt_top_0/U0/sboxExp_V_U/aes_encrypt_top_sbkb_rom_U/q0_reg/ADDRARDADDR[4]
                            (rising edge-triggered cell RAMB18E1 clocked by clk_fpga_0  {rise@0.000ns fall@5.000ns period=10.000ns})
  Path Group:             clk_fpga_0
  Path Type:              Setup (Max at Slow Process Corner)
  Requirement:            10.000ns  (clk_fpga_0 rise@10.000ns - clk_fpga_0 rise@0.000ns)
  Data Path Delay:        7.918ns  (logic 3.213ns (40.579%)  route 4.705ns (59.421%))
  Logic Levels:           4  (LUT6=3 MUXF7=1)
  Clock Path Skew:        -0.066ns (DCD - SCD + CPR)
    Destination Clock Delay (DCD):    2.702ns = ( 12.702 - 10.000 ) 
    Source Clock Delay      (SCD):    2.997ns
    Clock Pessimism Removal (CPR):    0.230ns
  Clock Uncertainty:      0.154ns  ((TSJ^2 + TIJ^2)^1/2 + DJ) / 2 + PE
    Total System Jitter     (TSJ):    0.071ns
    Total Input Jitter      (TIJ):    0.300ns
    Discrete Jitter          (DJ):    0.000ns
    Phase Error              (PE):    0.000ns

    Location             Delay type                Incr(ns)  Path(ns)    Netlist Resource(s)
  -------------------------------------------------------------------    -------------------
                         (clock clk_fpga_0 rise edge)
                                                      0.000     0.000 r  
    PS7_X0Y0             PS7                          0.000     0.000 r  aes_bd_i/processing_system7_0/inst/PS7_i/FCLKCLK[0]
                         net (fo=1, routed)           1.193     1.193    aes_bd_i/processing_system7_0/inst/FCLK_CLK_unbuffered[0]
    BUFGCTRL_X0Y16       BUFG (Prop_bufg_I_O)         0.101     1.294 r  aes_bd_i/processing_system7_0/inst/buffer_fclk_clk_0.FCLK_CLK_0_BUFG/O
                         net (fo=8215, routed)        1.703     2.997    aes_bd_i/aes_encrypt_top_0/U0/aes_encrypt_top_AXILiteS_s_axi_U/int_key_V/ap_clk
    RAMB36_X2Y6          RAMB36E1                                     r  aes_bd_i/aes_encrypt_top_0/U0/aes_encrypt_top_AXILiteS_s_axi_U/int_key_V/gen_write[1].mem_reg/CLKARDCLK
  -------------------------------------------------------------------    -------------------
    RAMB36_X2Y6          RAMB36E1 (Prop_ramb36e1_CLKARDCLK_DOADO[8])
                                                      2.454     5.451 r  aes_bd_i/aes_encrypt_top_0/U0/aes_encrypt_top_AXILiteS_s_axi_U/int_key_V/gen_write[1].mem_reg/DOADO[8]
                         net (fo=2, routed)           0.961     6.412    aes_bd_i/aes_encrypt_top_0/U0/aes_encrypt_top_AXILiteS_s_axi_U/DOADO[8]
    SLICE_X32Y31         LUT6 (Prop_lut6_I3_O)        0.124     6.536 r  aes_bd_i/aes_encrypt_top_0/U0/aes_encrypt_top_AXILiteS_s_axi_U/key_V_load_14_reg_22199[0]_i_3/O
                         net (fo=1, routed)           0.000     6.536    aes_bd_i/aes_encrypt_top_0/U0/aes_encrypt_top_AXILiteS_s_axi_U/key_V_load_14_reg_22199[0]_i_3_n_2
    SLICE_X32Y31         MUXF7 (Prop_muxf7_I1_O)      0.214     6.750 r  aes_bd_i/aes_encrypt_top_0/U0/aes_encrypt_top_AXILiteS_s_axi_U/key_V_load_14_reg_22199_reg[0]_i_1/O
                         net (fo=25, routed)          1.493     8.243    aes_bd_i/aes_encrypt_top_0/U0/aes_encrypt_top_AXILiteS_s_axi_U/int_key_V/ret_V_1_2_3_reg_22462_reg[0]
    SLICE_X30Y5          LUT6 (Prop_lut6_I1_O)        0.297     8.540 r  aes_bd_i/aes_encrypt_top_0/U0/aes_encrypt_top_AXILiteS_s_axi_U/int_key_V/q0_reg_i_66/O
                         net (fo=1, routed)           1.027     9.567    aes_bd_i/aes_encrypt_top_0/U0/aes_encrypt_top_AXILiteS_s_axi_U/int_key_V/q0_reg_i_66_n_2
    SLICE_X33Y4          LUT6 (Prop_lut6_I2_O)        0.124     9.691 r  aes_bd_i/aes_encrypt_top_0/U0/aes_encrypt_top_AXILiteS_s_axi_U/int_key_V/q0_reg_i_10/O
                         net (fo=1, routed)           1.224    10.915    aes_bd_i/aes_encrypt_top_0/U0/sboxExp_V_U/aes_encrypt_top_sbkb_rom_U/ADDRARDADDR[0]
    RAMB18_X2Y8          RAMB18E1                                     r  aes_bd_i/aes_encrypt_top_0/U0/sboxExp_V_U/aes_encrypt_top_sbkb_rom_U/q0_reg/ADDRARDADDR[4]
  -------------------------------------------------------------------    -------------------

                         (clock clk_fpga_0 rise edge)
                                                     10.000    10.000 r  
    PS7_X0Y0             PS7                          0.000    10.000 r  aes_bd_i/processing_system7_0/inst/PS7_i/FCLKCLK[0]
                         net (fo=1, routed)           1.088    11.088    aes_bd_i/processing_system7_0/inst/FCLK_CLK_unbuffered[0]
    BUFGCTRL_X0Y16       BUFG (Prop_bufg_I_O)         0.091    11.179 r  aes_bd_i/processing_system7_0/inst/buffer_fclk_clk_0.FCLK_CLK_0_BUFG/O
                         net (fo=8215, routed)        1.523    12.702    aes_bd_i/aes_encrypt_top_0/U0/sboxExp_V_U/aes_encrypt_top_sbkb_rom_U/ap_clk
    RAMB18_X2Y8          RAMB18E1                                     r  aes_bd_i/aes_encrypt_top_0/U0/sboxExp_V_U/aes_encrypt_top_sbkb_rom_U/q0_reg/CLKARDCLK
                         clock pessimism              0.230    12.931    
                         clock uncertainty           -0.154    12.777    
    RAMB18_X2Y8          RAMB18E1 (Setup_ramb18e1_CLKARDCLK_ADDRARDADDR[4])
                                                     -0.566    12.211    aes_bd_i/aes_encrypt_top_0/U0/sboxExp_V_U/aes_encrypt_top_sbkb_rom_U/q0_reg
  -------------------------------------------------------------------
                         required time                         12.211    
                         arrival time                         -10.915    
  -------------------------------------------------------------------
                         slack                                  1.296    

Slack (MET) :             1.469ns  (required time - arrival time)
  Source:                 aes_bd_i/aes_encrypt_top_0/U0/sboxExp_V_U/aes_encrypt_top_sbkb_rom_U/q0_reg/CLKBWRCLK
                            (rising edge-triggered cell RAMB18E1 clocked by clk_fpga_0  {rise@0.000ns fall@5.000ns period=10.000ns})
  Destination:            aes_bd_i/aes_encrypt_top_0/U0/sboxExp_V_U/aes_encrypt_top_sbkb_rom_U/q0_reg/ADDRBWRADDR[6]
                            (rising edge-triggered cell RAMB18E1 clocked by clk_fpga_0  {rise@0.000ns fall@5.000ns period=10.000ns})
  Path Group:             clk_fpga_0
  Path Type:              Setup (Max at Slow Process Corner)
  Requirement:            10.000ns  (clk_fpga_0 rise@10.000ns - clk_fpga_0 rise@0.000ns)
  Data Path Delay:        7.811ns  (logic 3.022ns (38.690%)  route 4.789ns (61.310%))
  Logic Levels:           3  (LUT3=1 LUT6=2)
  Clock Path Skew:        0.000ns (DCD - SCD + CPR)
    Destination Clock Delay (DCD):    2.705ns = ( 12.705 - 10.000 ) 
    Source Clock Delay      (SCD):    2.991ns
    Clock Pessimism Removal (CPR):    0.287ns
  Clock Uncertainty:      0.154ns  ((TSJ^2 + TIJ^2)^1/2 + DJ) / 2 + PE
    Total System Jitter     (TSJ):    0.071ns
    Total Input Jitter      (TIJ):    0.300ns
    Discrete Jitter          (DJ):    0.000ns
    Phase Error              (PE):    0.000ns

    Location             Delay type                Incr(ns)  Path(ns)    Netlist Resource(s)
  -------------------------------------------------------------------    -------------------
                         (clock clk_fpga_0 rise edge)
                                                      0.000     0.000 r  
    PS7_X0Y0             PS7                          0.000     0.000 r  aes_bd_i/processing_system7_0/inst/PS7_i/FCLKCLK[0]
                         net (fo=1, routed)           1.193     1.193    aes_bd_i/processing_system7_0/inst/FCLK_CLK_unbuffered[0]
    BUFGCTRL_X0Y16       BUFG (Prop_bufg_I_O)         0.101     1.294 r  aes_bd_i/processing_system7_0/inst/buffer_fclk_clk_0.FCLK_CLK_0_BUFG/O
                         net (fo=8215, routed)        1.697     2.991    aes_bd_i/aes_encrypt_top_0/U0/sboxExp_V_U/aes_encrypt_top_sbkb_rom_U/ap_clk
    RAMB18_X2Y8          RAMB18E1                                     r  aes_bd_i/aes_encrypt_top_0/U0/sboxExp_V_U/aes_encrypt_top_sbkb_rom_U/q0_reg/CLKBWRCLK
  -------------------------------------------------------------------    -------------------
    RAMB18_X2Y8          RAMB18E1 (Prop_ramb18e1_CLKBWRCLK_DOBDO[2])
                                                      2.454     5.445 r  aes_bd_i/aes_encrypt_top_0/U0/sboxExp_V_U/aes_encrypt_top_sbkb_rom_U/q0_reg/DOBDO[2]
                         net (fo=36, routed)          1.477     6.923    aes_bd_i/aes_encrypt_top_0/U0/sboxExp_V_U/aes_encrypt_top_sbkb_rom_U/DOBDO[2]
    SLICE_X38Y4          LUT3 (Prop_lut3_I2_O)        0.116     7.039 r  aes_bd_i/aes_encrypt_top_0/U0/sboxExp_V_U/aes_encrypt_top_sbkb_rom_U/ret_V_1_7_3_reg_22445[2]_i_1/O
                         net (fo=2, routed)           0.988     8.026    aes_bd_i/aes_encrypt_top_0/U0/sboxExp_V_U/aes_encrypt_top_sbkb_rom_U/key_V_load_15_reg_22219_reg[7][2]
    SLICE_X28Y4          LUT6 (Prop_lut6_I2_O)        0.328     8.354 r  aes_bd_i/aes_encrypt_top_0/U0/sboxExp_V_U/aes_encrypt_top_sbkb_rom_U/q0_reg_i_96/O
                         net (fo=1, routed)           0.905     9.259    aes_bd_i/aes_encrypt_top_0/U0/sboxExp_V_U/aes_encrypt_top_sbkb_rom_U/q0_reg_i_96_n_2
    SLICE_X22Y4          LUT6 (Prop_lut6_I3_O)        0.124     9.383 r  aes_bd_i/aes_encrypt_top_0/U0/sboxExp_V_U/aes_encrypt_top_sbkb_rom_U/q0_reg_i_16/O
                         net (fo=1, routed)           1.419    10.802    aes_bd_i/aes_encrypt_top_0/U0/sboxExp_V_U/aes_encrypt_top_sbkb_rom_U/q0_reg_i_16_n_2
    RAMB18_X2Y8          RAMB18E1                                     r  aes_bd_i/aes_encrypt_top_0/U0/sboxExp_V_U/aes_encrypt_top_sbkb_rom_U/q0_reg/ADDRBWRADDR[6]
  -------------------------------------------------------------------    -------------------

                         (clock clk_fpga_0 rise edge)
                                                     10.000    10.000 r  
    PS7_X0Y0             PS7                          0.000    10.000 r  aes_bd_i/processing_system7_0/inst/PS7_i/FCLKCLK[0]
                         net (fo=1, routed)           1.088    11.088    aes_bd_i/processing_system7_0/inst/FCLK_CLK_unbuffered[0]
    BUFGCTRL_X0Y16       BUFG (Prop_bufg_I_O)         0.091    11.179 r  aes_bd_i/processing_system7_0/inst/buffer_fclk_clk_0.FCLK_CLK_0_BUFG/O
                         net (fo=8215, routed)        1.526    12.705    aes_bd_i/aes_encrypt_top_0/U0/sboxExp_V_U/aes_encrypt_top_sbkb_rom_U/ap_clk
    RAMB18_X2Y8          RAMB18E1                                     r  aes_bd_i/aes_encrypt_top_0/U0/sboxExp_V_U/aes_encrypt_top_sbkb_rom_U/q0_reg/CLKBWRCLK
                         clock pessimism              0.287    12.991    
                         clock uncertainty           -0.154    12.837    
    RAMB18_X2Y8          RAMB18E1 (Setup_ramb18e1_CLKBWRCLK_ADDRBWRADDR[6])
                                                     -0.566    12.271    aes_bd_i/aes_encrypt_top_0/U0/sboxExp_V_U/aes_encrypt_top_sbkb_rom_U/q0_reg
  -------------------------------------------------------------------
                         required time                         12.271    
                         arrival time                         -10.802    
  -------------------------------------------------------------------
                         slack                                  1.469    

Slack (MET) :             1.498ns  (required time - arrival time)
  Source:                 aes_bd_i/aes_encrypt_top_0/U0/aes_encrypt_top_AXILiteS_s_axi_U/int_key_V/gen_write[1].mem_reg/CLKARDCLK
                            (rising edge-triggered cell RAMB36E1 clocked by clk_fpga_0  {rise@0.000ns fall@5.000ns period=10.000ns})
  Destination:            aes_bd_i/aes_encrypt_top_0/U0/sboxExp_V_U/aes_encrypt_top_sbkb_rom_U/q0_reg/ADDRARDADDR[7]
                            (rising edge-triggered cell RAMB18E1 clocked by clk_fpga_0  {rise@0.000ns fall@5.000ns period=10.000ns})
  Path Group:             clk_fpga_0
  Path Type:              Setup (Max at Slow Process Corner)
  Requirement:            10.000ns  (clk_fpga_0 rise@10.000ns - clk_fpga_0 rise@0.000ns)
  Data Path Delay:        7.716ns  (logic 3.213ns (41.640%)  route 4.503ns (58.360%))
  Logic Levels:           4  (LUT6=3 MUXF7=1)
  Clock Path Skew:        -0.066ns (DCD - SCD + CPR)
    Destination Clock Delay (DCD):    2.702ns = ( 12.702 - 10.000 ) 
    Source Clock Delay      (SCD):    2.997ns
    Clock Pessimism Removal (CPR):    0.230ns
  Clock Uncertainty:      0.154ns  ((TSJ^2 + TIJ^2)^1/2 + DJ) / 2 + PE
    Total System Jitter     (TSJ):    0.071ns
    Total Input Jitter      (TIJ):    0.300ns
    Discrete Jitter          (DJ):    0.000ns
    Phase Error              (PE):    0.000ns

    Location             Delay type                Incr(ns)  Path(ns)    Netlist Resource(s)
  -------------------------------------------------------------------    -------------------
                         (clock clk_fpga_0 rise edge)
                                                      0.000     0.000 r  
    PS7_X0Y0             PS7                          0.000     0.000 r  aes_bd_i/processing_system7_0/inst/PS7_i/FCLKCLK[0]
                         net (fo=1, routed)           1.193     1.193    aes_bd_i/processing_system7_0/inst/FCLK_CLK_unbuffered[0]
    BUFGCTRL_X0Y16       BUFG (Prop_bufg_I_O)         0.101     1.294 r  aes_bd_i/processing_system7_0/inst/buffer_fclk_clk_0.FCLK_CLK_0_BUFG/O
                         net (fo=8215, routed)        1.703     2.997    aes_bd_i/aes_encrypt_top_0/U0/aes_encrypt_top_AXILiteS_s_axi_U/int_key_V/ap_clk
    RAMB36_X2Y6          RAMB36E1                                     r  aes_bd_i/aes_encrypt_top_0/U0/aes_encrypt_top_AXILiteS_s_axi_U/int_key_V/gen_write[1].mem_reg/CLKARDCLK
  -------------------------------------------------------------------    -------------------
    RAMB36_X2Y6          RAMB36E1 (Prop_ramb36e1_CLKARDCLK_DOADO[27])
                                                      2.454     5.451 r  aes_bd_i/aes_encrypt_top_0/U0/aes_encrypt_top_AXILiteS_s_axi_U/int_key_V/gen_write[1].mem_reg/DOADO[27]
                         net (fo=2, routed)           1.530     6.982    aes_bd_i/aes_encrypt_top_0/U0/aes_encrypt_top_AXILiteS_s_axi_U/DOADO[27]
    SLICE_X34Y30         LUT6 (Prop_lut6_I0_O)        0.124     7.106 r  aes_bd_i/aes_encrypt_top_0/U0/aes_encrypt_top_AXILiteS_s_axi_U/key_V_load_14_reg_22199[3]_i_3/O
                         net (fo=1, routed)           0.000     7.106    aes_bd_i/aes_encrypt_top_0/U0/aes_encrypt_top_AXILiteS_s_axi_U/key_V_load_14_reg_22199[3]_i_3_n_2
    SLICE_X34Y30         MUXF7 (Prop_muxf7_I1_O)      0.214     7.320 r  aes_bd_i/aes_encrypt_top_0/U0/aes_encrypt_top_AXILiteS_s_axi_U/key_V_load_14_reg_22199_reg[3]_i_1/O
                         net (fo=25, routed)          1.184     8.504    aes_bd_i/aes_encrypt_top_0/U0/aes_encrypt_top_AXILiteS_s_axi_U/int_key_V/ret_V_1_2_1_reg_22391_reg[3]
    SLICE_X38Y12         LUT6 (Prop_lut6_I3_O)        0.297     8.801 f  aes_bd_i/aes_encrypt_top_0/U0/aes_encrypt_top_AXILiteS_s_axi_U/int_key_V/q0_reg_i_47/O
                         net (fo=1, routed)           0.798     9.599    aes_bd_i/aes_encrypt_top_0/U0/aes_encrypt_top_AXILiteS_s_axi_U/int_key_V/q0_reg_i_47_n_2
    SLICE_X37Y11         LUT6 (Prop_lut6_I1_O)        0.124     9.723 r  aes_bd_i/aes_encrypt_top_0/U0/aes_encrypt_top_AXILiteS_s_axi_U/int_key_V/q0_reg_i_7/O
                         net (fo=1, routed)           0.990    10.714    aes_bd_i/aes_encrypt_top_0/U0/sboxExp_V_U/aes_encrypt_top_sbkb_rom_U/ADDRARDADDR[3]
    RAMB18_X2Y8          RAMB18E1                                     r  aes_bd_i/aes_encrypt_top_0/U0/sboxExp_V_U/aes_encrypt_top_sbkb_rom_U/q0_reg/ADDRARDADDR[7]
  -------------------------------------------------------------------    -------------------

                         (clock clk_fpga_0 rise edge)
                                                     10.000    10.000 r  
    PS7_X0Y0             PS7                          0.000    10.000 r  aes_bd_i/processing_system7_0/inst/PS7_i/FCLKCLK[0]
                         net (fo=1, routed)           1.088    11.088    aes_bd_i/processing_system7_0/inst/FCLK_CLK_unbuffered[0]
    BUFGCTRL_X0Y16       BUFG (Prop_bufg_I_O)         0.091    11.179 r  aes_bd_i/processing_system7_0/inst/buffer_fclk_clk_0.FCLK_CLK_0_BUFG/O
                         net (fo=8215, routed)        1.523    12.702    aes_bd_i/aes_encrypt_top_0/U0/sboxExp_V_U/aes_encrypt_top_sbkb_rom_U/ap_clk
    RAMB18_X2Y8          RAMB18E1                                     r  aes_bd_i/aes_encrypt_top_0/U0/sboxExp_V_U/aes_encrypt_top_sbkb_rom_U/q0_reg/CLKARDCLK
                         clock pessimism              0.230    12.931    
                         clock uncertainty           -0.154    12.777    
    RAMB18_X2Y8          RAMB18E1 (Setup_ramb18e1_CLKARDCLK_ADDRARDADDR[7])
                                                     -0.566    12.211    aes_bd_i/aes_encrypt_top_0/U0/sboxExp_V_U/aes_encrypt_top_sbkb_rom_U/q0_reg
  -------------------------------------------------------------------
                         required time                         12.211    
                         arrival time                         -10.714    
  -------------------------------------------------------------------
                         slack                                  1.498    

Slack (MET) :             1.574ns  (required time - arrival time)
  Source:                 aes_bd_i/aes_encrypt_top_0/U0/sboxExp_V_U/aes_encrypt_top_sbkb_rom_U/q0_reg/CLKBWRCLK
                            (rising edge-triggered cell RAMB18E1 clocked by clk_fpga_0  {rise@0.000ns fall@5.000ns period=10.000ns})
  Destination:            aes_bd_i/aes_encrypt_top_0/U0/sboxExp_V_U/aes_encrypt_top_sbkb_rom_U/q0_reg/ADDRBWRADDR[7]
                            (rising edge-triggered cell RAMB18E1 clocked by clk_fpga_0  {rise@0.000ns fall@5.000ns period=10.000ns})
  Path Group:             clk_fpga_0
  Path Type:              Setup (Max at Slow Process Corner)
  Requirement:            10.000ns  (clk_fpga_0 rise@10.000ns - clk_fpga_0 rise@0.000ns)
  Data Path Delay:        7.706ns  (logic 3.022ns (39.215%)  route 4.684ns (60.785%))
  Logic Levels:           3  (LUT3=1 LUT6=2)
  Clock Path Skew:        0.000ns (DCD - SCD + CPR)
    Destination Clock Delay (DCD):    2.705ns = ( 12.705 - 10.000 ) 
    Source Clock Delay      (SCD):    2.991ns
    Clock Pessimism Removal (CPR):    0.287ns
  Clock Uncertainty:      0.154ns  ((TSJ^2 + TIJ^2)^1/2 + DJ) / 2 + PE
    Total System Jitter     (TSJ):    0.071ns
    Total Input Jitter      (TIJ):    0.300ns
    Discrete Jitter          (DJ):    0.000ns
    Phase Error              (PE):    0.000ns

    Location             Delay type                Incr(ns)  Path(ns)    Netlist Resource(s)
  -------------------------------------------------------------------    -------------------
                         (clock clk_fpga_0 rise edge)
                                                      0.000     0.000 r  
    PS7_X0Y0             PS7                          0.000     0.000 r  aes_bd_i/processing_system7_0/inst/PS7_i/FCLKCLK[0]
                         net (fo=1, routed)           1.193     1.193    aes_bd_i/processing_system7_0/inst/FCLK_CLK_unbuffered[0]
    BUFGCTRL_X0Y16       BUFG (Prop_bufg_I_O)         0.101     1.294 r  aes_bd_i/processing_system7_0/inst/buffer_fclk_clk_0.FCLK_CLK_0_BUFG/O
                         net (fo=8215, routed)        1.697     2.991    aes_bd_i/aes_encrypt_top_0/U0/sboxExp_V_U/aes_encrypt_top_sbkb_rom_U/ap_clk
    RAMB18_X2Y8          RAMB18E1                                     r  aes_bd_i/aes_encrypt_top_0/U0/sboxExp_V_U/aes_encrypt_top_sbkb_rom_U/q0_reg/CLKBWRCLK
  -------------------------------------------------------------------    -------------------
    RAMB18_X2Y8          RAMB18E1 (Prop_ramb18e1_CLKBWRCLK_DOBDO[3])
                                                      2.454     5.445 r  aes_bd_i/aes_encrypt_top_0/U0/sboxExp_V_U/aes_encrypt_top_sbkb_rom_U/q0_reg/DOBDO[3]
                         net (fo=36, routed)          1.394     6.840    aes_bd_i/aes_encrypt_top_0/U0/sboxExp_V_U/aes_encrypt_top_sbkb_rom_U/DOBDO[3]
    SLICE_X37Y9          LUT3 (Prop_lut3_I2_O)        0.118     6.958 r  aes_bd_i/aes_encrypt_top_0/U0/sboxExp_V_U/aes_encrypt_top_sbkb_rom_U/ret_V_1_7_3_reg_22445[3]_i_1/O
                         net (fo=2, routed)           1.029     7.987    aes_bd_i/aes_encrypt_top_0/U0/sboxExp_V_U/aes_encrypt_top_sbkb_rom_U/key_V_load_15_reg_22219_reg[7][3]
    SLICE_X27Y9          LUT6 (Prop_lut6_I2_O)        0.326     8.313 r  aes_bd_i/aes_encrypt_top_0/U0/sboxExp_V_U/aes_encrypt_top_sbkb_rom_U/q0_reg_i_91/O
                         net (fo=1, routed)           0.723     9.036    aes_bd_i/aes_encrypt_top_0/U0/sboxExp_V_U/aes_encrypt_top_sbkb_rom_U/q0_reg_i_91_n_2
    SLICE_X16Y9          LUT6 (Prop_lut6_I3_O)        0.124     9.160 r  aes_bd_i/aes_encrypt_top_0/U0/sboxExp_V_U/aes_encrypt_top_sbkb_rom_U/q0_reg_i_15/O
                         net (fo=1, routed)           1.538    10.698    aes_bd_i/aes_encrypt_top_0/U0/sboxExp_V_U/aes_encrypt_top_sbkb_rom_U/q0_reg_i_15_n_2
    RAMB18_X2Y8          RAMB18E1                                     r  aes_bd_i/aes_encrypt_top_0/U0/sboxExp_V_U/aes_encrypt_top_sbkb_rom_U/q0_reg/ADDRBWRADDR[7]
  -------------------------------------------------------------------    -------------------

                         (clock clk_fpga_0 rise edge)
                                                     10.000    10.000 r  
    PS7_X0Y0             PS7                          0.000    10.000 r  aes_bd_i/processing_system7_0/inst/PS7_i/FCLKCLK[0]
                         net (fo=1, routed)           1.088    11.088    aes_bd_i/processing_system7_0/inst/FCLK_CLK_unbuffered[0]
    BUFGCTRL_X0Y16       BUFG (Prop_bufg_I_O)         0.091    11.179 r  aes_bd_i/processing_system7_0/inst/buffer_fclk_clk_0.FCLK_CLK_0_BUFG/O
                         net (fo=8215, routed)        1.526    12.705    aes_bd_i/aes_encrypt_top_0/U0/sboxExp_V_U/aes_encrypt_top_sbkb_rom_U/ap_clk
    RAMB18_X2Y8          RAMB18E1                                     r  aes_bd_i/aes_encrypt_top_0/U0/sboxExp_V_U/aes_encrypt_top_sbkb_rom_U/q0_reg/CLKBWRCLK
                         clock pessimism              0.287    12.991    
                         clock uncertainty           -0.154    12.837    
    RAMB18_X2Y8          RAMB18E1 (Setup_ramb18e1_CLKBWRCLK_ADDRBWRADDR[7])
                                                     -0.566    12.271    aes_bd_i/aes_encrypt_top_0/U0/sboxExp_V_U/aes_encrypt_top_sbkb_rom_U/q0_reg
  -------------------------------------------------------------------
                         required time                         12.271    
                         arrival time                         -10.698    
  -------------------------------------------------------------------
                         slack                                  1.574    

Slack (MET) :             1.589ns  (required time - arrival time)
  Source:                 aes_bd_i/aes_encrypt_top_0/U0/aes_encrypt_top_AXILiteS_s_axi_U/int_key_V/gen_write[1].mem_reg/CLKARDCLK
                            (rising edge-triggered cell RAMB36E1 clocked by clk_fpga_0  {rise@0.000ns fall@5.000ns period=10.000ns})
  Destination:            aes_bd_i/aes_encrypt_top_0/U0/roundKeys_14_V_U/aes_encrypt_top_reOg_ram_U/ram_reg/DIBDI[3]
                            (rising edge-triggered cell RAMB18E1 clocked by clk_fpga_0  {rise@0.000ns fall@5.000ns period=10.000ns})
  Path Group:             clk_fpga_0
  Path Type:              Setup (Max at Slow Process Corner)
  Requirement:            10.000ns  (clk_fpga_0 rise@10.000ns - clk_fpga_0 rise@0.000ns)
  Data Path Delay:        7.548ns  (logic 3.213ns (42.565%)  route 4.335ns (57.435%))
  Logic Levels:           4  (LUT5=1 LUT6=2 MUXF7=1)
  Clock Path Skew:        0.029ns (DCD - SCD + CPR)
    Destination Clock Delay (DCD):    2.797ns = ( 12.797 - 10.000 ) 
    Source Clock Delay      (SCD):    2.997ns
    Clock Pessimism Removal (CPR):    0.230ns
  Clock Uncertainty:      0.154ns  ((TSJ^2 + TIJ^2)^1/2 + DJ) / 2 + PE
    Total System Jitter     (TSJ):    0.071ns
    Total Input Jitter      (TIJ):    0.300ns
    Discrete Jitter          (DJ):    0.000ns
    Phase Error              (PE):    0.000ns

    Location             Delay type                Incr(ns)  Path(ns)    Netlist Resource(s)
  -------------------------------------------------------------------    -------------------
                         (clock clk_fpga_0 rise edge)
                                                      0.000     0.000 r  
    PS7_X0Y0             PS7                          0.000     0.000 r  aes_bd_i/processing_system7_0/inst/PS7_i/FCLKCLK[0]
                         net (fo=1, routed)           1.193     1.193    aes_bd_i/processing_system7_0/inst/FCLK_CLK_unbuffered[0]
    BUFGCTRL_X0Y16       BUFG (Prop_bufg_I_O)         0.101     1.294 r  aes_bd_i/processing_system7_0/inst/buffer_fclk_clk_0.FCLK_CLK_0_BUFG/O
                         net (fo=8215, routed)        1.703     2.997    aes_bd_i/aes_encrypt_top_0/U0/aes_encrypt_top_AXILiteS_s_axi_U/int_key_V/ap_clk
    RAMB36_X2Y6          RAMB36E1                                     r  aes_bd_i/aes_encrypt_top_0/U0/aes_encrypt_top_AXILiteS_s_axi_U/int_key_V/gen_write[1].mem_reg/CLKARDCLK
  -------------------------------------------------------------------    -------------------
    RAMB36_X2Y6          RAMB36E1 (Prop_ramb36e1_CLKARDCLK_DOADO[27])
                                                      2.454     5.451 r  aes_bd_i/aes_encrypt_top_0/U0/aes_encrypt_top_AXILiteS_s_axi_U/int_key_V/gen_write[1].mem_reg/DOADO[27]
                         net (fo=2, routed)           1.530     6.982    aes_bd_i/aes_encrypt_top_0/U0/aes_encrypt_top_AXILiteS_s_axi_U/DOADO[27]
    SLICE_X34Y30         LUT6 (Prop_lut6_I0_O)        0.124     7.106 r  aes_bd_i/aes_encrypt_top_0/U0/aes_encrypt_top_AXILiteS_s_axi_U/key_V_load_14_reg_22199[3]_i_3/O
                         net (fo=1, routed)           0.000     7.106    aes_bd_i/aes_encrypt_top_0/U0/aes_encrypt_top_AXILiteS_s_axi_U/key_V_load_14_reg_22199[3]_i_3_n_2
    SLICE_X34Y30         MUXF7 (Prop_muxf7_I1_O)      0.214     7.320 r  aes_bd_i/aes_encrypt_top_0/U0/aes_encrypt_top_AXILiteS_s_axi_U/key_V_load_14_reg_22199_reg[3]_i_1/O
                         net (fo=25, routed)          1.628     8.948    aes_bd_i/aes_encrypt_top_0/U0/aes_encrypt_top_AXILiteS_s_axi_U/int_key_V/ret_V_1_2_1_reg_22391_reg[3]
    SLICE_X17Y9          LUT5 (Prop_lut5_I4_O)        0.297     9.245 f  aes_bd_i/aes_encrypt_top_0/U0/aes_encrypt_top_AXILiteS_s_axi_U/int_key_V/ram_reg_i_60/O
                         net (fo=1, routed)           0.406     9.651    aes_bd_i/aes_encrypt_top_0/U0/aes_encrypt_top_AXILiteS_s_axi_U/int_key_V/ram_reg_i_60_n_2
    SLICE_X17Y10         LUT6 (Prop_lut6_I2_O)        0.124     9.775 r  aes_bd_i/aes_encrypt_top_0/U0/aes_encrypt_top_AXILiteS_s_axi_U/int_key_V/ram_reg_i_21/O
                         net (fo=1, routed)           0.771    10.546    aes_bd_i/aes_encrypt_top_0/U0/roundKeys_14_V_U/aes_encrypt_top_reOg_ram_U/DIBDI[3]
    RAMB18_X1Y5          RAMB18E1                                     r  aes_bd_i/aes_encrypt_top_0/U0/roundKeys_14_V_U/aes_encrypt_top_reOg_ram_U/ram_reg/DIBDI[3]
  -------------------------------------------------------------------    -------------------

                         (clock clk_fpga_0 rise edge)
                                                     10.000    10.000 r  
    PS7_X0Y0             PS7                          0.000    10.000 r  aes_bd_i/processing_system7_0/inst/PS7_i/FCLKCLK[0]
                         net (fo=1, routed)           1.088    11.088    aes_bd_i/processing_system7_0/inst/FCLK_CLK_unbuffered[0]
    BUFGCTRL_X0Y16       BUFG (Prop_bufg_I_O)         0.091    11.179 r  aes_bd_i/processing_system7_0/inst/buffer_fclk_clk_0.FCLK_CLK_0_BUFG/O
                         net (fo=8215, routed)        1.618    12.797    aes_bd_i/aes_encrypt_top_0/U0/roundKeys_14_V_U/aes_encrypt_top_reOg_ram_U/ap_clk
    RAMB18_X1Y5          RAMB18E1                                     r  aes_bd_i/aes_encrypt_top_0/U0/roundKeys_14_V_U/aes_encrypt_top_reOg_ram_U/ram_reg/CLKBWRCLK
                         clock pessimism              0.230    13.026    
                         clock uncertainty           -0.154    12.872    
    RAMB18_X1Y5          RAMB18E1 (Setup_ramb18e1_CLKBWRCLK_DIBDI[3])
                                                     -0.737    12.135    aes_bd_i/aes_encrypt_top_0/U0/roundKeys_14_V_U/aes_encrypt_top_reOg_ram_U/ram_reg
  -------------------------------------------------------------------
                         required time                         12.135    
                         arrival time                         -10.546    
  -------------------------------------------------------------------
                         slack                                  1.589    

Slack (MET) :             1.667ns  (required time - arrival time)
  Source:                 aes_bd_i/aes_encrypt_top_0/U0/aes_encrypt_top_AXILiteS_s_axi_U/int_key_V/gen_write[1].mem_reg/CLKARDCLK
                            (rising edge-triggered cell RAMB36E1 clocked by clk_fpga_0  {rise@0.000ns fall@5.000ns period=10.000ns})
  Destination:            aes_bd_i/aes_encrypt_top_0/U0/roundKeys_15_V_U/aes_encrypt_top_reOg_ram_U/ram_reg/DIBDI[3]
                            (rising edge-triggered cell RAMB18E1 clocked by clk_fpga_0  {rise@0.000ns fall@5.000ns period=10.000ns})
  Path Group:             clk_fpga_0
  Path Type:              Setup (Max at Slow Process Corner)
  Requirement:            10.000ns  (clk_fpga_0 rise@10.000ns - clk_fpga_0 rise@0.000ns)
  Data Path Delay:        7.388ns  (logic 3.213ns (43.489%)  route 4.175ns (56.511%))
  Logic Levels:           4  (LUT5=1 LUT6=2 MUXF7=1)
  Clock Path Skew:        -0.054ns (DCD - SCD + CPR)
    Destination Clock Delay (DCD):    2.714ns = ( 12.714 - 10.000 ) 
    Source Clock Delay      (SCD):    2.997ns
    Clock Pessimism Removal (CPR):    0.230ns
  Clock Uncertainty:      0.154ns  ((TSJ^2 + TIJ^2)^1/2 + DJ) / 2 + PE
    Total System Jitter     (TSJ):    0.071ns
    Total Input Jitter      (TIJ):    0.300ns
    Discrete Jitter          (DJ):    0.000ns
    Phase Error              (PE):    0.000ns

    Location             Delay type                Incr(ns)  Path(ns)    Netlist Resource(s)
  -------------------------------------------------------------------    -------------------
                         (clock clk_fpga_0 rise edge)
                                                      0.000     0.000 r  
    PS7_X0Y0             PS7                          0.000     0.000 r  aes_bd_i/processing_system7_0/inst/PS7_i/FCLKCLK[0]
                         net (fo=1, routed)           1.193     1.193    aes_bd_i/processing_system7_0/inst/FCLK_CLK_unbuffered[0]
    BUFGCTRL_X0Y16       BUFG (Prop_bufg_I_O)         0.101     1.294 r  aes_bd_i/processing_system7_0/inst/buffer_fclk_clk_0.FCLK_CLK_0_BUFG/O
                         net (fo=8215, routed)        1.703     2.997    aes_bd_i/aes_encrypt_top_0/U0/aes_encrypt_top_AXILiteS_s_axi_U/int_key_V/ap_clk
    RAMB36_X2Y6          RAMB36E1                                     r  aes_bd_i/aes_encrypt_top_0/U0/aes_encrypt_top_AXILiteS_s_axi_U/int_key_V/gen_write[1].mem_reg/CLKARDCLK
  -------------------------------------------------------------------    -------------------
    RAMB36_X2Y6          RAMB36E1 (Prop_ramb36e1_CLKARDCLK_DOADO[27])
                                                      2.454     5.451 r  aes_bd_i/aes_encrypt_top_0/U0/aes_encrypt_top_AXILiteS_s_axi_U/int_key_V/gen_write[1].mem_reg/DOADO[27]
                         net (fo=2, routed)           1.530     6.982    aes_bd_i/aes_encrypt_top_0/U0/aes_encrypt_top_AXILiteS_s_axi_U/DOADO[27]
    SLICE_X34Y30         LUT6 (Prop_lut6_I0_O)        0.124     7.106 r  aes_bd_i/aes_encrypt_top_0/U0/aes_encrypt_top_AXILiteS_s_axi_U/key_V_load_14_reg_22199[3]_i_3/O
                         net (fo=1, routed)           0.000     7.106    aes_bd_i/aes_encrypt_top_0/U0/aes_encrypt_top_AXILiteS_s_axi_U/key_V_load_14_reg_22199[3]_i_3_n_2
    SLICE_X34Y30         MUXF7 (Prop_muxf7_I1_O)      0.214     7.320 r  aes_bd_i/aes_encrypt_top_0/U0/aes_encrypt_top_AXILiteS_s_axi_U/key_V_load_14_reg_22199_reg[3]_i_1/O
                         net (fo=25, routed)          1.580     8.900    aes_bd_i/aes_encrypt_top_0/U0/aes_encrypt_top_AXILiteS_s_axi_U/int_key_V/ret_V_1_2_1_reg_22391_reg[3]
    SLICE_X38Y10         LUT5 (Prop_lut5_I4_O)        0.297     9.197 r  aes_bd_i/aes_encrypt_top_0/U0/aes_encrypt_top_AXILiteS_s_axi_U/int_key_V/ram_reg_i_54__9/O
                         net (fo=1, routed)           0.286     9.484    aes_bd_i/aes_encrypt_top_0/U0/aes_encrypt_top_AXILiteS_s_axi_U/int_key_V/ram_reg_i_54__9_n_2
    SLICE_X38Y10         LUT6 (Prop_lut6_I3_O)        0.124     9.608 r  aes_bd_i/aes_encrypt_top_0/U0/aes_encrypt_top_AXILiteS_s_axi_U/int_key_V/ram_reg_i_21__0/O
                         net (fo=1, routed)           0.778    10.386    aes_bd_i/aes_encrypt_top_0/U0/roundKeys_15_V_U/aes_encrypt_top_reOg_ram_U/ram_reg_0[3]
    RAMB18_X2Y5          RAMB18E1                                     r  aes_bd_i/aes_encrypt_top_0/U0/roundKeys_15_V_U/aes_encrypt_top_reOg_ram_U/ram_reg/DIBDI[3]
  -------------------------------------------------------------------    -------------------

                         (clock clk_fpga_0 rise edge)
                                                     10.000    10.000 r  
    PS7_X0Y0             PS7                          0.000    10.000 r  aes_bd_i/processing_system7_0/inst/PS7_i/FCLKCLK[0]
                         net (fo=1, routed)           1.088    11.088    aes_bd_i/processing_system7_0/inst/FCLK_CLK_unbuffered[0]
    BUFGCTRL_X0Y16       BUFG (Prop_bufg_I_O)         0.091    11.179 r  aes_bd_i/processing_system7_0/inst/buffer_fclk_clk_0.FCLK_CLK_0_BUFG/O
                         net (fo=8215, routed)        1.535    12.714    aes_bd_i/aes_encrypt_top_0/U0/roundKeys_15_V_U/aes_encrypt_top_reOg_ram_U/ap_clk
    RAMB18_X2Y5          RAMB18E1                                     r  aes_bd_i/aes_encrypt_top_0/U0/roundKeys_15_V_U/aes_encrypt_top_reOg_ram_U/ram_reg/CLKBWRCLK
                         clock pessimism              0.230    12.943    
                         clock uncertainty           -0.154    12.789    
    RAMB18_X2Y5          RAMB18E1 (Setup_ramb18e1_CLKBWRCLK_DIBDI[3])
                                                     -0.737    12.052    aes_bd_i/aes_encrypt_top_0/U0/roundKeys_15_V_U/aes_encrypt_top_reOg_ram_U/ram_reg
  -------------------------------------------------------------------
                         required time                         12.052    
                         arrival time                         -10.386    
  -------------------------------------------------------------------
                         slack                                  1.667    

Slack (MET) :             1.770ns  (required time - arrival time)
  Source:                 aes_bd_i/aes_encrypt_top_0/U0/aes_encrypt_top_AXILiteS_s_axi_U/int_key_V/gen_write[1].mem_reg/CLKARDCLK
                            (rising edge-triggered cell RAMB36E1 clocked by clk_fpga_0  {rise@0.000ns fall@5.000ns period=10.000ns})
  Destination:            aes_bd_i/aes_encrypt_top_0/U0/sboxExp_V_U/aes_encrypt_top_sbkb_rom_U/q0_reg/ADDRARDADDR[9]
                            (rising edge-triggered cell RAMB18E1 clocked by clk_fpga_0  {rise@0.000ns fall@5.000ns period=10.000ns})
  Path Group:             clk_fpga_0
  Path Type:              Setup (Max at Slow Process Corner)
  Requirement:            10.000ns  (clk_fpga_0 rise@10.000ns - clk_fpga_0 rise@0.000ns)
  Data Path Delay:        7.444ns  (logic 3.213ns (43.161%)  route 4.231ns (56.839%))
  Logic Levels:           4  (LUT6=3 MUXF7=1)
  Clock Path Skew:        -0.066ns (DCD - SCD + CPR)
    Destination Clock Delay (DCD):    2.702ns = ( 12.702 - 10.000 ) 
    Source Clock Delay      (SCD):    2.997ns
    Clock Pessimism Removal (CPR):    0.230ns
  Clock Uncertainty:      0.154ns  ((TSJ^2 + TIJ^2)^1/2 + DJ) / 2 + PE
    Total System Jitter     (TSJ):    0.071ns
    Total Input Jitter      (TIJ):    0.300ns
    Discrete Jitter          (DJ):    0.000ns
    Phase Error              (PE):    0.000ns

    Location             Delay type                Incr(ns)  Path(ns)    Netlist Resource(s)
  -------------------------------------------------------------------    -------------------
                         (clock clk_fpga_0 rise edge)
                                                      0.000     0.000 r  
    PS7_X0Y0             PS7                          0.000     0.000 r  aes_bd_i/processing_system7_0/inst/PS7_i/FCLKCLK[0]
                         net (fo=1, routed)           1.193     1.193    aes_bd_i/processing_system7_0/inst/FCLK_CLK_unbuffered[0]
    BUFGCTRL_X0Y16       BUFG (Prop_bufg_I_O)         0.101     1.294 r  aes_bd_i/processing_system7_0/inst/buffer_fclk_clk_0.FCLK_CLK_0_BUFG/O
                         net (fo=8215, routed)        1.703     2.997    aes_bd_i/aes_encrypt_top_0/U0/aes_encrypt_top_AXILiteS_s_axi_U/int_key_V/ap_clk
    RAMB36_X2Y6          RAMB36E1                                     r  aes_bd_i/aes_encrypt_top_0/U0/aes_encrypt_top_AXILiteS_s_axi_U/int_key_V/gen_write[1].mem_reg/CLKARDCLK
  -------------------------------------------------------------------    -------------------
    RAMB36_X2Y6          RAMB36E1 (Prop_ramb36e1_CLKARDCLK_DOADO[29])
                                                      2.454     5.451 r  aes_bd_i/aes_encrypt_top_0/U0/aes_encrypt_top_AXILiteS_s_axi_U/int_key_V/gen_write[1].mem_reg/DOADO[29]
                         net (fo=2, routed)           1.177     6.628    aes_bd_i/aes_encrypt_top_0/U0/aes_encrypt_top_AXILiteS_s_axi_U/DOADO[29]
    SLICE_X32Y32         LUT6 (Prop_lut6_I0_O)        0.124     6.752 r  aes_bd_i/aes_encrypt_top_0/U0/aes_encrypt_top_AXILiteS_s_axi_U/key_V_load_14_reg_22199[5]_i_3/O
                         net (fo=1, routed)           0.000     6.752    aes_bd_i/aes_encrypt_top_0/U0/aes_encrypt_top_AXILiteS_s_axi_U/key_V_load_14_reg_22199[5]_i_3_n_2
    SLICE_X32Y32         MUXF7 (Prop_muxf7_I1_O)      0.214     6.966 r  aes_bd_i/aes_encrypt_top_0/U0/aes_encrypt_top_AXILiteS_s_axi_U/key_V_load_14_reg_22199_reg[5]_i_1/O
                         net (fo=25, routed)          1.254     8.220    aes_bd_i/aes_encrypt_top_0/U0/aes_encrypt_top_AXILiteS_s_axi_U/int_key_V/ret_V_1_2_3_reg_22462_reg[5]
    SLICE_X29Y17         LUT6 (Prop_lut6_I1_O)        0.297     8.517 r  aes_bd_i/aes_encrypt_top_0/U0/aes_encrypt_top_AXILiteS_s_axi_U/int_key_V/q0_reg_i_36/O
                         net (fo=1, routed)           0.982     9.498    aes_bd_i/aes_encrypt_top_0/U0/aes_encrypt_top_AXILiteS_s_axi_U/int_key_V/q0_reg_i_36_n_2
    SLICE_X39Y17         LUT6 (Prop_lut6_I2_O)        0.124     9.622 r  aes_bd_i/aes_encrypt_top_0/U0/aes_encrypt_top_AXILiteS_s_axi_U/int_key_V/q0_reg_i_5/O
                         net (fo=1, routed)           0.819    10.442    aes_bd_i/aes_encrypt_top_0/U0/sboxExp_V_U/aes_encrypt_top_sbkb_rom_U/ADDRARDADDR[5]
    RAMB18_X2Y8          RAMB18E1                                     r  aes_bd_i/aes_encrypt_top_0/U0/sboxExp_V_U/aes_encrypt_top_sbkb_rom_U/q0_reg/ADDRARDADDR[9]
  -------------------------------------------------------------------    -------------------

                         (clock clk_fpga_0 rise edge)
                                                     10.000    10.000 r  
    PS7_X0Y0             PS7                          0.000    10.000 r  aes_bd_i/processing_system7_0/inst/PS7_i/FCLKCLK[0]
                         net (fo=1, routed)           1.088    11.088    aes_bd_i/processing_system7_0/inst/FCLK_CLK_unbuffered[0]
    BUFGCTRL_X0Y16       BUFG (Prop_bufg_I_O)         0.091    11.179 r  aes_bd_i/processing_system7_0/inst/buffer_fclk_clk_0.FCLK_CLK_0_BUFG/O
                         net (fo=8215, routed)        1.523    12.702    aes_bd_i/aes_encrypt_top_0/U0/sboxExp_V_U/aes_encrypt_top_sbkb_rom_U/ap_clk
    RAMB18_X2Y8          RAMB18E1                                     r  aes_bd_i/aes_encrypt_top_0/U0/sboxExp_V_U/aes_encrypt_top_sbkb_rom_U/q0_reg/CLKARDCLK
                         clock pessimism              0.230    12.931    
                         clock uncertainty           -0.154    12.777    
    RAMB18_X2Y8          RAMB18E1 (Setup_ramb18e1_CLKARDCLK_ADDRARDADDR[9])
                                                     -0.566    12.211    aes_bd_i/aes_encrypt_top_0/U0/sboxExp_V_U/aes_encrypt_top_sbkb_rom_U/q0_reg
  -------------------------------------------------------------------
                         required time                         12.211    
                         arrival time                         -10.442    
  -------------------------------------------------------------------
                         slack                                  1.770    

Slack (MET) :             1.785ns  (required time - arrival time)
  Source:                 aes_bd_i/aes_encrypt_top_0/U0/aes_encrypt_top_AXILiteS_s_axi_U/int_key_V/gen_write[1].mem_reg/CLKARDCLK
                            (rising edge-triggered cell RAMB36E1 clocked by clk_fpga_0  {rise@0.000ns fall@5.000ns period=10.000ns})
  Destination:            aes_bd_i/aes_encrypt_top_0/U0/roundKeys_14_V_U/aes_encrypt_top_reOg_ram_U/ram_reg/DIBDI[1]
                            (rising edge-triggered cell RAMB18E1 clocked by clk_fpga_0  {rise@0.000ns fall@5.000ns period=10.000ns})
  Path Group:             clk_fpga_0
  Path Type:              Setup (Max at Slow Process Corner)
  Requirement:            10.000ns  (clk_fpga_0 rise@10.000ns - clk_fpga_0 rise@0.000ns)
  Data Path Delay:        7.353ns  (logic 3.208ns (43.629%)  route 4.145ns (56.371%))
  Logic Levels:           4  (LUT5=2 LUT6=1 MUXF7=1)
  Clock Path Skew:        0.029ns (DCD - SCD + CPR)
    Destination Clock Delay (DCD):    2.797ns = ( 12.797 - 10.000 ) 
    Source Clock Delay      (SCD):    2.997ns
    Clock Pessimism Removal (CPR):    0.230ns
  Clock Uncertainty:      0.154ns  ((TSJ^2 + TIJ^2)^1/2 + DJ) / 2 + PE
    Total System Jitter     (TSJ):    0.071ns
    Total Input Jitter      (TIJ):    0.300ns
    Discrete Jitter          (DJ):    0.000ns
    Phase Error              (PE):    0.000ns

    Location             Delay type                Incr(ns)  Path(ns)    Netlist Resource(s)
  -------------------------------------------------------------------    -------------------
                         (clock clk_fpga_0 rise edge)
                                                      0.000     0.000 r  
    PS7_X0Y0             PS7                          0.000     0.000 r  aes_bd_i/processing_system7_0/inst/PS7_i/FCLKCLK[0]
                         net (fo=1, routed)           1.193     1.193    aes_bd_i/processing_system7_0/inst/FCLK_CLK_unbuffered[0]
    BUFGCTRL_X0Y16       BUFG (Prop_bufg_I_O)         0.101     1.294 r  aes_bd_i/processing_system7_0/inst/buffer_fclk_clk_0.FCLK_CLK_0_BUFG/O
                         net (fo=8215, routed)        1.703     2.997    aes_bd_i/aes_encrypt_top_0/U0/aes_encrypt_top_AXILiteS_s_axi_U/int_key_V/ap_clk
    RAMB36_X2Y6          RAMB36E1                                     r  aes_bd_i/aes_encrypt_top_0/U0/aes_encrypt_top_AXILiteS_s_axi_U/int_key_V/gen_write[1].mem_reg/CLKARDCLK
  -------------------------------------------------------------------    -------------------
    RAMB36_X2Y6          RAMB36E1 (Prop_ramb36e1_CLKARDCLK_DOADO[17])
                                                      2.454     5.451 r  aes_bd_i/aes_encrypt_top_0/U0/aes_encrypt_top_AXILiteS_s_axi_U/int_key_V/gen_write[1].mem_reg/DOADO[17]
                         net (fo=2, routed)           1.091     6.542    aes_bd_i/aes_encrypt_top_0/U0/aes_encrypt_top_AXILiteS_s_axi_U/DOADO[17]
    SLICE_X30Y32         LUT6 (Prop_lut6_I0_O)        0.124     6.666 r  aes_bd_i/aes_encrypt_top_0/U0/aes_encrypt_top_AXILiteS_s_axi_U/key_V_load_14_reg_22199[1]_i_2/O
                         net (fo=1, routed)           0.000     6.666    aes_bd_i/aes_encrypt_top_0/U0/aes_encrypt_top_AXILiteS_s_axi_U/key_V_load_14_reg_22199[1]_i_2_n_2
    SLICE_X30Y32         MUXF7 (Prop_muxf7_I0_O)      0.209     6.875 r  aes_bd_i/aes_encrypt_top_0/U0/aes_encrypt_top_AXILiteS_s_axi_U/key_V_load_14_reg_22199_reg[1]_i_1/O
                         net (fo=25, routed)          1.864     8.739    aes_bd_i/aes_encrypt_top_0/U0/aes_encrypt_top_AXILiteS_s_axi_U/int_key_V/ret_V_1_2_3_reg_22462_reg[1]
    SLICE_X18Y6          LUT5 (Prop_lut5_I4_O)        0.297     9.036 f  aes_bd_i/aes_encrypt_top_0/U0/aes_encrypt_top_AXILiteS_s_axi_U/int_key_V/ram_reg_i_69/O
                         net (fo=1, routed)           0.492     9.528    aes_bd_i/aes_encrypt_top_0/U0/sboxExp_V_U/aes_encrypt_top_sbkb_rom_U/ram_reg_2
    SLICE_X18Y6          LUT5 (Prop_lut5_I2_O)        0.124     9.652 r  aes_bd_i/aes_encrypt_top_0/U0/sboxExp_V_U/aes_encrypt_top_sbkb_rom_U/ram_reg_i_23__0/O
                         net (fo=1, routed)           0.698    10.350    aes_bd_i/aes_encrypt_top_0/U0/roundKeys_14_V_U/aes_encrypt_top_reOg_ram_U/DIBDI[1]
    RAMB18_X1Y5          RAMB18E1                                     r  aes_bd_i/aes_encrypt_top_0/U0/roundKeys_14_V_U/aes_encrypt_top_reOg_ram_U/ram_reg/DIBDI[1]
  -------------------------------------------------------------------    -------------------

                         (clock clk_fpga_0 rise edge)
                                                     10.000    10.000 r  
    PS7_X0Y0             PS7                          0.000    10.000 r  aes_bd_i/processing_system7_0/inst/PS7_i/FCLKCLK[0]
                         net (fo=1, routed)           1.088    11.088    aes_bd_i/processing_system7_0/inst/FCLK_CLK_unbuffered[0]
    BUFGCTRL_X0Y16       BUFG (Prop_bufg_I_O)         0.091    11.179 r  aes_bd_i/processing_system7_0/inst/buffer_fclk_clk_0.FCLK_CLK_0_BUFG/O
                         net (fo=8215, routed)        1.618    12.797    aes_bd_i/aes_encrypt_top_0/U0/roundKeys_14_V_U/aes_encrypt_top_reOg_ram_U/ap_clk
    RAMB18_X1Y5          RAMB18E1                                     r  aes_bd_i/aes_encrypt_top_0/U0/roundKeys_14_V_U/aes_encrypt_top_reOg_ram_U/ram_reg/CLKBWRCLK
                         clock pessimism              0.230    13.026    
                         clock uncertainty           -0.154    12.872    
    RAMB18_X1Y5          RAMB18E1 (Setup_ramb18e1_CLKBWRCLK_DIBDI[1])
                                                     -0.737    12.135    aes_bd_i/aes_encrypt_top_0/U0/roundKeys_14_V_U/aes_encrypt_top_reOg_ram_U/ram_reg
  -------------------------------------------------------------------
                         required time                         12.135    
                         arrival time                         -10.350    
  -------------------------------------------------------------------
                         slack                                  1.785    





Min Delay Paths
--------------------------------------------------------------------------------------
Slack (MET) :             0.016ns  (arrival time - required time)
  Source:                 aes_bd_i/axi_smc/inst/s01_nodes/s01_w_node/inst/inst_mi_handler/gen_normal_area.inst_fifo_node_payld/gen_xpm_memory_fifo.inst_fifo/gen_mem_rep[0].inst_xpm_memory/xpm_memory_base_inst/gen_rd_b.doutb_reg_reg[57]/C
                            (rising edge-triggered cell FDRE clocked by clk_fpga_0  {rise@0.000ns fall@5.000ns period=10.000ns})
  Destination:            aes_bd_i/axi_smc/inst/switchboards/w_switchboard/inst/gen_mi[0].inst_opipe_payld/gen_pipe[1].pipe_reg[1][57]/D
                            (rising edge-triggered cell FDRE clocked by clk_fpga_0  {rise@0.000ns fall@5.000ns period=10.000ns})
  Path Group:             clk_fpga_0
  Path Type:              Hold (Min at Fast Process Corner)
  Requirement:            0.000ns  (clk_fpga_0 rise@0.000ns - clk_fpga_0 rise@0.000ns)
  Data Path Delay:        0.359ns  (logic 0.164ns (45.691%)  route 0.195ns (54.309%))
  Logic Levels:           0  
  Clock Path Skew:        0.273ns (DCD - SCD - CPR)
    Destination Clock Delay (DCD):    1.196ns
    Source Clock Delay      (SCD):    0.893ns
    Clock Pessimism Removal (CPR):    0.030ns

    Location             Delay type                Incr(ns)  Path(ns)    Netlist Resource(s)
  -------------------------------------------------------------------    -------------------
                         (clock clk_fpga_0 rise edge)
                                                      0.000     0.000 r  
    PS7_X0Y0             PS7                          0.000     0.000 r  aes_bd_i/processing_system7_0/inst/PS7_i/FCLKCLK[0]
                         net (fo=1, routed)           0.310     0.310    aes_bd_i/processing_system7_0/inst/FCLK_CLK_unbuffered[0]
    BUFGCTRL_X0Y16       BUFG (Prop_bufg_I_O)         0.026     0.336 r  aes_bd_i/processing_system7_0/inst/buffer_fclk_clk_0.FCLK_CLK_0_BUFG/O
                         net (fo=8215, routed)        0.557     0.893    aes_bd_i/axi_smc/inst/s01_nodes/s01_w_node/inst/inst_mi_handler/gen_normal_area.inst_fifo_node_payld/gen_xpm_memory_fifo.inst_fifo/gen_mem_rep[0].inst_xpm_memory/xpm_memory_base_inst/clka
    SLICE_X36Y50         FDRE                                         r  aes_bd_i/axi_smc/inst/s01_nodes/s01_w_node/inst/inst_mi_handler/gen_normal_area.inst_fifo_node_payld/gen_xpm_memory_fifo.inst_fifo/gen_mem_rep[0].inst_xpm_memory/xpm_memory_base_inst/gen_rd_b.doutb_reg_reg[57]/C
  -------------------------------------------------------------------    -------------------
    SLICE_X36Y50         FDRE (Prop_fdre_C_Q)         0.164     1.057 r  aes_bd_i/axi_smc/inst/s01_nodes/s01_w_node/inst/inst_mi_handler/gen_normal_area.inst_fifo_node_payld/gen_xpm_memory_fifo.inst_fifo/gen_mem_rep[0].inst_xpm_memory/xpm_memory_base_inst/gen_rd_b.doutb_reg_reg[57]/Q
                         net (fo=1, routed)           0.195     1.252    aes_bd_i/axi_smc/inst/switchboards/w_switchboard/inst/gen_mi[0].inst_opipe_payld/s_sc_payld[56]
    SLICE_X37Y49         FDRE                                         r  aes_bd_i/axi_smc/inst/switchboards/w_switchboard/inst/gen_mi[0].inst_opipe_payld/gen_pipe[1].pipe_reg[1][57]/D
  -------------------------------------------------------------------    -------------------

                         (clock clk_fpga_0 rise edge)
                                                      0.000     0.000 r  
    PS7_X0Y0             PS7                          0.000     0.000 r  aes_bd_i/processing_system7_0/inst/PS7_i/FCLKCLK[0]
                         net (fo=1, routed)           0.337     0.337    aes_bd_i/processing_system7_0/inst/FCLK_CLK_unbuffered[0]
    BUFGCTRL_X0Y16       BUFG (Prop_bufg_I_O)         0.029     0.366 r  aes_bd_i/processing_system7_0/inst/buffer_fclk_clk_0.FCLK_CLK_0_BUFG/O
                         net (fo=8215, routed)        0.830     1.196    aes_bd_i/axi_smc/inst/switchboards/w_switchboard/inst/gen_mi[0].inst_opipe_payld/aclk
    SLICE_X37Y49         FDRE                                         r  aes_bd_i/axi_smc/inst/switchboards/w_switchboard/inst/gen_mi[0].inst_opipe_payld/gen_pipe[1].pipe_reg[1][57]/C
                         clock pessimism             -0.030     1.166    
    SLICE_X37Y49         FDRE (Hold_fdre_C_D)         0.070     1.236    aes_bd_i/axi_smc/inst/switchboards/w_switchboard/inst/gen_mi[0].inst_opipe_payld/gen_pipe[1].pipe_reg[1][57]
  -------------------------------------------------------------------
                         required time                         -1.236    
                         arrival time                           1.252    
  -------------------------------------------------------------------
                         slack                                  0.016    

Slack (MET) :             0.019ns  (arrival time - required time)
  Source:                 aes_bd_i/axi_dma_0/U0/INCLUDE_S2MM_SOF_EOF_GENERATOR.I_S2MM_DMA_MNGR/GEN_S2MM_DMA_CONTROL.GEN_SIMPLE_DMA_MODE.I_S2MM_SMPL_SM/GEN_CMD_BTT_LESS_23.cmnd_data_reg[45]/C
                            (rising edge-triggered cell FDRE clocked by clk_fpga_0  {rise@0.000ns fall@5.000ns period=10.000ns})
  Destination:            aes_bd_i/axi_dma_0/U0/I_PRMRY_DATAMOVER/GEN_S2MM_FULL.I_S2MM_FULL_WRAPPER/I_CMD_STATUS/I_CMD_FIFO/USE_SINGLE_REG.sig_regfifo_dout_reg_reg[45]/D
                            (rising edge-triggered cell FDRE clocked by clk_fpga_0  {rise@0.000ns fall@5.000ns period=10.000ns})
  Path Group:             clk_fpga_0
  Path Type:              Hold (Min at Fast Process Corner)
  Requirement:            0.000ns  (clk_fpga_0 rise@0.000ns - clk_fpga_0 rise@0.000ns)
  Data Path Delay:        0.287ns  (logic 0.128ns (44.676%)  route 0.159ns (55.324%))
  Logic Levels:           0  
  Clock Path Skew:        0.258ns (DCD - SCD - CPR)
    Destination Clock Delay (DCD):    1.174ns
    Source Clock Delay      (SCD):    0.881ns
    Clock Pessimism Removal (CPR):    0.035ns

    Location             Delay type                Incr(ns)  Path(ns)    Netlist Resource(s)
  -------------------------------------------------------------------    -------------------
                         (clock clk_fpga_0 rise edge)
                                                      0.000     0.000 r  
    PS7_X0Y0             PS7                          0.000     0.000 r  aes_bd_i/processing_system7_0/inst/PS7_i/FCLKCLK[0]
                         net (fo=1, routed)           0.310     0.310    aes_bd_i/processing_system7_0/inst/FCLK_CLK_unbuffered[0]
    BUFGCTRL_X0Y16       BUFG (Prop_bufg_I_O)         0.026     0.336 r  aes_bd_i/processing_system7_0/inst/buffer_fclk_clk_0.FCLK_CLK_0_BUFG/O
                         net (fo=8215, routed)        0.545     0.881    aes_bd_i/axi_dma_0/U0/INCLUDE_S2MM_SOF_EOF_GENERATOR.I_S2MM_DMA_MNGR/GEN_S2MM_DMA_CONTROL.GEN_SIMPLE_DMA_MODE.I_S2MM_SMPL_SM/s_axi_lite_aclk
    SLICE_X49Y72         FDRE                                         r  aes_bd_i/axi_dma_0/U0/INCLUDE_S2MM_SOF_EOF_GENERATOR.I_S2MM_DMA_MNGR/GEN_S2MM_DMA_CONTROL.GEN_SIMPLE_DMA_MODE.I_S2MM_SMPL_SM/GEN_CMD_BTT_LESS_23.cmnd_data_reg[45]/C
  -------------------------------------------------------------------    -------------------
    SLICE_X49Y72         FDRE (Prop_fdre_C_Q)         0.128     1.009 r  aes_bd_i/axi_dma_0/U0/INCLUDE_S2MM_SOF_EOF_GENERATOR.I_S2MM_DMA_MNGR/GEN_S2MM_DMA_CONTROL.GEN_SIMPLE_DMA_MODE.I_S2MM_SMPL_SM/GEN_CMD_BTT_LESS_23.cmnd_data_reg[45]/Q
                         net (fo=1, routed)           0.159     1.167    aes_bd_i/axi_dma_0/U0/I_PRMRY_DATAMOVER/GEN_S2MM_FULL.I_S2MM_FULL_WRAPPER/I_CMD_STATUS/I_CMD_FIFO/USE_SINGLE_REG.sig_regfifo_dout_reg_reg[66]_0[26]
    SLICE_X50Y71         FDRE                                         r  aes_bd_i/axi_dma_0/U0/I_PRMRY_DATAMOVER/GEN_S2MM_FULL.I_S2MM_FULL_WRAPPER/I_CMD_STATUS/I_CMD_FIFO/USE_SINGLE_REG.sig_regfifo_dout_reg_reg[45]/D
  -------------------------------------------------------------------    -------------------

                         (clock clk_fpga_0 rise edge)
                                                      0.000     0.000 r  
    PS7_X0Y0             PS7                          0.000     0.000 r  aes_bd_i/processing_system7_0/inst/PS7_i/FCLKCLK[0]
                         net (fo=1, routed)           0.337     0.337    aes_bd_i/processing_system7_0/inst/FCLK_CLK_unbuffered[0]
    BUFGCTRL_X0Y16       BUFG (Prop_bufg_I_O)         0.029     0.366 r  aes_bd_i/processing_system7_0/inst/buffer_fclk_clk_0.FCLK_CLK_0_BUFG/O
                         net (fo=8215, routed)        0.808     1.174    aes_bd_i/axi_dma_0/U0/I_PRMRY_DATAMOVER/GEN_S2MM_FULL.I_S2MM_FULL_WRAPPER/I_CMD_STATUS/I_CMD_FIFO/m_axi_s2mm_aclk
    SLICE_X50Y71         FDRE                                         r  aes_bd_i/axi_dma_0/U0/I_PRMRY_DATAMOVER/GEN_S2MM_FULL.I_S2MM_FULL_WRAPPER/I_CMD_STATUS/I_CMD_FIFO/USE_SINGLE_REG.sig_regfifo_dout_reg_reg[45]/C
                         clock pessimism             -0.035     1.139    
    SLICE_X50Y71         FDRE (Hold_fdre_C_D)         0.009     1.148    aes_bd_i/axi_dma_0/U0/I_PRMRY_DATAMOVER/GEN_S2MM_FULL.I_S2MM_FULL_WRAPPER/I_CMD_STATUS/I_CMD_FIFO/USE_SINGLE_REG.sig_regfifo_dout_reg_reg[45]
  -------------------------------------------------------------------
                         required time                         -1.148    
                         arrival time                           1.167    
  -------------------------------------------------------------------
                         slack                                  0.019    

Slack (MET) :             0.019ns  (arrival time - required time)
  Source:                 aes_bd_i/axi_smc/inst/m00_nodes/m00_w_node/inst/inst_mi_handler/gen_normal_area.inst_fifo_node_payld/gen_xpm_memory_fifo.inst_fifo/gen_mem_rep[0].inst_xpm_memory/xpm_memory_base_inst/gen_rd_b.doutb_reg_reg[61]/C
                            (rising edge-triggered cell FDRE clocked by clk_fpga_0  {rise@0.000ns fall@5.000ns period=10.000ns})
  Destination:            aes_bd_i/axi_smc/inst/m00_exit_pipeline/m00_exit/inst/w_reg/skid_buffer_reg[2054]/D
                            (rising edge-triggered cell FDRE clocked by clk_fpga_0  {rise@0.000ns fall@5.000ns period=10.000ns})
  Path Group:             clk_fpga_0
  Path Type:              Hold (Min at Fast Process Corner)
  Requirement:            0.000ns  (clk_fpga_0 rise@0.000ns - clk_fpga_0 rise@0.000ns)
  Data Path Delay:        0.379ns  (logic 0.164ns (43.324%)  route 0.215ns (56.676%))
  Logic Levels:           0  
  Clock Path Skew:        0.283ns (DCD - SCD - CPR)
    Destination Clock Delay (DCD):    1.226ns
    Source Clock Delay      (SCD):    0.913ns
    Clock Pessimism Removal (CPR):    0.030ns

    Location             Delay type                Incr(ns)  Path(ns)    Netlist Resource(s)
  -------------------------------------------------------------------    -------------------
                         (clock clk_fpga_0 rise edge)
                                                      0.000     0.000 r  
    PS7_X0Y0             PS7                          0.000     0.000 r  aes_bd_i/processing_system7_0/inst/PS7_i/FCLKCLK[0]
                         net (fo=1, routed)           0.310     0.310    aes_bd_i/processing_system7_0/inst/FCLK_CLK_unbuffered[0]
    BUFGCTRL_X0Y16       BUFG (Prop_bufg_I_O)         0.026     0.336 r  aes_bd_i/processing_system7_0/inst/buffer_fclk_clk_0.FCLK_CLK_0_BUFG/O
                         net (fo=8215, routed)        0.577     0.913    aes_bd_i/axi_smc/inst/m00_nodes/m00_w_node/inst/inst_mi_handler/gen_normal_area.inst_fifo_node_payld/gen_xpm_memory_fifo.inst_fifo/gen_mem_rep[0].inst_xpm_memory/xpm_memory_base_inst/clka
    SLICE_X30Y51         FDRE                                         r  aes_bd_i/axi_smc/inst/m00_nodes/m00_w_node/inst/inst_mi_handler/gen_normal_area.inst_fifo_node_payld/gen_xpm_memory_fifo.inst_fifo/gen_mem_rep[0].inst_xpm_memory/xpm_memory_base_inst/gen_rd_b.doutb_reg_reg[61]/C
  -------------------------------------------------------------------    -------------------
    SLICE_X30Y51         FDRE (Prop_fdre_C_Q)         0.164     1.077 r  aes_bd_i/axi_smc/inst/m00_nodes/m00_w_node/inst/inst_mi_handler/gen_normal_area.inst_fifo_node_payld/gen_xpm_memory_fifo.inst_fifo/gen_mem_rep[0].inst_xpm_memory/xpm_memory_base_inst/gen_rd_b.doutb_reg_reg[61]/Q
                         net (fo=2, routed)           0.215     1.291    aes_bd_i/axi_smc/inst/m00_exit_pipeline/m00_exit/inst/w_reg/D[70]
    SLICE_X25Y49         FDRE                                         r  aes_bd_i/axi_smc/inst/m00_exit_pipeline/m00_exit/inst/w_reg/skid_buffer_reg[2054]/D
  -------------------------------------------------------------------    -------------------

                         (clock clk_fpga_0 rise edge)
                                                      0.000     0.000 r  
    PS7_X0Y0             PS7                          0.000     0.000 r  aes_bd_i/processing_system7_0/inst/PS7_i/FCLKCLK[0]
                         net (fo=1, routed)           0.337     0.337    aes_bd_i/processing_system7_0/inst/FCLK_CLK_unbuffered[0]
    BUFGCTRL_X0Y16       BUFG (Prop_bufg_I_O)         0.029     0.366 r  aes_bd_i/processing_system7_0/inst/buffer_fclk_clk_0.FCLK_CLK_0_BUFG/O
                         net (fo=8215, routed)        0.860     1.226    aes_bd_i/axi_smc/inst/m00_exit_pipeline/m00_exit/inst/w_reg/aclk
    SLICE_X25Y49         FDRE                                         r  aes_bd_i/axi_smc/inst/m00_exit_pipeline/m00_exit/inst/w_reg/skid_buffer_reg[2054]/C
                         clock pessimism             -0.030     1.196    
    SLICE_X25Y49         FDRE (Hold_fdre_C_D)         0.076     1.272    aes_bd_i/axi_smc/inst/m00_exit_pipeline/m00_exit/inst/w_reg/skid_buffer_reg[2054]
  -------------------------------------------------------------------
                         required time                         -1.272    
                         arrival time                           1.291    
  -------------------------------------------------------------------
                         slack                                  0.019    

Slack (MET) :             0.029ns  (arrival time - required time)
  Source:                 aes_bd_i/axi_smc/inst/s01_entry_pipeline/s01_mmu/inst/aw_sreg/m_vector_i_reg[1073]/C
                            (rising edge-triggered cell FDRE clocked by clk_fpga_0  {rise@0.000ns fall@5.000ns period=10.000ns})
  Destination:            aes_bd_i/axi_smc/inst/s01_entry_pipeline/s01_mmu/inst/aw_reg_stall/skid_buffer_reg[1073]/D
                            (rising edge-triggered cell FDRE clocked by clk_fpga_0  {rise@0.000ns fall@5.000ns period=10.000ns})
  Path Group:             clk_fpga_0
  Path Type:              Hold (Min at Fast Process Corner)
  Requirement:            0.000ns  (clk_fpga_0 rise@0.000ns - clk_fpga_0 rise@0.000ns)
  Data Path Delay:        0.289ns  (logic 0.128ns (44.278%)  route 0.161ns (55.722%))
  Logic Levels:           0  
  Clock Path Skew:        0.266ns (DCD - SCD - CPR)
    Destination Clock Delay (DCD):    1.185ns
    Source Clock Delay      (SCD):    0.884ns
    Clock Pessimism Removal (CPR):    0.035ns

    Location             Delay type                Incr(ns)  Path(ns)    Netlist Resource(s)
  -------------------------------------------------------------------    -------------------
                         (clock clk_fpga_0 rise edge)
                                                      0.000     0.000 r  
    PS7_X0Y0             PS7                          0.000     0.000 r  aes_bd_i/processing_system7_0/inst/PS7_i/FCLKCLK[0]
                         net (fo=1, routed)           0.310     0.310    aes_bd_i/processing_system7_0/inst/FCLK_CLK_unbuffered[0]
    BUFGCTRL_X0Y16       BUFG (Prop_bufg_I_O)         0.026     0.336 r  aes_bd_i/processing_system7_0/inst/buffer_fclk_clk_0.FCLK_CLK_0_BUFG/O
                         net (fo=8215, routed)        0.548     0.884    aes_bd_i/axi_smc/inst/s01_entry_pipeline/s01_mmu/inst/aw_sreg/aclk
    SLICE_X51Y65         FDRE                                         r  aes_bd_i/axi_smc/inst/s01_entry_pipeline/s01_mmu/inst/aw_sreg/m_vector_i_reg[1073]/C
  -------------------------------------------------------------------    -------------------
    SLICE_X51Y65         FDRE (Prop_fdre_C_Q)         0.128     1.012 r  aes_bd_i/axi_smc/inst/s01_entry_pipeline/s01_mmu/inst/aw_sreg/m_vector_i_reg[1073]/Q
                         net (fo=2, routed)           0.161     1.173    aes_bd_i/axi_smc/inst/s01_entry_pipeline/s01_mmu/inst/aw_reg_stall/skid_buffer_reg[1144]_0[15]
    SLICE_X49Y63         FDRE                                         r  aes_bd_i/axi_smc/inst/s01_entry_pipeline/s01_mmu/inst/aw_reg_stall/skid_buffer_reg[1073]/D
  -------------------------------------------------------------------    -------------------

                         (clock clk_fpga_0 rise edge)
                                                      0.000     0.000 r  
    PS7_X0Y0             PS7                          0.000     0.000 r  aes_bd_i/processing_system7_0/inst/PS7_i/FCLKCLK[0]
                         net (fo=1, routed)           0.337     0.337    aes_bd_i/processing_system7_0/inst/FCLK_CLK_unbuffered[0]
    BUFGCTRL_X0Y16       BUFG (Prop_bufg_I_O)         0.029     0.366 r  aes_bd_i/processing_system7_0/inst/buffer_fclk_clk_0.FCLK_CLK_0_BUFG/O
                         net (fo=8215, routed)        0.819     1.185    aes_bd_i/axi_smc/inst/s01_entry_pipeline/s01_mmu/inst/aw_reg_stall/aclk
    SLICE_X49Y63         FDRE                                         r  aes_bd_i/axi_smc/inst/s01_entry_pipeline/s01_mmu/inst/aw_reg_stall/skid_buffer_reg[1073]/C
                         clock pessimism             -0.035     1.150    
    SLICE_X49Y63         FDRE (Hold_fdre_C_D)        -0.006     1.144    aes_bd_i/axi_smc/inst/s01_entry_pipeline/s01_mmu/inst/aw_reg_stall/skid_buffer_reg[1073]
  -------------------------------------------------------------------
                         required time                         -1.144    
                         arrival time                           1.173    
  -------------------------------------------------------------------
                         slack                                  0.029    

Slack (MET) :             0.032ns  (arrival time - required time)
  Source:                 aes_bd_i/axi_dma_0/U0/I_PRMRY_DATAMOVER/GEN_MM2S_FULL.I_MM2S_FULL_WRAPPER/I_RESET/sig_s_h_halt_reg_reg/C
                            (rising edge-triggered cell FDRE clocked by clk_fpga_0  {rise@0.000ns fall@5.000ns period=10.000ns})
  Destination:            aes_bd_i/axi_dma_0/U0/I_PRMRY_DATAMOVER/GEN_MM2S_FULL.I_MM2S_FULL_WRAPPER/I_RD_DATA_CNTL/sig_halt_reg_reg/D
                            (rising edge-triggered cell FDRE clocked by clk_fpga_0  {rise@0.000ns fall@5.000ns period=10.000ns})
  Path Group:             clk_fpga_0
  Path Type:              Hold (Min at Fast Process Corner)
  Requirement:            0.000ns  (clk_fpga_0 rise@0.000ns - clk_fpga_0 rise@0.000ns)
  Data Path Delay:        0.397ns  (logic 0.186ns (46.883%)  route 0.211ns (53.117%))
  Logic Levels:           1  (LUT2=1)
  Clock Path Skew:        0.273ns (DCD - SCD - CPR)
    Destination Clock Delay (DCD):    1.192ns
    Source Clock Delay      (SCD):    0.889ns
    Clock Pessimism Removal (CPR):    0.030ns

    Location             Delay type                Incr(ns)  Path(ns)    Netlist Resource(s)
  -------------------------------------------------------------------    -------------------
                         (clock clk_fpga_0 rise edge)
                                                      0.000     0.000 r  
    PS7_X0Y0             PS7                          0.000     0.000 r  aes_bd_i/processing_system7_0/inst/PS7_i/FCLKCLK[0]
                         net (fo=1, routed)           0.310     0.310    aes_bd_i/processing_system7_0/inst/FCLK_CLK_unbuffered[0]
    BUFGCTRL_X0Y16       BUFG (Prop_bufg_I_O)         0.026     0.336 r  aes_bd_i/processing_system7_0/inst/buffer_fclk_clk_0.FCLK_CLK_0_BUFG/O
                         net (fo=8215, routed)        0.553     0.889    aes_bd_i/axi_dma_0/U0/I_PRMRY_DATAMOVER/GEN_MM2S_FULL.I_MM2S_FULL_WRAPPER/I_RESET/m_axi_mm2s_aclk
    SLICE_X51Y51         FDRE                                         r  aes_bd_i/axi_dma_0/U0/I_PRMRY_DATAMOVER/GEN_MM2S_FULL.I_MM2S_FULL_WRAPPER/I_RESET/sig_s_h_halt_reg_reg/C
  -------------------------------------------------------------------    -------------------
    SLICE_X51Y51         FDRE (Prop_fdre_C_Q)         0.141     1.030 r  aes_bd_i/axi_dma_0/U0/I_PRMRY_DATAMOVER/GEN_MM2S_FULL.I_MM2S_FULL_WRAPPER/I_RESET/sig_s_h_halt_reg_reg/Q
                         net (fo=2, routed)           0.211     1.240    aes_bd_i/axi_dma_0/U0/I_PRMRY_DATAMOVER/GEN_MM2S_FULL.I_MM2S_FULL_WRAPPER/I_RESET/sig_rst2all_stop_request
    SLICE_X51Y48         LUT2 (Prop_lut2_I0_O)        0.045     1.285 r  aes_bd_i/axi_dma_0/U0/I_PRMRY_DATAMOVER/GEN_MM2S_FULL.I_MM2S_FULL_WRAPPER/I_RESET/sig_halt_reg_i_1/O
                         net (fo=1, routed)           0.000     1.285    aes_bd_i/axi_dma_0/U0/I_PRMRY_DATAMOVER/GEN_MM2S_FULL.I_MM2S_FULL_WRAPPER/I_RD_DATA_CNTL/sig_halt_reg_reg_1
    SLICE_X51Y48         FDRE                                         r  aes_bd_i/axi_dma_0/U0/I_PRMRY_DATAMOVER/GEN_MM2S_FULL.I_MM2S_FULL_WRAPPER/I_RD_DATA_CNTL/sig_halt_reg_reg/D
  -------------------------------------------------------------------    -------------------

                         (clock clk_fpga_0 rise edge)
                                                      0.000     0.000 r  
    PS7_X0Y0             PS7                          0.000     0.000 r  aes_bd_i/processing_system7_0/inst/PS7_i/FCLKCLK[0]
                         net (fo=1, routed)           0.337     0.337    aes_bd_i/processing_system7_0/inst/FCLK_CLK_unbuffered[0]
    BUFGCTRL_X0Y16       BUFG (Prop_bufg_I_O)         0.029     0.366 r  aes_bd_i/processing_system7_0/inst/buffer_fclk_clk_0.FCLK_CLK_0_BUFG/O
                         net (fo=8215, routed)        0.826     1.192    aes_bd_i/axi_dma_0/U0/I_PRMRY_DATAMOVER/GEN_MM2S_FULL.I_MM2S_FULL_WRAPPER/I_RD_DATA_CNTL/m_axi_mm2s_aclk
    SLICE_X51Y48         FDRE                                         r  aes_bd_i/axi_dma_0/U0/I_PRMRY_DATAMOVER/GEN_MM2S_FULL.I_MM2S_FULL_WRAPPER/I_RD_DATA_CNTL/sig_halt_reg_reg/C
                         clock pessimism             -0.030     1.162    
    SLICE_X51Y48         FDRE (Hold_fdre_C_D)         0.091     1.253    aes_bd_i/axi_dma_0/U0/I_PRMRY_DATAMOVER/GEN_MM2S_FULL.I_MM2S_FULL_WRAPPER/I_RD_DATA_CNTL/sig_halt_reg_reg
  -------------------------------------------------------------------
                         required time                         -1.253    
                         arrival time                           1.285    
  -------------------------------------------------------------------
                         slack                                  0.032    

Slack (MET) :             0.037ns  (arrival time - required time)
  Source:                 aes_bd_i/axi_smc/inst/switchboards/ar_switchboard/inst/gen_mi[0].inst_opipe_payld/gen_pipe[1].pipe_reg[1][72]/C
                            (rising edge-triggered cell FDRE clocked by clk_fpga_0  {rise@0.000ns fall@5.000ns period=10.000ns})
  Destination:            aes_bd_i/axi_smc/inst/m00_nodes/m00_ar_node/inst/inst_mi_handler/gen_normal_area.inst_fifo_node_payld/gen_xpm_memory_fifo.inst_fifo/gen_mem_rep[0].inst_xpm_memory/xpm_memory_base_inst/gen_wr_a.gen_word_narrow.mem_reg_0_31_72_77/RAMA/I
                            (rising edge-triggered cell RAMD32 clocked by clk_fpga_0  {rise@0.000ns fall@5.000ns period=10.000ns})
  Path Group:             clk_fpga_0
  Path Type:              Hold (Min at Fast Process Corner)
  Requirement:            0.000ns  (clk_fpga_0 rise@0.000ns - clk_fpga_0 rise@0.000ns)
  Data Path Delay:        0.197ns  (logic 0.141ns (71.611%)  route 0.056ns (28.389%))
  Logic Levels:           0  
  Clock Path Skew:        0.013ns (DCD - SCD - CPR)
    Destination Clock Delay (DCD):    1.194ns
    Source Clock Delay      (SCD):    0.897ns
    Clock Pessimism Removal (CPR):    0.284ns

    Location             Delay type                Incr(ns)  Path(ns)    Netlist Resource(s)
  -------------------------------------------------------------------    -------------------
                         (clock clk_fpga_0 rise edge)
                                                      0.000     0.000 r  
    PS7_X0Y0             PS7                          0.000     0.000 r  aes_bd_i/processing_system7_0/inst/PS7_i/FCLKCLK[0]
                         net (fo=1, routed)           0.310     0.310    aes_bd_i/processing_system7_0/inst/FCLK_CLK_unbuffered[0]
    BUFGCTRL_X0Y16       BUFG (Prop_bufg_I_O)         0.026     0.336 r  aes_bd_i/processing_system7_0/inst/buffer_fclk_clk_0.FCLK_CLK_0_BUFG/O
                         net (fo=8215, routed)        0.561     0.897    aes_bd_i/axi_smc/inst/switchboards/ar_switchboard/inst/gen_mi[0].inst_opipe_payld/aclk
    SLICE_X43Y41         FDRE                                         r  aes_bd_i/axi_smc/inst/switchboards/ar_switchboard/inst/gen_mi[0].inst_opipe_payld/gen_pipe[1].pipe_reg[1][72]/C
  -------------------------------------------------------------------    -------------------
    SLICE_X43Y41         FDRE (Prop_fdre_C_Q)         0.141     1.038 r  aes_bd_i/axi_smc/inst/switchboards/ar_switchboard/inst/gen_mi[0].inst_opipe_payld/gen_pipe[1].pipe_reg[1][72]/Q
                         net (fo=1, routed)           0.056     1.093    aes_bd_i/axi_smc/inst/m00_nodes/m00_ar_node/inst/inst_mi_handler/gen_normal_area.inst_fifo_node_payld/gen_xpm_memory_fifo.inst_fifo/gen_mem_rep[0].inst_xpm_memory/xpm_memory_base_inst/gen_wr_a.gen_word_narrow.mem_reg_0_31_72_77/DIA0
    SLICE_X42Y41         RAMD32                                       r  aes_bd_i/axi_smc/inst/m00_nodes/m00_ar_node/inst/inst_mi_handler/gen_normal_area.inst_fifo_node_payld/gen_xpm_memory_fifo.inst_fifo/gen_mem_rep[0].inst_xpm_memory/xpm_memory_base_inst/gen_wr_a.gen_word_narrow.mem_reg_0_31_72_77/RAMA/I
  -------------------------------------------------------------------    -------------------

                         (clock clk_fpga_0 rise edge)
                                                      0.000     0.000 r  
    PS7_X0Y0             PS7                          0.000     0.000 r  aes_bd_i/processing_system7_0/inst/PS7_i/FCLKCLK[0]
                         net (fo=1, routed)           0.337     0.337    aes_bd_i/processing_system7_0/inst/FCLK_CLK_unbuffered[0]
    BUFGCTRL_X0Y16       BUFG (Prop_bufg_I_O)         0.029     0.366 r  aes_bd_i/processing_system7_0/inst/buffer_fclk_clk_0.FCLK_CLK_0_BUFG/O
                         net (fo=8215, routed)        0.828     1.194    aes_bd_i/axi_smc/inst/m00_nodes/m00_ar_node/inst/inst_mi_handler/gen_normal_area.inst_fifo_node_payld/gen_xpm_memory_fifo.inst_fifo/gen_mem_rep[0].inst_xpm_memory/xpm_memory_base_inst/gen_wr_a.gen_word_narrow.mem_reg_0_31_72_77/WCLK
    SLICE_X42Y41         RAMD32                                       r  aes_bd_i/axi_smc/inst/m00_nodes/m00_ar_node/inst/inst_mi_handler/gen_normal_area.inst_fifo_node_payld/gen_xpm_memory_fifo.inst_fifo/gen_mem_rep[0].inst_xpm_memory/xpm_memory_base_inst/gen_wr_a.gen_word_narrow.mem_reg_0_31_72_77/RAMA/CLK
                         clock pessimism             -0.284     0.910    
    SLICE_X42Y41         RAMD32 (Hold_ramd32_CLK_I)
                                                      0.147     1.057    aes_bd_i/axi_smc/inst/m00_nodes/m00_ar_node/inst/inst_mi_handler/gen_normal_area.inst_fifo_node_payld/gen_xpm_memory_fifo.inst_fifo/gen_mem_rep[0].inst_xpm_memory/xpm_memory_base_inst/gen_wr_a.gen_word_narrow.mem_reg_0_31_72_77/RAMA
  -------------------------------------------------------------------
                         required time                         -1.057    
                         arrival time                           1.093    
  -------------------------------------------------------------------
                         slack                                  0.037    

Slack (MET) :             0.037ns  (arrival time - required time)
  Source:                 aes_bd_i/axi_smc/inst/switchboards/ar_switchboard/inst/gen_mi[0].inst_opipe_payld/gen_pipe[1].pipe_reg[1][78]/C
                            (rising edge-triggered cell FDRE clocked by clk_fpga_0  {rise@0.000ns fall@5.000ns period=10.000ns})
  Destination:            aes_bd_i/axi_smc/inst/m00_nodes/m00_ar_node/inst/inst_mi_handler/gen_normal_area.inst_fifo_node_payld/gen_xpm_memory_fifo.inst_fifo/gen_mem_rep[0].inst_xpm_memory/xpm_memory_base_inst/gen_wr_a.gen_word_narrow.mem_reg_0_31_78_83/RAMA/I
                            (rising edge-triggered cell RAMD32 clocked by clk_fpga_0  {rise@0.000ns fall@5.000ns period=10.000ns})
  Path Group:             clk_fpga_0
  Path Type:              Hold (Min at Fast Process Corner)
  Requirement:            0.000ns  (clk_fpga_0 rise@0.000ns - clk_fpga_0 rise@0.000ns)
  Data Path Delay:        0.197ns  (logic 0.141ns (71.611%)  route 0.056ns (28.389%))
  Logic Levels:           0  
  Clock Path Skew:        0.013ns (DCD - SCD - CPR)
    Destination Clock Delay (DCD):    1.194ns
    Source Clock Delay      (SCD):    0.897ns
    Clock Pessimism Removal (CPR):    0.284ns

    Location             Delay type                Incr(ns)  Path(ns)    Netlist Resource(s)
  -------------------------------------------------------------------    -------------------
                         (clock clk_fpga_0 rise edge)
                                                      0.000     0.000 r  
    PS7_X0Y0             PS7                          0.000     0.000 r  aes_bd_i/processing_system7_0/inst/PS7_i/FCLKCLK[0]
                         net (fo=1, routed)           0.310     0.310    aes_bd_i/processing_system7_0/inst/FCLK_CLK_unbuffered[0]
    BUFGCTRL_X0Y16       BUFG (Prop_bufg_I_O)         0.026     0.336 r  aes_bd_i/processing_system7_0/inst/buffer_fclk_clk_0.FCLK_CLK_0_BUFG/O
                         net (fo=8215, routed)        0.561     0.897    aes_bd_i/axi_smc/inst/switchboards/ar_switchboard/inst/gen_mi[0].inst_opipe_payld/aclk
    SLICE_X47Y41         FDRE                                         r  aes_bd_i/axi_smc/inst/switchboards/ar_switchboard/inst/gen_mi[0].inst_opipe_payld/gen_pipe[1].pipe_reg[1][78]/C
  -------------------------------------------------------------------    -------------------
    SLICE_X47Y41         FDRE (Prop_fdre_C_Q)         0.141     1.038 r  aes_bd_i/axi_smc/inst/switchboards/ar_switchboard/inst/gen_mi[0].inst_opipe_payld/gen_pipe[1].pipe_reg[1][78]/Q
                         net (fo=1, routed)           0.056     1.093    aes_bd_i/axi_smc/inst/m00_nodes/m00_ar_node/inst/inst_mi_handler/gen_normal_area.inst_fifo_node_payld/gen_xpm_memory_fifo.inst_fifo/gen_mem_rep[0].inst_xpm_memory/xpm_memory_base_inst/gen_wr_a.gen_word_narrow.mem_reg_0_31_78_83/DIA0
    SLICE_X46Y41         RAMD32                                       r  aes_bd_i/axi_smc/inst/m00_nodes/m00_ar_node/inst/inst_mi_handler/gen_normal_area.inst_fifo_node_payld/gen_xpm_memory_fifo.inst_fifo/gen_mem_rep[0].inst_xpm_memory/xpm_memory_base_inst/gen_wr_a.gen_word_narrow.mem_reg_0_31_78_83/RAMA/I
  -------------------------------------------------------------------    -------------------

                         (clock clk_fpga_0 rise edge)
                                                      0.000     0.000 r  
    PS7_X0Y0             PS7                          0.000     0.000 r  aes_bd_i/processing_system7_0/inst/PS7_i/FCLKCLK[0]
                         net (fo=1, routed)           0.337     0.337    aes_bd_i/processing_system7_0/inst/FCLK_CLK_unbuffered[0]
    BUFGCTRL_X0Y16       BUFG (Prop_bufg_I_O)         0.029     0.366 r  aes_bd_i/processing_system7_0/inst/buffer_fclk_clk_0.FCLK_CLK_0_BUFG/O
                         net (fo=8215, routed)        0.828     1.194    aes_bd_i/axi_smc/inst/m00_nodes/m00_ar_node/inst/inst_mi_handler/gen_normal_area.inst_fifo_node_payld/gen_xpm_memory_fifo.inst_fifo/gen_mem_rep[0].inst_xpm_memory/xpm_memory_base_inst/gen_wr_a.gen_word_narrow.mem_reg_0_31_78_83/WCLK
    SLICE_X46Y41         RAMD32                                       r  aes_bd_i/axi_smc/inst/m00_nodes/m00_ar_node/inst/inst_mi_handler/gen_normal_area.inst_fifo_node_payld/gen_xpm_memory_fifo.inst_fifo/gen_mem_rep[0].inst_xpm_memory/xpm_memory_base_inst/gen_wr_a.gen_word_narrow.mem_reg_0_31_78_83/RAMA/CLK
                         clock pessimism             -0.284     0.910    
    SLICE_X46Y41         RAMD32 (Hold_ramd32_CLK_I)
                                                      0.147     1.057    aes_bd_i/axi_smc/inst/m00_nodes/m00_ar_node/inst/inst_mi_handler/gen_normal_area.inst_fifo_node_payld/gen_xpm_memory_fifo.inst_fifo/gen_mem_rep[0].inst_xpm_memory/xpm_memory_base_inst/gen_wr_a.gen_word_narrow.mem_reg_0_31_78_83/RAMA
  -------------------------------------------------------------------
                         required time                         -1.057    
                         arrival time                           1.093    
  -------------------------------------------------------------------
                         slack                                  0.037    

Slack (MET) :             0.037ns  (arrival time - required time)
  Source:                 aes_bd_i/axi_smc/inst/switchboards/aw_switchboard/inst/gen_mi[0].inst_opipe_payld/gen_pipe[1].pipe_reg[1][126]/C
                            (rising edge-triggered cell FDRE clocked by clk_fpga_0  {rise@0.000ns fall@5.000ns period=10.000ns})
  Destination:            aes_bd_i/axi_smc/inst/m00_nodes/m00_aw_node/inst/inst_mi_handler/gen_normal_area.inst_fifo_node_payld/gen_xpm_memory_fifo.inst_fifo/gen_mem_rep[0].inst_xpm_memory/xpm_memory_base_inst/gen_wr_a.gen_word_narrow.mem_reg_0_31_126_131/RAMA/I
                            (rising edge-triggered cell RAMD32 clocked by clk_fpga_0  {rise@0.000ns fall@5.000ns period=10.000ns})
  Path Group:             clk_fpga_0
  Path Type:              Hold (Min at Fast Process Corner)
  Requirement:            0.000ns  (clk_fpga_0 rise@0.000ns - clk_fpga_0 rise@0.000ns)
  Data Path Delay:        0.197ns  (logic 0.141ns (71.611%)  route 0.056ns (28.389%))
  Logic Levels:           0  
  Clock Path Skew:        0.013ns (DCD - SCD - CPR)
    Destination Clock Delay (DCD):    1.188ns
    Source Clock Delay      (SCD):    0.890ns
    Clock Pessimism Removal (CPR):    0.285ns

    Location             Delay type                Incr(ns)  Path(ns)    Netlist Resource(s)
  -------------------------------------------------------------------    -------------------
                         (clock clk_fpga_0 rise edge)
                                                      0.000     0.000 r  
    PS7_X0Y0             PS7                          0.000     0.000 r  aes_bd_i/processing_system7_0/inst/PS7_i/FCLKCLK[0]
                         net (fo=1, routed)           0.310     0.310    aes_bd_i/processing_system7_0/inst/FCLK_CLK_unbuffered[0]
    BUFGCTRL_X0Y16       BUFG (Prop_bufg_I_O)         0.026     0.336 r  aes_bd_i/processing_system7_0/inst/buffer_fclk_clk_0.FCLK_CLK_0_BUFG/O
                         net (fo=8215, routed)        0.554     0.890    aes_bd_i/axi_smc/inst/switchboards/aw_switchboard/inst/gen_mi[0].inst_opipe_payld/aclk
    SLICE_X37Y60         FDRE                                         r  aes_bd_i/axi_smc/inst/switchboards/aw_switchboard/inst/gen_mi[0].inst_opipe_payld/gen_pipe[1].pipe_reg[1][126]/C
  -------------------------------------------------------------------    -------------------
    SLICE_X37Y60         FDRE (Prop_fdre_C_Q)         0.141     1.031 r  aes_bd_i/axi_smc/inst/switchboards/aw_switchboard/inst/gen_mi[0].inst_opipe_payld/gen_pipe[1].pipe_reg[1][126]/Q
                         net (fo=1, routed)           0.056     1.086    aes_bd_i/axi_smc/inst/m00_nodes/m00_aw_node/inst/inst_mi_handler/gen_normal_area.inst_fifo_node_payld/gen_xpm_memory_fifo.inst_fifo/gen_mem_rep[0].inst_xpm_memory/xpm_memory_base_inst/gen_wr_a.gen_word_narrow.mem_reg_0_31_126_131/DIA0
    SLICE_X36Y60         RAMD32                                       r  aes_bd_i/axi_smc/inst/m00_nodes/m00_aw_node/inst/inst_mi_handler/gen_normal_area.inst_fifo_node_payld/gen_xpm_memory_fifo.inst_fifo/gen_mem_rep[0].inst_xpm_memory/xpm_memory_base_inst/gen_wr_a.gen_word_narrow.mem_reg_0_31_126_131/RAMA/I
  -------------------------------------------------------------------    -------------------

                         (clock clk_fpga_0 rise edge)
                                                      0.000     0.000 r  
    PS7_X0Y0             PS7                          0.000     0.000 r  aes_bd_i/processing_system7_0/inst/PS7_i/FCLKCLK[0]
                         net (fo=1, routed)           0.337     0.337    aes_bd_i/processing_system7_0/inst/FCLK_CLK_unbuffered[0]
    BUFGCTRL_X0Y16       BUFG (Prop_bufg_I_O)         0.029     0.366 r  aes_bd_i/processing_system7_0/inst/buffer_fclk_clk_0.FCLK_CLK_0_BUFG/O
                         net (fo=8215, routed)        0.822     1.188    aes_bd_i/axi_smc/inst/m00_nodes/m00_aw_node/inst/inst_mi_handler/gen_normal_area.inst_fifo_node_payld/gen_xpm_memory_fifo.inst_fifo/gen_mem_rep[0].inst_xpm_memory/xpm_memory_base_inst/gen_wr_a.gen_word_narrow.mem_reg_0_31_126_131/WCLK
    SLICE_X36Y60         RAMD32                                       r  aes_bd_i/axi_smc/inst/m00_nodes/m00_aw_node/inst/inst_mi_handler/gen_normal_area.inst_fifo_node_payld/gen_xpm_memory_fifo.inst_fifo/gen_mem_rep[0].inst_xpm_memory/xpm_memory_base_inst/gen_wr_a.gen_word_narrow.mem_reg_0_31_126_131/RAMA/CLK
                         clock pessimism             -0.285     0.903    
    SLICE_X36Y60         RAMD32 (Hold_ramd32_CLK_I)
                                                      0.147     1.050    aes_bd_i/axi_smc/inst/m00_nodes/m00_aw_node/inst/inst_mi_handler/gen_normal_area.inst_fifo_node_payld/gen_xpm_memory_fifo.inst_fifo/gen_mem_rep[0].inst_xpm_memory/xpm_memory_base_inst/gen_wr_a.gen_word_narrow.mem_reg_0_31_126_131/RAMA
  -------------------------------------------------------------------
                         required time                         -1.050    
                         arrival time                           1.086    
  -------------------------------------------------------------------
                         slack                                  0.037    

Slack (MET) :             0.037ns  (arrival time - required time)
  Source:                 aes_bd_i/axi_smc/inst/switchboards/w_switchboard/inst/gen_mi[0].inst_opipe_payld/gen_pipe[1].pipe_reg[1][18]/C
                            (rising edge-triggered cell FDRE clocked by clk_fpga_0  {rise@0.000ns fall@5.000ns period=10.000ns})
  Destination:            aes_bd_i/axi_smc/inst/m00_nodes/m00_w_node/inst/inst_mi_handler/gen_normal_area.inst_fifo_node_payld/gen_xpm_memory_fifo.inst_fifo/gen_mem_rep[0].inst_xpm_memory/xpm_memory_base_inst/gen_wr_a.gen_word_narrow.mem_reg_0_31_18_23/RAMA/I
                            (rising edge-triggered cell RAMD32 clocked by clk_fpga_0  {rise@0.000ns fall@5.000ns period=10.000ns})
  Path Group:             clk_fpga_0
  Path Type:              Hold (Min at Fast Process Corner)
  Requirement:            0.000ns  (clk_fpga_0 rise@0.000ns - clk_fpga_0 rise@0.000ns)
  Data Path Delay:        0.197ns  (logic 0.141ns (71.611%)  route 0.056ns (28.389%))
  Logic Levels:           0  
  Clock Path Skew:        0.013ns (DCD - SCD - CPR)
    Destination Clock Delay (DCD):    1.211ns
    Source Clock Delay      (SCD):    0.913ns
    Clock Pessimism Removal (CPR):    0.285ns

    Location             Delay type                Incr(ns)  Path(ns)    Netlist Resource(s)
  -------------------------------------------------------------------    -------------------
                         (clock clk_fpga_0 rise edge)
                                                      0.000     0.000 r  
    PS7_X0Y0             PS7                          0.000     0.000 r  aes_bd_i/processing_system7_0/inst/PS7_i/FCLKCLK[0]
                         net (fo=1, routed)           0.310     0.310    aes_bd_i/processing_system7_0/inst/FCLK_CLK_unbuffered[0]
    BUFGCTRL_X0Y16       BUFG (Prop_bufg_I_O)         0.026     0.336 r  aes_bd_i/processing_system7_0/inst/buffer_fclk_clk_0.FCLK_CLK_0_BUFG/O
                         net (fo=8215, routed)        0.577     0.913    aes_bd_i/axi_smc/inst/switchboards/w_switchboard/inst/gen_mi[0].inst_opipe_payld/aclk
    SLICE_X31Y50         FDRE                                         r  aes_bd_i/axi_smc/inst/switchboards/w_switchboard/inst/gen_mi[0].inst_opipe_payld/gen_pipe[1].pipe_reg[1][18]/C
  -------------------------------------------------------------------    -------------------
    SLICE_X31Y50         FDRE (Prop_fdre_C_Q)         0.141     1.054 r  aes_bd_i/axi_smc/inst/switchboards/w_switchboard/inst/gen_mi[0].inst_opipe_payld/gen_pipe[1].pipe_reg[1][18]/Q
                         net (fo=1, routed)           0.056     1.109    aes_bd_i/axi_smc/inst/m00_nodes/m00_w_node/inst/inst_mi_handler/gen_normal_area.inst_fifo_node_payld/gen_xpm_memory_fifo.inst_fifo/gen_mem_rep[0].inst_xpm_memory/xpm_memory_base_inst/gen_wr_a.gen_word_narrow.mem_reg_0_31_18_23/DIA0
    SLICE_X30Y50         RAMD32                                       r  aes_bd_i/axi_smc/inst/m00_nodes/m00_w_node/inst/inst_mi_handler/gen_normal_area.inst_fifo_node_payld/gen_xpm_memory_fifo.inst_fifo/gen_mem_rep[0].inst_xpm_memory/xpm_memory_base_inst/gen_wr_a.gen_word_narrow.mem_reg_0_31_18_23/RAMA/I
  -------------------------------------------------------------------    -------------------

                         (clock clk_fpga_0 rise edge)
                                                      0.000     0.000 r  
    PS7_X0Y0             PS7                          0.000     0.000 r  aes_bd_i/processing_system7_0/inst/PS7_i/FCLKCLK[0]
                         net (fo=1, routed)           0.337     0.337    aes_bd_i/processing_system7_0/inst/FCLK_CLK_unbuffered[0]
    BUFGCTRL_X0Y16       BUFG (Prop_bufg_I_O)         0.029     0.366 r  aes_bd_i/processing_system7_0/inst/buffer_fclk_clk_0.FCLK_CLK_0_BUFG/O
                         net (fo=8215, routed)        0.845     1.211    aes_bd_i/axi_smc/inst/m00_nodes/m00_w_node/inst/inst_mi_handler/gen_normal_area.inst_fifo_node_payld/gen_xpm_memory_fifo.inst_fifo/gen_mem_rep[0].inst_xpm_memory/xpm_memory_base_inst/gen_wr_a.gen_word_narrow.mem_reg_0_31_18_23/WCLK
    SLICE_X30Y50         RAMD32                                       r  aes_bd_i/axi_smc/inst/m00_nodes/m00_w_node/inst/inst_mi_handler/gen_normal_area.inst_fifo_node_payld/gen_xpm_memory_fifo.inst_fifo/gen_mem_rep[0].inst_xpm_memory/xpm_memory_base_inst/gen_wr_a.gen_word_narrow.mem_reg_0_31_18_23/RAMA/CLK
                         clock pessimism             -0.285     0.926    
    SLICE_X30Y50         RAMD32 (Hold_ramd32_CLK_I)
                                                      0.147     1.073    aes_bd_i/axi_smc/inst/m00_nodes/m00_w_node/inst/inst_mi_handler/gen_normal_area.inst_fifo_node_payld/gen_xpm_memory_fifo.inst_fifo/gen_mem_rep[0].inst_xpm_memory/xpm_memory_base_inst/gen_wr_a.gen_word_narrow.mem_reg_0_31_18_23/RAMA
  -------------------------------------------------------------------
                         required time                         -1.073    
                         arrival time                           1.109    
  -------------------------------------------------------------------
                         slack                                  0.037    

Slack (MET) :             0.037ns  (arrival time - required time)
  Source:                 aes_bd_i/axi_smc/inst/switchboards/r_switchboard/inst/gen_mi[0].inst_opipe_payld/gen_pipe[1].pipe_reg[1][18]/C
                            (rising edge-triggered cell FDRE clocked by clk_fpga_0  {rise@0.000ns fall@5.000ns period=10.000ns})
  Destination:            aes_bd_i/axi_smc/inst/s00_nodes/s00_r_node/inst/inst_mi_handler/gen_normal_area.inst_fifo_node_payld/gen_xpm_memory_fifo.inst_fifo/gen_mem_rep[0].inst_xpm_memory/xpm_memory_base_inst/gen_wr_a.gen_word_narrow.mem_reg_0_31_18_23/RAMA/I
                            (rising edge-triggered cell RAMD32 clocked by clk_fpga_0  {rise@0.000ns fall@5.000ns period=10.000ns})
  Path Group:             clk_fpga_0
  Path Type:              Hold (Min at Fast Process Corner)
  Requirement:            0.000ns  (clk_fpga_0 rise@0.000ns - clk_fpga_0 rise@0.000ns)
  Data Path Delay:        0.197ns  (logic 0.141ns (71.611%)  route 0.056ns (28.389%))
  Logic Levels:           0  
  Clock Path Skew:        0.013ns (DCD - SCD - CPR)
    Destination Clock Delay (DCD):    1.223ns
    Source Clock Delay      (SCD):    0.925ns
    Clock Pessimism Removal (CPR):    0.285ns

    Location             Delay type                Incr(ns)  Path(ns)    Netlist Resource(s)
  -------------------------------------------------------------------    -------------------
                         (clock clk_fpga_0 rise edge)
                                                      0.000     0.000 r  
    PS7_X0Y0             PS7                          0.000     0.000 r  aes_bd_i/processing_system7_0/inst/PS7_i/FCLKCLK[0]
                         net (fo=1, routed)           0.310     0.310    aes_bd_i/processing_system7_0/inst/FCLK_CLK_unbuffered[0]
    BUFGCTRL_X0Y16       BUFG (Prop_bufg_I_O)         0.026     0.336 r  aes_bd_i/processing_system7_0/inst/buffer_fclk_clk_0.FCLK_CLK_0_BUFG/O
                         net (fo=8215, routed)        0.589     0.925    aes_bd_i/axi_smc/inst/switchboards/r_switchboard/inst/gen_mi[0].inst_opipe_payld/aclk
    SLICE_X31Y42         FDRE                                         r  aes_bd_i/axi_smc/inst/switchboards/r_switchboard/inst/gen_mi[0].inst_opipe_payld/gen_pipe[1].pipe_reg[1][18]/C
  -------------------------------------------------------------------    -------------------
    SLICE_X31Y42         FDRE (Prop_fdre_C_Q)         0.141     1.066 r  aes_bd_i/axi_smc/inst/switchboards/r_switchboard/inst/gen_mi[0].inst_opipe_payld/gen_pipe[1].pipe_reg[1][18]/Q
                         net (fo=1, routed)           0.056     1.121    aes_bd_i/axi_smc/inst/s00_nodes/s00_r_node/inst/inst_mi_handler/gen_normal_area.inst_fifo_node_payld/gen_xpm_memory_fifo.inst_fifo/gen_mem_rep[0].inst_xpm_memory/xpm_memory_base_inst/gen_wr_a.gen_word_narrow.mem_reg_0_31_18_23/DIA0
    SLICE_X30Y42         RAMD32                                       r  aes_bd_i/axi_smc/inst/s00_nodes/s00_r_node/inst/inst_mi_handler/gen_normal_area.inst_fifo_node_payld/gen_xpm_memory_fifo.inst_fifo/gen_mem_rep[0].inst_xpm_memory/xpm_memory_base_inst/gen_wr_a.gen_word_narrow.mem_reg_0_31_18_23/RAMA/I
  -------------------------------------------------------------------    -------------------

                         (clock clk_fpga_0 rise edge)
                                                      0.000     0.000 r  
    PS7_X0Y0             PS7                          0.000     0.000 r  aes_bd_i/processing_system7_0/inst/PS7_i/FCLKCLK[0]
                         net (fo=1, routed)           0.337     0.337    aes_bd_i/processing_system7_0/inst/FCLK_CLK_unbuffered[0]
    BUFGCTRL_X0Y16       BUFG (Prop_bufg_I_O)         0.029     0.366 r  aes_bd_i/processing_system7_0/inst/buffer_fclk_clk_0.FCLK_CLK_0_BUFG/O
                         net (fo=8215, routed)        0.857     1.223    aes_bd_i/axi_smc/inst/s00_nodes/s00_r_node/inst/inst_mi_handler/gen_normal_area.inst_fifo_node_payld/gen_xpm_memory_fifo.inst_fifo/gen_mem_rep[0].inst_xpm_memory/xpm_memory_base_inst/gen_wr_a.gen_word_narrow.mem_reg_0_31_18_23/WCLK
    SLICE_X30Y42         RAMD32                                       r  aes_bd_i/axi_smc/inst/s00_nodes/s00_r_node/inst/inst_mi_handler/gen_normal_area.inst_fifo_node_payld/gen_xpm_memory_fifo.inst_fifo/gen_mem_rep[0].inst_xpm_memory/xpm_memory_base_inst/gen_wr_a.gen_word_narrow.mem_reg_0_31_18_23/RAMA/CLK
                         clock pessimism             -0.285     0.938    
    SLICE_X30Y42         RAMD32 (Hold_ramd32_CLK_I)
                                                      0.147     1.085    aes_bd_i/axi_smc/inst/s00_nodes/s00_r_node/inst/inst_mi_handler/gen_normal_area.inst_fifo_node_payld/gen_xpm_memory_fifo.inst_fifo/gen_mem_rep[0].inst_xpm_memory/xpm_memory_base_inst/gen_wr_a.gen_word_narrow.mem_reg_0_31_18_23/RAMA
  -------------------------------------------------------------------
                         required time                         -1.085    
                         arrival time                           1.121    
  -------------------------------------------------------------------
                         slack                                  0.037    





Pulse Width Checks
--------------------------------------------------------------------------------------
Clock Name:         clk_fpga_0
Waveform(ns):       { 0.000 5.000 }
Period(ns):         10.000
Sources:            { aes_bd_i/processing_system7_0/inst/PS7_i/FCLKCLK[0] }

Check Type        Corner  Lib Pin             Reference Pin  Required(ns)  Actual(ns)  Slack(ns)  Location      Pin
Min Period        n/a     RAMB36E1/CLKARDCLK  n/a            2.944         10.000      7.056      RAMB36_X2Y6   aes_bd_i/aes_encrypt_top_0/U0/aes_encrypt_top_AXILiteS_s_axi_U/int_key_V/gen_write[1].mem_reg/CLKARDCLK
Min Period        n/a     RAMB36E1/CLKBWRCLK  n/a            2.944         10.000      7.056      RAMB36_X2Y6   aes_bd_i/aes_encrypt_top_0/U0/aes_encrypt_top_AXILiteS_s_axi_U/int_key_V/gen_write[1].mem_reg/CLKBWRCLK
Min Period        n/a     RAMB18E1/CLKBWRCLK  n/a            2.944         10.000      7.056      RAMB18_X1Y8   aes_bd_i/aes_encrypt_top_0/U0/output_U/aes_encrypt_top_odEe_ram_U/ram_reg/CLKBWRCLK
Min Period        n/a     RAMB18E1/CLKARDCLK  n/a            2.576         10.000      7.424      RAMB18_X1Y1   aes_bd_i/aes_encrypt_top_0/U0/roundKeys_10_V_U/aes_encrypt_top_reOg_ram_U/ram_reg/CLKARDCLK
Min Period        n/a     RAMB18E1/CLKBWRCLK  n/a            2.576         10.000      7.424      RAMB18_X1Y1   aes_bd_i/aes_encrypt_top_0/U0/roundKeys_10_V_U/aes_encrypt_top_reOg_ram_U/ram_reg/CLKBWRCLK
Min Period        n/a     RAMB18E1/CLKARDCLK  n/a            2.576         10.000      7.424      RAMB18_X0Y4   aes_bd_i/aes_encrypt_top_0/U0/roundKeys_4_V_U/aes_encrypt_top_reOg_ram_U/ram_reg/CLKARDCLK
Min Period        n/a     RAMB18E1/CLKBWRCLK  n/a            2.576         10.000      7.424      RAMB18_X0Y4   aes_bd_i/aes_encrypt_top_0/U0/roundKeys_4_V_U/aes_encrypt_top_reOg_ram_U/ram_reg/CLKBWRCLK
Min Period        n/a     RAMB18E1/CLKARDCLK  n/a            2.576         10.000      7.424      RAMB18_X2Y3   aes_bd_i/aes_encrypt_top_0/U0/roundKeys_11_V_U/aes_encrypt_top_reOg_ram_U/ram_reg/CLKARDCLK
Min Period        n/a     RAMB18E1/CLKBWRCLK  n/a            2.576         10.000      7.424      RAMB18_X2Y3   aes_bd_i/aes_encrypt_top_0/U0/roundKeys_11_V_U/aes_encrypt_top_reOg_ram_U/ram_reg/CLKBWRCLK
Min Period        n/a     RAMB18E1/CLKARDCLK  n/a            2.576         10.000      7.424      RAMB18_X2Y4   aes_bd_i/aes_encrypt_top_0/U0/roundKeys_5_V_U/aes_encrypt_top_reOg_ram_U/ram_reg/CLKARDCLK
Low Pulse Width   Fast    RAMD32/CLK          n/a            1.250         5.000       3.750      SLICE_X62Y74  aes_bd_i/axi_smc/inst/s01_nodes/s01_b_node/inst/inst_mi_handler/gen_normal_area.inst_fifo_node_payld/gen_xpm_memory_fifo.inst_fifo/gen_mem_rep[0].inst_xpm_memory/xpm_memory_base_inst/gen_wr_a.gen_word_narrow.mem_reg_0_31_0_5/RAMA/CLK
Low Pulse Width   Fast    RAMD32/CLK          n/a            1.250         5.000       3.750      SLICE_X62Y74  aes_bd_i/axi_smc/inst/s01_nodes/s01_b_node/inst/inst_mi_handler/gen_normal_area.inst_fifo_node_payld/gen_xpm_memory_fifo.inst_fifo/gen_mem_rep[0].inst_xpm_memory/xpm_memory_base_inst/gen_wr_a.gen_word_narrow.mem_reg_0_31_0_5/RAMA_D1/CLK
Low Pulse Width   Fast    RAMD32/CLK          n/a            1.250         5.000       3.750      SLICE_X62Y74  aes_bd_i/axi_smc/inst/s01_nodes/s01_b_node/inst/inst_mi_handler/gen_normal_area.inst_fifo_node_payld/gen_xpm_memory_fifo.inst_fifo/gen_mem_rep[0].inst_xpm_memory/xpm_memory_base_inst/gen_wr_a.gen_word_narrow.mem_reg_0_31_0_5/RAMB/CLK
Low Pulse Width   Fast    RAMD32/CLK          n/a            1.250         5.000       3.750      SLICE_X62Y74  aes_bd_i/axi_smc/inst/s01_nodes/s01_b_node/inst/inst_mi_handler/gen_normal_area.inst_fifo_node_payld/gen_xpm_memory_fifo.inst_fifo/gen_mem_rep[0].inst_xpm_memory/xpm_memory_base_inst/gen_wr_a.gen_word_narrow.mem_reg_0_31_0_5/RAMB_D1/CLK
Low Pulse Width   Fast    RAMD32/CLK          n/a            1.250         5.000       3.750      SLICE_X62Y74  aes_bd_i/axi_smc/inst/s01_nodes/s01_b_node/inst/inst_mi_handler/gen_normal_area.inst_fifo_node_payld/gen_xpm_memory_fifo.inst_fifo/gen_mem_rep[0].inst_xpm_memory/xpm_memory_base_inst/gen_wr_a.gen_word_narrow.mem_reg_0_31_0_5/RAMC/CLK
Low Pulse Width   Fast    RAMD32/CLK          n/a            1.250         5.000       3.750      SLICE_X62Y74  aes_bd_i/axi_smc/inst/s01_nodes/s01_b_node/inst/inst_mi_handler/gen_normal_area.inst_fifo_node_payld/gen_xpm_memory_fifo.inst_fifo/gen_mem_rep[0].inst_xpm_memory/xpm_memory_base_inst/gen_wr_a.gen_word_narrow.mem_reg_0_31_0_5/RAMC_D1/CLK
Low Pulse Width   Fast    RAMS32/CLK          n/a            1.250         5.000       3.750      SLICE_X62Y74  aes_bd_i/axi_smc/inst/s01_nodes/s01_b_node/inst/inst_mi_handler/gen_normal_area.inst_fifo_node_payld/gen_xpm_memory_fifo.inst_fifo/gen_mem_rep[0].inst_xpm_memory/xpm_memory_base_inst/gen_wr_a.gen_word_narrow.mem_reg_0_31_0_5/RAMD/CLK
Low Pulse Width   Fast    RAMS32/CLK          n/a            1.250         5.000       3.750      SLICE_X62Y74  aes_bd_i/axi_smc/inst/s01_nodes/s01_b_node/inst/inst_mi_handler/gen_normal_area.inst_fifo_node_payld/gen_xpm_memory_fifo.inst_fifo/gen_mem_rep[0].inst_xpm_memory/xpm_memory_base_inst/gen_wr_a.gen_word_narrow.mem_reg_0_31_0_5/RAMD_D1/CLK
Low Pulse Width   Slow    RAMD32/CLK          n/a            1.250         5.000       3.750      SLICE_X46Y41  aes_bd_i/axi_smc/inst/m00_nodes/m00_ar_node/inst/inst_mi_handler/gen_normal_area.inst_fifo_node_payld/gen_xpm_memory_fifo.inst_fifo/gen_mem_rep[0].inst_xpm_memory/xpm_memory_base_inst/gen_wr_a.gen_word_narrow.mem_reg_0_31_78_83/RAMA/CLK
Low Pulse Width   Fast    RAMD32/CLK          n/a            1.250         5.000       3.750      SLICE_X46Y41  aes_bd_i/axi_smc/inst/m00_nodes/m00_ar_node/inst/inst_mi_handler/gen_normal_area.inst_fifo_node_payld/gen_xpm_memory_fifo.inst_fifo/gen_mem_rep[0].inst_xpm_memory/xpm_memory_base_inst/gen_wr_a.gen_word_narrow.mem_reg_0_31_78_83/RAMA/CLK
High Pulse Width  Slow    RAMD32/CLK          n/a            1.250         5.000       3.750      SLICE_X42Y40  aes_bd_i/axi_smc/inst/m00_nodes/m00_ar_node/inst/inst_mi_handler/gen_normal_area.inst_fifo_node_payld/gen_xpm_memory_fifo.inst_fifo/gen_mem_rep[0].inst_xpm_memory/xpm_memory_base_inst/gen_wr_a.gen_word_narrow.mem_reg_0_31_84_89/RAMA/CLK
High Pulse Width  Slow    RAMD32/CLK          n/a            1.250         5.000       3.750      SLICE_X42Y40  aes_bd_i/axi_smc/inst/m00_nodes/m00_ar_node/inst/inst_mi_handler/gen_normal_area.inst_fifo_node_payld/gen_xpm_memory_fifo.inst_fifo/gen_mem_rep[0].inst_xpm_memory/xpm_memory_base_inst/gen_wr_a.gen_word_narrow.mem_reg_0_31_84_89/RAMA_D1/CLK
High Pulse Width  Slow    RAMD32/CLK          n/a            1.250         5.000       3.750      SLICE_X42Y40  aes_bd_i/axi_smc/inst/m00_nodes/m00_ar_node/inst/inst_mi_handler/gen_normal_area.inst_fifo_node_payld/gen_xpm_memory_fifo.inst_fifo/gen_mem_rep[0].inst_xpm_memory/xpm_memory_base_inst/gen_wr_a.gen_word_narrow.mem_reg_0_31_84_89/RAMB/CLK
High Pulse Width  Slow    RAMD32/CLK          n/a            1.250         5.000       3.750      SLICE_X42Y40  aes_bd_i/axi_smc/inst/m00_nodes/m00_ar_node/inst/inst_mi_handler/gen_normal_area.inst_fifo_node_payld/gen_xpm_memory_fifo.inst_fifo/gen_mem_rep[0].inst_xpm_memory/xpm_memory_base_inst/gen_wr_a.gen_word_narrow.mem_reg_0_31_84_89/RAMB_D1/CLK
High Pulse Width  Slow    RAMD32/CLK          n/a            1.250         5.000       3.750      SLICE_X42Y40  aes_bd_i/axi_smc/inst/m00_nodes/m00_ar_node/inst/inst_mi_handler/gen_normal_area.inst_fifo_node_payld/gen_xpm_memory_fifo.inst_fifo/gen_mem_rep[0].inst_xpm_memory/xpm_memory_base_inst/gen_wr_a.gen_word_narrow.mem_reg_0_31_84_89/RAMC/CLK
High Pulse Width  Slow    RAMD32/CLK          n/a            1.250         5.000       3.750      SLICE_X42Y40  aes_bd_i/axi_smc/inst/m00_nodes/m00_ar_node/inst/inst_mi_handler/gen_normal_area.inst_fifo_node_payld/gen_xpm_memory_fifo.inst_fifo/gen_mem_rep[0].inst_xpm_memory/xpm_memory_base_inst/gen_wr_a.gen_word_narrow.mem_reg_0_31_84_89/RAMC_D1/CLK
High Pulse Width  Slow    RAMS32/CLK          n/a            1.250         5.000       3.750      SLICE_X42Y40  aes_bd_i/axi_smc/inst/m00_nodes/m00_ar_node/inst/inst_mi_handler/gen_normal_area.inst_fifo_node_payld/gen_xpm_memory_fifo.inst_fifo/gen_mem_rep[0].inst_xpm_memory/xpm_memory_base_inst/gen_wr_a.gen_word_narrow.mem_reg_0_31_84_89/RAMD/CLK
High Pulse Width  Slow    RAMS32/CLK          n/a            1.250         5.000       3.750      SLICE_X42Y40  aes_bd_i/axi_smc/inst/m00_nodes/m00_ar_node/inst/inst_mi_handler/gen_normal_area.inst_fifo_node_payld/gen_xpm_memory_fifo.inst_fifo/gen_mem_rep[0].inst_xpm_memory/xpm_memory_base_inst/gen_wr_a.gen_word_narrow.mem_reg_0_31_84_89/RAMD_D1/CLK
High Pulse Width  Slow    RAMD32/CLK          n/a            1.250         5.000       3.750      SLICE_X46Y40  aes_bd_i/axi_smc/inst/s00_nodes/s00_ar_node/inst/inst_mi_handler/gen_normal_area.inst_fifo_node_payld/gen_xpm_memory_fifo.inst_fifo/gen_mem_rep[0].inst_xpm_memory/xpm_memory_base_inst/gen_wr_a.gen_word_narrow.mem_reg_0_31_6_11/RAMA/CLK
High Pulse Width  Slow    RAMD32/CLK          n/a            1.250         5.000       3.750      SLICE_X46Y40  aes_bd_i/axi_smc/inst/s00_nodes/s00_ar_node/inst/inst_mi_handler/gen_normal_area.inst_fifo_node_payld/gen_xpm_memory_fifo.inst_fifo/gen_mem_rep[0].inst_xpm_memory/xpm_memory_base_inst/gen_wr_a.gen_word_narrow.mem_reg_0_31_6_11/RAMA_D1/CLK



