

================================================================
== Vivado HLS Report for 'aes_encrypt_top'
================================================================
* Date:           Tue Apr 22 00:07:31 2025

* Version:        2018.3 (Build 2405991 on Thu Dec 06 23:56:15 MST 2018)
* Project:        aes
* Solution:       solution1
* Product family: zynq
* Target device:  xc7z020clg400-1


================================================================
== Performance Estimates
================================================================
+ Timing (ns): 
    * Summary: 
    +--------+-------+----------+------------+
    |  Clock | Target| Estimated| Uncertainty|
    +--------+-------+----------+------------+
    |ap_clk  |  10.00|     8.488|        1.25|
    +--------+-------+----------+------------+

+ Latency (clock cycles): 
    * Summary: 
    +-----+-----+-----+-----+---------+
    |  Latency  |  Interval | Pipeline|
    | min | max | min | max |   Type  |
    +-----+-----+-----+-----+---------+
    |  134|  134|  134|  134|   none  |
    +-----+-----+-----+-----+---------+

    + Detail: 
        * Instance: 
        N/A

        * Loop: 
        +----------+-----+-----+----------+-----------+-----------+------+----------+
        |          |  Latency  | Iteration|  Initiation Interval  | Trip |          |
        | Loop Name| min | max |  Latency |  achieved |   target  | Count| Pipelined|
        +----------+-----+-----+----------+-----------+-----------+------+----------+
        |- Loop 1  |   16|   16|         1|          1|          1|    16|    yes   |
        |- Loop 2  |   45|   45|         5|          5|          2|     9|    yes   |
        |- Loop 3  |   17|   17|         3|          1|          1|    16|    yes   |
        +----------+-----+-----+----------+-----------+-----------+------+----------+

============================================================
+ Verbose Summary: Synthesis Manager
============================================================
InlineROM: 1
ExposeGlobal: 0
============================================================
+ Verbose Summary: CDFG Model
============================================================
IsTopModel: 1
ResetActiveHigh: 1
IsCombinational: 0
IsDatapathOnly: 0
HasWiredReturn: 1
HasMFsm: 0
HasVarLatency: 1
IsPipeline: 0
IsRtlPipelined: 0
IsInstanceOverlapped: 0
IsDontTouch: 0
HasImplIP: 0
IsGatedGlobalClock: 0

+ Individual pipeline summary: 
  * Pipeline-0: initiation interval (II) = 1, depth = 1
  * Pipeline-1: initiation interval (II) = 5, depth = 5
  * Pipeline-2: initiation interval (II) = 1, depth = 3


============================================================
+ Verbose Summary: Schedule
============================================================
* Number of FSM states : 63
* Pipeline : 3
  Pipeline-0 : II = 1, D = 1, States = { 36 }
  Pipeline-1 : II = 5, D = 5, States = { 46 47 48 49 50 }
  Pipeline-2 : II = 1, D = 3, States = { 60 61 62 }
* Dataflow Pipeline: 0

* FSM state transitions: 
1 --> 
	2  / true
2 --> 
	3  / true
3 --> 
	4  / true
4 --> 
	5  / true
5 --> 
	6  / true
6 --> 
	7  / true
7 --> 
	8  / true
8 --> 
	9  / true
9 --> 
	10  / true
10 --> 
	11  / true
11 --> 
	12  / true
12 --> 
	13  / true
13 --> 
	14  / true
14 --> 
	15  / true
15 --> 
	16  / true
16 --> 
	17  / true
17 --> 
	18  / true
18 --> 
	19  / true
19 --> 
	20  / true
20 --> 
	21  / true
21 --> 
	22  / true
22 --> 
	23  / true
23 --> 
	24  / true
24 --> 
	25  / true
25 --> 
	26  / true
26 --> 
	27  / true
27 --> 
	28  / true
28 --> 
	29  / true
29 --> 
	30  / true
30 --> 
	31  / true
31 --> 
	32  / true
32 --> 
	33  / true
33 --> 
	34  / true
34 --> 
	35  / true
35 --> 
	36  / true
36 --> 
	37  / (exitcond1)
	36  / (!exitcond1)
37 --> 
	38  / true
38 --> 
	39  / true
39 --> 
	40  / true
40 --> 
	41  / true
41 --> 
	42  / true
42 --> 
	43  / true
43 --> 
	44  / true
44 --> 
	45  / true
45 --> 
	46  / true
46 --> 
	51  / (exitcond8_i)
	47  / (!exitcond8_i)
47 --> 
	48  / true
48 --> 
	49  / true
49 --> 
	50  / true
50 --> 
	46  / true
51 --> 
	52  / true
52 --> 
	53  / true
53 --> 
	54  / true
54 --> 
	55  / true
55 --> 
	56  / true
56 --> 
	57  / true
57 --> 
	58  / true
58 --> 
	59  / true
59 --> 
	60  / true
60 --> 
	63  / (exitcond)
	61  / (!exitcond)
61 --> 
	62  / true
62 --> 
	60  / true
63 --> 

* FSM state operations: 

State 1 <SV = 0> <Delay = 2.32>
ST_1 : Operation 64 [1/1] (0.00ns)   --->   "%input_V = alloca [16 x i8], align 1" [aes/aes_encrypt.cpp:200]   --->   Operation 64 'alloca' 'input_V' <Predicate = true> <Delay = 0.00> <Core = "RAM">   --->   Core 37 'RAM' <Latency = 1> <II = 1> <Delay = 2.32> <Storage> <Opcode : 'load' 'store'> <Ports = 2> <Width = 8> <Depth = 16> <RAM>
ST_1 : Operation 65 [1/1] (0.00ns)   --->   "%output = alloca [16 x i8], align 1"   --->   Operation 65 'alloca' 'output' <Predicate = true> <Delay = 0.00> <Core = "RAM">   --->   Core 37 'RAM' <Latency = 1> <II = 1> <Delay = 2.32> <Storage> <Opcode : 'load' 'store'> <Ports = 2> <Width = 8> <Depth = 16> <RAM>
ST_1 : Operation 66 [1/1] (0.00ns)   --->   "%roundKeys_0_V = alloca [11 x i8], align 1" [aes/aes_encrypt.cpp:202]   --->   Operation 66 'alloca' 'roundKeys_0_V' <Predicate = true> <Delay = 0.00> <Core = "RAM">   --->   Core 37 'RAM' <Latency = 1> <II = 1> <Delay = 2.32> <Storage> <Opcode : 'load' 'store'> <Ports = 2> <Width = 8> <Depth = 16> <RAM>
ST_1 : Operation 67 [1/1] (0.00ns)   --->   "%roundKeys_1_V = alloca [11 x i8], align 1" [aes/aes_encrypt.cpp:202]   --->   Operation 67 'alloca' 'roundKeys_1_V' <Predicate = true> <Delay = 0.00> <Core = "RAM">   --->   Core 37 'RAM' <Latency = 1> <II = 1> <Delay = 2.32> <Storage> <Opcode : 'load' 'store'> <Ports = 2> <Width = 8> <Depth = 16> <RAM>
ST_1 : Operation 68 [1/1] (0.00ns)   --->   "%roundKeys_2_V = alloca [11 x i8], align 1" [aes/aes_encrypt.cpp:202]   --->   Operation 68 'alloca' 'roundKeys_2_V' <Predicate = true> <Delay = 0.00> <Core = "RAM">   --->   Core 37 'RAM' <Latency = 1> <II = 1> <Delay = 2.32> <Storage> <Opcode : 'load' 'store'> <Ports = 2> <Width = 8> <Depth = 16> <RAM>
ST_1 : Operation 69 [1/1] (0.00ns)   --->   "%roundKeys_3_V = alloca [11 x i8], align 1" [aes/aes_encrypt.cpp:202]   --->   Operation 69 'alloca' 'roundKeys_3_V' <Predicate = true> <Delay = 0.00> <Core = "RAM">   --->   Core 37 'RAM' <Latency = 1> <II = 1> <Delay = 2.32> <Storage> <Opcode : 'load' 'store'> <Ports = 2> <Width = 8> <Depth = 16> <RAM>
ST_1 : Operation 70 [1/1] (0.00ns)   --->   "%roundKeys_4_V = alloca [11 x i8], align 1" [aes/aes_encrypt.cpp:202]   --->   Operation 70 'alloca' 'roundKeys_4_V' <Predicate = true> <Delay = 0.00> <Core = "RAM">   --->   Core 37 'RAM' <Latency = 1> <II = 1> <Delay = 2.32> <Storage> <Opcode : 'load' 'store'> <Ports = 2> <Width = 8> <Depth = 16> <RAM>
ST_1 : Operation 71 [1/1] (0.00ns)   --->   "%roundKeys_5_V = alloca [11 x i8], align 1" [aes/aes_encrypt.cpp:202]   --->   Operation 71 'alloca' 'roundKeys_5_V' <Predicate = true> <Delay = 0.00> <Core = "RAM">   --->   Core 37 'RAM' <Latency = 1> <II = 1> <Delay = 2.32> <Storage> <Opcode : 'load' 'store'> <Ports = 2> <Width = 8> <Depth = 16> <RAM>
ST_1 : Operation 72 [1/1] (0.00ns)   --->   "%roundKeys_6_V = alloca [11 x i8], align 1" [aes/aes_encrypt.cpp:202]   --->   Operation 72 'alloca' 'roundKeys_6_V' <Predicate = true> <Delay = 0.00> <Core = "RAM">   --->   Core 37 'RAM' <Latency = 1> <II = 1> <Delay = 2.32> <Storage> <Opcode : 'load' 'store'> <Ports = 2> <Width = 8> <Depth = 16> <RAM>
ST_1 : Operation 73 [1/1] (0.00ns)   --->   "%roundKeys_7_V = alloca [11 x i8], align 1" [aes/aes_encrypt.cpp:202]   --->   Operation 73 'alloca' 'roundKeys_7_V' <Predicate = true> <Delay = 0.00> <Core = "RAM">   --->   Core 37 'RAM' <Latency = 1> <II = 1> <Delay = 2.32> <Storage> <Opcode : 'load' 'store'> <Ports = 2> <Width = 8> <Depth = 16> <RAM>
ST_1 : Operation 74 [1/1] (0.00ns)   --->   "%roundKeys_8_V = alloca [11 x i8], align 1" [aes/aes_encrypt.cpp:202]   --->   Operation 74 'alloca' 'roundKeys_8_V' <Predicate = true> <Delay = 0.00> <Core = "RAM">   --->   Core 37 'RAM' <Latency = 1> <II = 1> <Delay = 2.32> <Storage> <Opcode : 'load' 'store'> <Ports = 2> <Width = 8> <Depth = 16> <RAM>
ST_1 : Operation 75 [1/1] (0.00ns)   --->   "%roundKeys_9_V = alloca [11 x i8], align 1" [aes/aes_encrypt.cpp:202]   --->   Operation 75 'alloca' 'roundKeys_9_V' <Predicate = true> <Delay = 0.00> <Core = "RAM">   --->   Core 37 'RAM' <Latency = 1> <II = 1> <Delay = 2.32> <Storage> <Opcode : 'load' 'store'> <Ports = 2> <Width = 8> <Depth = 16> <RAM>
ST_1 : Operation 76 [1/1] (0.00ns)   --->   "%roundKeys_10_V = alloca [11 x i8], align 1" [aes/aes_encrypt.cpp:202]   --->   Operation 76 'alloca' 'roundKeys_10_V' <Predicate = true> <Delay = 0.00> <Core = "RAM">   --->   Core 37 'RAM' <Latency = 1> <II = 1> <Delay = 2.32> <Storage> <Opcode : 'load' 'store'> <Ports = 2> <Width = 8> <Depth = 16> <RAM>
ST_1 : Operation 77 [1/1] (0.00ns)   --->   "%roundKeys_11_V = alloca [11 x i8], align 1" [aes/aes_encrypt.cpp:202]   --->   Operation 77 'alloca' 'roundKeys_11_V' <Predicate = true> <Delay = 0.00> <Core = "RAM">   --->   Core 37 'RAM' <Latency = 1> <II = 1> <Delay = 2.32> <Storage> <Opcode : 'load' 'store'> <Ports = 2> <Width = 8> <Depth = 16> <RAM>
ST_1 : Operation 78 [1/1] (0.00ns)   --->   "%roundKeys_12_V = alloca [11 x i8], align 1" [aes/aes_encrypt.cpp:202]   --->   Operation 78 'alloca' 'roundKeys_12_V' <Predicate = true> <Delay = 0.00> <Core = "RAM">   --->   Core 37 'RAM' <Latency = 1> <II = 1> <Delay = 2.32> <Storage> <Opcode : 'load' 'store'> <Ports = 2> <Width = 8> <Depth = 16> <RAM>
ST_1 : Operation 79 [1/1] (0.00ns)   --->   "%roundKeys_13_V = alloca [11 x i8], align 1" [aes/aes_encrypt.cpp:202]   --->   Operation 79 'alloca' 'roundKeys_13_V' <Predicate = true> <Delay = 0.00> <Core = "RAM">   --->   Core 37 'RAM' <Latency = 1> <II = 1> <Delay = 2.32> <Storage> <Opcode : 'load' 'store'> <Ports = 2> <Width = 8> <Depth = 16> <RAM>
ST_1 : Operation 80 [1/1] (0.00ns)   --->   "%roundKeys_14_V = alloca [11 x i8], align 1" [aes/aes_encrypt.cpp:202]   --->   Operation 80 'alloca' 'roundKeys_14_V' <Predicate = true> <Delay = 0.00> <Core = "RAM">   --->   Core 37 'RAM' <Latency = 1> <II = 1> <Delay = 2.32> <Storage> <Opcode : 'load' 'store'> <Ports = 2> <Width = 8> <Depth = 16> <RAM>
ST_1 : Operation 81 [1/1] (0.00ns)   --->   "%roundKeys_15_V = alloca [11 x i8], align 1" [aes/aes_encrypt.cpp:202]   --->   Operation 81 'alloca' 'roundKeys_15_V' <Predicate = true> <Delay = 0.00> <Core = "RAM">   --->   Core 37 'RAM' <Latency = 1> <II = 1> <Delay = 2.32> <Storage> <Opcode : 'load' 'store'> <Ports = 2> <Width = 8> <Depth = 16> <RAM>
ST_1 : Operation 82 [1/1] (0.00ns)   --->   "%key_V_addr_12 = getelementptr [16 x i8]* %key_V, i64 0, i64 12" [aes/aes_encrypt.cpp:69->aes/aes_encrypt.cpp:209]   --->   Operation 82 'getelementptr' 'key_V_addr_12' <Predicate = true> <Delay = 0.00>
ST_1 : Operation 83 [2/2] (2.32ns)   --->   "%key_V_load_12 = load i8* %key_V_addr_12, align 1" [aes/aes_encrypt.cpp:69->aes/aes_encrypt.cpp:209]   --->   Operation 83 'load' 'key_V_load_12' <Predicate = true> <Delay = 2.32> <Core = "RAM_1P">   --->   Core 44 'RAM_1P' <Latency = 1> <II = 1> <Delay = 2.32> <Storage> <Opcode : 'load' 'store'> <Ports = 1> <Width = 8> <Depth = 16> <RAM>

State 2 <SV = 1> <Delay = 2.32>
ST_2 : Operation 84 [1/2] (2.32ns)   --->   "%key_V_load_12 = load i8* %key_V_addr_12, align 1" [aes/aes_encrypt.cpp:69->aes/aes_encrypt.cpp:209]   --->   Operation 84 'load' 'key_V_load_12' <Predicate = true> <Delay = 2.32> <Core = "RAM_1P">   --->   Core 44 'RAM_1P' <Latency = 1> <II = 1> <Delay = 2.32> <Storage> <Opcode : 'load' 'store'> <Ports = 1> <Width = 8> <Depth = 16> <RAM>
ST_2 : Operation 85 [1/1] (0.00ns)   --->   "%key_V_addr_13 = getelementptr [16 x i8]* %key_V, i64 0, i64 13" [aes/aes_encrypt.cpp:69->aes/aes_encrypt.cpp:209]   --->   Operation 85 'getelementptr' 'key_V_addr_13' <Predicate = true> <Delay = 0.00>
ST_2 : Operation 86 [2/2] (2.32ns)   --->   "%key_V_load_13 = load i8* %key_V_addr_13, align 1" [aes/aes_encrypt.cpp:69->aes/aes_encrypt.cpp:209]   --->   Operation 86 'load' 'key_V_load_13' <Predicate = true> <Delay = 2.32> <Core = "RAM_1P">   --->   Core 44 'RAM_1P' <Latency = 1> <II = 1> <Delay = 2.32> <Storage> <Opcode : 'load' 'store'> <Ports = 1> <Width = 8> <Depth = 16> <RAM>

State 3 <SV = 2> <Delay = 2.32>
ST_3 : Operation 87 [1/2] (2.32ns)   --->   "%key_V_load_13 = load i8* %key_V_addr_13, align 1" [aes/aes_encrypt.cpp:69->aes/aes_encrypt.cpp:209]   --->   Operation 87 'load' 'key_V_load_13' <Predicate = true> <Delay = 2.32> <Core = "RAM_1P">   --->   Core 44 'RAM_1P' <Latency = 1> <II = 1> <Delay = 2.32> <Storage> <Opcode : 'load' 'store'> <Ports = 1> <Width = 8> <Depth = 16> <RAM>
ST_3 : Operation 88 [1/1] (0.00ns)   --->   "%key_V_addr_14 = getelementptr [16 x i8]* %key_V, i64 0, i64 14" [aes/aes_encrypt.cpp:69->aes/aes_encrypt.cpp:209]   --->   Operation 88 'getelementptr' 'key_V_addr_14' <Predicate = true> <Delay = 0.00>
ST_3 : Operation 89 [2/2] (2.32ns)   --->   "%key_V_load_14 = load i8* %key_V_addr_14, align 1" [aes/aes_encrypt.cpp:69->aes/aes_encrypt.cpp:209]   --->   Operation 89 'load' 'key_V_load_14' <Predicate = true> <Delay = 2.32> <Core = "RAM_1P">   --->   Core 44 'RAM_1P' <Latency = 1> <II = 1> <Delay = 2.32> <Storage> <Opcode : 'load' 'store'> <Ports = 1> <Width = 8> <Depth = 16> <RAM>

State 4 <SV = 3> <Delay = 2.32>
ST_4 : Operation 90 [1/2] (2.32ns)   --->   "%key_V_load_14 = load i8* %key_V_addr_14, align 1" [aes/aes_encrypt.cpp:69->aes/aes_encrypt.cpp:209]   --->   Operation 90 'load' 'key_V_load_14' <Predicate = true> <Delay = 2.32> <Core = "RAM_1P">   --->   Core 44 'RAM_1P' <Latency = 1> <II = 1> <Delay = 2.32> <Storage> <Opcode : 'load' 'store'> <Ports = 1> <Width = 8> <Depth = 16> <RAM>
ST_4 : Operation 91 [1/1] (0.00ns)   --->   "%key_V_addr_15 = getelementptr [16 x i8]* %key_V, i64 0, i64 15" [aes/aes_encrypt.cpp:69->aes/aes_encrypt.cpp:209]   --->   Operation 91 'getelementptr' 'key_V_addr_15' <Predicate = true> <Delay = 0.00>
ST_4 : Operation 92 [2/2] (2.32ns)   --->   "%key_V_load_15 = load i8* %key_V_addr_15, align 1" [aes/aes_encrypt.cpp:69->aes/aes_encrypt.cpp:209]   --->   Operation 92 'load' 'key_V_load_15' <Predicate = true> <Delay = 2.32> <Core = "RAM_1P">   --->   Core 44 'RAM_1P' <Latency = 1> <II = 1> <Delay = 2.32> <Storage> <Opcode : 'load' 'store'> <Ports = 1> <Width = 8> <Depth = 16> <RAM>

State 5 <SV = 4> <Delay = 2.32>
ST_5 : Operation 93 [1/1] (0.00ns)   --->   "%key_V_addr = getelementptr [16 x i8]* %key_V, i64 0, i64 0" [aes/aes_encrypt.cpp:69->aes/aes_encrypt.cpp:209]   --->   Operation 93 'getelementptr' 'key_V_addr' <Predicate = true> <Delay = 0.00>
ST_5 : Operation 94 [2/2] (2.32ns)   --->   "%key_V_load = load i8* %key_V_addr, align 1" [aes/aes_encrypt.cpp:69->aes/aes_encrypt.cpp:209]   --->   Operation 94 'load' 'key_V_load' <Predicate = true> <Delay = 2.32> <Core = "RAM_1P">   --->   Core 44 'RAM_1P' <Latency = 1> <II = 1> <Delay = 2.32> <Storage> <Opcode : 'load' 'store'> <Ports = 1> <Width = 8> <Depth = 16> <RAM>
ST_5 : Operation 95 [1/2] (2.32ns)   --->   "%key_V_load_15 = load i8* %key_V_addr_15, align 1" [aes/aes_encrypt.cpp:69->aes/aes_encrypt.cpp:209]   --->   Operation 95 'load' 'key_V_load_15' <Predicate = true> <Delay = 2.32> <Core = "RAM_1P">   --->   Core 44 'RAM_1P' <Latency = 1> <II = 1> <Delay = 2.32> <Storage> <Opcode : 'load' 'store'> <Ports = 1> <Width = 8> <Depth = 16> <RAM>

State 6 <SV = 5> <Delay = 2.32>
ST_6 : Operation 96 [1/2] (2.32ns)   --->   "%key_V_load = load i8* %key_V_addr, align 1" [aes/aes_encrypt.cpp:69->aes/aes_encrypt.cpp:209]   --->   Operation 96 'load' 'key_V_load' <Predicate = true> <Delay = 2.32> <Core = "RAM_1P">   --->   Core 44 'RAM_1P' <Latency = 1> <II = 1> <Delay = 2.32> <Storage> <Opcode : 'load' 'store'> <Ports = 1> <Width = 8> <Depth = 16> <RAM>
ST_6 : Operation 97 [1/1] (0.00ns)   --->   "%key_V_addr_1 = getelementptr [16 x i8]* %key_V, i64 0, i64 1" [aes/aes_encrypt.cpp:69->aes/aes_encrypt.cpp:209]   --->   Operation 97 'getelementptr' 'key_V_addr_1' <Predicate = true> <Delay = 0.00>
ST_6 : Operation 98 [2/2] (2.32ns)   --->   "%key_V_load_1 = load i8* %key_V_addr_1, align 1" [aes/aes_encrypt.cpp:69->aes/aes_encrypt.cpp:209]   --->   Operation 98 'load' 'key_V_load_1' <Predicate = true> <Delay = 2.32> <Core = "RAM_1P">   --->   Core 44 'RAM_1P' <Latency = 1> <II = 1> <Delay = 2.32> <Storage> <Opcode : 'load' 'store'> <Ports = 1> <Width = 8> <Depth = 16> <RAM>

State 7 <SV = 6> <Delay = 2.32>
ST_7 : Operation 99 [1/2] (2.32ns)   --->   "%key_V_load_1 = load i8* %key_V_addr_1, align 1" [aes/aes_encrypt.cpp:69->aes/aes_encrypt.cpp:209]   --->   Operation 99 'load' 'key_V_load_1' <Predicate = true> <Delay = 2.32> <Core = "RAM_1P">   --->   Core 44 'RAM_1P' <Latency = 1> <II = 1> <Delay = 2.32> <Storage> <Opcode : 'load' 'store'> <Ports = 1> <Width = 8> <Depth = 16> <RAM>
ST_7 : Operation 100 [1/1] (0.00ns)   --->   "%key_V_addr_2 = getelementptr [16 x i8]* %key_V, i64 0, i64 2" [aes/aes_encrypt.cpp:69->aes/aes_encrypt.cpp:209]   --->   Operation 100 'getelementptr' 'key_V_addr_2' <Predicate = true> <Delay = 0.00>
ST_7 : Operation 101 [2/2] (2.32ns)   --->   "%key_V_load_2 = load i8* %key_V_addr_2, align 1" [aes/aes_encrypt.cpp:69->aes/aes_encrypt.cpp:209]   --->   Operation 101 'load' 'key_V_load_2' <Predicate = true> <Delay = 2.32> <Core = "RAM_1P">   --->   Core 44 'RAM_1P' <Latency = 1> <II = 1> <Delay = 2.32> <Storage> <Opcode : 'load' 'store'> <Ports = 1> <Width = 8> <Depth = 16> <RAM>

State 8 <SV = 7> <Delay = 2.32>
ST_8 : Operation 102 [1/2] (2.32ns)   --->   "%key_V_load_2 = load i8* %key_V_addr_2, align 1" [aes/aes_encrypt.cpp:69->aes/aes_encrypt.cpp:209]   --->   Operation 102 'load' 'key_V_load_2' <Predicate = true> <Delay = 2.32> <Core = "RAM_1P">   --->   Core 44 'RAM_1P' <Latency = 1> <II = 1> <Delay = 2.32> <Storage> <Opcode : 'load' 'store'> <Ports = 1> <Width = 8> <Depth = 16> <RAM>
ST_8 : Operation 103 [1/1] (0.00ns)   --->   "%key_V_addr_3 = getelementptr [16 x i8]* %key_V, i64 0, i64 3" [aes/aes_encrypt.cpp:69->aes/aes_encrypt.cpp:209]   --->   Operation 103 'getelementptr' 'key_V_addr_3' <Predicate = true> <Delay = 0.00>
ST_8 : Operation 104 [2/2] (2.32ns)   --->   "%key_V_load_3 = load i8* %key_V_addr_3, align 1" [aes/aes_encrypt.cpp:69->aes/aes_encrypt.cpp:209]   --->   Operation 104 'load' 'key_V_load_3' <Predicate = true> <Delay = 2.32> <Core = "RAM_1P">   --->   Core 44 'RAM_1P' <Latency = 1> <II = 1> <Delay = 2.32> <Storage> <Opcode : 'load' 'store'> <Ports = 1> <Width = 8> <Depth = 16> <RAM>

State 9 <SV = 8> <Delay = 2.32>
ST_9 : Operation 105 [1/2] (2.32ns)   --->   "%key_V_load_3 = load i8* %key_V_addr_3, align 1" [aes/aes_encrypt.cpp:69->aes/aes_encrypt.cpp:209]   --->   Operation 105 'load' 'key_V_load_3' <Predicate = true> <Delay = 2.32> <Core = "RAM_1P">   --->   Core 44 'RAM_1P' <Latency = 1> <II = 1> <Delay = 2.32> <Storage> <Opcode : 'load' 'store'> <Ports = 1> <Width = 8> <Depth = 16> <RAM>
ST_9 : Operation 106 [1/1] (0.00ns)   --->   "%key_V_addr_4 = getelementptr [16 x i8]* %key_V, i64 0, i64 4" [aes/aes_encrypt.cpp:69->aes/aes_encrypt.cpp:209]   --->   Operation 106 'getelementptr' 'key_V_addr_4' <Predicate = true> <Delay = 0.00>
ST_9 : Operation 107 [2/2] (2.32ns)   --->   "%key_V_load_4 = load i8* %key_V_addr_4, align 1" [aes/aes_encrypt.cpp:69->aes/aes_encrypt.cpp:209]   --->   Operation 107 'load' 'key_V_load_4' <Predicate = true> <Delay = 2.32> <Core = "RAM_1P">   --->   Core 44 'RAM_1P' <Latency = 1> <II = 1> <Delay = 2.32> <Storage> <Opcode : 'load' 'store'> <Ports = 1> <Width = 8> <Depth = 16> <RAM>

State 10 <SV = 9> <Delay = 2.32>
ST_10 : Operation 108 [1/2] (2.32ns)   --->   "%key_V_load_4 = load i8* %key_V_addr_4, align 1" [aes/aes_encrypt.cpp:69->aes/aes_encrypt.cpp:209]   --->   Operation 108 'load' 'key_V_load_4' <Predicate = true> <Delay = 2.32> <Core = "RAM_1P">   --->   Core 44 'RAM_1P' <Latency = 1> <II = 1> <Delay = 2.32> <Storage> <Opcode : 'load' 'store'> <Ports = 1> <Width = 8> <Depth = 16> <RAM>
ST_10 : Operation 109 [1/1] (0.00ns)   --->   "%key_V_addr_5 = getelementptr [16 x i8]* %key_V, i64 0, i64 5" [aes/aes_encrypt.cpp:69->aes/aes_encrypt.cpp:209]   --->   Operation 109 'getelementptr' 'key_V_addr_5' <Predicate = true> <Delay = 0.00>
ST_10 : Operation 110 [2/2] (2.32ns)   --->   "%key_V_load_5 = load i8* %key_V_addr_5, align 1" [aes/aes_encrypt.cpp:69->aes/aes_encrypt.cpp:209]   --->   Operation 110 'load' 'key_V_load_5' <Predicate = true> <Delay = 2.32> <Core = "RAM_1P">   --->   Core 44 'RAM_1P' <Latency = 1> <II = 1> <Delay = 2.32> <Storage> <Opcode : 'load' 'store'> <Ports = 1> <Width = 8> <Depth = 16> <RAM>

State 11 <SV = 10> <Delay = 2.32>
ST_11 : Operation 111 [1/2] (2.32ns)   --->   "%key_V_load_5 = load i8* %key_V_addr_5, align 1" [aes/aes_encrypt.cpp:69->aes/aes_encrypt.cpp:209]   --->   Operation 111 'load' 'key_V_load_5' <Predicate = true> <Delay = 2.32> <Core = "RAM_1P">   --->   Core 44 'RAM_1P' <Latency = 1> <II = 1> <Delay = 2.32> <Storage> <Opcode : 'load' 'store'> <Ports = 1> <Width = 8> <Depth = 16> <RAM>
ST_11 : Operation 112 [1/1] (0.00ns)   --->   "%key_V_addr_6 = getelementptr [16 x i8]* %key_V, i64 0, i64 6" [aes/aes_encrypt.cpp:69->aes/aes_encrypt.cpp:209]   --->   Operation 112 'getelementptr' 'key_V_addr_6' <Predicate = true> <Delay = 0.00>
ST_11 : Operation 113 [2/2] (2.32ns)   --->   "%key_V_load_6 = load i8* %key_V_addr_6, align 1" [aes/aes_encrypt.cpp:69->aes/aes_encrypt.cpp:209]   --->   Operation 113 'load' 'key_V_load_6' <Predicate = true> <Delay = 2.32> <Core = "RAM_1P">   --->   Core 44 'RAM_1P' <Latency = 1> <II = 1> <Delay = 2.32> <Storage> <Opcode : 'load' 'store'> <Ports = 1> <Width = 8> <Depth = 16> <RAM>

State 12 <SV = 11> <Delay = 3.25>
ST_12 : Operation 114 [1/2] (2.32ns)   --->   "%key_V_load_6 = load i8* %key_V_addr_6, align 1" [aes/aes_encrypt.cpp:69->aes/aes_encrypt.cpp:209]   --->   Operation 114 'load' 'key_V_load_6' <Predicate = true> <Delay = 2.32> <Core = "RAM_1P">   --->   Core 44 'RAM_1P' <Latency = 1> <II = 1> <Delay = 2.32> <Storage> <Opcode : 'load' 'store'> <Ports = 1> <Width = 8> <Depth = 16> <RAM>
ST_12 : Operation 115 [1/1] (0.00ns)   --->   "%key_V_addr_7 = getelementptr [16 x i8]* %key_V, i64 0, i64 7" [aes/aes_encrypt.cpp:69->aes/aes_encrypt.cpp:209]   --->   Operation 115 'getelementptr' 'key_V_addr_7' <Predicate = true> <Delay = 0.00>
ST_12 : Operation 116 [2/2] (2.32ns)   --->   "%key_V_load_7 = load i8* %key_V_addr_7, align 1" [aes/aes_encrypt.cpp:69->aes/aes_encrypt.cpp:209]   --->   Operation 116 'load' 'key_V_load_7' <Predicate = true> <Delay = 2.32> <Core = "RAM_1P">   --->   Core 44 'RAM_1P' <Latency = 1> <II = 1> <Delay = 2.32> <Storage> <Opcode : 'load' 'store'> <Ports = 1> <Width = 8> <Depth = 16> <RAM>
ST_12 : Operation 117 [1/1] (0.00ns)   --->   "%tmp_7 = zext i8 %key_V_load_12 to i64" [aes/aes_encrypt.cpp:85->aes/aes_encrypt.cpp:209]   --->   Operation 117 'zext' 'tmp_7' <Predicate = true> <Delay = 0.00>
ST_12 : Operation 118 [1/1] (0.00ns)   --->   "%sboxExp_V_addr_3 = getelementptr [256 x i8]* @sboxExp_V, i64 0, i64 %tmp_7" [aes/aes_encrypt.cpp:85->aes/aes_encrypt.cpp:209]   --->   Operation 118 'getelementptr' 'sboxExp_V_addr_3' <Predicate = true> <Delay = 0.00>
ST_12 : Operation 119 [2/2] (3.25ns)   --->   "%sboxExp_V_load_3 = load i8* %sboxExp_V_addr_3, align 1" [aes/aes_encrypt.cpp:85->aes/aes_encrypt.cpp:209]   --->   Operation 119 'load' 'sboxExp_V_load_3' <Predicate = true> <Delay = 3.25> <Core = "ROM_2P">   --->   Core 56 'ROM_2P' <Latency = 1> <II = 1> <Delay = 3.25> <Storage> <Opcode : 'load'> <Ports = 2> <Width = 8> <Depth = 256> <ROM>

State 13 <SV = 12> <Delay = 3.25>
ST_13 : Operation 120 [1/2] (2.32ns)   --->   "%key_V_load_7 = load i8* %key_V_addr_7, align 1" [aes/aes_encrypt.cpp:69->aes/aes_encrypt.cpp:209]   --->   Operation 120 'load' 'key_V_load_7' <Predicate = true> <Delay = 2.32> <Core = "RAM_1P">   --->   Core 44 'RAM_1P' <Latency = 1> <II = 1> <Delay = 2.32> <Storage> <Opcode : 'load' 'store'> <Ports = 1> <Width = 8> <Depth = 16> <RAM>
ST_13 : Operation 121 [1/1] (0.00ns)   --->   "%key_V_addr_8 = getelementptr [16 x i8]* %key_V, i64 0, i64 8" [aes/aes_encrypt.cpp:69->aes/aes_encrypt.cpp:209]   --->   Operation 121 'getelementptr' 'key_V_addr_8' <Predicate = true> <Delay = 0.00>
ST_13 : Operation 122 [2/2] (2.32ns)   --->   "%key_V_load_8 = load i8* %key_V_addr_8, align 1" [aes/aes_encrypt.cpp:69->aes/aes_encrypt.cpp:209]   --->   Operation 122 'load' 'key_V_load_8' <Predicate = true> <Delay = 2.32> <Core = "RAM_1P">   --->   Core 44 'RAM_1P' <Latency = 1> <II = 1> <Delay = 2.32> <Storage> <Opcode : 'load' 'store'> <Ports = 1> <Width = 8> <Depth = 16> <RAM>
ST_13 : Operation 123 [1/1] (0.00ns)   --->   "%tmp_3 = zext i8 %key_V_load_13 to i64" [aes/aes_encrypt.cpp:82->aes/aes_encrypt.cpp:209]   --->   Operation 123 'zext' 'tmp_3' <Predicate = true> <Delay = 0.00>
ST_13 : Operation 124 [1/1] (0.00ns)   --->   "%sboxExp_V_addr = getelementptr [256 x i8]* @sboxExp_V, i64 0, i64 %tmp_3" [aes/aes_encrypt.cpp:82->aes/aes_encrypt.cpp:209]   --->   Operation 124 'getelementptr' 'sboxExp_V_addr' <Predicate = true> <Delay = 0.00>
ST_13 : Operation 125 [2/2] (3.25ns)   --->   "%sboxExp_V_load = load i8* %sboxExp_V_addr, align 1" [aes/aes_encrypt.cpp:82->aes/aes_encrypt.cpp:209]   --->   Operation 125 'load' 'sboxExp_V_load' <Predicate = true> <Delay = 3.25> <Core = "ROM_2P">   --->   Core 56 'ROM_2P' <Latency = 1> <II = 1> <Delay = 3.25> <Storage> <Opcode : 'load'> <Ports = 2> <Width = 8> <Depth = 256> <ROM>
ST_13 : Operation 126 [1/1] (0.00ns)   --->   "%tmp_1 = zext i8 %key_V_load_14 to i64" [aes/aes_encrypt.cpp:83->aes/aes_encrypt.cpp:209]   --->   Operation 126 'zext' 'tmp_1' <Predicate = true> <Delay = 0.00>
ST_13 : Operation 127 [1/1] (0.00ns)   --->   "%sboxExp_V_addr_1 = getelementptr [256 x i8]* @sboxExp_V, i64 0, i64 %tmp_1" [aes/aes_encrypt.cpp:83->aes/aes_encrypt.cpp:209]   --->   Operation 127 'getelementptr' 'sboxExp_V_addr_1' <Predicate = true> <Delay = 0.00>
ST_13 : Operation 128 [2/2] (3.25ns)   --->   "%sboxExp_V_load_1 = load i8* %sboxExp_V_addr_1, align 1" [aes/aes_encrypt.cpp:83->aes/aes_encrypt.cpp:209]   --->   Operation 128 'load' 'sboxExp_V_load_1' <Predicate = true> <Delay = 3.25> <Core = "ROM_2P">   --->   Core 56 'ROM_2P' <Latency = 1> <II = 1> <Delay = 3.25> <Storage> <Opcode : 'load'> <Ports = 2> <Width = 8> <Depth = 256> <ROM>
ST_13 : Operation 129 [1/2] (3.25ns)   --->   "%sboxExp_V_load_3 = load i8* %sboxExp_V_addr_3, align 1" [aes/aes_encrypt.cpp:85->aes/aes_encrypt.cpp:209]   --->   Operation 129 'load' 'sboxExp_V_load_3' <Predicate = true> <Delay = 3.25> <Core = "ROM_2P">   --->   Core 56 'ROM_2P' <Latency = 1> <II = 1> <Delay = 3.25> <Storage> <Opcode : 'load'> <Ports = 2> <Width = 8> <Depth = 256> <ROM>

State 14 <SV = 13> <Delay = 3.25>
ST_14 : Operation 130 [1/2] (2.32ns)   --->   "%key_V_load_8 = load i8* %key_V_addr_8, align 1" [aes/aes_encrypt.cpp:69->aes/aes_encrypt.cpp:209]   --->   Operation 130 'load' 'key_V_load_8' <Predicate = true> <Delay = 2.32> <Core = "RAM_1P">   --->   Core 44 'RAM_1P' <Latency = 1> <II = 1> <Delay = 2.32> <Storage> <Opcode : 'load' 'store'> <Ports = 1> <Width = 8> <Depth = 16> <RAM>
ST_14 : Operation 131 [1/1] (0.00ns)   --->   "%key_V_addr_9 = getelementptr [16 x i8]* %key_V, i64 0, i64 9" [aes/aes_encrypt.cpp:69->aes/aes_encrypt.cpp:209]   --->   Operation 131 'getelementptr' 'key_V_addr_9' <Predicate = true> <Delay = 0.00>
ST_14 : Operation 132 [2/2] (2.32ns)   --->   "%key_V_load_9 = load i8* %key_V_addr_9, align 1" [aes/aes_encrypt.cpp:69->aes/aes_encrypt.cpp:209]   --->   Operation 132 'load' 'key_V_load_9' <Predicate = true> <Delay = 2.32> <Core = "RAM_1P">   --->   Core 44 'RAM_1P' <Latency = 1> <II = 1> <Delay = 2.32> <Storage> <Opcode : 'load' 'store'> <Ports = 1> <Width = 8> <Depth = 16> <RAM>
ST_14 : Operation 133 [1/2] (3.25ns)   --->   "%sboxExp_V_load = load i8* %sboxExp_V_addr, align 1" [aes/aes_encrypt.cpp:82->aes/aes_encrypt.cpp:209]   --->   Operation 133 'load' 'sboxExp_V_load' <Predicate = true> <Delay = 3.25> <Core = "ROM_2P">   --->   Core 56 'ROM_2P' <Latency = 1> <II = 1> <Delay = 3.25> <Storage> <Opcode : 'load'> <Ports = 2> <Width = 8> <Depth = 256> <ROM>
ST_14 : Operation 134 [1/2] (3.25ns)   --->   "%sboxExp_V_load_1 = load i8* %sboxExp_V_addr_1, align 1" [aes/aes_encrypt.cpp:83->aes/aes_encrypt.cpp:209]   --->   Operation 134 'load' 'sboxExp_V_load_1' <Predicate = true> <Delay = 3.25> <Core = "ROM_2P">   --->   Core 56 'ROM_2P' <Latency = 1> <II = 1> <Delay = 3.25> <Storage> <Opcode : 'load'> <Ports = 2> <Width = 8> <Depth = 256> <ROM>
ST_14 : Operation 135 [1/1] (0.00ns)   --->   "%tmp_6 = zext i8 %key_V_load_15 to i64" [aes/aes_encrypt.cpp:84->aes/aes_encrypt.cpp:209]   --->   Operation 135 'zext' 'tmp_6' <Predicate = true> <Delay = 0.00>
ST_14 : Operation 136 [1/1] (0.00ns)   --->   "%sboxExp_V_addr_2 = getelementptr [256 x i8]* @sboxExp_V, i64 0, i64 %tmp_6" [aes/aes_encrypt.cpp:84->aes/aes_encrypt.cpp:209]   --->   Operation 136 'getelementptr' 'sboxExp_V_addr_2' <Predicate = true> <Delay = 0.00>
ST_14 : Operation 137 [2/2] (3.25ns)   --->   "%sboxExp_V_load_2 = load i8* %sboxExp_V_addr_2, align 1" [aes/aes_encrypt.cpp:84->aes/aes_encrypt.cpp:209]   --->   Operation 137 'load' 'sboxExp_V_load_2' <Predicate = true> <Delay = 3.25> <Core = "ROM_2P">   --->   Core 56 'ROM_2P' <Latency = 1> <II = 1> <Delay = 3.25> <Storage> <Opcode : 'load'> <Ports = 2> <Width = 8> <Depth = 256> <ROM>

State 15 <SV = 14> <Delay = 7.55>
ST_15 : Operation 138 [1/2] (2.32ns)   --->   "%key_V_load_9 = load i8* %key_V_addr_9, align 1" [aes/aes_encrypt.cpp:69->aes/aes_encrypt.cpp:209]   --->   Operation 138 'load' 'key_V_load_9' <Predicate = true> <Delay = 2.32> <Core = "RAM_1P">   --->   Core 44 'RAM_1P' <Latency = 1> <II = 1> <Delay = 2.32> <Storage> <Opcode : 'load' 'store'> <Ports = 1> <Width = 8> <Depth = 16> <RAM>
ST_15 : Operation 139 [1/1] (0.00ns)   --->   "%key_V_addr_10 = getelementptr [16 x i8]* %key_V, i64 0, i64 10" [aes/aes_encrypt.cpp:69->aes/aes_encrypt.cpp:209]   --->   Operation 139 'getelementptr' 'key_V_addr_10' <Predicate = true> <Delay = 0.00>
ST_15 : Operation 140 [2/2] (2.32ns)   --->   "%key_V_load_10 = load i8* %key_V_addr_10, align 1" [aes/aes_encrypt.cpp:69->aes/aes_encrypt.cpp:209]   --->   Operation 140 'load' 'key_V_load_10' <Predicate = true> <Delay = 2.32> <Core = "RAM_1P">   --->   Core 44 'RAM_1P' <Latency = 1> <II = 1> <Delay = 2.32> <Storage> <Opcode : 'load' 'store'> <Ports = 1> <Width = 8> <Depth = 16> <RAM>
ST_15 : Operation 141 [1/2] (3.25ns)   --->   "%sboxExp_V_load_2 = load i8* %sboxExp_V_addr_2, align 1" [aes/aes_encrypt.cpp:84->aes/aes_encrypt.cpp:209]   --->   Operation 141 'load' 'sboxExp_V_load_2' <Predicate = true> <Delay = 3.25> <Core = "ROM_2P">   --->   Core 56 'ROM_2P' <Latency = 1> <II = 1> <Delay = 3.25> <Storage> <Opcode : 'load'> <Ports = 2> <Width = 8> <Depth = 256> <ROM>
ST_15 : Operation 142 [1/1] (0.00ns) (grouped into LUT with out node ret_V_s)   --->   "%tmp1 = xor i8 %key_V_load, 1" [aes/aes_encrypt.cpp:90->aes/aes_encrypt.cpp:209]   --->   Operation 142 'xor' 'tmp1' <Predicate = true> <Delay = 0.00> <Core = "LogicGate">   --->   Core 27 'LogicGate' <Latency = 0> <II = 1> <Delay = 0.99> <FuncUnit> <Opcode : 'and' 'or' 'xor'> <InPorts = 2> <OutPorts = 1>
ST_15 : Operation 143 [1/1] (0.99ns) (out node of the LUT)   --->   "%ret_V_s = xor i8 %tmp1, %sboxExp_V_load" [aes/aes_encrypt.cpp:90->aes/aes_encrypt.cpp:209]   --->   Operation 143 'xor' 'ret_V_s' <Predicate = true> <Delay = 0.99> <Core = "LogicGate">   --->   Core 27 'LogicGate' <Latency = 0> <II = 1> <Delay = 0.99> <FuncUnit> <Opcode : 'and' 'or' 'xor'> <InPorts = 2> <OutPorts = 1>
ST_15 : Operation 144 [1/1] (0.99ns)   --->   "%ret_V_1_0_1 = xor i8 %sboxExp_V_load_1, %key_V_load_1" [aes/aes_encrypt.cpp:90->aes/aes_encrypt.cpp:209]   --->   Operation 144 'xor' 'ret_V_1_0_1' <Predicate = true> <Delay = 0.99> <Core = "LogicGate">   --->   Core 27 'LogicGate' <Latency = 0> <II = 1> <Delay = 0.99> <FuncUnit> <Opcode : 'and' 'or' 'xor'> <InPorts = 2> <OutPorts = 1>
ST_15 : Operation 145 [1/1] (0.99ns)   --->   "%ret_V_1_1 = xor i8 %key_V_load_4, %ret_V_s" [aes/aes_encrypt.cpp:90->aes/aes_encrypt.cpp:209]   --->   Operation 145 'xor' 'ret_V_1_1' <Predicate = true> <Delay = 0.99> <Core = "LogicGate">   --->   Core 27 'LogicGate' <Latency = 0> <II = 1> <Delay = 0.99> <FuncUnit> <Opcode : 'and' 'or' 'xor'> <InPorts = 2> <OutPorts = 1>
ST_15 : Operation 146 [1/1] (0.00ns)   --->   "%roundKeys_4_V_addr_1 = getelementptr [11 x i8]* %roundKeys_4_V, i64 0, i64 1" [aes/aes_encrypt.cpp:90->aes/aes_encrypt.cpp:209]   --->   Operation 146 'getelementptr' 'roundKeys_4_V_addr_1' <Predicate = true> <Delay = 0.00>
ST_15 : Operation 147 [1/1] (2.32ns)   --->   "store i8 %ret_V_1_1, i8* %roundKeys_4_V_addr_1, align 1" [aes/aes_encrypt.cpp:90->aes/aes_encrypt.cpp:209]   --->   Operation 147 'store' <Predicate = true> <Delay = 2.32> <Core = "RAM">   --->   Core 37 'RAM' <Latency = 1> <II = 1> <Delay = 2.32> <Storage> <Opcode : 'load' 'store'> <Ports = 2> <Width = 8> <Depth = 16> <RAM>
ST_15 : Operation 148 [1/1] (0.99ns)   --->   "%ret_V_1_1_1 = xor i8 %key_V_load_5, %ret_V_1_0_1" [aes/aes_encrypt.cpp:90->aes/aes_encrypt.cpp:209]   --->   Operation 148 'xor' 'ret_V_1_1_1' <Predicate = true> <Delay = 0.99> <Core = "LogicGate">   --->   Core 27 'LogicGate' <Latency = 0> <II = 1> <Delay = 0.99> <FuncUnit> <Opcode : 'and' 'or' 'xor'> <InPorts = 2> <OutPorts = 1>
ST_15 : Operation 149 [1/1] (0.00ns)   --->   "%roundKeys_5_V_addr_1 = getelementptr [11 x i8]* %roundKeys_5_V, i64 0, i64 1" [aes/aes_encrypt.cpp:90->aes/aes_encrypt.cpp:209]   --->   Operation 149 'getelementptr' 'roundKeys_5_V_addr_1' <Predicate = true> <Delay = 0.00>
ST_15 : Operation 150 [1/1] (2.32ns)   --->   "store i8 %ret_V_1_1_1, i8* %roundKeys_5_V_addr_1, align 1" [aes/aes_encrypt.cpp:90->aes/aes_encrypt.cpp:209]   --->   Operation 150 'store' <Predicate = true> <Delay = 2.32> <Core = "RAM">   --->   Core 37 'RAM' <Latency = 1> <II = 1> <Delay = 2.32> <Storage> <Opcode : 'load' 'store'> <Ports = 2> <Width = 8> <Depth = 16> <RAM>
ST_15 : Operation 151 [1/1] (0.99ns)   --->   "%ret_V_1_2 = xor i8 %key_V_load_8, %ret_V_1_1" [aes/aes_encrypt.cpp:90->aes/aes_encrypt.cpp:209]   --->   Operation 151 'xor' 'ret_V_1_2' <Predicate = true> <Delay = 0.99> <Core = "LogicGate">   --->   Core 27 'LogicGate' <Latency = 0> <II = 1> <Delay = 0.99> <FuncUnit> <Opcode : 'and' 'or' 'xor'> <InPorts = 2> <OutPorts = 1>
ST_15 : Operation 152 [1/1] (0.99ns)   --->   "%ret_V_1_2_1 = xor i8 %key_V_load_9, %ret_V_1_1_1" [aes/aes_encrypt.cpp:90->aes/aes_encrypt.cpp:209]   --->   Operation 152 'xor' 'ret_V_1_2_1' <Predicate = true> <Delay = 0.99> <Core = "LogicGate">   --->   Core 27 'LogicGate' <Latency = 0> <II = 1> <Delay = 0.99> <FuncUnit> <Opcode : 'and' 'or' 'xor'> <InPorts = 2> <OutPorts = 1>
ST_15 : Operation 153 [1/1] (0.99ns)   --->   "%ret_V_1_3 = xor i8 %key_V_load_12, %ret_V_1_2" [aes/aes_encrypt.cpp:90->aes/aes_encrypt.cpp:209]   --->   Operation 153 'xor' 'ret_V_1_3' <Predicate = true> <Delay = 0.99> <Core = "LogicGate">   --->   Core 27 'LogicGate' <Latency = 0> <II = 1> <Delay = 0.99> <FuncUnit> <Opcode : 'and' 'or' 'xor'> <InPorts = 2> <OutPorts = 1>
ST_15 : Operation 154 [1/1] (0.00ns)   --->   "%roundKeys_12_V_addr_1 = getelementptr [11 x i8]* %roundKeys_12_V, i64 0, i64 1" [aes/aes_encrypt.cpp:90->aes/aes_encrypt.cpp:209]   --->   Operation 154 'getelementptr' 'roundKeys_12_V_addr_1' <Predicate = true> <Delay = 0.00>
ST_15 : Operation 155 [1/1] (2.32ns)   --->   "store i8 %ret_V_1_3, i8* %roundKeys_12_V_addr_1, align 1" [aes/aes_encrypt.cpp:90->aes/aes_encrypt.cpp:209]   --->   Operation 155 'store' <Predicate = true> <Delay = 2.32> <Core = "RAM">   --->   Core 37 'RAM' <Latency = 1> <II = 1> <Delay = 2.32> <Storage> <Opcode : 'load' 'store'> <Ports = 2> <Width = 8> <Depth = 16> <RAM>
ST_15 : Operation 156 [1/1] (0.99ns)   --->   "%ret_V_1_3_1 = xor i8 %key_V_load_13, %ret_V_1_2_1" [aes/aes_encrypt.cpp:90->aes/aes_encrypt.cpp:209]   --->   Operation 156 'xor' 'ret_V_1_3_1' <Predicate = true> <Delay = 0.99> <Core = "LogicGate">   --->   Core 27 'LogicGate' <Latency = 0> <II = 1> <Delay = 0.99> <FuncUnit> <Opcode : 'and' 'or' 'xor'> <InPorts = 2> <OutPorts = 1>
ST_15 : Operation 157 [1/1] (0.00ns)   --->   "%roundKeys_13_V_addr_1 = getelementptr [11 x i8]* %roundKeys_13_V, i64 0, i64 1" [aes/aes_encrypt.cpp:90->aes/aes_encrypt.cpp:209]   --->   Operation 157 'getelementptr' 'roundKeys_13_V_addr_1' <Predicate = true> <Delay = 0.00>
ST_15 : Operation 158 [1/1] (2.32ns)   --->   "store i8 %ret_V_1_3_1, i8* %roundKeys_13_V_addr_1, align 1" [aes/aes_encrypt.cpp:90->aes/aes_encrypt.cpp:209]   --->   Operation 158 'store' <Predicate = true> <Delay = 2.32> <Core = "RAM">   --->   Core 37 'RAM' <Latency = 1> <II = 1> <Delay = 2.32> <Storage> <Opcode : 'load' 'store'> <Ports = 2> <Width = 8> <Depth = 16> <RAM>
ST_15 : Operation 159 [1/1] (0.00ns)   --->   "%tmp_3_4 = zext i8 %ret_V_1_3_1 to i64" [aes/aes_encrypt.cpp:82->aes/aes_encrypt.cpp:209]   --->   Operation 159 'zext' 'tmp_3_4' <Predicate = true> <Delay = 0.00>
ST_15 : Operation 160 [1/1] (0.00ns)   --->   "%sboxExp_V_addr_4 = getelementptr [256 x i8]* @sboxExp_V, i64 0, i64 %tmp_3_4" [aes/aes_encrypt.cpp:82->aes/aes_encrypt.cpp:209]   --->   Operation 160 'getelementptr' 'sboxExp_V_addr_4' <Predicate = true> <Delay = 0.00>
ST_15 : Operation 161 [2/2] (3.25ns)   --->   "%sboxExp_V_load_5 = load i8* %sboxExp_V_addr_4, align 1" [aes/aes_encrypt.cpp:82->aes/aes_encrypt.cpp:209]   --->   Operation 161 'load' 'sboxExp_V_load_5' <Predicate = true> <Delay = 3.25> <Core = "ROM_2P">   --->   Core 56 'ROM_2P' <Latency = 1> <II = 1> <Delay = 3.25> <Storage> <Opcode : 'load'> <Ports = 2> <Width = 8> <Depth = 256> <ROM>
ST_15 : Operation 162 [1/1] (0.00ns)   --->   "%tmp_13_4 = zext i8 %ret_V_1_3 to i64" [aes/aes_encrypt.cpp:85->aes/aes_encrypt.cpp:209]   --->   Operation 162 'zext' 'tmp_13_4' <Predicate = true> <Delay = 0.00>
ST_15 : Operation 163 [1/1] (0.00ns)   --->   "%sboxExp_V_addr_7 = getelementptr [256 x i8]* @sboxExp_V, i64 0, i64 %tmp_13_4" [aes/aes_encrypt.cpp:85->aes/aes_encrypt.cpp:209]   --->   Operation 163 'getelementptr' 'sboxExp_V_addr_7' <Predicate = true> <Delay = 0.00>
ST_15 : Operation 164 [2/2] (3.25ns)   --->   "%sboxExp_V_load_7 = load i8* %sboxExp_V_addr_7, align 1" [aes/aes_encrypt.cpp:85->aes/aes_encrypt.cpp:209]   --->   Operation 164 'load' 'sboxExp_V_load_7' <Predicate = true> <Delay = 3.25> <Core = "ROM_2P">   --->   Core 56 'ROM_2P' <Latency = 1> <II = 1> <Delay = 3.25> <Storage> <Opcode : 'load'> <Ports = 2> <Width = 8> <Depth = 256> <ROM>

State 16 <SV = 15> <Delay = 8.48>
ST_16 : Operation 165 [1/2] (2.32ns)   --->   "%key_V_load_10 = load i8* %key_V_addr_10, align 1" [aes/aes_encrypt.cpp:69->aes/aes_encrypt.cpp:209]   --->   Operation 165 'load' 'key_V_load_10' <Predicate = true> <Delay = 2.32> <Core = "RAM_1P">   --->   Core 44 'RAM_1P' <Latency = 1> <II = 1> <Delay = 2.32> <Storage> <Opcode : 'load' 'store'> <Ports = 1> <Width = 8> <Depth = 16> <RAM>
ST_16 : Operation 166 [1/1] (0.00ns)   --->   "%key_V_addr_11 = getelementptr [16 x i8]* %key_V, i64 0, i64 11" [aes/aes_encrypt.cpp:69->aes/aes_encrypt.cpp:209]   --->   Operation 166 'getelementptr' 'key_V_addr_11' <Predicate = true> <Delay = 0.00>
ST_16 : Operation 167 [2/2] (2.32ns)   --->   "%key_V_load_11 = load i8* %key_V_addr_11, align 1" [aes/aes_encrypt.cpp:69->aes/aes_encrypt.cpp:209]   --->   Operation 167 'load' 'key_V_load_11' <Predicate = true> <Delay = 2.32> <Core = "RAM_1P">   --->   Core 44 'RAM_1P' <Latency = 1> <II = 1> <Delay = 2.32> <Storage> <Opcode : 'load' 'store'> <Ports = 1> <Width = 8> <Depth = 16> <RAM>
ST_16 : Operation 168 [1/1] (0.00ns)   --->   "%roundKeys_15_V_addr = getelementptr [11 x i8]* %roundKeys_15_V, i64 0, i64 0" [aes/aes_encrypt.cpp:69->aes/aes_encrypt.cpp:209]   --->   Operation 168 'getelementptr' 'roundKeys_15_V_addr' <Predicate = true> <Delay = 0.00>
ST_16 : Operation 169 [1/1] (2.32ns)   --->   "store i8 %key_V_load_15, i8* %roundKeys_15_V_addr, align 1" [aes/aes_encrypt.cpp:69->aes/aes_encrypt.cpp:209]   --->   Operation 169 'store' <Predicate = true> <Delay = 2.32> <Core = "RAM">   --->   Core 37 'RAM' <Latency = 1> <II = 1> <Delay = 2.32> <Storage> <Opcode : 'load' 'store'> <Ports = 2> <Width = 8> <Depth = 16> <RAM>
ST_16 : Operation 170 [1/1] (0.99ns)   --->   "%ret_V_1_0_2 = xor i8 %sboxExp_V_load_2, %key_V_load_2" [aes/aes_encrypt.cpp:90->aes/aes_encrypt.cpp:209]   --->   Operation 170 'xor' 'ret_V_1_0_2' <Predicate = true> <Delay = 0.99> <Core = "LogicGate">   --->   Core 27 'LogicGate' <Latency = 0> <II = 1> <Delay = 0.99> <FuncUnit> <Opcode : 'and' 'or' 'xor'> <InPorts = 2> <OutPorts = 1>
ST_16 : Operation 171 [1/1] (0.99ns)   --->   "%ret_V_1_1_2 = xor i8 %key_V_load_6, %ret_V_1_0_2" [aes/aes_encrypt.cpp:90->aes/aes_encrypt.cpp:209]   --->   Operation 171 'xor' 'ret_V_1_1_2' <Predicate = true> <Delay = 0.99> <Core = "LogicGate">   --->   Core 27 'LogicGate' <Latency = 0> <II = 1> <Delay = 0.99> <FuncUnit> <Opcode : 'and' 'or' 'xor'> <InPorts = 2> <OutPorts = 1>
ST_16 : Operation 172 [1/1] (0.00ns)   --->   "%roundKeys_6_V_addr_1 = getelementptr [11 x i8]* %roundKeys_6_V, i64 0, i64 1" [aes/aes_encrypt.cpp:90->aes/aes_encrypt.cpp:209]   --->   Operation 172 'getelementptr' 'roundKeys_6_V_addr_1' <Predicate = true> <Delay = 0.00>
ST_16 : Operation 173 [1/1] (2.32ns)   --->   "store i8 %ret_V_1_1_2, i8* %roundKeys_6_V_addr_1, align 1" [aes/aes_encrypt.cpp:90->aes/aes_encrypt.cpp:209]   --->   Operation 173 'store' <Predicate = true> <Delay = 2.32> <Core = "RAM">   --->   Core 37 'RAM' <Latency = 1> <II = 1> <Delay = 2.32> <Storage> <Opcode : 'load' 'store'> <Ports = 2> <Width = 8> <Depth = 16> <RAM>
ST_16 : Operation 174 [1/1] (0.99ns)   --->   "%ret_V_1_2_2 = xor i8 %key_V_load_10, %ret_V_1_1_2" [aes/aes_encrypt.cpp:90->aes/aes_encrypt.cpp:209]   --->   Operation 174 'xor' 'ret_V_1_2_2' <Predicate = true> <Delay = 0.99> <Core = "LogicGate">   --->   Core 27 'LogicGate' <Latency = 0> <II = 1> <Delay = 0.99> <FuncUnit> <Opcode : 'and' 'or' 'xor'> <InPorts = 2> <OutPorts = 1>
ST_16 : Operation 175 [1/1] (0.99ns)   --->   "%ret_V_1_3_2 = xor i8 %key_V_load_14, %ret_V_1_2_2" [aes/aes_encrypt.cpp:90->aes/aes_encrypt.cpp:209]   --->   Operation 175 'xor' 'ret_V_1_3_2' <Predicate = true> <Delay = 0.99> <Core = "LogicGate">   --->   Core 27 'LogicGate' <Latency = 0> <II = 1> <Delay = 0.99> <FuncUnit> <Opcode : 'and' 'or' 'xor'> <InPorts = 2> <OutPorts = 1>
ST_16 : Operation 176 [1/1] (0.00ns)   --->   "%roundKeys_14_V_addr_1 = getelementptr [11 x i8]* %roundKeys_14_V, i64 0, i64 1" [aes/aes_encrypt.cpp:90->aes/aes_encrypt.cpp:209]   --->   Operation 176 'getelementptr' 'roundKeys_14_V_addr_1' <Predicate = true> <Delay = 0.00>
ST_16 : Operation 177 [1/1] (2.32ns)   --->   "store i8 %ret_V_1_3_2, i8* %roundKeys_14_V_addr_1, align 1" [aes/aes_encrypt.cpp:90->aes/aes_encrypt.cpp:209]   --->   Operation 177 'store' <Predicate = true> <Delay = 2.32> <Core = "RAM">   --->   Core 37 'RAM' <Latency = 1> <II = 1> <Delay = 2.32> <Storage> <Opcode : 'load' 'store'> <Ports = 2> <Width = 8> <Depth = 16> <RAM>
ST_16 : Operation 178 [1/2] (3.25ns)   --->   "%sboxExp_V_load_5 = load i8* %sboxExp_V_addr_4, align 1" [aes/aes_encrypt.cpp:82->aes/aes_encrypt.cpp:209]   --->   Operation 178 'load' 'sboxExp_V_load_5' <Predicate = true> <Delay = 3.25> <Core = "ROM_2P">   --->   Core 56 'ROM_2P' <Latency = 1> <II = 1> <Delay = 3.25> <Storage> <Opcode : 'load'> <Ports = 2> <Width = 8> <Depth = 256> <ROM>
ST_16 : Operation 179 [1/1] (0.00ns)   --->   "%tmp_11_4 = zext i8 %ret_V_1_3_2 to i64" [aes/aes_encrypt.cpp:83->aes/aes_encrypt.cpp:209]   --->   Operation 179 'zext' 'tmp_11_4' <Predicate = true> <Delay = 0.00>
ST_16 : Operation 180 [1/1] (0.00ns)   --->   "%sboxExp_V_addr_5 = getelementptr [256 x i8]* @sboxExp_V, i64 0, i64 %tmp_11_4" [aes/aes_encrypt.cpp:83->aes/aes_encrypt.cpp:209]   --->   Operation 180 'getelementptr' 'sboxExp_V_addr_5' <Predicate = true> <Delay = 0.00>
ST_16 : Operation 181 [2/2] (3.25ns)   --->   "%sboxExp_V_load_4 = load i8* %sboxExp_V_addr_5, align 1" [aes/aes_encrypt.cpp:83->aes/aes_encrypt.cpp:209]   --->   Operation 181 'load' 'sboxExp_V_load_4' <Predicate = true> <Delay = 3.25> <Core = "ROM_2P">   --->   Core 56 'ROM_2P' <Latency = 1> <II = 1> <Delay = 3.25> <Storage> <Opcode : 'load'> <Ports = 2> <Width = 8> <Depth = 256> <ROM>
ST_16 : Operation 182 [1/2] (3.25ns)   --->   "%sboxExp_V_load_7 = load i8* %sboxExp_V_addr_7, align 1" [aes/aes_encrypt.cpp:85->aes/aes_encrypt.cpp:209]   --->   Operation 182 'load' 'sboxExp_V_load_7' <Predicate = true> <Delay = 3.25> <Core = "ROM_2P">   --->   Core 56 'ROM_2P' <Latency = 1> <II = 1> <Delay = 3.25> <Storage> <Opcode : 'load'> <Ports = 2> <Width = 8> <Depth = 256> <ROM>
ST_16 : Operation 183 [1/1] (0.99ns)   --->   "%ret_V_1_5_3 = xor i8 %sboxExp_V_load_7, %key_V_load_7" [aes/aes_encrypt.cpp:90->aes/aes_encrypt.cpp:209]   --->   Operation 183 'xor' 'ret_V_1_5_3' <Predicate = true> <Delay = 0.99> <Core = "LogicGate">   --->   Core 27 'LogicGate' <Latency = 0> <II = 1> <Delay = 0.99> <FuncUnit> <Opcode : 'and' 'or' 'xor'> <InPorts = 2> <OutPorts = 1>
ST_16 : Operation 184 [1/1] (0.99ns)   --->   "%ret_V_1_7_3 = xor i8 %key_V_load_15, %ret_V_1_5_3" [aes/aes_encrypt.cpp:90->aes/aes_encrypt.cpp:209]   --->   Operation 184 'xor' 'ret_V_1_7_3' <Predicate = true> <Delay = 0.99> <Core = "LogicGate">   --->   Core 27 'LogicGate' <Latency = 0> <II = 1> <Delay = 0.99> <FuncUnit> <Opcode : 'and' 'or' 'xor'> <InPorts = 2> <OutPorts = 1>
ST_16 : Operation 185 [1/1] (0.00ns)   --->   "%tmp_12_8 = zext i8 %ret_V_1_7_3 to i64" [aes/aes_encrypt.cpp:84->aes/aes_encrypt.cpp:209]   --->   Operation 185 'zext' 'tmp_12_8' <Predicate = true> <Delay = 0.00>
ST_16 : Operation 186 [1/1] (0.00ns)   --->   "%sboxExp_V_addr_10 = getelementptr [256 x i8]* @sboxExp_V, i64 0, i64 %tmp_12_8" [aes/aes_encrypt.cpp:84->aes/aes_encrypt.cpp:209]   --->   Operation 186 'getelementptr' 'sboxExp_V_addr_10' <Predicate = true> <Delay = 0.00>
ST_16 : Operation 187 [2/2] (3.25ns)   --->   "%sboxExp_V_load_10 = load i8* %sboxExp_V_addr_10, align 1" [aes/aes_encrypt.cpp:84->aes/aes_encrypt.cpp:209]   --->   Operation 187 'load' 'sboxExp_V_load_10' <Predicate = true> <Delay = 3.25> <Core = "ROM_2P">   --->   Core 56 'ROM_2P' <Latency = 1> <II = 1> <Delay = 3.25> <Storage> <Opcode : 'load'> <Ports = 2> <Width = 8> <Depth = 256> <ROM>

State 17 <SV = 16> <Delay = 7.55>
ST_17 : Operation 188 [1/1] (0.00ns)   --->   "%roundKeys_2_V_addr = getelementptr [11 x i8]* %roundKeys_2_V, i64 0, i64 0" [aes/aes_encrypt.cpp:69->aes/aes_encrypt.cpp:209]   --->   Operation 188 'getelementptr' 'roundKeys_2_V_addr' <Predicate = true> <Delay = 0.00>
ST_17 : Operation 189 [1/1] (2.32ns)   --->   "store i8 %key_V_load_2, i8* %roundKeys_2_V_addr, align 1" [aes/aes_encrypt.cpp:69->aes/aes_encrypt.cpp:209]   --->   Operation 189 'store' <Predicate = true> <Delay = 2.32> <Core = "RAM">   --->   Core 37 'RAM' <Latency = 1> <II = 1> <Delay = 2.32> <Storage> <Opcode : 'load' 'store'> <Ports = 2> <Width = 8> <Depth = 16> <RAM>
ST_17 : Operation 190 [1/1] (0.00ns)   --->   "%roundKeys_3_V_addr = getelementptr [11 x i8]* %roundKeys_3_V, i64 0, i64 0" [aes/aes_encrypt.cpp:69->aes/aes_encrypt.cpp:209]   --->   Operation 190 'getelementptr' 'roundKeys_3_V_addr' <Predicate = true> <Delay = 0.00>
ST_17 : Operation 191 [1/1] (2.32ns)   --->   "store i8 %key_V_load_3, i8* %roundKeys_3_V_addr, align 1" [aes/aes_encrypt.cpp:69->aes/aes_encrypt.cpp:209]   --->   Operation 191 'store' <Predicate = true> <Delay = 2.32> <Core = "RAM">   --->   Core 37 'RAM' <Latency = 1> <II = 1> <Delay = 2.32> <Storage> <Opcode : 'load' 'store'> <Ports = 2> <Width = 8> <Depth = 16> <RAM>
ST_17 : Operation 192 [1/2] (2.32ns)   --->   "%key_V_load_11 = load i8* %key_V_addr_11, align 1" [aes/aes_encrypt.cpp:69->aes/aes_encrypt.cpp:209]   --->   Operation 192 'load' 'key_V_load_11' <Predicate = true> <Delay = 2.32> <Core = "RAM_1P">   --->   Core 44 'RAM_1P' <Latency = 1> <II = 1> <Delay = 2.32> <Storage> <Opcode : 'load' 'store'> <Ports = 1> <Width = 8> <Depth = 16> <RAM>
ST_17 : Operation 193 [1/1] (0.00ns)   --->   "%roundKeys_0_V_addr_1 = getelementptr [11 x i8]* %roundKeys_0_V, i64 0, i64 1" [aes/aes_encrypt.cpp:90->aes/aes_encrypt.cpp:209]   --->   Operation 193 'getelementptr' 'roundKeys_0_V_addr_1' <Predicate = true> <Delay = 0.00>
ST_17 : Operation 194 [1/1] (2.32ns)   --->   "store i8 %ret_V_s, i8* %roundKeys_0_V_addr_1, align 1" [aes/aes_encrypt.cpp:90->aes/aes_encrypt.cpp:209]   --->   Operation 194 'store' <Predicate = true> <Delay = 2.32> <Core = "RAM">   --->   Core 37 'RAM' <Latency = 1> <II = 1> <Delay = 2.32> <Storage> <Opcode : 'load' 'store'> <Ports = 2> <Width = 8> <Depth = 16> <RAM>
ST_17 : Operation 195 [1/1] (0.99ns)   --->   "%ret_V_1_0_3 = xor i8 %sboxExp_V_load_3, %key_V_load_3" [aes/aes_encrypt.cpp:90->aes/aes_encrypt.cpp:209]   --->   Operation 195 'xor' 'ret_V_1_0_3' <Predicate = true> <Delay = 0.99> <Core = "LogicGate">   --->   Core 27 'LogicGate' <Latency = 0> <II = 1> <Delay = 0.99> <FuncUnit> <Opcode : 'and' 'or' 'xor'> <InPorts = 2> <OutPorts = 1>
ST_17 : Operation 196 [1/1] (0.00ns)   --->   "%roundKeys_3_V_addr_1 = getelementptr [11 x i8]* %roundKeys_3_V, i64 0, i64 1" [aes/aes_encrypt.cpp:90->aes/aes_encrypt.cpp:209]   --->   Operation 196 'getelementptr' 'roundKeys_3_V_addr_1' <Predicate = true> <Delay = 0.00>
ST_17 : Operation 197 [1/1] (2.32ns)   --->   "store i8 %ret_V_1_0_3, i8* %roundKeys_3_V_addr_1, align 1" [aes/aes_encrypt.cpp:90->aes/aes_encrypt.cpp:209]   --->   Operation 197 'store' <Predicate = true> <Delay = 2.32> <Core = "RAM">   --->   Core 37 'RAM' <Latency = 1> <II = 1> <Delay = 2.32> <Storage> <Opcode : 'load' 'store'> <Ports = 2> <Width = 8> <Depth = 16> <RAM>
ST_17 : Operation 198 [1/1] (0.99ns)   --->   "%ret_V_1_1_3 = xor i8 %key_V_load_7, %ret_V_1_0_3" [aes/aes_encrypt.cpp:90->aes/aes_encrypt.cpp:209]   --->   Operation 198 'xor' 'ret_V_1_1_3' <Predicate = true> <Delay = 0.99> <Core = "LogicGate">   --->   Core 27 'LogicGate' <Latency = 0> <II = 1> <Delay = 0.99> <FuncUnit> <Opcode : 'and' 'or' 'xor'> <InPorts = 2> <OutPorts = 1>
ST_17 : Operation 199 [1/1] (0.00ns)   --->   "%roundKeys_7_V_addr_1 = getelementptr [11 x i8]* %roundKeys_7_V, i64 0, i64 1" [aes/aes_encrypt.cpp:90->aes/aes_encrypt.cpp:209]   --->   Operation 199 'getelementptr' 'roundKeys_7_V_addr_1' <Predicate = true> <Delay = 0.00>
ST_17 : Operation 200 [1/1] (2.32ns)   --->   "store i8 %ret_V_1_1_3, i8* %roundKeys_7_V_addr_1, align 1" [aes/aes_encrypt.cpp:90->aes/aes_encrypt.cpp:209]   --->   Operation 200 'store' <Predicate = true> <Delay = 2.32> <Core = "RAM">   --->   Core 37 'RAM' <Latency = 1> <II = 1> <Delay = 2.32> <Storage> <Opcode : 'load' 'store'> <Ports = 2> <Width = 8> <Depth = 16> <RAM>
ST_17 : Operation 201 [1/1] (0.99ns)   --->   "%ret_V_1_2_3 = xor i8 %key_V_load_11, %ret_V_1_1_3" [aes/aes_encrypt.cpp:90->aes/aes_encrypt.cpp:209]   --->   Operation 201 'xor' 'ret_V_1_2_3' <Predicate = true> <Delay = 0.99> <Core = "LogicGate">   --->   Core 27 'LogicGate' <Latency = 0> <II = 1> <Delay = 0.99> <FuncUnit> <Opcode : 'and' 'or' 'xor'> <InPorts = 2> <OutPorts = 1>
ST_17 : Operation 202 [1/1] (0.99ns)   --->   "%ret_V_1_3_3 = xor i8 %key_V_load_15, %ret_V_1_2_3" [aes/aes_encrypt.cpp:90->aes/aes_encrypt.cpp:209]   --->   Operation 202 'xor' 'ret_V_1_3_3' <Predicate = true> <Delay = 0.99> <Core = "LogicGate">   --->   Core 27 'LogicGate' <Latency = 0> <II = 1> <Delay = 0.99> <FuncUnit> <Opcode : 'and' 'or' 'xor'> <InPorts = 2> <OutPorts = 1>
ST_17 : Operation 203 [1/1] (0.00ns)   --->   "%roundKeys_15_V_addr_1 = getelementptr [11 x i8]* %roundKeys_15_V, i64 0, i64 1" [aes/aes_encrypt.cpp:90->aes/aes_encrypt.cpp:209]   --->   Operation 203 'getelementptr' 'roundKeys_15_V_addr_1' <Predicate = true> <Delay = 0.00>
ST_17 : Operation 204 [1/1] (2.32ns)   --->   "store i8 %ret_V_1_3_3, i8* %roundKeys_15_V_addr_1, align 1" [aes/aes_encrypt.cpp:90->aes/aes_encrypt.cpp:209]   --->   Operation 204 'store' <Predicate = true> <Delay = 2.32> <Core = "RAM">   --->   Core 37 'RAM' <Latency = 1> <II = 1> <Delay = 2.32> <Storage> <Opcode : 'load' 'store'> <Ports = 2> <Width = 8> <Depth = 16> <RAM>
ST_17 : Operation 205 [1/1] (0.99ns)   --->   "%ret_V_4 = xor i8 %sboxExp_V_load_5, 2" [aes/aes_encrypt.cpp:82->aes/aes_encrypt.cpp:209]   --->   Operation 205 'xor' 'ret_V_4' <Predicate = true> <Delay = 0.99> <Core = "LogicGate">   --->   Core 27 'LogicGate' <Latency = 0> <II = 1> <Delay = 0.99> <FuncUnit> <Opcode : 'and' 'or' 'xor'> <InPorts = 2> <OutPorts = 1>
ST_17 : Operation 206 [1/2] (3.25ns)   --->   "%sboxExp_V_load_4 = load i8* %sboxExp_V_addr_5, align 1" [aes/aes_encrypt.cpp:83->aes/aes_encrypt.cpp:209]   --->   Operation 206 'load' 'sboxExp_V_load_4' <Predicate = true> <Delay = 3.25> <Core = "ROM_2P">   --->   Core 56 'ROM_2P' <Latency = 1> <II = 1> <Delay = 3.25> <Storage> <Opcode : 'load'> <Ports = 2> <Width = 8> <Depth = 256> <ROM>
ST_17 : Operation 207 [1/1] (0.00ns)   --->   "%tmp_12_4 = zext i8 %ret_V_1_3_3 to i64" [aes/aes_encrypt.cpp:84->aes/aes_encrypt.cpp:209]   --->   Operation 207 'zext' 'tmp_12_4' <Predicate = true> <Delay = 0.00>
ST_17 : Operation 208 [1/1] (0.00ns)   --->   "%sboxExp_V_addr_6 = getelementptr [256 x i8]* @sboxExp_V, i64 0, i64 %tmp_12_4" [aes/aes_encrypt.cpp:84->aes/aes_encrypt.cpp:209]   --->   Operation 208 'getelementptr' 'sboxExp_V_addr_6' <Predicate = true> <Delay = 0.00>
ST_17 : Operation 209 [2/2] (3.25ns)   --->   "%sboxExp_V_load_6 = load i8* %sboxExp_V_addr_6, align 1" [aes/aes_encrypt.cpp:84->aes/aes_encrypt.cpp:209]   --->   Operation 209 'load' 'sboxExp_V_load_6' <Predicate = true> <Delay = 3.25> <Core = "ROM_2P">   --->   Core 56 'ROM_2P' <Latency = 1> <II = 1> <Delay = 3.25> <Storage> <Opcode : 'load'> <Ports = 2> <Width = 8> <Depth = 256> <ROM>
ST_17 : Operation 210 [1/1] (0.99ns)   --->   "%ret_V_1_4 = xor i8 %ret_V_4, %ret_V_s" [aes/aes_encrypt.cpp:90->aes/aes_encrypt.cpp:209]   --->   Operation 210 'xor' 'ret_V_1_4' <Predicate = true> <Delay = 0.99> <Core = "LogicGate">   --->   Core 27 'LogicGate' <Latency = 0> <II = 1> <Delay = 0.99> <FuncUnit> <Opcode : 'and' 'or' 'xor'> <InPorts = 2> <OutPorts = 1>
ST_17 : Operation 211 [1/1] (0.99ns)   --->   "%ret_V_1_4_3 = xor i8 %sboxExp_V_load_7, %ret_V_1_0_3" [aes/aes_encrypt.cpp:90->aes/aes_encrypt.cpp:209]   --->   Operation 211 'xor' 'ret_V_1_4_3' <Predicate = true> <Delay = 0.99> <Core = "LogicGate">   --->   Core 27 'LogicGate' <Latency = 0> <II = 1> <Delay = 0.99> <FuncUnit> <Opcode : 'and' 'or' 'xor'> <InPorts = 2> <OutPorts = 1>
ST_17 : Operation 212 [1/1] (0.99ns)   --->   "%ret_V_1_5 = xor i8 %key_V_load_4, %ret_V_4" [aes/aes_encrypt.cpp:90->aes/aes_encrypt.cpp:209]   --->   Operation 212 'xor' 'ret_V_1_5' <Predicate = true> <Delay = 0.99> <Core = "LogicGate">   --->   Core 27 'LogicGate' <Latency = 0> <II = 1> <Delay = 0.99> <FuncUnit> <Opcode : 'and' 'or' 'xor'> <InPorts = 2> <OutPorts = 1>
ST_17 : Operation 213 [1/1] (0.99ns)   --->   "%ret_V_1_7 = xor i8 %key_V_load_12, %ret_V_1_5" [aes/aes_encrypt.cpp:90->aes/aes_encrypt.cpp:209]   --->   Operation 213 'xor' 'ret_V_1_7' <Predicate = true> <Delay = 0.99> <Core = "LogicGate">   --->   Core 27 'LogicGate' <Latency = 0> <II = 1> <Delay = 0.99> <FuncUnit> <Opcode : 'and' 'or' 'xor'> <InPorts = 2> <OutPorts = 1>
ST_17 : Operation 214 [1/2] (3.25ns)   --->   "%sboxExp_V_load_10 = load i8* %sboxExp_V_addr_10, align 1" [aes/aes_encrypt.cpp:84->aes/aes_encrypt.cpp:209]   --->   Operation 214 'load' 'sboxExp_V_load_10' <Predicate = true> <Delay = 3.25> <Core = "ROM_2P">   --->   Core 56 'ROM_2P' <Latency = 1> <II = 1> <Delay = 3.25> <Storage> <Opcode : 'load'> <Ports = 2> <Width = 8> <Depth = 256> <ROM>
ST_17 : Operation 215 [1/1] (0.00ns)   --->   "%tmp_13_8 = zext i8 %ret_V_1_7 to i64" [aes/aes_encrypt.cpp:85->aes/aes_encrypt.cpp:209]   --->   Operation 215 'zext' 'tmp_13_8' <Predicate = true> <Delay = 0.00>
ST_17 : Operation 216 [1/1] (0.00ns)   --->   "%sboxExp_V_addr_11 = getelementptr [256 x i8]* @sboxExp_V, i64 0, i64 %tmp_13_8" [aes/aes_encrypt.cpp:85->aes/aes_encrypt.cpp:209]   --->   Operation 216 'getelementptr' 'sboxExp_V_addr_11' <Predicate = true> <Delay = 0.00>
ST_17 : Operation 217 [2/2] (3.25ns)   --->   "%sboxExp_V_load_11 = load i8* %sboxExp_V_addr_11, align 1" [aes/aes_encrypt.cpp:85->aes/aes_encrypt.cpp:209]   --->   Operation 217 'load' 'sboxExp_V_load_11' <Predicate = true> <Delay = 3.25> <Core = "ROM_2P">   --->   Core 56 'ROM_2P' <Latency = 1> <II = 1> <Delay = 3.25> <Storage> <Opcode : 'load'> <Ports = 2> <Width = 8> <Depth = 256> <ROM>

State 18 <SV = 17> <Delay = 8.48>
ST_18 : Operation 218 [1/1] (0.00ns)   --->   "%roundKeys_0_V_addr = getelementptr [11 x i8]* %roundKeys_0_V, i64 0, i64 0" [aes/aes_encrypt.cpp:69->aes/aes_encrypt.cpp:209]   --->   Operation 218 'getelementptr' 'roundKeys_0_V_addr' <Predicate = true> <Delay = 0.00>
ST_18 : Operation 219 [1/1] (2.32ns)   --->   "store i8 %key_V_load, i8* %roundKeys_0_V_addr, align 1" [aes/aes_encrypt.cpp:69->aes/aes_encrypt.cpp:209]   --->   Operation 219 'store' <Predicate = true> <Delay = 2.32> <Core = "RAM">   --->   Core 37 'RAM' <Latency = 1> <II = 1> <Delay = 2.32> <Storage> <Opcode : 'load' 'store'> <Ports = 2> <Width = 8> <Depth = 16> <RAM>
ST_18 : Operation 220 [1/1] (0.00ns)   --->   "%roundKeys_1_V_addr = getelementptr [11 x i8]* %roundKeys_1_V, i64 0, i64 0" [aes/aes_encrypt.cpp:69->aes/aes_encrypt.cpp:209]   --->   Operation 220 'getelementptr' 'roundKeys_1_V_addr' <Predicate = true> <Delay = 0.00>
ST_18 : Operation 221 [1/1] (2.32ns)   --->   "store i8 %key_V_load_1, i8* %roundKeys_1_V_addr, align 1" [aes/aes_encrypt.cpp:69->aes/aes_encrypt.cpp:209]   --->   Operation 221 'store' <Predicate = true> <Delay = 2.32> <Core = "RAM">   --->   Core 37 'RAM' <Latency = 1> <II = 1> <Delay = 2.32> <Storage> <Opcode : 'load' 'store'> <Ports = 2> <Width = 8> <Depth = 16> <RAM>
ST_18 : Operation 222 [1/1] (0.00ns)   --->   "%roundKeys_10_V_addr = getelementptr [11 x i8]* %roundKeys_10_V, i64 0, i64 0" [aes/aes_encrypt.cpp:69->aes/aes_encrypt.cpp:209]   --->   Operation 222 'getelementptr' 'roundKeys_10_V_addr' <Predicate = true> <Delay = 0.00>
ST_18 : Operation 223 [1/1] (2.32ns)   --->   "store i8 %key_V_load_10, i8* %roundKeys_10_V_addr, align 1" [aes/aes_encrypt.cpp:69->aes/aes_encrypt.cpp:209]   --->   Operation 223 'store' <Predicate = true> <Delay = 2.32> <Core = "RAM">   --->   Core 37 'RAM' <Latency = 1> <II = 1> <Delay = 2.32> <Storage> <Opcode : 'load' 'store'> <Ports = 2> <Width = 8> <Depth = 16> <RAM>
ST_18 : Operation 224 [1/1] (0.00ns)   --->   "%roundKeys_14_V_addr = getelementptr [11 x i8]* %roundKeys_14_V, i64 0, i64 0" [aes/aes_encrypt.cpp:69->aes/aes_encrypt.cpp:209]   --->   Operation 224 'getelementptr' 'roundKeys_14_V_addr' <Predicate = true> <Delay = 0.00>
ST_18 : Operation 225 [1/1] (2.32ns)   --->   "store i8 %key_V_load_14, i8* %roundKeys_14_V_addr, align 1" [aes/aes_encrypt.cpp:69->aes/aes_encrypt.cpp:209]   --->   Operation 225 'store' <Predicate = true> <Delay = 2.32> <Core = "RAM">   --->   Core 37 'RAM' <Latency = 1> <II = 1> <Delay = 2.32> <Storage> <Opcode : 'load' 'store'> <Ports = 2> <Width = 8> <Depth = 16> <RAM>
ST_18 : Operation 226 [1/1] (0.00ns)   --->   "%roundKeys_1_V_addr_1 = getelementptr [11 x i8]* %roundKeys_1_V, i64 0, i64 1" [aes/aes_encrypt.cpp:90->aes/aes_encrypt.cpp:209]   --->   Operation 226 'getelementptr' 'roundKeys_1_V_addr_1' <Predicate = true> <Delay = 0.00>
ST_18 : Operation 227 [1/1] (2.32ns)   --->   "store i8 %ret_V_1_0_1, i8* %roundKeys_1_V_addr_1, align 1" [aes/aes_encrypt.cpp:90->aes/aes_encrypt.cpp:209]   --->   Operation 227 'store' <Predicate = true> <Delay = 2.32> <Core = "RAM">   --->   Core 37 'RAM' <Latency = 1> <II = 1> <Delay = 2.32> <Storage> <Opcode : 'load' 'store'> <Ports = 2> <Width = 8> <Depth = 16> <RAM>
ST_18 : Operation 228 [1/1] (0.00ns)   --->   "%roundKeys_2_V_addr_1 = getelementptr [11 x i8]* %roundKeys_2_V, i64 0, i64 1" [aes/aes_encrypt.cpp:90->aes/aes_encrypt.cpp:209]   --->   Operation 228 'getelementptr' 'roundKeys_2_V_addr_1' <Predicate = true> <Delay = 0.00>
ST_18 : Operation 229 [1/1] (2.32ns)   --->   "store i8 %ret_V_1_0_2, i8* %roundKeys_2_V_addr_1, align 1" [aes/aes_encrypt.cpp:90->aes/aes_encrypt.cpp:209]   --->   Operation 229 'store' <Predicate = true> <Delay = 2.32> <Core = "RAM">   --->   Core 37 'RAM' <Latency = 1> <II = 1> <Delay = 2.32> <Storage> <Opcode : 'load' 'store'> <Ports = 2> <Width = 8> <Depth = 16> <RAM>
ST_18 : Operation 230 [1/2] (3.25ns)   --->   "%sboxExp_V_load_6 = load i8* %sboxExp_V_addr_6, align 1" [aes/aes_encrypt.cpp:84->aes/aes_encrypt.cpp:209]   --->   Operation 230 'load' 'sboxExp_V_load_6' <Predicate = true> <Delay = 3.25> <Core = "ROM_2P">   --->   Core 56 'ROM_2P' <Latency = 1> <II = 1> <Delay = 3.25> <Storage> <Opcode : 'load'> <Ports = 2> <Width = 8> <Depth = 256> <ROM>
ST_18 : Operation 231 [1/1] (0.99ns)   --->   "%ret_V_1_4_1 = xor i8 %sboxExp_V_load_4, %ret_V_1_0_1" [aes/aes_encrypt.cpp:90->aes/aes_encrypt.cpp:209]   --->   Operation 231 'xor' 'ret_V_1_4_1' <Predicate = true> <Delay = 0.99> <Core = "LogicGate">   --->   Core 27 'LogicGate' <Latency = 0> <II = 1> <Delay = 0.99> <FuncUnit> <Opcode : 'and' 'or' 'xor'> <InPorts = 2> <OutPorts = 1>
ST_18 : Operation 232 [1/1] (0.99ns)   --->   "%ret_V_1_4_2 = xor i8 %sboxExp_V_load_6, %ret_V_1_0_2" [aes/aes_encrypt.cpp:90->aes/aes_encrypt.cpp:209]   --->   Operation 232 'xor' 'ret_V_1_4_2' <Predicate = true> <Delay = 0.99> <Core = "LogicGate">   --->   Core 27 'LogicGate' <Latency = 0> <II = 1> <Delay = 0.99> <FuncUnit> <Opcode : 'and' 'or' 'xor'> <InPorts = 2> <OutPorts = 1>
ST_18 : Operation 233 [1/1] (0.00ns)   --->   "%roundKeys_2_V_addr_2 = getelementptr [11 x i8]* %roundKeys_2_V, i64 0, i64 2" [aes/aes_encrypt.cpp:90->aes/aes_encrypt.cpp:209]   --->   Operation 233 'getelementptr' 'roundKeys_2_V_addr_2' <Predicate = true> <Delay = 0.00>
ST_18 : Operation 234 [1/1] (2.32ns)   --->   "store i8 %ret_V_1_4_2, i8* %roundKeys_2_V_addr_2, align 1" [aes/aes_encrypt.cpp:90->aes/aes_encrypt.cpp:209]   --->   Operation 234 'store' <Predicate = true> <Delay = 2.32> <Core = "RAM">   --->   Core 37 'RAM' <Latency = 1> <II = 1> <Delay = 2.32> <Storage> <Opcode : 'load' 'store'> <Ports = 2> <Width = 8> <Depth = 16> <RAM>
ST_18 : Operation 235 [1/1] (0.00ns)   --->   "%roundKeys_3_V_addr_2 = getelementptr [11 x i8]* %roundKeys_3_V, i64 0, i64 2" [aes/aes_encrypt.cpp:90->aes/aes_encrypt.cpp:209]   --->   Operation 235 'getelementptr' 'roundKeys_3_V_addr_2' <Predicate = true> <Delay = 0.00>
ST_18 : Operation 236 [1/1] (2.32ns)   --->   "store i8 %ret_V_1_4_3, i8* %roundKeys_3_V_addr_2, align 1" [aes/aes_encrypt.cpp:90->aes/aes_encrypt.cpp:209]   --->   Operation 236 'store' <Predicate = true> <Delay = 2.32> <Core = "RAM">   --->   Core 37 'RAM' <Latency = 1> <II = 1> <Delay = 2.32> <Storage> <Opcode : 'load' 'store'> <Ports = 2> <Width = 8> <Depth = 16> <RAM>
ST_18 : Operation 237 [1/1] (0.99ns)   --->   "%ret_V_1_5_1 = xor i8 %sboxExp_V_load_4, %key_V_load_5" [aes/aes_encrypt.cpp:90->aes/aes_encrypt.cpp:209]   --->   Operation 237 'xor' 'ret_V_1_5_1' <Predicate = true> <Delay = 0.99> <Core = "LogicGate">   --->   Core 27 'LogicGate' <Latency = 0> <II = 1> <Delay = 0.99> <FuncUnit> <Opcode : 'and' 'or' 'xor'> <InPorts = 2> <OutPorts = 1>
ST_18 : Operation 238 [1/1] (0.99ns)   --->   "%ret_V_1_5_2 = xor i8 %sboxExp_V_load_6, %key_V_load_6" [aes/aes_encrypt.cpp:90->aes/aes_encrypt.cpp:209]   --->   Operation 238 'xor' 'ret_V_1_5_2' <Predicate = true> <Delay = 0.99> <Core = "LogicGate">   --->   Core 27 'LogicGate' <Latency = 0> <II = 1> <Delay = 0.99> <FuncUnit> <Opcode : 'and' 'or' 'xor'> <InPorts = 2> <OutPorts = 1>
ST_18 : Operation 239 [1/1] (0.99ns)   --->   "%ret_V_1_7_1 = xor i8 %key_V_load_13, %ret_V_1_5_1" [aes/aes_encrypt.cpp:90->aes/aes_encrypt.cpp:209]   --->   Operation 239 'xor' 'ret_V_1_7_1' <Predicate = true> <Delay = 0.99> <Core = "LogicGate">   --->   Core 27 'LogicGate' <Latency = 0> <II = 1> <Delay = 0.99> <FuncUnit> <Opcode : 'and' 'or' 'xor'> <InPorts = 2> <OutPorts = 1>
ST_18 : Operation 240 [1/1] (0.99ns)   --->   "%ret_V_1_7_2 = xor i8 %key_V_load_14, %ret_V_1_5_2" [aes/aes_encrypt.cpp:90->aes/aes_encrypt.cpp:209]   --->   Operation 240 'xor' 'ret_V_1_7_2' <Predicate = true> <Delay = 0.99> <Core = "LogicGate">   --->   Core 27 'LogicGate' <Latency = 0> <II = 1> <Delay = 0.99> <FuncUnit> <Opcode : 'and' 'or' 'xor'> <InPorts = 2> <OutPorts = 1>
ST_18 : Operation 241 [1/1] (0.00ns)   --->   "%tmp_3_8 = zext i8 %ret_V_1_7_1 to i64" [aes/aes_encrypt.cpp:82->aes/aes_encrypt.cpp:209]   --->   Operation 241 'zext' 'tmp_3_8' <Predicate = true> <Delay = 0.00>
ST_18 : Operation 242 [1/1] (0.00ns)   --->   "%sboxExp_V_addr_8 = getelementptr [256 x i8]* @sboxExp_V, i64 0, i64 %tmp_3_8" [aes/aes_encrypt.cpp:82->aes/aes_encrypt.cpp:209]   --->   Operation 242 'getelementptr' 'sboxExp_V_addr_8' <Predicate = true> <Delay = 0.00>
ST_18 : Operation 243 [2/2] (3.25ns)   --->   "%sboxExp_V_load_9 = load i8* %sboxExp_V_addr_8, align 1" [aes/aes_encrypt.cpp:82->aes/aes_encrypt.cpp:209]   --->   Operation 243 'load' 'sboxExp_V_load_9' <Predicate = true> <Delay = 3.25> <Core = "ROM_2P">   --->   Core 56 'ROM_2P' <Latency = 1> <II = 1> <Delay = 3.25> <Storage> <Opcode : 'load'> <Ports = 2> <Width = 8> <Depth = 256> <ROM>
ST_18 : Operation 244 [1/1] (0.00ns)   --->   "%tmp_11_8 = zext i8 %ret_V_1_7_2 to i64" [aes/aes_encrypt.cpp:83->aes/aes_encrypt.cpp:209]   --->   Operation 244 'zext' 'tmp_11_8' <Predicate = true> <Delay = 0.00>
ST_18 : Operation 245 [1/1] (0.00ns)   --->   "%sboxExp_V_addr_9 = getelementptr [256 x i8]* @sboxExp_V, i64 0, i64 %tmp_11_8" [aes/aes_encrypt.cpp:83->aes/aes_encrypt.cpp:209]   --->   Operation 245 'getelementptr' 'sboxExp_V_addr_9' <Predicate = true> <Delay = 0.00>
ST_18 : Operation 246 [2/2] (3.25ns)   --->   "%sboxExp_V_load_8 = load i8* %sboxExp_V_addr_9, align 1" [aes/aes_encrypt.cpp:83->aes/aes_encrypt.cpp:209]   --->   Operation 246 'load' 'sboxExp_V_load_8' <Predicate = true> <Delay = 3.25> <Core = "ROM_2P">   --->   Core 56 'ROM_2P' <Latency = 1> <II = 1> <Delay = 3.25> <Storage> <Opcode : 'load'> <Ports = 2> <Width = 8> <Depth = 256> <ROM>
ST_18 : Operation 247 [1/2] (3.25ns)   --->   "%sboxExp_V_load_11 = load i8* %sboxExp_V_addr_11, align 1" [aes/aes_encrypt.cpp:85->aes/aes_encrypt.cpp:209]   --->   Operation 247 'load' 'sboxExp_V_load_11' <Predicate = true> <Delay = 3.25> <Core = "ROM_2P">   --->   Core 56 'ROM_2P' <Latency = 1> <II = 1> <Delay = 3.25> <Storage> <Opcode : 'load'> <Ports = 2> <Width = 8> <Depth = 256> <ROM>
ST_18 : Operation 248 [1/1] (0.99ns)   --->   "%ret_V_1_8_2 = xor i8 %sboxExp_V_load_10, %ret_V_1_4_2" [aes/aes_encrypt.cpp:90->aes/aes_encrypt.cpp:209]   --->   Operation 248 'xor' 'ret_V_1_8_2' <Predicate = true> <Delay = 0.99> <Core = "LogicGate">   --->   Core 27 'LogicGate' <Latency = 0> <II = 1> <Delay = 0.99> <FuncUnit> <Opcode : 'and' 'or' 'xor'> <InPorts = 2> <OutPorts = 1>
ST_18 : Operation 249 [1/1] (0.99ns)   --->   "%ret_V_1_8_3 = xor i8 %sboxExp_V_load_11, %ret_V_1_4_3" [aes/aes_encrypt.cpp:90->aes/aes_encrypt.cpp:209]   --->   Operation 249 'xor' 'ret_V_1_8_3' <Predicate = true> <Delay = 0.99> <Core = "LogicGate">   --->   Core 27 'LogicGate' <Latency = 0> <II = 1> <Delay = 0.99> <FuncUnit> <Opcode : 'and' 'or' 'xor'> <InPorts = 2> <OutPorts = 1>

State 19 <SV = 18> <Delay = 5.23>
ST_19 : Operation 250 [1/1] (0.00ns)   --->   "%roundKeys_9_V_addr = getelementptr [11 x i8]* %roundKeys_9_V, i64 0, i64 0" [aes/aes_encrypt.cpp:69->aes/aes_encrypt.cpp:209]   --->   Operation 250 'getelementptr' 'roundKeys_9_V_addr' <Predicate = true> <Delay = 0.00>
ST_19 : Operation 251 [1/1] (2.32ns)   --->   "store i8 %key_V_load_9, i8* %roundKeys_9_V_addr, align 1" [aes/aes_encrypt.cpp:69->aes/aes_encrypt.cpp:209]   --->   Operation 251 'store' <Predicate = true> <Delay = 2.32> <Core = "RAM">   --->   Core 37 'RAM' <Latency = 1> <II = 1> <Delay = 2.32> <Storage> <Opcode : 'load' 'store'> <Ports = 2> <Width = 8> <Depth = 16> <RAM>
ST_19 : Operation 252 [1/1] (0.00ns)   --->   "%roundKeys_11_V_addr = getelementptr [11 x i8]* %roundKeys_11_V, i64 0, i64 0" [aes/aes_encrypt.cpp:69->aes/aes_encrypt.cpp:209]   --->   Operation 252 'getelementptr' 'roundKeys_11_V_addr' <Predicate = true> <Delay = 0.00>
ST_19 : Operation 253 [1/1] (2.32ns)   --->   "store i8 %key_V_load_11, i8* %roundKeys_11_V_addr, align 1" [aes/aes_encrypt.cpp:69->aes/aes_encrypt.cpp:209]   --->   Operation 253 'store' <Predicate = true> <Delay = 2.32> <Core = "RAM">   --->   Core 37 'RAM' <Latency = 1> <II = 1> <Delay = 2.32> <Storage> <Opcode : 'load' 'store'> <Ports = 2> <Width = 8> <Depth = 16> <RAM>
ST_19 : Operation 254 [1/1] (0.00ns)   --->   "%roundKeys_13_V_addr = getelementptr [11 x i8]* %roundKeys_13_V, i64 0, i64 0" [aes/aes_encrypt.cpp:69->aes/aes_encrypt.cpp:209]   --->   Operation 254 'getelementptr' 'roundKeys_13_V_addr' <Predicate = true> <Delay = 0.00>
ST_19 : Operation 255 [1/1] (2.32ns)   --->   "store i8 %key_V_load_13, i8* %roundKeys_13_V_addr, align 1" [aes/aes_encrypt.cpp:69->aes/aes_encrypt.cpp:209]   --->   Operation 255 'store' <Predicate = true> <Delay = 2.32> <Core = "RAM">   --->   Core 37 'RAM' <Latency = 1> <II = 1> <Delay = 2.32> <Storage> <Opcode : 'load' 'store'> <Ports = 2> <Width = 8> <Depth = 16> <RAM>
ST_19 : Operation 256 [1/1] (0.00ns)   --->   "%roundKeys_10_V_addr_1 = getelementptr [11 x i8]* %roundKeys_10_V, i64 0, i64 1" [aes/aes_encrypt.cpp:90->aes/aes_encrypt.cpp:209]   --->   Operation 256 'getelementptr' 'roundKeys_10_V_addr_1' <Predicate = true> <Delay = 0.00>
ST_19 : Operation 257 [1/1] (2.32ns)   --->   "store i8 %ret_V_1_2_2, i8* %roundKeys_10_V_addr_1, align 1" [aes/aes_encrypt.cpp:90->aes/aes_encrypt.cpp:209]   --->   Operation 257 'store' <Predicate = true> <Delay = 2.32> <Core = "RAM">   --->   Core 37 'RAM' <Latency = 1> <II = 1> <Delay = 2.32> <Storage> <Opcode : 'load' 'store'> <Ports = 2> <Width = 8> <Depth = 16> <RAM>
ST_19 : Operation 258 [1/1] (0.00ns)   --->   "%roundKeys_0_V_addr_2 = getelementptr [11 x i8]* %roundKeys_0_V, i64 0, i64 2" [aes/aes_encrypt.cpp:90->aes/aes_encrypt.cpp:209]   --->   Operation 258 'getelementptr' 'roundKeys_0_V_addr_2' <Predicate = true> <Delay = 0.00>
ST_19 : Operation 259 [1/1] (2.32ns)   --->   "store i8 %ret_V_1_4, i8* %roundKeys_0_V_addr_2, align 1" [aes/aes_encrypt.cpp:90->aes/aes_encrypt.cpp:209]   --->   Operation 259 'store' <Predicate = true> <Delay = 2.32> <Core = "RAM">   --->   Core 37 'RAM' <Latency = 1> <II = 1> <Delay = 2.32> <Storage> <Opcode : 'load' 'store'> <Ports = 2> <Width = 8> <Depth = 16> <RAM>
ST_19 : Operation 260 [1/1] (0.00ns)   --->   "%roundKeys_1_V_addr_2 = getelementptr [11 x i8]* %roundKeys_1_V, i64 0, i64 2" [aes/aes_encrypt.cpp:90->aes/aes_encrypt.cpp:209]   --->   Operation 260 'getelementptr' 'roundKeys_1_V_addr_2' <Predicate = true> <Delay = 0.00>
ST_19 : Operation 261 [1/1] (2.32ns)   --->   "store i8 %ret_V_1_4_1, i8* %roundKeys_1_V_addr_2, align 1" [aes/aes_encrypt.cpp:90->aes/aes_encrypt.cpp:209]   --->   Operation 261 'store' <Predicate = true> <Delay = 2.32> <Core = "RAM">   --->   Core 37 'RAM' <Latency = 1> <II = 1> <Delay = 2.32> <Storage> <Opcode : 'load' 'store'> <Ports = 2> <Width = 8> <Depth = 16> <RAM>
ST_19 : Operation 262 [1/1] (0.99ns)   --->   "%ret_V_1_6_2 = xor i8 %ret_V_1_5_2, %ret_V_1_2_2" [aes/aes_encrypt.cpp:90->aes/aes_encrypt.cpp:209]   --->   Operation 262 'xor' 'ret_V_1_6_2' <Predicate = true> <Delay = 0.99> <Core = "LogicGate">   --->   Core 27 'LogicGate' <Latency = 0> <II = 1> <Delay = 0.99> <FuncUnit> <Opcode : 'and' 'or' 'xor'> <InPorts = 2> <OutPorts = 1>
ST_19 : Operation 263 [1/1] (0.00ns)   --->   "%roundKeys_10_V_addr_2 = getelementptr [11 x i8]* %roundKeys_10_V, i64 0, i64 2" [aes/aes_encrypt.cpp:90->aes/aes_encrypt.cpp:209]   --->   Operation 263 'getelementptr' 'roundKeys_10_V_addr_2' <Predicate = true> <Delay = 0.00>
ST_19 : Operation 264 [1/1] (2.32ns)   --->   "store i8 %ret_V_1_6_2, i8* %roundKeys_10_V_addr_2, align 1" [aes/aes_encrypt.cpp:90->aes/aes_encrypt.cpp:209]   --->   Operation 264 'store' <Predicate = true> <Delay = 2.32> <Core = "RAM">   --->   Core 37 'RAM' <Latency = 1> <II = 1> <Delay = 2.32> <Storage> <Opcode : 'load' 'store'> <Ports = 2> <Width = 8> <Depth = 16> <RAM>
ST_19 : Operation 265 [1/1] (0.00ns)   --->   "%roundKeys_14_V_addr_2 = getelementptr [11 x i8]* %roundKeys_14_V, i64 0, i64 2" [aes/aes_encrypt.cpp:90->aes/aes_encrypt.cpp:209]   --->   Operation 265 'getelementptr' 'roundKeys_14_V_addr_2' <Predicate = true> <Delay = 0.00>
ST_19 : Operation 266 [1/1] (2.32ns)   --->   "store i8 %ret_V_1_7_2, i8* %roundKeys_14_V_addr_2, align 1" [aes/aes_encrypt.cpp:90->aes/aes_encrypt.cpp:209]   --->   Operation 266 'store' <Predicate = true> <Delay = 2.32> <Core = "RAM">   --->   Core 37 'RAM' <Latency = 1> <II = 1> <Delay = 2.32> <Storage> <Opcode : 'load' 'store'> <Ports = 2> <Width = 8> <Depth = 16> <RAM>
ST_19 : Operation 267 [1/1] (0.00ns)   --->   "%roundKeys_15_V_addr_2 = getelementptr [11 x i8]* %roundKeys_15_V, i64 0, i64 2" [aes/aes_encrypt.cpp:90->aes/aes_encrypt.cpp:209]   --->   Operation 267 'getelementptr' 'roundKeys_15_V_addr_2' <Predicate = true> <Delay = 0.00>
ST_19 : Operation 268 [1/1] (2.32ns)   --->   "store i8 %ret_V_1_7_3, i8* %roundKeys_15_V_addr_2, align 1" [aes/aes_encrypt.cpp:90->aes/aes_encrypt.cpp:209]   --->   Operation 268 'store' <Predicate = true> <Delay = 2.32> <Core = "RAM">   --->   Core 37 'RAM' <Latency = 1> <II = 1> <Delay = 2.32> <Storage> <Opcode : 'load' 'store'> <Ports = 2> <Width = 8> <Depth = 16> <RAM>
ST_19 : Operation 269 [1/2] (3.25ns)   --->   "%sboxExp_V_load_9 = load i8* %sboxExp_V_addr_8, align 1" [aes/aes_encrypt.cpp:82->aes/aes_encrypt.cpp:209]   --->   Operation 269 'load' 'sboxExp_V_load_9' <Predicate = true> <Delay = 3.25> <Core = "ROM_2P">   --->   Core 56 'ROM_2P' <Latency = 1> <II = 1> <Delay = 3.25> <Storage> <Opcode : 'load'> <Ports = 2> <Width = 8> <Depth = 256> <ROM>
ST_19 : Operation 270 [1/2] (3.25ns)   --->   "%sboxExp_V_load_8 = load i8* %sboxExp_V_addr_9, align 1" [aes/aes_encrypt.cpp:83->aes/aes_encrypt.cpp:209]   --->   Operation 270 'load' 'sboxExp_V_load_8' <Predicate = true> <Delay = 3.25> <Core = "ROM_2P">   --->   Core 56 'ROM_2P' <Latency = 1> <II = 1> <Delay = 3.25> <Storage> <Opcode : 'load'> <Ports = 2> <Width = 8> <Depth = 256> <ROM>
ST_19 : Operation 271 [1/1] (0.00ns) (grouped into LUT with out node ret_V_1_8)   --->   "%tmp2 = xor i8 %ret_V_1_4, 4" [aes/aes_encrypt.cpp:90->aes/aes_encrypt.cpp:209]   --->   Operation 271 'xor' 'tmp2' <Predicate = true> <Delay = 0.00> <Core = "LogicGate">   --->   Core 27 'LogicGate' <Latency = 0> <II = 1> <Delay = 0.99> <FuncUnit> <Opcode : 'and' 'or' 'xor'> <InPorts = 2> <OutPorts = 1>
ST_19 : Operation 272 [1/1] (0.99ns) (out node of the LUT)   --->   "%ret_V_1_8 = xor i8 %tmp2, %sboxExp_V_load_9" [aes/aes_encrypt.cpp:90->aes/aes_encrypt.cpp:209]   --->   Operation 272 'xor' 'ret_V_1_8' <Predicate = true> <Delay = 0.99> <Core = "LogicGate">   --->   Core 27 'LogicGate' <Latency = 0> <II = 1> <Delay = 0.99> <FuncUnit> <Opcode : 'and' 'or' 'xor'> <InPorts = 2> <OutPorts = 1>
ST_19 : Operation 273 [1/1] (0.99ns)   --->   "%ret_V_1_8_1 = xor i8 %sboxExp_V_load_8, %ret_V_1_4_1" [aes/aes_encrypt.cpp:90->aes/aes_encrypt.cpp:209]   --->   Operation 273 'xor' 'ret_V_1_8_1' <Predicate = true> <Delay = 0.99> <Core = "LogicGate">   --->   Core 27 'LogicGate' <Latency = 0> <II = 1> <Delay = 0.99> <FuncUnit> <Opcode : 'and' 'or' 'xor'> <InPorts = 2> <OutPorts = 1>
ST_19 : Operation 274 [1/1] (0.99ns)   --->   "%ret_V_1_10_2 = xor i8 %ret_V_1_8_2, %ret_V_1_2_2" [aes/aes_encrypt.cpp:90->aes/aes_encrypt.cpp:209]   --->   Operation 274 'xor' 'ret_V_1_10_2' <Predicate = true> <Delay = 0.99> <Core = "LogicGate">   --->   Core 27 'LogicGate' <Latency = 0> <II = 1> <Delay = 0.99> <FuncUnit> <Opcode : 'and' 'or' 'xor'> <InPorts = 2> <OutPorts = 1>
ST_19 : Operation 275 [1/1] (0.99ns)   --->   "%ret_V_1_11_2 = xor i8 %ret_V_1_10_2, %ret_V_1_7_2" [aes/aes_encrypt.cpp:90->aes/aes_encrypt.cpp:209]   --->   Operation 275 'xor' 'ret_V_1_11_2' <Predicate = true> <Delay = 0.99> <Core = "LogicGate">   --->   Core 27 'LogicGate' <Latency = 0> <II = 1> <Delay = 0.99> <FuncUnit> <Opcode : 'and' 'or' 'xor'> <InPorts = 2> <OutPorts = 1>
ST_19 : Operation 276 [1/1] (0.00ns)   --->   "%roundKeys_14_V_addr_3 = getelementptr [11 x i8]* %roundKeys_14_V, i64 0, i64 3" [aes/aes_encrypt.cpp:90->aes/aes_encrypt.cpp:209]   --->   Operation 276 'getelementptr' 'roundKeys_14_V_addr_3' <Predicate = true> <Delay = 0.00>
ST_19 : Operation 277 [1/1] (2.32ns)   --->   "store i8 %ret_V_1_11_2, i8* %roundKeys_14_V_addr_3, align 1" [aes/aes_encrypt.cpp:90->aes/aes_encrypt.cpp:209]   --->   Operation 277 'store' <Predicate = true> <Delay = 2.32> <Core = "RAM">   --->   Core 37 'RAM' <Latency = 1> <II = 1> <Delay = 2.32> <Storage> <Opcode : 'load' 'store'> <Ports = 2> <Width = 8> <Depth = 16> <RAM>
ST_19 : Operation 278 [1/1] (0.00ns)   --->   "%tmp_11_s = zext i8 %ret_V_1_11_2 to i64" [aes/aes_encrypt.cpp:83->aes/aes_encrypt.cpp:209]   --->   Operation 278 'zext' 'tmp_11_s' <Predicate = true> <Delay = 0.00>
ST_19 : Operation 279 [1/1] (0.00ns)   --->   "%sboxExp_V_addr_13 = getelementptr [256 x i8]* @sboxExp_V, i64 0, i64 %tmp_11_s" [aes/aes_encrypt.cpp:83->aes/aes_encrypt.cpp:209]   --->   Operation 279 'getelementptr' 'sboxExp_V_addr_13' <Predicate = true> <Delay = 0.00>
ST_19 : Operation 280 [2/2] (3.25ns)   --->   "%sboxExp_V_load_12 = load i8* %sboxExp_V_addr_13, align 1" [aes/aes_encrypt.cpp:83->aes/aes_encrypt.cpp:209]   --->   Operation 280 'load' 'sboxExp_V_load_12' <Predicate = true> <Delay = 3.25> <Core = "ROM_2P">   --->   Core 56 'ROM_2P' <Latency = 1> <II = 1> <Delay = 3.25> <Storage> <Opcode : 'load'> <Ports = 2> <Width = 8> <Depth = 256> <ROM>

State 20 <SV = 19> <Delay = 5.23>
ST_20 : Operation 281 [1/1] (0.00ns)   --->   "%roundKeys_5_V_addr = getelementptr [11 x i8]* %roundKeys_5_V, i64 0, i64 0" [aes/aes_encrypt.cpp:69->aes/aes_encrypt.cpp:209]   --->   Operation 281 'getelementptr' 'roundKeys_5_V_addr' <Predicate = true> <Delay = 0.00>
ST_20 : Operation 282 [1/1] (2.32ns)   --->   "store i8 %key_V_load_5, i8* %roundKeys_5_V_addr, align 1" [aes/aes_encrypt.cpp:69->aes/aes_encrypt.cpp:209]   --->   Operation 282 'store' <Predicate = true> <Delay = 2.32> <Core = "RAM">   --->   Core 37 'RAM' <Latency = 1> <II = 1> <Delay = 2.32> <Storage> <Opcode : 'load' 'store'> <Ports = 2> <Width = 8> <Depth = 16> <RAM>
ST_20 : Operation 283 [1/1] (0.00ns)   --->   "%roundKeys_8_V_addr = getelementptr [11 x i8]* %roundKeys_8_V, i64 0, i64 0" [aes/aes_encrypt.cpp:69->aes/aes_encrypt.cpp:209]   --->   Operation 283 'getelementptr' 'roundKeys_8_V_addr' <Predicate = true> <Delay = 0.00>
ST_20 : Operation 284 [1/1] (2.32ns)   --->   "store i8 %key_V_load_8, i8* %roundKeys_8_V_addr, align 1" [aes/aes_encrypt.cpp:69->aes/aes_encrypt.cpp:209]   --->   Operation 284 'store' <Predicate = true> <Delay = 2.32> <Core = "RAM">   --->   Core 37 'RAM' <Latency = 1> <II = 1> <Delay = 2.32> <Storage> <Opcode : 'load' 'store'> <Ports = 2> <Width = 8> <Depth = 16> <RAM>
ST_20 : Operation 285 [1/1] (0.00ns)   --->   "%roundKeys_12_V_addr = getelementptr [11 x i8]* %roundKeys_12_V, i64 0, i64 0" [aes/aes_encrypt.cpp:69->aes/aes_encrypt.cpp:209]   --->   Operation 285 'getelementptr' 'roundKeys_12_V_addr' <Predicate = true> <Delay = 0.00>
ST_20 : Operation 286 [1/1] (2.32ns)   --->   "store i8 %key_V_load_12, i8* %roundKeys_12_V_addr, align 1" [aes/aes_encrypt.cpp:69->aes/aes_encrypt.cpp:209]   --->   Operation 286 'store' <Predicate = true> <Delay = 2.32> <Core = "RAM">   --->   Core 37 'RAM' <Latency = 1> <II = 1> <Delay = 2.32> <Storage> <Opcode : 'load' 'store'> <Ports = 2> <Width = 8> <Depth = 16> <RAM>
ST_20 : Operation 287 [1/1] (0.00ns)   --->   "%roundKeys_9_V_addr_1 = getelementptr [11 x i8]* %roundKeys_9_V, i64 0, i64 1" [aes/aes_encrypt.cpp:90->aes/aes_encrypt.cpp:209]   --->   Operation 287 'getelementptr' 'roundKeys_9_V_addr_1' <Predicate = true> <Delay = 0.00>
ST_20 : Operation 288 [1/1] (2.32ns)   --->   "store i8 %ret_V_1_2_1, i8* %roundKeys_9_V_addr_1, align 1" [aes/aes_encrypt.cpp:90->aes/aes_encrypt.cpp:209]   --->   Operation 288 'store' <Predicate = true> <Delay = 2.32> <Core = "RAM">   --->   Core 37 'RAM' <Latency = 1> <II = 1> <Delay = 2.32> <Storage> <Opcode : 'load' 'store'> <Ports = 2> <Width = 8> <Depth = 16> <RAM>
ST_20 : Operation 289 [1/1] (0.00ns)   --->   "%roundKeys_11_V_addr_1 = getelementptr [11 x i8]* %roundKeys_11_V, i64 0, i64 1" [aes/aes_encrypt.cpp:90->aes/aes_encrypt.cpp:209]   --->   Operation 289 'getelementptr' 'roundKeys_11_V_addr_1' <Predicate = true> <Delay = 0.00>
ST_20 : Operation 290 [1/1] (2.32ns)   --->   "store i8 %ret_V_1_2_3, i8* %roundKeys_11_V_addr_1, align 1" [aes/aes_encrypt.cpp:90->aes/aes_encrypt.cpp:209]   --->   Operation 290 'store' <Predicate = true> <Delay = 2.32> <Core = "RAM">   --->   Core 37 'RAM' <Latency = 1> <II = 1> <Delay = 2.32> <Storage> <Opcode : 'load' 'store'> <Ports = 2> <Width = 8> <Depth = 16> <RAM>
ST_20 : Operation 291 [1/1] (0.99ns)   --->   "%ret_V_1_6_1 = xor i8 %ret_V_1_5_1, %ret_V_1_2_1" [aes/aes_encrypt.cpp:90->aes/aes_encrypt.cpp:209]   --->   Operation 291 'xor' 'ret_V_1_6_1' <Predicate = true> <Delay = 0.99> <Core = "LogicGate">   --->   Core 27 'LogicGate' <Latency = 0> <II = 1> <Delay = 0.99> <FuncUnit> <Opcode : 'and' 'or' 'xor'> <InPorts = 2> <OutPorts = 1>
ST_20 : Operation 292 [1/1] (0.00ns)   --->   "%roundKeys_9_V_addr_2 = getelementptr [11 x i8]* %roundKeys_9_V, i64 0, i64 2" [aes/aes_encrypt.cpp:90->aes/aes_encrypt.cpp:209]   --->   Operation 292 'getelementptr' 'roundKeys_9_V_addr_2' <Predicate = true> <Delay = 0.00>
ST_20 : Operation 293 [1/1] (2.32ns)   --->   "store i8 %ret_V_1_6_1, i8* %roundKeys_9_V_addr_2, align 1" [aes/aes_encrypt.cpp:90->aes/aes_encrypt.cpp:209]   --->   Operation 293 'store' <Predicate = true> <Delay = 2.32> <Core = "RAM">   --->   Core 37 'RAM' <Latency = 1> <II = 1> <Delay = 2.32> <Storage> <Opcode : 'load' 'store'> <Ports = 2> <Width = 8> <Depth = 16> <RAM>
ST_20 : Operation 294 [1/1] (0.99ns)   --->   "%ret_V_1_6_3 = xor i8 %ret_V_1_5_3, %ret_V_1_2_3" [aes/aes_encrypt.cpp:90->aes/aes_encrypt.cpp:209]   --->   Operation 294 'xor' 'ret_V_1_6_3' <Predicate = true> <Delay = 0.99> <Core = "LogicGate">   --->   Core 27 'LogicGate' <Latency = 0> <II = 1> <Delay = 0.99> <FuncUnit> <Opcode : 'and' 'or' 'xor'> <InPorts = 2> <OutPorts = 1>
ST_20 : Operation 295 [1/1] (0.00ns)   --->   "%roundKeys_11_V_addr_2 = getelementptr [11 x i8]* %roundKeys_11_V, i64 0, i64 2" [aes/aes_encrypt.cpp:90->aes/aes_encrypt.cpp:209]   --->   Operation 295 'getelementptr' 'roundKeys_11_V_addr_2' <Predicate = true> <Delay = 0.00>
ST_20 : Operation 296 [1/1] (2.32ns)   --->   "store i8 %ret_V_1_6_3, i8* %roundKeys_11_V_addr_2, align 1" [aes/aes_encrypt.cpp:90->aes/aes_encrypt.cpp:209]   --->   Operation 296 'store' <Predicate = true> <Delay = 2.32> <Core = "RAM">   --->   Core 37 'RAM' <Latency = 1> <II = 1> <Delay = 2.32> <Storage> <Opcode : 'load' 'store'> <Ports = 2> <Width = 8> <Depth = 16> <RAM>
ST_20 : Operation 297 [1/1] (0.00ns)   --->   "%roundKeys_13_V_addr_2 = getelementptr [11 x i8]* %roundKeys_13_V, i64 0, i64 2" [aes/aes_encrypt.cpp:90->aes/aes_encrypt.cpp:209]   --->   Operation 297 'getelementptr' 'roundKeys_13_V_addr_2' <Predicate = true> <Delay = 0.00>
ST_20 : Operation 298 [1/1] (2.32ns)   --->   "store i8 %ret_V_1_7_1, i8* %roundKeys_13_V_addr_2, align 1" [aes/aes_encrypt.cpp:90->aes/aes_encrypt.cpp:209]   --->   Operation 298 'store' <Predicate = true> <Delay = 2.32> <Core = "RAM">   --->   Core 37 'RAM' <Latency = 1> <II = 1> <Delay = 2.32> <Storage> <Opcode : 'load' 'store'> <Ports = 2> <Width = 8> <Depth = 16> <RAM>
ST_20 : Operation 299 [1/1] (0.99ns)   --->   "%ret_V_1_10_1 = xor i8 %ret_V_1_8_1, %ret_V_1_2_1" [aes/aes_encrypt.cpp:90->aes/aes_encrypt.cpp:209]   --->   Operation 299 'xor' 'ret_V_1_10_1' <Predicate = true> <Delay = 0.99> <Core = "LogicGate">   --->   Core 27 'LogicGate' <Latency = 0> <II = 1> <Delay = 0.99> <FuncUnit> <Opcode : 'and' 'or' 'xor'> <InPorts = 2> <OutPorts = 1>
ST_20 : Operation 300 [1/1] (0.99ns)   --->   "%ret_V_1_10_3 = xor i8 %ret_V_1_8_3, %ret_V_1_2_3" [aes/aes_encrypt.cpp:90->aes/aes_encrypt.cpp:209]   --->   Operation 300 'xor' 'ret_V_1_10_3' <Predicate = true> <Delay = 0.99> <Core = "LogicGate">   --->   Core 27 'LogicGate' <Latency = 0> <II = 1> <Delay = 0.99> <FuncUnit> <Opcode : 'and' 'or' 'xor'> <InPorts = 2> <OutPorts = 1>
ST_20 : Operation 301 [1/1] (0.99ns)   --->   "%ret_V_1_11_1 = xor i8 %ret_V_1_10_1, %ret_V_1_7_1" [aes/aes_encrypt.cpp:90->aes/aes_encrypt.cpp:209]   --->   Operation 301 'xor' 'ret_V_1_11_1' <Predicate = true> <Delay = 0.99> <Core = "LogicGate">   --->   Core 27 'LogicGate' <Latency = 0> <II = 1> <Delay = 0.99> <FuncUnit> <Opcode : 'and' 'or' 'xor'> <InPorts = 2> <OutPorts = 1>
ST_20 : Operation 302 [1/1] (0.00ns)   --->   "%roundKeys_13_V_addr_3 = getelementptr [11 x i8]* %roundKeys_13_V, i64 0, i64 3" [aes/aes_encrypt.cpp:90->aes/aes_encrypt.cpp:209]   --->   Operation 302 'getelementptr' 'roundKeys_13_V_addr_3' <Predicate = true> <Delay = 0.00>
ST_20 : Operation 303 [1/1] (2.32ns)   --->   "store i8 %ret_V_1_11_1, i8* %roundKeys_13_V_addr_3, align 1" [aes/aes_encrypt.cpp:90->aes/aes_encrypt.cpp:209]   --->   Operation 303 'store' <Predicate = true> <Delay = 2.32> <Core = "RAM">   --->   Core 37 'RAM' <Latency = 1> <II = 1> <Delay = 2.32> <Storage> <Opcode : 'load' 'store'> <Ports = 2> <Width = 8> <Depth = 16> <RAM>
ST_20 : Operation 304 [1/1] (0.99ns)   --->   "%ret_V_1_11_3 = xor i8 %ret_V_1_10_3, %ret_V_1_7_3" [aes/aes_encrypt.cpp:90->aes/aes_encrypt.cpp:209]   --->   Operation 304 'xor' 'ret_V_1_11_3' <Predicate = true> <Delay = 0.99> <Core = "LogicGate">   --->   Core 27 'LogicGate' <Latency = 0> <II = 1> <Delay = 0.99> <FuncUnit> <Opcode : 'and' 'or' 'xor'> <InPorts = 2> <OutPorts = 1>
ST_20 : Operation 305 [1/1] (0.00ns)   --->   "%roundKeys_15_V_addr_3 = getelementptr [11 x i8]* %roundKeys_15_V, i64 0, i64 3" [aes/aes_encrypt.cpp:90->aes/aes_encrypt.cpp:209]   --->   Operation 305 'getelementptr' 'roundKeys_15_V_addr_3' <Predicate = true> <Delay = 0.00>
ST_20 : Operation 306 [1/1] (2.32ns)   --->   "store i8 %ret_V_1_11_3, i8* %roundKeys_15_V_addr_3, align 1" [aes/aes_encrypt.cpp:90->aes/aes_encrypt.cpp:209]   --->   Operation 306 'store' <Predicate = true> <Delay = 2.32> <Core = "RAM">   --->   Core 37 'RAM' <Latency = 1> <II = 1> <Delay = 2.32> <Storage> <Opcode : 'load' 'store'> <Ports = 2> <Width = 8> <Depth = 16> <RAM>
ST_20 : Operation 307 [1/1] (0.00ns)   --->   "%tmp_3_s = zext i8 %ret_V_1_11_1 to i64" [aes/aes_encrypt.cpp:82->aes/aes_encrypt.cpp:209]   --->   Operation 307 'zext' 'tmp_3_s' <Predicate = true> <Delay = 0.00>
ST_20 : Operation 308 [1/1] (0.00ns)   --->   "%sboxExp_V_addr_12 = getelementptr [256 x i8]* @sboxExp_V, i64 0, i64 %tmp_3_s" [aes/aes_encrypt.cpp:82->aes/aes_encrypt.cpp:209]   --->   Operation 308 'getelementptr' 'sboxExp_V_addr_12' <Predicate = true> <Delay = 0.00>
ST_20 : Operation 309 [2/2] (3.25ns)   --->   "%sboxExp_V_load_13 = load i8* %sboxExp_V_addr_12, align 1" [aes/aes_encrypt.cpp:82->aes/aes_encrypt.cpp:209]   --->   Operation 309 'load' 'sboxExp_V_load_13' <Predicate = true> <Delay = 3.25> <Core = "ROM_2P">   --->   Core 56 'ROM_2P' <Latency = 1> <II = 1> <Delay = 3.25> <Storage> <Opcode : 'load'> <Ports = 2> <Width = 8> <Depth = 256> <ROM>
ST_20 : Operation 310 [1/2] (3.25ns)   --->   "%sboxExp_V_load_12 = load i8* %sboxExp_V_addr_13, align 1" [aes/aes_encrypt.cpp:83->aes/aes_encrypt.cpp:209]   --->   Operation 310 'load' 'sboxExp_V_load_12' <Predicate = true> <Delay = 3.25> <Core = "ROM_2P">   --->   Core 56 'ROM_2P' <Latency = 1> <II = 1> <Delay = 3.25> <Storage> <Opcode : 'load'> <Ports = 2> <Width = 8> <Depth = 256> <ROM>
ST_20 : Operation 311 [1/1] (0.00ns)   --->   "%tmp_12_s = zext i8 %ret_V_1_11_3 to i64" [aes/aes_encrypt.cpp:84->aes/aes_encrypt.cpp:209]   --->   Operation 311 'zext' 'tmp_12_s' <Predicate = true> <Delay = 0.00>
ST_20 : Operation 312 [1/1] (0.00ns)   --->   "%sboxExp_V_addr_14 = getelementptr [256 x i8]* @sboxExp_V, i64 0, i64 %tmp_12_s" [aes/aes_encrypt.cpp:84->aes/aes_encrypt.cpp:209]   --->   Operation 312 'getelementptr' 'sboxExp_V_addr_14' <Predicate = true> <Delay = 0.00>
ST_20 : Operation 313 [2/2] (3.25ns)   --->   "%sboxExp_V_load_14 = load i8* %sboxExp_V_addr_14, align 1" [aes/aes_encrypt.cpp:84->aes/aes_encrypt.cpp:209]   --->   Operation 313 'load' 'sboxExp_V_load_14' <Predicate = true> <Delay = 3.25> <Core = "ROM_2P">   --->   Core 56 'ROM_2P' <Latency = 1> <II = 1> <Delay = 3.25> <Storage> <Opcode : 'load'> <Ports = 2> <Width = 8> <Depth = 256> <ROM>

State 21 <SV = 20> <Delay = 5.23>
ST_21 : Operation 314 [1/1] (0.00ns)   --->   "%roundKeys_6_V_addr = getelementptr [11 x i8]* %roundKeys_6_V, i64 0, i64 0" [aes/aes_encrypt.cpp:69->aes/aes_encrypt.cpp:209]   --->   Operation 314 'getelementptr' 'roundKeys_6_V_addr' <Predicate = true> <Delay = 0.00>
ST_21 : Operation 315 [1/1] (2.32ns)   --->   "store i8 %key_V_load_6, i8* %roundKeys_6_V_addr, align 1" [aes/aes_encrypt.cpp:69->aes/aes_encrypt.cpp:209]   --->   Operation 315 'store' <Predicate = true> <Delay = 2.32> <Core = "RAM">   --->   Core 37 'RAM' <Latency = 1> <II = 1> <Delay = 2.32> <Storage> <Opcode : 'load' 'store'> <Ports = 2> <Width = 8> <Depth = 16> <RAM>
ST_21 : Operation 316 [1/1] (0.00ns)   --->   "%roundKeys_7_V_addr = getelementptr [11 x i8]* %roundKeys_7_V, i64 0, i64 0" [aes/aes_encrypt.cpp:69->aes/aes_encrypt.cpp:209]   --->   Operation 316 'getelementptr' 'roundKeys_7_V_addr' <Predicate = true> <Delay = 0.00>
ST_21 : Operation 317 [1/1] (2.32ns)   --->   "store i8 %key_V_load_7, i8* %roundKeys_7_V_addr, align 1" [aes/aes_encrypt.cpp:69->aes/aes_encrypt.cpp:209]   --->   Operation 317 'store' <Predicate = true> <Delay = 2.32> <Core = "RAM">   --->   Core 37 'RAM' <Latency = 1> <II = 1> <Delay = 2.32> <Storage> <Opcode : 'load' 'store'> <Ports = 2> <Width = 8> <Depth = 16> <RAM>
ST_21 : Operation 318 [1/1] (0.00ns)   --->   "%roundKeys_8_V_addr_1 = getelementptr [11 x i8]* %roundKeys_8_V, i64 0, i64 1" [aes/aes_encrypt.cpp:90->aes/aes_encrypt.cpp:209]   --->   Operation 318 'getelementptr' 'roundKeys_8_V_addr_1' <Predicate = true> <Delay = 0.00>
ST_21 : Operation 319 [1/1] (2.32ns)   --->   "store i8 %ret_V_1_2, i8* %roundKeys_8_V_addr_1, align 1" [aes/aes_encrypt.cpp:90->aes/aes_encrypt.cpp:209]   --->   Operation 319 'store' <Predicate = true> <Delay = 2.32> <Core = "RAM">   --->   Core 37 'RAM' <Latency = 1> <II = 1> <Delay = 2.32> <Storage> <Opcode : 'load' 'store'> <Ports = 2> <Width = 8> <Depth = 16> <RAM>
ST_21 : Operation 320 [1/1] (0.00ns)   --->   "%roundKeys_5_V_addr_2 = getelementptr [11 x i8]* %roundKeys_5_V, i64 0, i64 2" [aes/aes_encrypt.cpp:90->aes/aes_encrypt.cpp:209]   --->   Operation 320 'getelementptr' 'roundKeys_5_V_addr_2' <Predicate = true> <Delay = 0.00>
ST_21 : Operation 321 [1/1] (2.32ns)   --->   "store i8 %ret_V_1_5_1, i8* %roundKeys_5_V_addr_2, align 1" [aes/aes_encrypt.cpp:90->aes/aes_encrypt.cpp:209]   --->   Operation 321 'store' <Predicate = true> <Delay = 2.32> <Core = "RAM">   --->   Core 37 'RAM' <Latency = 1> <II = 1> <Delay = 2.32> <Storage> <Opcode : 'load' 'store'> <Ports = 2> <Width = 8> <Depth = 16> <RAM>
ST_21 : Operation 322 [1/1] (0.99ns)   --->   "%ret_V_1_6 = xor i8 %ret_V_1_5, %ret_V_1_2" [aes/aes_encrypt.cpp:90->aes/aes_encrypt.cpp:209]   --->   Operation 322 'xor' 'ret_V_1_6' <Predicate = true> <Delay = 0.99> <Core = "LogicGate">   --->   Core 27 'LogicGate' <Latency = 0> <II = 1> <Delay = 0.99> <FuncUnit> <Opcode : 'and' 'or' 'xor'> <InPorts = 2> <OutPorts = 1>
ST_21 : Operation 323 [1/1] (0.00ns)   --->   "%roundKeys_8_V_addr_2 = getelementptr [11 x i8]* %roundKeys_8_V, i64 0, i64 2" [aes/aes_encrypt.cpp:90->aes/aes_encrypt.cpp:209]   --->   Operation 323 'getelementptr' 'roundKeys_8_V_addr_2' <Predicate = true> <Delay = 0.00>
ST_21 : Operation 324 [1/1] (2.32ns)   --->   "store i8 %ret_V_1_6, i8* %roundKeys_8_V_addr_2, align 1" [aes/aes_encrypt.cpp:90->aes/aes_encrypt.cpp:209]   --->   Operation 324 'store' <Predicate = true> <Delay = 2.32> <Core = "RAM">   --->   Core 37 'RAM' <Latency = 1> <II = 1> <Delay = 2.32> <Storage> <Opcode : 'load' 'store'> <Ports = 2> <Width = 8> <Depth = 16> <RAM>
ST_21 : Operation 325 [1/1] (0.00ns)   --->   "%roundKeys_12_V_addr_2 = getelementptr [11 x i8]* %roundKeys_12_V, i64 0, i64 2" [aes/aes_encrypt.cpp:90->aes/aes_encrypt.cpp:209]   --->   Operation 325 'getelementptr' 'roundKeys_12_V_addr_2' <Predicate = true> <Delay = 0.00>
ST_21 : Operation 326 [1/1] (2.32ns)   --->   "store i8 %ret_V_1_7, i8* %roundKeys_12_V_addr_2, align 1" [aes/aes_encrypt.cpp:90->aes/aes_encrypt.cpp:209]   --->   Operation 326 'store' <Predicate = true> <Delay = 2.32> <Core = "RAM">   --->   Core 37 'RAM' <Latency = 1> <II = 1> <Delay = 2.32> <Storage> <Opcode : 'load' 'store'> <Ports = 2> <Width = 8> <Depth = 16> <RAM>
ST_21 : Operation 327 [1/1] (0.00ns)   --->   "%roundKeys_1_V_addr_3 = getelementptr [11 x i8]* %roundKeys_1_V, i64 0, i64 3" [aes/aes_encrypt.cpp:90->aes/aes_encrypt.cpp:209]   --->   Operation 327 'getelementptr' 'roundKeys_1_V_addr_3' <Predicate = true> <Delay = 0.00>
ST_21 : Operation 328 [1/1] (2.32ns)   --->   "store i8 %ret_V_1_8_1, i8* %roundKeys_1_V_addr_3, align 1" [aes/aes_encrypt.cpp:90->aes/aes_encrypt.cpp:209]   --->   Operation 328 'store' <Predicate = true> <Delay = 2.32> <Core = "RAM">   --->   Core 37 'RAM' <Latency = 1> <II = 1> <Delay = 2.32> <Storage> <Opcode : 'load' 'store'> <Ports = 2> <Width = 8> <Depth = 16> <RAM>
ST_21 : Operation 329 [1/1] (0.99ns)   --->   "%ret_V_1_9_1 = xor i8 %ret_V_1_8_1, %ret_V_1_5_1" [aes/aes_encrypt.cpp:90->aes/aes_encrypt.cpp:209]   --->   Operation 329 'xor' 'ret_V_1_9_1' <Predicate = true> <Delay = 0.99> <Core = "LogicGate">   --->   Core 27 'LogicGate' <Latency = 0> <II = 1> <Delay = 0.99> <FuncUnit> <Opcode : 'and' 'or' 'xor'> <InPorts = 2> <OutPorts = 1>
ST_21 : Operation 330 [1/1] (0.00ns)   --->   "%roundKeys_5_V_addr_3 = getelementptr [11 x i8]* %roundKeys_5_V, i64 0, i64 3" [aes/aes_encrypt.cpp:90->aes/aes_encrypt.cpp:209]   --->   Operation 330 'getelementptr' 'roundKeys_5_V_addr_3' <Predicate = true> <Delay = 0.00>
ST_21 : Operation 331 [1/1] (2.32ns)   --->   "store i8 %ret_V_1_9_1, i8* %roundKeys_5_V_addr_3, align 1" [aes/aes_encrypt.cpp:90->aes/aes_encrypt.cpp:209]   --->   Operation 331 'store' <Predicate = true> <Delay = 2.32> <Core = "RAM">   --->   Core 37 'RAM' <Latency = 1> <II = 1> <Delay = 2.32> <Storage> <Opcode : 'load' 'store'> <Ports = 2> <Width = 8> <Depth = 16> <RAM>
ST_21 : Operation 332 [1/1] (0.99ns)   --->   "%ret_V_1_s = xor i8 %ret_V_1_8, %ret_V_1_2" [aes/aes_encrypt.cpp:90->aes/aes_encrypt.cpp:209]   --->   Operation 332 'xor' 'ret_V_1_s' <Predicate = true> <Delay = 0.99> <Core = "LogicGate">   --->   Core 27 'LogicGate' <Latency = 0> <II = 1> <Delay = 0.99> <FuncUnit> <Opcode : 'and' 'or' 'xor'> <InPorts = 2> <OutPorts = 1>
ST_21 : Operation 333 [1/1] (0.99ns)   --->   "%ret_V_1_10 = xor i8 %ret_V_1_s, %ret_V_1_7" [aes/aes_encrypt.cpp:90->aes/aes_encrypt.cpp:209]   --->   Operation 333 'xor' 'ret_V_1_10' <Predicate = true> <Delay = 0.99> <Core = "LogicGate">   --->   Core 27 'LogicGate' <Latency = 0> <II = 1> <Delay = 0.99> <FuncUnit> <Opcode : 'and' 'or' 'xor'> <InPorts = 2> <OutPorts = 1>
ST_21 : Operation 334 [1/1] (0.00ns)   --->   "%roundKeys_12_V_addr_3 = getelementptr [11 x i8]* %roundKeys_12_V, i64 0, i64 3" [aes/aes_encrypt.cpp:90->aes/aes_encrypt.cpp:209]   --->   Operation 334 'getelementptr' 'roundKeys_12_V_addr_3' <Predicate = true> <Delay = 0.00>
ST_21 : Operation 335 [1/1] (2.32ns)   --->   "store i8 %ret_V_1_10, i8* %roundKeys_12_V_addr_3, align 1" [aes/aes_encrypt.cpp:90->aes/aes_encrypt.cpp:209]   --->   Operation 335 'store' <Predicate = true> <Delay = 2.32> <Core = "RAM">   --->   Core 37 'RAM' <Latency = 1> <II = 1> <Delay = 2.32> <Storage> <Opcode : 'load' 'store'> <Ports = 2> <Width = 8> <Depth = 16> <RAM>
ST_21 : Operation 336 [1/2] (3.25ns)   --->   "%sboxExp_V_load_13 = load i8* %sboxExp_V_addr_12, align 1" [aes/aes_encrypt.cpp:82->aes/aes_encrypt.cpp:209]   --->   Operation 336 'load' 'sboxExp_V_load_13' <Predicate = true> <Delay = 3.25> <Core = "ROM_2P">   --->   Core 56 'ROM_2P' <Latency = 1> <II = 1> <Delay = 3.25> <Storage> <Opcode : 'load'> <Ports = 2> <Width = 8> <Depth = 256> <ROM>
ST_21 : Operation 337 [1/2] (3.25ns)   --->   "%sboxExp_V_load_14 = load i8* %sboxExp_V_addr_14, align 1" [aes/aes_encrypt.cpp:84->aes/aes_encrypt.cpp:209]   --->   Operation 337 'load' 'sboxExp_V_load_14' <Predicate = true> <Delay = 3.25> <Core = "ROM_2P">   --->   Core 56 'ROM_2P' <Latency = 1> <II = 1> <Delay = 3.25> <Storage> <Opcode : 'load'> <Ports = 2> <Width = 8> <Depth = 256> <ROM>
ST_21 : Operation 338 [1/1] (0.00ns)   --->   "%tmp_13_s = zext i8 %ret_V_1_10 to i64" [aes/aes_encrypt.cpp:85->aes/aes_encrypt.cpp:209]   --->   Operation 338 'zext' 'tmp_13_s' <Predicate = true> <Delay = 0.00>
ST_21 : Operation 339 [1/1] (0.00ns)   --->   "%sboxExp_V_addr_15 = getelementptr [256 x i8]* @sboxExp_V, i64 0, i64 %tmp_13_s" [aes/aes_encrypt.cpp:85->aes/aes_encrypt.cpp:209]   --->   Operation 339 'getelementptr' 'sboxExp_V_addr_15' <Predicate = true> <Delay = 0.00>
ST_21 : Operation 340 [2/2] (3.25ns)   --->   "%sboxExp_V_load_15 = load i8* %sboxExp_V_addr_15, align 1" [aes/aes_encrypt.cpp:85->aes/aes_encrypt.cpp:209]   --->   Operation 340 'load' 'sboxExp_V_load_15' <Predicate = true> <Delay = 3.25> <Core = "ROM_2P">   --->   Core 56 'ROM_2P' <Latency = 1> <II = 1> <Delay = 3.25> <Storage> <Opcode : 'load'> <Ports = 2> <Width = 8> <Depth = 256> <ROM>
ST_21 : Operation 341 [1/1] (0.99ns)   --->   "%ret_V_1_12_1 = xor i8 %sboxExp_V_load_12, %ret_V_1_8_1" [aes/aes_encrypt.cpp:90->aes/aes_encrypt.cpp:209]   --->   Operation 341 'xor' 'ret_V_1_12_1' <Predicate = true> <Delay = 0.99> <Core = "LogicGate">   --->   Core 27 'LogicGate' <Latency = 0> <II = 1> <Delay = 0.99> <FuncUnit> <Opcode : 'and' 'or' 'xor'> <InPorts = 2> <OutPorts = 1>
ST_21 : Operation 342 [1/1] (0.99ns)   --->   "%ret_V_1_13_1 = xor i8 %sboxExp_V_load_12, %ret_V_1_5_1" [aes/aes_encrypt.cpp:90->aes/aes_encrypt.cpp:209]   --->   Operation 342 'xor' 'ret_V_1_13_1' <Predicate = true> <Delay = 0.99> <Core = "LogicGate">   --->   Core 27 'LogicGate' <Latency = 0> <II = 1> <Delay = 0.99> <FuncUnit> <Opcode : 'and' 'or' 'xor'> <InPorts = 2> <OutPorts = 1>
ST_21 : Operation 343 [1/1] (0.99ns)   --->   "%ret_V_1_15_1 = xor i8 %sboxExp_V_load_12, %key_V_load_13" [aes/aes_encrypt.cpp:90->aes/aes_encrypt.cpp:209]   --->   Operation 343 'xor' 'ret_V_1_15_1' <Predicate = true> <Delay = 0.99> <Core = "LogicGate">   --->   Core 27 'LogicGate' <Latency = 0> <II = 1> <Delay = 0.99> <FuncUnit> <Opcode : 'and' 'or' 'xor'> <InPorts = 2> <OutPorts = 1>
ST_21 : Operation 344 [1/1] (0.00ns)   --->   "%tmp_3_1 = zext i8 %ret_V_1_15_1 to i64" [aes/aes_encrypt.cpp:82->aes/aes_encrypt.cpp:209]   --->   Operation 344 'zext' 'tmp_3_1' <Predicate = true> <Delay = 0.00>
ST_21 : Operation 345 [1/1] (0.00ns)   --->   "%sboxExp_V_addr_16 = getelementptr [256 x i8]* @sboxExp_V, i64 0, i64 %tmp_3_1" [aes/aes_encrypt.cpp:82->aes/aes_encrypt.cpp:209]   --->   Operation 345 'getelementptr' 'sboxExp_V_addr_16' <Predicate = true> <Delay = 0.00>
ST_21 : Operation 346 [2/2] (3.25ns)   --->   "%sboxExp_V_load_17 = load i8* %sboxExp_V_addr_16, align 1" [aes/aes_encrypt.cpp:82->aes/aes_encrypt.cpp:209]   --->   Operation 346 'load' 'sboxExp_V_load_17' <Predicate = true> <Delay = 3.25> <Core = "ROM_2P">   --->   Core 56 'ROM_2P' <Latency = 1> <II = 1> <Delay = 3.25> <Storage> <Opcode : 'load'> <Ports = 2> <Width = 8> <Depth = 256> <ROM>

State 22 <SV = 21> <Delay = 7.49>
ST_22 : Operation 347 [1/1] (0.00ns)   --->   "%roundKeys_4_V_addr = getelementptr [11 x i8]* %roundKeys_4_V, i64 0, i64 0" [aes/aes_encrypt.cpp:69->aes/aes_encrypt.cpp:209]   --->   Operation 347 'getelementptr' 'roundKeys_4_V_addr' <Predicate = true> <Delay = 0.00>
ST_22 : Operation 348 [1/1] (2.32ns)   --->   "store i8 %key_V_load_4, i8* %roundKeys_4_V_addr, align 1" [aes/aes_encrypt.cpp:69->aes/aes_encrypt.cpp:209]   --->   Operation 348 'store' <Predicate = true> <Delay = 2.32> <Core = "RAM">   --->   Core 37 'RAM' <Latency = 1> <II = 1> <Delay = 2.32> <Storage> <Opcode : 'load' 'store'> <Ports = 2> <Width = 8> <Depth = 16> <RAM>
ST_22 : Operation 349 [1/1] (0.00ns)   --->   "%roundKeys_6_V_addr_2 = getelementptr [11 x i8]* %roundKeys_6_V, i64 0, i64 2" [aes/aes_encrypt.cpp:90->aes/aes_encrypt.cpp:209]   --->   Operation 349 'getelementptr' 'roundKeys_6_V_addr_2' <Predicate = true> <Delay = 0.00>
ST_22 : Operation 350 [1/1] (2.32ns)   --->   "store i8 %ret_V_1_5_2, i8* %roundKeys_6_V_addr_2, align 1" [aes/aes_encrypt.cpp:90->aes/aes_encrypt.cpp:209]   --->   Operation 350 'store' <Predicate = true> <Delay = 2.32> <Core = "RAM">   --->   Core 37 'RAM' <Latency = 1> <II = 1> <Delay = 2.32> <Storage> <Opcode : 'load' 'store'> <Ports = 2> <Width = 8> <Depth = 16> <RAM>
ST_22 : Operation 351 [1/1] (0.00ns)   --->   "%roundKeys_7_V_addr_2 = getelementptr [11 x i8]* %roundKeys_7_V, i64 0, i64 2" [aes/aes_encrypt.cpp:90->aes/aes_encrypt.cpp:209]   --->   Operation 351 'getelementptr' 'roundKeys_7_V_addr_2' <Predicate = true> <Delay = 0.00>
ST_22 : Operation 352 [1/1] (2.32ns)   --->   "store i8 %ret_V_1_5_3, i8* %roundKeys_7_V_addr_2, align 1" [aes/aes_encrypt.cpp:90->aes/aes_encrypt.cpp:209]   --->   Operation 352 'store' <Predicate = true> <Delay = 2.32> <Core = "RAM">   --->   Core 37 'RAM' <Latency = 1> <II = 1> <Delay = 2.32> <Storage> <Opcode : 'load' 'store'> <Ports = 2> <Width = 8> <Depth = 16> <RAM>
ST_22 : Operation 353 [1/1] (0.00ns)   --->   "%roundKeys_0_V_addr_3 = getelementptr [11 x i8]* %roundKeys_0_V, i64 0, i64 3" [aes/aes_encrypt.cpp:90->aes/aes_encrypt.cpp:209]   --->   Operation 353 'getelementptr' 'roundKeys_0_V_addr_3' <Predicate = true> <Delay = 0.00>
ST_22 : Operation 354 [1/1] (2.32ns)   --->   "store i8 %ret_V_1_8, i8* %roundKeys_0_V_addr_3, align 1" [aes/aes_encrypt.cpp:90->aes/aes_encrypt.cpp:209]   --->   Operation 354 'store' <Predicate = true> <Delay = 2.32> <Core = "RAM">   --->   Core 37 'RAM' <Latency = 1> <II = 1> <Delay = 2.32> <Storage> <Opcode : 'load' 'store'> <Ports = 2> <Width = 8> <Depth = 16> <RAM>
ST_22 : Operation 355 [1/1] (0.00ns)   --->   "%roundKeys_2_V_addr_3 = getelementptr [11 x i8]* %roundKeys_2_V, i64 0, i64 3" [aes/aes_encrypt.cpp:90->aes/aes_encrypt.cpp:209]   --->   Operation 355 'getelementptr' 'roundKeys_2_V_addr_3' <Predicate = true> <Delay = 0.00>
ST_22 : Operation 356 [1/1] (2.32ns)   --->   "store i8 %ret_V_1_8_2, i8* %roundKeys_2_V_addr_3, align 1" [aes/aes_encrypt.cpp:90->aes/aes_encrypt.cpp:209]   --->   Operation 356 'store' <Predicate = true> <Delay = 2.32> <Core = "RAM">   --->   Core 37 'RAM' <Latency = 1> <II = 1> <Delay = 2.32> <Storage> <Opcode : 'load' 'store'> <Ports = 2> <Width = 8> <Depth = 16> <RAM>
ST_22 : Operation 357 [1/1] (0.00ns)   --->   "%roundKeys_3_V_addr_3 = getelementptr [11 x i8]* %roundKeys_3_V, i64 0, i64 3" [aes/aes_encrypt.cpp:90->aes/aes_encrypt.cpp:209]   --->   Operation 357 'getelementptr' 'roundKeys_3_V_addr_3' <Predicate = true> <Delay = 0.00>
ST_22 : Operation 358 [1/1] (2.32ns)   --->   "store i8 %ret_V_1_8_3, i8* %roundKeys_3_V_addr_3, align 1" [aes/aes_encrypt.cpp:90->aes/aes_encrypt.cpp:209]   --->   Operation 358 'store' <Predicate = true> <Delay = 2.32> <Core = "RAM">   --->   Core 37 'RAM' <Latency = 1> <II = 1> <Delay = 2.32> <Storage> <Opcode : 'load' 'store'> <Ports = 2> <Width = 8> <Depth = 16> <RAM>
ST_22 : Operation 359 [1/1] (0.99ns)   --->   "%ret_V_1_9 = xor i8 %ret_V_1_8, %ret_V_1_5" [aes/aes_encrypt.cpp:90->aes/aes_encrypt.cpp:209]   --->   Operation 359 'xor' 'ret_V_1_9' <Predicate = true> <Delay = 0.99> <Core = "LogicGate">   --->   Core 27 'LogicGate' <Latency = 0> <II = 1> <Delay = 0.99> <FuncUnit> <Opcode : 'and' 'or' 'xor'> <InPorts = 2> <OutPorts = 1>
ST_22 : Operation 360 [1/1] (0.00ns)   --->   "%roundKeys_4_V_addr_3 = getelementptr [11 x i8]* %roundKeys_4_V, i64 0, i64 3" [aes/aes_encrypt.cpp:90->aes/aes_encrypt.cpp:209]   --->   Operation 360 'getelementptr' 'roundKeys_4_V_addr_3' <Predicate = true> <Delay = 0.00>
ST_22 : Operation 361 [1/1] (2.32ns)   --->   "store i8 %ret_V_1_9, i8* %roundKeys_4_V_addr_3, align 1" [aes/aes_encrypt.cpp:90->aes/aes_encrypt.cpp:209]   --->   Operation 361 'store' <Predicate = true> <Delay = 2.32> <Core = "RAM">   --->   Core 37 'RAM' <Latency = 1> <II = 1> <Delay = 2.32> <Storage> <Opcode : 'load' 'store'> <Ports = 2> <Width = 8> <Depth = 16> <RAM>
ST_22 : Operation 362 [1/1] (0.99ns)   --->   "%ret_V_1_9_2 = xor i8 %ret_V_1_8_2, %ret_V_1_5_2" [aes/aes_encrypt.cpp:90->aes/aes_encrypt.cpp:209]   --->   Operation 362 'xor' 'ret_V_1_9_2' <Predicate = true> <Delay = 0.99> <Core = "LogicGate">   --->   Core 27 'LogicGate' <Latency = 0> <II = 1> <Delay = 0.99> <FuncUnit> <Opcode : 'and' 'or' 'xor'> <InPorts = 2> <OutPorts = 1>
ST_22 : Operation 363 [1/1] (0.00ns)   --->   "%roundKeys_6_V_addr_3 = getelementptr [11 x i8]* %roundKeys_6_V, i64 0, i64 3" [aes/aes_encrypt.cpp:90->aes/aes_encrypt.cpp:209]   --->   Operation 363 'getelementptr' 'roundKeys_6_V_addr_3' <Predicate = true> <Delay = 0.00>
ST_22 : Operation 364 [1/1] (2.32ns)   --->   "store i8 %ret_V_1_9_2, i8* %roundKeys_6_V_addr_3, align 1" [aes/aes_encrypt.cpp:90->aes/aes_encrypt.cpp:209]   --->   Operation 364 'store' <Predicate = true> <Delay = 2.32> <Core = "RAM">   --->   Core 37 'RAM' <Latency = 1> <II = 1> <Delay = 2.32> <Storage> <Opcode : 'load' 'store'> <Ports = 2> <Width = 8> <Depth = 16> <RAM>
ST_22 : Operation 365 [1/1] (0.99ns)   --->   "%ret_V_1_9_3 = xor i8 %ret_V_1_8_3, %ret_V_1_5_3" [aes/aes_encrypt.cpp:90->aes/aes_encrypt.cpp:209]   --->   Operation 365 'xor' 'ret_V_1_9_3' <Predicate = true> <Delay = 0.99> <Core = "LogicGate">   --->   Core 27 'LogicGate' <Latency = 0> <II = 1> <Delay = 0.99> <FuncUnit> <Opcode : 'and' 'or' 'xor'> <InPorts = 2> <OutPorts = 1>
ST_22 : Operation 366 [1/1] (0.00ns)   --->   "%roundKeys_7_V_addr_3 = getelementptr [11 x i8]* %roundKeys_7_V, i64 0, i64 3" [aes/aes_encrypt.cpp:90->aes/aes_encrypt.cpp:209]   --->   Operation 366 'getelementptr' 'roundKeys_7_V_addr_3' <Predicate = true> <Delay = 0.00>
ST_22 : Operation 367 [1/1] (2.32ns)   --->   "store i8 %ret_V_1_9_3, i8* %roundKeys_7_V_addr_3, align 1" [aes/aes_encrypt.cpp:90->aes/aes_encrypt.cpp:209]   --->   Operation 367 'store' <Predicate = true> <Delay = 2.32> <Core = "RAM">   --->   Core 37 'RAM' <Latency = 1> <II = 1> <Delay = 2.32> <Storage> <Opcode : 'load' 'store'> <Ports = 2> <Width = 8> <Depth = 16> <RAM>
ST_22 : Operation 368 [1/1] (0.99ns)   --->   "%ret_V_1 = xor i8 %sboxExp_V_load_13, 8" [aes/aes_encrypt.cpp:82->aes/aes_encrypt.cpp:209]   --->   Operation 368 'xor' 'ret_V_1' <Predicate = true> <Delay = 0.99> <Core = "LogicGate">   --->   Core 27 'LogicGate' <Latency = 0> <II = 1> <Delay = 0.99> <FuncUnit> <Opcode : 'and' 'or' 'xor'> <InPorts = 2> <OutPorts = 1>
ST_22 : Operation 369 [1/2] (3.25ns)   --->   "%sboxExp_V_load_15 = load i8* %sboxExp_V_addr_15, align 1" [aes/aes_encrypt.cpp:85->aes/aes_encrypt.cpp:209]   --->   Operation 369 'load' 'sboxExp_V_load_15' <Predicate = true> <Delay = 3.25> <Core = "ROM_2P">   --->   Core 56 'ROM_2P' <Latency = 1> <II = 1> <Delay = 3.25> <Storage> <Opcode : 'load'> <Ports = 2> <Width = 8> <Depth = 256> <ROM>
ST_22 : Operation 370 [1/1] (0.99ns)   --->   "%ret_V_1_11 = xor i8 %ret_V_1, %ret_V_1_8" [aes/aes_encrypt.cpp:90->aes/aes_encrypt.cpp:209]   --->   Operation 370 'xor' 'ret_V_1_11' <Predicate = true> <Delay = 0.99> <Core = "LogicGate">   --->   Core 27 'LogicGate' <Latency = 0> <II = 1> <Delay = 0.99> <FuncUnit> <Opcode : 'and' 'or' 'xor'> <InPorts = 2> <OutPorts = 1>
ST_22 : Operation 371 [1/1] (0.00ns)   --->   "%roundKeys_0_V_addr_4 = getelementptr [11 x i8]* %roundKeys_0_V, i64 0, i64 4" [aes/aes_encrypt.cpp:90->aes/aes_encrypt.cpp:209]   --->   Operation 371 'getelementptr' 'roundKeys_0_V_addr_4' <Predicate = true> <Delay = 0.00>
ST_22 : Operation 372 [1/1] (2.32ns)   --->   "store i8 %ret_V_1_11, i8* %roundKeys_0_V_addr_4, align 1" [aes/aes_encrypt.cpp:90->aes/aes_encrypt.cpp:209]   --->   Operation 372 'store' <Predicate = true> <Delay = 2.32> <Core = "RAM">   --->   Core 37 'RAM' <Latency = 1> <II = 1> <Delay = 2.32> <Storage> <Opcode : 'load' 'store'> <Ports = 2> <Width = 8> <Depth = 16> <RAM>
ST_22 : Operation 373 [1/1] (0.99ns)   --->   "%ret_V_1_12_2 = xor i8 %sboxExp_V_load_14, %ret_V_1_8_2" [aes/aes_encrypt.cpp:90->aes/aes_encrypt.cpp:209]   --->   Operation 373 'xor' 'ret_V_1_12_2' <Predicate = true> <Delay = 0.99> <Core = "LogicGate">   --->   Core 27 'LogicGate' <Latency = 0> <II = 1> <Delay = 0.99> <FuncUnit> <Opcode : 'and' 'or' 'xor'> <InPorts = 2> <OutPorts = 1>
ST_22 : Operation 374 [1/1] (0.99ns)   --->   "%ret_V_1_12_3 = xor i8 %sboxExp_V_load_15, %ret_V_1_8_3" [aes/aes_encrypt.cpp:90->aes/aes_encrypt.cpp:209]   --->   Operation 374 'xor' 'ret_V_1_12_3' <Predicate = true> <Delay = 0.99> <Core = "LogicGate">   --->   Core 27 'LogicGate' <Latency = 0> <II = 1> <Delay = 0.99> <FuncUnit> <Opcode : 'and' 'or' 'xor'> <InPorts = 2> <OutPorts = 1>
ST_22 : Operation 375 [1/1] (0.99ns)   --->   "%ret_V_1_13_2 = xor i8 %sboxExp_V_load_14, %ret_V_1_5_2" [aes/aes_encrypt.cpp:90->aes/aes_encrypt.cpp:209]   --->   Operation 375 'xor' 'ret_V_1_13_2' <Predicate = true> <Delay = 0.99> <Core = "LogicGate">   --->   Core 27 'LogicGate' <Latency = 0> <II = 1> <Delay = 0.99> <FuncUnit> <Opcode : 'and' 'or' 'xor'> <InPorts = 2> <OutPorts = 1>
ST_22 : Operation 376 [1/1] (0.99ns)   --->   "%ret_V_1_13_3 = xor i8 %sboxExp_V_load_15, %ret_V_1_5_3" [aes/aes_encrypt.cpp:90->aes/aes_encrypt.cpp:209]   --->   Operation 376 'xor' 'ret_V_1_13_3' <Predicate = true> <Delay = 0.99> <Core = "LogicGate">   --->   Core 27 'LogicGate' <Latency = 0> <II = 1> <Delay = 0.99> <FuncUnit> <Opcode : 'and' 'or' 'xor'> <InPorts = 2> <OutPorts = 1>
ST_22 : Operation 377 [1/1] (0.99ns)   --->   "%ret_V_1_15_2 = xor i8 %sboxExp_V_load_14, %key_V_load_14" [aes/aes_encrypt.cpp:90->aes/aes_encrypt.cpp:209]   --->   Operation 377 'xor' 'ret_V_1_15_2' <Predicate = true> <Delay = 0.99> <Core = "LogicGate">   --->   Core 27 'LogicGate' <Latency = 0> <II = 1> <Delay = 0.99> <FuncUnit> <Opcode : 'and' 'or' 'xor'> <InPorts = 2> <OutPorts = 1>
ST_22 : Operation 378 [1/1] (0.99ns)   --->   "%ret_V_1_15_3 = xor i8 %sboxExp_V_load_15, %key_V_load_15" [aes/aes_encrypt.cpp:90->aes/aes_encrypt.cpp:209]   --->   Operation 378 'xor' 'ret_V_1_15_3' <Predicate = true> <Delay = 0.99> <Core = "LogicGate">   --->   Core 27 'LogicGate' <Latency = 0> <II = 1> <Delay = 0.99> <FuncUnit> <Opcode : 'and' 'or' 'xor'> <InPorts = 2> <OutPorts = 1>
ST_22 : Operation 379 [1/2] (3.25ns)   --->   "%sboxExp_V_load_17 = load i8* %sboxExp_V_addr_16, align 1" [aes/aes_encrypt.cpp:82->aes/aes_encrypt.cpp:209]   --->   Operation 379 'load' 'sboxExp_V_load_17' <Predicate = true> <Delay = 3.25> <Core = "ROM_2P">   --->   Core 56 'ROM_2P' <Latency = 1> <II = 1> <Delay = 3.25> <Storage> <Opcode : 'load'> <Ports = 2> <Width = 8> <Depth = 256> <ROM>
ST_22 : Operation 380 [1/1] (0.00ns)   --->   "%tmp_11_1 = zext i8 %ret_V_1_15_2 to i64" [aes/aes_encrypt.cpp:83->aes/aes_encrypt.cpp:209]   --->   Operation 380 'zext' 'tmp_11_1' <Predicate = true> <Delay = 0.00>
ST_22 : Operation 381 [1/1] (0.00ns)   --->   "%sboxExp_V_addr_17 = getelementptr [256 x i8]* @sboxExp_V, i64 0, i64 %tmp_11_1" [aes/aes_encrypt.cpp:83->aes/aes_encrypt.cpp:209]   --->   Operation 381 'getelementptr' 'sboxExp_V_addr_17' <Predicate = true> <Delay = 0.00>
ST_22 : Operation 382 [2/2] (3.25ns)   --->   "%sboxExp_V_load_16 = load i8* %sboxExp_V_addr_17, align 1" [aes/aes_encrypt.cpp:83->aes/aes_encrypt.cpp:209]   --->   Operation 382 'load' 'sboxExp_V_load_16' <Predicate = true> <Delay = 3.25> <Core = "ROM_2P">   --->   Core 56 'ROM_2P' <Latency = 1> <II = 1> <Delay = 3.25> <Storage> <Opcode : 'load'> <Ports = 2> <Width = 8> <Depth = 256> <ROM>
ST_22 : Operation 383 [1/1] (0.00ns)   --->   "%tmp_12_1 = zext i8 %ret_V_1_15_3 to i64" [aes/aes_encrypt.cpp:84->aes/aes_encrypt.cpp:209]   --->   Operation 383 'zext' 'tmp_12_1' <Predicate = true> <Delay = 0.00>
ST_22 : Operation 384 [1/1] (0.00ns)   --->   "%sboxExp_V_addr_18 = getelementptr [256 x i8]* @sboxExp_V, i64 0, i64 %tmp_12_1" [aes/aes_encrypt.cpp:84->aes/aes_encrypt.cpp:209]   --->   Operation 384 'getelementptr' 'sboxExp_V_addr_18' <Predicate = true> <Delay = 0.00>
ST_22 : Operation 385 [2/2] (3.25ns)   --->   "%sboxExp_V_load_18 = load i8* %sboxExp_V_addr_18, align 1" [aes/aes_encrypt.cpp:84->aes/aes_encrypt.cpp:209]   --->   Operation 385 'load' 'sboxExp_V_load_18' <Predicate = true> <Delay = 3.25> <Core = "ROM_2P">   --->   Core 56 'ROM_2P' <Latency = 1> <II = 1> <Delay = 3.25> <Storage> <Opcode : 'load'> <Ports = 2> <Width = 8> <Depth = 256> <ROM>
ST_22 : Operation 386 [1/1] (0.00ns) (grouped into LUT with out node ret_V_1_15)   --->   "%tmp3 = xor i8 %ret_V_1_11, 16" [aes/aes_encrypt.cpp:90->aes/aes_encrypt.cpp:209]   --->   Operation 386 'xor' 'tmp3' <Predicate = true> <Delay = 0.00> <Core = "LogicGate">   --->   Core 27 'LogicGate' <Latency = 0> <II = 1> <Delay = 0.99> <FuncUnit> <Opcode : 'and' 'or' 'xor'> <InPorts = 2> <OutPorts = 1>
ST_22 : Operation 387 [1/1] (0.99ns) (out node of the LUT)   --->   "%ret_V_1_15 = xor i8 %tmp3, %sboxExp_V_load_17" [aes/aes_encrypt.cpp:90->aes/aes_encrypt.cpp:209]   --->   Operation 387 'xor' 'ret_V_1_15' <Predicate = true> <Delay = 0.99> <Core = "LogicGate">   --->   Core 27 'LogicGate' <Latency = 0> <II = 1> <Delay = 0.99> <FuncUnit> <Opcode : 'and' 'or' 'xor'> <InPorts = 2> <OutPorts = 1>

State 23 <SV = 22> <Delay = 4.24>
ST_23 : Operation 388 [1/1] (0.00ns)   --->   "%roundKeys_4_V_addr_2 = getelementptr [11 x i8]* %roundKeys_4_V, i64 0, i64 2" [aes/aes_encrypt.cpp:90->aes/aes_encrypt.cpp:209]   --->   Operation 388 'getelementptr' 'roundKeys_4_V_addr_2' <Predicate = true> <Delay = 0.00>
ST_23 : Operation 389 [1/1] (2.32ns)   --->   "store i8 %ret_V_1_5, i8* %roundKeys_4_V_addr_2, align 1" [aes/aes_encrypt.cpp:90->aes/aes_encrypt.cpp:209]   --->   Operation 389 'store' <Predicate = true> <Delay = 2.32> <Core = "RAM">   --->   Core 37 'RAM' <Latency = 1> <II = 1> <Delay = 2.32> <Storage> <Opcode : 'load' 'store'> <Ports = 2> <Width = 8> <Depth = 16> <RAM>
ST_23 : Operation 390 [1/1] (0.00ns)   --->   "%roundKeys_1_V_addr_4 = getelementptr [11 x i8]* %roundKeys_1_V, i64 0, i64 4" [aes/aes_encrypt.cpp:90->aes/aes_encrypt.cpp:209]   --->   Operation 390 'getelementptr' 'roundKeys_1_V_addr_4' <Predicate = true> <Delay = 0.00>
ST_23 : Operation 391 [1/1] (2.32ns)   --->   "store i8 %ret_V_1_12_1, i8* %roundKeys_1_V_addr_4, align 1" [aes/aes_encrypt.cpp:90->aes/aes_encrypt.cpp:209]   --->   Operation 391 'store' <Predicate = true> <Delay = 2.32> <Core = "RAM">   --->   Core 37 'RAM' <Latency = 1> <II = 1> <Delay = 2.32> <Storage> <Opcode : 'load' 'store'> <Ports = 2> <Width = 8> <Depth = 16> <RAM>
ST_23 : Operation 392 [1/1] (0.00ns)   --->   "%roundKeys_2_V_addr_4 = getelementptr [11 x i8]* %roundKeys_2_V, i64 0, i64 4" [aes/aes_encrypt.cpp:90->aes/aes_encrypt.cpp:209]   --->   Operation 392 'getelementptr' 'roundKeys_2_V_addr_4' <Predicate = true> <Delay = 0.00>
ST_23 : Operation 393 [1/1] (2.32ns)   --->   "store i8 %ret_V_1_12_2, i8* %roundKeys_2_V_addr_4, align 1" [aes/aes_encrypt.cpp:90->aes/aes_encrypt.cpp:209]   --->   Operation 393 'store' <Predicate = true> <Delay = 2.32> <Core = "RAM">   --->   Core 37 'RAM' <Latency = 1> <II = 1> <Delay = 2.32> <Storage> <Opcode : 'load' 'store'> <Ports = 2> <Width = 8> <Depth = 16> <RAM>
ST_23 : Operation 394 [1/1] (0.99ns)   --->   "%ret_V_1_12 = xor i8 %ret_V_1, %ret_V_1_5" [aes/aes_encrypt.cpp:90->aes/aes_encrypt.cpp:209]   --->   Operation 394 'xor' 'ret_V_1_12' <Predicate = true> <Delay = 0.99> <Core = "LogicGate">   --->   Core 27 'LogicGate' <Latency = 0> <II = 1> <Delay = 0.99> <FuncUnit> <Opcode : 'and' 'or' 'xor'> <InPorts = 2> <OutPorts = 1>
ST_23 : Operation 395 [1/1] (0.99ns)   --->   "%ret_V_1_14 = xor i8 %key_V_load_12, %ret_V_1" [aes/aes_encrypt.cpp:90->aes/aes_encrypt.cpp:209]   --->   Operation 395 'xor' 'ret_V_1_14' <Predicate = true> <Delay = 0.99> <Core = "LogicGate">   --->   Core 27 'LogicGate' <Latency = 0> <II = 1> <Delay = 0.99> <FuncUnit> <Opcode : 'and' 'or' 'xor'> <InPorts = 2> <OutPorts = 1>
ST_23 : Operation 396 [1/2] (3.25ns)   --->   "%sboxExp_V_load_16 = load i8* %sboxExp_V_addr_17, align 1" [aes/aes_encrypt.cpp:83->aes/aes_encrypt.cpp:209]   --->   Operation 396 'load' 'sboxExp_V_load_16' <Predicate = true> <Delay = 3.25> <Core = "ROM_2P">   --->   Core 56 'ROM_2P' <Latency = 1> <II = 1> <Delay = 3.25> <Storage> <Opcode : 'load'> <Ports = 2> <Width = 8> <Depth = 256> <ROM>
ST_23 : Operation 397 [1/2] (3.25ns)   --->   "%sboxExp_V_load_18 = load i8* %sboxExp_V_addr_18, align 1" [aes/aes_encrypt.cpp:84->aes/aes_encrypt.cpp:209]   --->   Operation 397 'load' 'sboxExp_V_load_18' <Predicate = true> <Delay = 3.25> <Core = "ROM_2P">   --->   Core 56 'ROM_2P' <Latency = 1> <II = 1> <Delay = 3.25> <Storage> <Opcode : 'load'> <Ports = 2> <Width = 8> <Depth = 256> <ROM>
ST_23 : Operation 398 [1/1] (0.00ns)   --->   "%tmp_13_1 = zext i8 %ret_V_1_14 to i64" [aes/aes_encrypt.cpp:85->aes/aes_encrypt.cpp:209]   --->   Operation 398 'zext' 'tmp_13_1' <Predicate = true> <Delay = 0.00>
ST_23 : Operation 399 [1/1] (0.00ns)   --->   "%sboxExp_V_addr_19 = getelementptr [256 x i8]* @sboxExp_V, i64 0, i64 %tmp_13_1" [aes/aes_encrypt.cpp:85->aes/aes_encrypt.cpp:209]   --->   Operation 399 'getelementptr' 'sboxExp_V_addr_19' <Predicate = true> <Delay = 0.00>
ST_23 : Operation 400 [2/2] (3.25ns)   --->   "%sboxExp_V_load_19 = load i8* %sboxExp_V_addr_19, align 1" [aes/aes_encrypt.cpp:85->aes/aes_encrypt.cpp:209]   --->   Operation 400 'load' 'sboxExp_V_load_19' <Predicate = true> <Delay = 3.25> <Core = "ROM_2P">   --->   Core 56 'ROM_2P' <Latency = 1> <II = 1> <Delay = 3.25> <Storage> <Opcode : 'load'> <Ports = 2> <Width = 8> <Depth = 256> <ROM>
ST_23 : Operation 401 [1/1] (0.99ns)   --->   "%ret_V_1_16_1 = xor i8 %sboxExp_V_load_16, %ret_V_1_12_1" [aes/aes_encrypt.cpp:90->aes/aes_encrypt.cpp:209]   --->   Operation 401 'xor' 'ret_V_1_16_1' <Predicate = true> <Delay = 0.99> <Core = "LogicGate">   --->   Core 27 'LogicGate' <Latency = 0> <II = 1> <Delay = 0.99> <FuncUnit> <Opcode : 'and' 'or' 'xor'> <InPorts = 2> <OutPorts = 1>
ST_23 : Operation 402 [1/1] (0.99ns)   --->   "%ret_V_1_16_2 = xor i8 %sboxExp_V_load_18, %ret_V_1_12_2" [aes/aes_encrypt.cpp:90->aes/aes_encrypt.cpp:209]   --->   Operation 402 'xor' 'ret_V_1_16_2' <Predicate = true> <Delay = 0.99> <Core = "LogicGate">   --->   Core 27 'LogicGate' <Latency = 0> <II = 1> <Delay = 0.99> <FuncUnit> <Opcode : 'and' 'or' 'xor'> <InPorts = 2> <OutPorts = 1>

State 24 <SV = 23> <Delay = 5.23>
ST_24 : Operation 403 [1/1] (0.00ns)   --->   "%roundKeys_9_V_addr_3 = getelementptr [11 x i8]* %roundKeys_9_V, i64 0, i64 3" [aes/aes_encrypt.cpp:90->aes/aes_encrypt.cpp:209]   --->   Operation 403 'getelementptr' 'roundKeys_9_V_addr_3' <Predicate = true> <Delay = 0.00>
ST_24 : Operation 404 [1/1] (2.32ns)   --->   "store i8 %ret_V_1_10_1, i8* %roundKeys_9_V_addr_3, align 1" [aes/aes_encrypt.cpp:90->aes/aes_encrypt.cpp:209]   --->   Operation 404 'store' <Predicate = true> <Delay = 2.32> <Core = "RAM">   --->   Core 37 'RAM' <Latency = 1> <II = 1> <Delay = 2.32> <Storage> <Opcode : 'load' 'store'> <Ports = 2> <Width = 8> <Depth = 16> <RAM>
ST_24 : Operation 405 [1/1] (0.00ns)   --->   "%roundKeys_10_V_addr_3 = getelementptr [11 x i8]* %roundKeys_10_V, i64 0, i64 3" [aes/aes_encrypt.cpp:90->aes/aes_encrypt.cpp:209]   --->   Operation 405 'getelementptr' 'roundKeys_10_V_addr_3' <Predicate = true> <Delay = 0.00>
ST_24 : Operation 406 [1/1] (2.32ns)   --->   "store i8 %ret_V_1_10_2, i8* %roundKeys_10_V_addr_3, align 1" [aes/aes_encrypt.cpp:90->aes/aes_encrypt.cpp:209]   --->   Operation 406 'store' <Predicate = true> <Delay = 2.32> <Core = "RAM">   --->   Core 37 'RAM' <Latency = 1> <II = 1> <Delay = 2.32> <Storage> <Opcode : 'load' 'store'> <Ports = 2> <Width = 8> <Depth = 16> <RAM>
ST_24 : Operation 407 [1/1] (0.00ns)   --->   "%roundKeys_3_V_addr_4 = getelementptr [11 x i8]* %roundKeys_3_V, i64 0, i64 4" [aes/aes_encrypt.cpp:90->aes/aes_encrypt.cpp:209]   --->   Operation 407 'getelementptr' 'roundKeys_3_V_addr_4' <Predicate = true> <Delay = 0.00>
ST_24 : Operation 408 [1/1] (2.32ns)   --->   "store i8 %ret_V_1_12_3, i8* %roundKeys_3_V_addr_4, align 1" [aes/aes_encrypt.cpp:90->aes/aes_encrypt.cpp:209]   --->   Operation 408 'store' <Predicate = true> <Delay = 2.32> <Core = "RAM">   --->   Core 37 'RAM' <Latency = 1> <II = 1> <Delay = 2.32> <Storage> <Opcode : 'load' 'store'> <Ports = 2> <Width = 8> <Depth = 16> <RAM>
ST_24 : Operation 409 [1/1] (0.99ns)   --->   "%ret_V_1_14_1 = xor i8 %ret_V_1_13_1, %ret_V_1_10_1" [aes/aes_encrypt.cpp:90->aes/aes_encrypt.cpp:209]   --->   Operation 409 'xor' 'ret_V_1_14_1' <Predicate = true> <Delay = 0.99> <Core = "LogicGate">   --->   Core 27 'LogicGate' <Latency = 0> <II = 1> <Delay = 0.99> <FuncUnit> <Opcode : 'and' 'or' 'xor'> <InPorts = 2> <OutPorts = 1>
ST_24 : Operation 410 [1/1] (0.00ns)   --->   "%roundKeys_9_V_addr_4 = getelementptr [11 x i8]* %roundKeys_9_V, i64 0, i64 4" [aes/aes_encrypt.cpp:90->aes/aes_encrypt.cpp:209]   --->   Operation 410 'getelementptr' 'roundKeys_9_V_addr_4' <Predicate = true> <Delay = 0.00>
ST_24 : Operation 411 [1/1] (2.32ns)   --->   "store i8 %ret_V_1_14_1, i8* %roundKeys_9_V_addr_4, align 1" [aes/aes_encrypt.cpp:90->aes/aes_encrypt.cpp:209]   --->   Operation 411 'store' <Predicate = true> <Delay = 2.32> <Core = "RAM">   --->   Core 37 'RAM' <Latency = 1> <II = 1> <Delay = 2.32> <Storage> <Opcode : 'load' 'store'> <Ports = 2> <Width = 8> <Depth = 16> <RAM>
ST_24 : Operation 412 [1/1] (0.99ns)   --->   "%ret_V_1_14_2 = xor i8 %ret_V_1_13_2, %ret_V_1_10_2" [aes/aes_encrypt.cpp:90->aes/aes_encrypt.cpp:209]   --->   Operation 412 'xor' 'ret_V_1_14_2' <Predicate = true> <Delay = 0.99> <Core = "LogicGate">   --->   Core 27 'LogicGate' <Latency = 0> <II = 1> <Delay = 0.99> <FuncUnit> <Opcode : 'and' 'or' 'xor'> <InPorts = 2> <OutPorts = 1>
ST_24 : Operation 413 [1/1] (0.00ns)   --->   "%roundKeys_10_V_addr_4 = getelementptr [11 x i8]* %roundKeys_10_V, i64 0, i64 4" [aes/aes_encrypt.cpp:90->aes/aes_encrypt.cpp:209]   --->   Operation 413 'getelementptr' 'roundKeys_10_V_addr_4' <Predicate = true> <Delay = 0.00>
ST_24 : Operation 414 [1/1] (2.32ns)   --->   "store i8 %ret_V_1_14_2, i8* %roundKeys_10_V_addr_4, align 1" [aes/aes_encrypt.cpp:90->aes/aes_encrypt.cpp:209]   --->   Operation 414 'store' <Predicate = true> <Delay = 2.32> <Core = "RAM">   --->   Core 37 'RAM' <Latency = 1> <II = 1> <Delay = 2.32> <Storage> <Opcode : 'load' 'store'> <Ports = 2> <Width = 8> <Depth = 16> <RAM>
ST_24 : Operation 415 [1/2] (3.25ns)   --->   "%sboxExp_V_load_19 = load i8* %sboxExp_V_addr_19, align 1" [aes/aes_encrypt.cpp:85->aes/aes_encrypt.cpp:209]   --->   Operation 415 'load' 'sboxExp_V_load_19' <Predicate = true> <Delay = 3.25> <Core = "ROM_2P">   --->   Core 56 'ROM_2P' <Latency = 1> <II = 1> <Delay = 3.25> <Storage> <Opcode : 'load'> <Ports = 2> <Width = 8> <Depth = 256> <ROM>
ST_24 : Operation 416 [1/1] (0.99ns)   --->   "%ret_V_1_16_3 = xor i8 %sboxExp_V_load_19, %ret_V_1_12_3" [aes/aes_encrypt.cpp:90->aes/aes_encrypt.cpp:209]   --->   Operation 416 'xor' 'ret_V_1_16_3' <Predicate = true> <Delay = 0.99> <Core = "LogicGate">   --->   Core 27 'LogicGate' <Latency = 0> <II = 1> <Delay = 0.99> <FuncUnit> <Opcode : 'and' 'or' 'xor'> <InPorts = 2> <OutPorts = 1>
ST_24 : Operation 417 [1/1] (0.99ns)   --->   "%ret_V_1_18_1 = xor i8 %ret_V_1_16_1, %ret_V_1_10_1" [aes/aes_encrypt.cpp:90->aes/aes_encrypt.cpp:209]   --->   Operation 417 'xor' 'ret_V_1_18_1' <Predicate = true> <Delay = 0.99> <Core = "LogicGate">   --->   Core 27 'LogicGate' <Latency = 0> <II = 1> <Delay = 0.99> <FuncUnit> <Opcode : 'and' 'or' 'xor'> <InPorts = 2> <OutPorts = 1>
ST_24 : Operation 418 [1/1] (0.99ns)   --->   "%ret_V_1_18_2 = xor i8 %ret_V_1_16_2, %ret_V_1_10_2" [aes/aes_encrypt.cpp:90->aes/aes_encrypt.cpp:209]   --->   Operation 418 'xor' 'ret_V_1_18_2' <Predicate = true> <Delay = 0.99> <Core = "LogicGate">   --->   Core 27 'LogicGate' <Latency = 0> <II = 1> <Delay = 0.99> <FuncUnit> <Opcode : 'and' 'or' 'xor'> <InPorts = 2> <OutPorts = 1>
ST_24 : Operation 419 [1/1] (0.99ns)   --->   "%ret_V_1_19_1 = xor i8 %ret_V_1_18_1, %ret_V_1_15_1" [aes/aes_encrypt.cpp:90->aes/aes_encrypt.cpp:209]   --->   Operation 419 'xor' 'ret_V_1_19_1' <Predicate = true> <Delay = 0.99> <Core = "LogicGate">   --->   Core 27 'LogicGate' <Latency = 0> <II = 1> <Delay = 0.99> <FuncUnit> <Opcode : 'and' 'or' 'xor'> <InPorts = 2> <OutPorts = 1>
ST_24 : Operation 420 [1/1] (0.00ns)   --->   "%roundKeys_13_V_addr_5 = getelementptr [11 x i8]* %roundKeys_13_V, i64 0, i64 5" [aes/aes_encrypt.cpp:90->aes/aes_encrypt.cpp:209]   --->   Operation 420 'getelementptr' 'roundKeys_13_V_addr_5' <Predicate = true> <Delay = 0.00>
ST_24 : Operation 421 [1/1] (2.32ns)   --->   "store i8 %ret_V_1_19_1, i8* %roundKeys_13_V_addr_5, align 1" [aes/aes_encrypt.cpp:90->aes/aes_encrypt.cpp:209]   --->   Operation 421 'store' <Predicate = true> <Delay = 2.32> <Core = "RAM">   --->   Core 37 'RAM' <Latency = 1> <II = 1> <Delay = 2.32> <Storage> <Opcode : 'load' 'store'> <Ports = 2> <Width = 8> <Depth = 16> <RAM>
ST_24 : Operation 422 [1/1] (0.99ns)   --->   "%ret_V_1_19_2 = xor i8 %ret_V_1_18_2, %ret_V_1_15_2" [aes/aes_encrypt.cpp:90->aes/aes_encrypt.cpp:209]   --->   Operation 422 'xor' 'ret_V_1_19_2' <Predicate = true> <Delay = 0.99> <Core = "LogicGate">   --->   Core 27 'LogicGate' <Latency = 0> <II = 1> <Delay = 0.99> <FuncUnit> <Opcode : 'and' 'or' 'xor'> <InPorts = 2> <OutPorts = 1>
ST_24 : Operation 423 [1/1] (0.00ns)   --->   "%roundKeys_14_V_addr_5 = getelementptr [11 x i8]* %roundKeys_14_V, i64 0, i64 5" [aes/aes_encrypt.cpp:90->aes/aes_encrypt.cpp:209]   --->   Operation 423 'getelementptr' 'roundKeys_14_V_addr_5' <Predicate = true> <Delay = 0.00>
ST_24 : Operation 424 [1/1] (2.32ns)   --->   "store i8 %ret_V_1_19_2, i8* %roundKeys_14_V_addr_5, align 1" [aes/aes_encrypt.cpp:90->aes/aes_encrypt.cpp:209]   --->   Operation 424 'store' <Predicate = true> <Delay = 2.32> <Core = "RAM">   --->   Core 37 'RAM' <Latency = 1> <II = 1> <Delay = 2.32> <Storage> <Opcode : 'load' 'store'> <Ports = 2> <Width = 8> <Depth = 16> <RAM>
ST_24 : Operation 425 [1/1] (0.00ns)   --->   "%tmp_3_2 = zext i8 %ret_V_1_19_1 to i64" [aes/aes_encrypt.cpp:82->aes/aes_encrypt.cpp:209]   --->   Operation 425 'zext' 'tmp_3_2' <Predicate = true> <Delay = 0.00>
ST_24 : Operation 426 [1/1] (0.00ns)   --->   "%sboxExp_V_addr_20 = getelementptr [256 x i8]* @sboxExp_V, i64 0, i64 %tmp_3_2" [aes/aes_encrypt.cpp:82->aes/aes_encrypt.cpp:209]   --->   Operation 426 'getelementptr' 'sboxExp_V_addr_20' <Predicate = true> <Delay = 0.00>
ST_24 : Operation 427 [2/2] (3.25ns)   --->   "%sboxExp_V_load_21 = load i8* %sboxExp_V_addr_20, align 1" [aes/aes_encrypt.cpp:82->aes/aes_encrypt.cpp:209]   --->   Operation 427 'load' 'sboxExp_V_load_21' <Predicate = true> <Delay = 3.25> <Core = "ROM_2P">   --->   Core 56 'ROM_2P' <Latency = 1> <II = 1> <Delay = 3.25> <Storage> <Opcode : 'load'> <Ports = 2> <Width = 8> <Depth = 256> <ROM>
ST_24 : Operation 428 [1/1] (0.00ns)   --->   "%tmp_11_2 = zext i8 %ret_V_1_19_2 to i64" [aes/aes_encrypt.cpp:83->aes/aes_encrypt.cpp:209]   --->   Operation 428 'zext' 'tmp_11_2' <Predicate = true> <Delay = 0.00>
ST_24 : Operation 429 [1/1] (0.00ns)   --->   "%sboxExp_V_addr_21 = getelementptr [256 x i8]* @sboxExp_V, i64 0, i64 %tmp_11_2" [aes/aes_encrypt.cpp:83->aes/aes_encrypt.cpp:209]   --->   Operation 429 'getelementptr' 'sboxExp_V_addr_21' <Predicate = true> <Delay = 0.00>
ST_24 : Operation 430 [2/2] (3.25ns)   --->   "%sboxExp_V_load_20 = load i8* %sboxExp_V_addr_21, align 1" [aes/aes_encrypt.cpp:83->aes/aes_encrypt.cpp:209]   --->   Operation 430 'load' 'sboxExp_V_load_20' <Predicate = true> <Delay = 3.25> <Core = "ROM_2P">   --->   Core 56 'ROM_2P' <Latency = 1> <II = 1> <Delay = 3.25> <Storage> <Opcode : 'load'> <Ports = 2> <Width = 8> <Depth = 256> <ROM>

State 25 <SV = 24> <Delay = 5.23>
ST_25 : Operation 431 [1/1] (0.00ns)   --->   "%roundKeys_8_V_addr_3 = getelementptr [11 x i8]* %roundKeys_8_V, i64 0, i64 3" [aes/aes_encrypt.cpp:90->aes/aes_encrypt.cpp:209]   --->   Operation 431 'getelementptr' 'roundKeys_8_V_addr_3' <Predicate = true> <Delay = 0.00>
ST_25 : Operation 432 [1/1] (2.32ns)   --->   "store i8 %ret_V_1_s, i8* %roundKeys_8_V_addr_3, align 1" [aes/aes_encrypt.cpp:90->aes/aes_encrypt.cpp:209]   --->   Operation 432 'store' <Predicate = true> <Delay = 2.32> <Core = "RAM">   --->   Core 37 'RAM' <Latency = 1> <II = 1> <Delay = 2.32> <Storage> <Opcode : 'load' 'store'> <Ports = 2> <Width = 8> <Depth = 16> <RAM>
ST_25 : Operation 433 [1/1] (0.00ns)   --->   "%roundKeys_11_V_addr_3 = getelementptr [11 x i8]* %roundKeys_11_V, i64 0, i64 3" [aes/aes_encrypt.cpp:90->aes/aes_encrypt.cpp:209]   --->   Operation 433 'getelementptr' 'roundKeys_11_V_addr_3' <Predicate = true> <Delay = 0.00>
ST_25 : Operation 434 [1/1] (2.32ns)   --->   "store i8 %ret_V_1_10_3, i8* %roundKeys_11_V_addr_3, align 1" [aes/aes_encrypt.cpp:90->aes/aes_encrypt.cpp:209]   --->   Operation 434 'store' <Predicate = true> <Delay = 2.32> <Core = "RAM">   --->   Core 37 'RAM' <Latency = 1> <II = 1> <Delay = 2.32> <Storage> <Opcode : 'load' 'store'> <Ports = 2> <Width = 8> <Depth = 16> <RAM>
ST_25 : Operation 435 [1/1] (0.00ns)   --->   "%roundKeys_4_V_addr_4 = getelementptr [11 x i8]* %roundKeys_4_V, i64 0, i64 4" [aes/aes_encrypt.cpp:90->aes/aes_encrypt.cpp:209]   --->   Operation 435 'getelementptr' 'roundKeys_4_V_addr_4' <Predicate = true> <Delay = 0.00>
ST_25 : Operation 436 [1/1] (2.32ns)   --->   "store i8 %ret_V_1_12, i8* %roundKeys_4_V_addr_4, align 1" [aes/aes_encrypt.cpp:90->aes/aes_encrypt.cpp:209]   --->   Operation 436 'store' <Predicate = true> <Delay = 2.32> <Core = "RAM">   --->   Core 37 'RAM' <Latency = 1> <II = 1> <Delay = 2.32> <Storage> <Opcode : 'load' 'store'> <Ports = 2> <Width = 8> <Depth = 16> <RAM>
ST_25 : Operation 437 [1/1] (0.00ns)   --->   "%roundKeys_5_V_addr_4 = getelementptr [11 x i8]* %roundKeys_5_V, i64 0, i64 4" [aes/aes_encrypt.cpp:90->aes/aes_encrypt.cpp:209]   --->   Operation 437 'getelementptr' 'roundKeys_5_V_addr_4' <Predicate = true> <Delay = 0.00>
ST_25 : Operation 438 [1/1] (2.32ns)   --->   "store i8 %ret_V_1_13_1, i8* %roundKeys_5_V_addr_4, align 1" [aes/aes_encrypt.cpp:90->aes/aes_encrypt.cpp:209]   --->   Operation 438 'store' <Predicate = true> <Delay = 2.32> <Core = "RAM">   --->   Core 37 'RAM' <Latency = 1> <II = 1> <Delay = 2.32> <Storage> <Opcode : 'load' 'store'> <Ports = 2> <Width = 8> <Depth = 16> <RAM>
ST_25 : Operation 439 [1/1] (0.99ns)   --->   "%ret_V_1_13 = xor i8 %ret_V_1_12, %ret_V_1_s" [aes/aes_encrypt.cpp:90->aes/aes_encrypt.cpp:209]   --->   Operation 439 'xor' 'ret_V_1_13' <Predicate = true> <Delay = 0.99> <Core = "LogicGate">   --->   Core 27 'LogicGate' <Latency = 0> <II = 1> <Delay = 0.99> <FuncUnit> <Opcode : 'and' 'or' 'xor'> <InPorts = 2> <OutPorts = 1>
ST_25 : Operation 440 [1/1] (0.00ns)   --->   "%roundKeys_8_V_addr_4 = getelementptr [11 x i8]* %roundKeys_8_V, i64 0, i64 4" [aes/aes_encrypt.cpp:90->aes/aes_encrypt.cpp:209]   --->   Operation 440 'getelementptr' 'roundKeys_8_V_addr_4' <Predicate = true> <Delay = 0.00>
ST_25 : Operation 441 [1/1] (2.32ns)   --->   "store i8 %ret_V_1_13, i8* %roundKeys_8_V_addr_4, align 1" [aes/aes_encrypt.cpp:90->aes/aes_encrypt.cpp:209]   --->   Operation 441 'store' <Predicate = true> <Delay = 2.32> <Core = "RAM">   --->   Core 37 'RAM' <Latency = 1> <II = 1> <Delay = 2.32> <Storage> <Opcode : 'load' 'store'> <Ports = 2> <Width = 8> <Depth = 16> <RAM>
ST_25 : Operation 442 [1/1] (0.99ns)   --->   "%ret_V_1_14_3 = xor i8 %ret_V_1_13_3, %ret_V_1_10_3" [aes/aes_encrypt.cpp:90->aes/aes_encrypt.cpp:209]   --->   Operation 442 'xor' 'ret_V_1_14_3' <Predicate = true> <Delay = 0.99> <Core = "LogicGate">   --->   Core 27 'LogicGate' <Latency = 0> <II = 1> <Delay = 0.99> <FuncUnit> <Opcode : 'and' 'or' 'xor'> <InPorts = 2> <OutPorts = 1>
ST_25 : Operation 443 [1/1] (0.00ns)   --->   "%roundKeys_11_V_addr_4 = getelementptr [11 x i8]* %roundKeys_11_V, i64 0, i64 4" [aes/aes_encrypt.cpp:90->aes/aes_encrypt.cpp:209]   --->   Operation 443 'getelementptr' 'roundKeys_11_V_addr_4' <Predicate = true> <Delay = 0.00>
ST_25 : Operation 444 [1/1] (2.32ns)   --->   "store i8 %ret_V_1_14_3, i8* %roundKeys_11_V_addr_4, align 1" [aes/aes_encrypt.cpp:90->aes/aes_encrypt.cpp:209]   --->   Operation 444 'store' <Predicate = true> <Delay = 2.32> <Core = "RAM">   --->   Core 37 'RAM' <Latency = 1> <II = 1> <Delay = 2.32> <Storage> <Opcode : 'load' 'store'> <Ports = 2> <Width = 8> <Depth = 16> <RAM>
ST_25 : Operation 445 [1/1] (0.00ns)   --->   "%roundKeys_0_V_addr_5 = getelementptr [11 x i8]* %roundKeys_0_V, i64 0, i64 5" [aes/aes_encrypt.cpp:90->aes/aes_encrypt.cpp:209]   --->   Operation 445 'getelementptr' 'roundKeys_0_V_addr_5' <Predicate = true> <Delay = 0.00>
ST_25 : Operation 446 [1/1] (2.32ns)   --->   "store i8 %ret_V_1_15, i8* %roundKeys_0_V_addr_5, align 1" [aes/aes_encrypt.cpp:90->aes/aes_encrypt.cpp:209]   --->   Operation 446 'store' <Predicate = true> <Delay = 2.32> <Core = "RAM">   --->   Core 37 'RAM' <Latency = 1> <II = 1> <Delay = 2.32> <Storage> <Opcode : 'load' 'store'> <Ports = 2> <Width = 8> <Depth = 16> <RAM>
ST_25 : Operation 447 [1/1] (0.00ns)   --->   "%roundKeys_1_V_addr_5 = getelementptr [11 x i8]* %roundKeys_1_V, i64 0, i64 5" [aes/aes_encrypt.cpp:90->aes/aes_encrypt.cpp:209]   --->   Operation 447 'getelementptr' 'roundKeys_1_V_addr_5' <Predicate = true> <Delay = 0.00>
ST_25 : Operation 448 [1/1] (2.32ns)   --->   "store i8 %ret_V_1_16_1, i8* %roundKeys_1_V_addr_5, align 1" [aes/aes_encrypt.cpp:90->aes/aes_encrypt.cpp:209]   --->   Operation 448 'store' <Predicate = true> <Delay = 2.32> <Core = "RAM">   --->   Core 37 'RAM' <Latency = 1> <II = 1> <Delay = 2.32> <Storage> <Opcode : 'load' 'store'> <Ports = 2> <Width = 8> <Depth = 16> <RAM>
ST_25 : Operation 449 [1/1] (0.99ns)   --->   "%ret_V_1_16 = xor i8 %ret_V_1_15, %ret_V_1_12" [aes/aes_encrypt.cpp:90->aes/aes_encrypt.cpp:209]   --->   Operation 449 'xor' 'ret_V_1_16' <Predicate = true> <Delay = 0.99> <Core = "LogicGate">   --->   Core 27 'LogicGate' <Latency = 0> <II = 1> <Delay = 0.99> <FuncUnit> <Opcode : 'and' 'or' 'xor'> <InPorts = 2> <OutPorts = 1>
ST_25 : Operation 450 [1/1] (0.00ns)   --->   "%roundKeys_4_V_addr_5 = getelementptr [11 x i8]* %roundKeys_4_V, i64 0, i64 5" [aes/aes_encrypt.cpp:90->aes/aes_encrypt.cpp:209]   --->   Operation 450 'getelementptr' 'roundKeys_4_V_addr_5' <Predicate = true> <Delay = 0.00>
ST_25 : Operation 451 [1/1] (2.32ns)   --->   "store i8 %ret_V_1_16, i8* %roundKeys_4_V_addr_5, align 1" [aes/aes_encrypt.cpp:90->aes/aes_encrypt.cpp:209]   --->   Operation 451 'store' <Predicate = true> <Delay = 2.32> <Core = "RAM">   --->   Core 37 'RAM' <Latency = 1> <II = 1> <Delay = 2.32> <Storage> <Opcode : 'load' 'store'> <Ports = 2> <Width = 8> <Depth = 16> <RAM>
ST_25 : Operation 452 [1/1] (0.99ns)   --->   "%ret_V_1_17_1 = xor i8 %ret_V_1_16_1, %ret_V_1_13_1" [aes/aes_encrypt.cpp:90->aes/aes_encrypt.cpp:209]   --->   Operation 452 'xor' 'ret_V_1_17_1' <Predicate = true> <Delay = 0.99> <Core = "LogicGate">   --->   Core 27 'LogicGate' <Latency = 0> <II = 1> <Delay = 0.99> <FuncUnit> <Opcode : 'and' 'or' 'xor'> <InPorts = 2> <OutPorts = 1>
ST_25 : Operation 453 [1/1] (0.00ns)   --->   "%roundKeys_5_V_addr_5 = getelementptr [11 x i8]* %roundKeys_5_V, i64 0, i64 5" [aes/aes_encrypt.cpp:90->aes/aes_encrypt.cpp:209]   --->   Operation 453 'getelementptr' 'roundKeys_5_V_addr_5' <Predicate = true> <Delay = 0.00>
ST_25 : Operation 454 [1/1] (2.32ns)   --->   "store i8 %ret_V_1_17_1, i8* %roundKeys_5_V_addr_5, align 1" [aes/aes_encrypt.cpp:90->aes/aes_encrypt.cpp:209]   --->   Operation 454 'store' <Predicate = true> <Delay = 2.32> <Core = "RAM">   --->   Core 37 'RAM' <Latency = 1> <II = 1> <Delay = 2.32> <Storage> <Opcode : 'load' 'store'> <Ports = 2> <Width = 8> <Depth = 16> <RAM>
ST_25 : Operation 455 [1/1] (0.99ns)   --->   "%ret_V_1_17 = xor i8 %ret_V_1_15, %ret_V_1_s" [aes/aes_encrypt.cpp:90->aes/aes_encrypt.cpp:209]   --->   Operation 455 'xor' 'ret_V_1_17' <Predicate = true> <Delay = 0.99> <Core = "LogicGate">   --->   Core 27 'LogicGate' <Latency = 0> <II = 1> <Delay = 0.99> <FuncUnit> <Opcode : 'and' 'or' 'xor'> <InPorts = 2> <OutPorts = 1>
ST_25 : Operation 456 [1/1] (0.99ns)   --->   "%ret_V_1_18_3 = xor i8 %ret_V_1_16_3, %ret_V_1_10_3" [aes/aes_encrypt.cpp:90->aes/aes_encrypt.cpp:209]   --->   Operation 456 'xor' 'ret_V_1_18_3' <Predicate = true> <Delay = 0.99> <Core = "LogicGate">   --->   Core 27 'LogicGate' <Latency = 0> <II = 1> <Delay = 0.99> <FuncUnit> <Opcode : 'and' 'or' 'xor'> <InPorts = 2> <OutPorts = 1>
ST_25 : Operation 457 [1/1] (0.99ns)   --->   "%ret_V_1_18 = xor i8 %ret_V_1_17, %ret_V_1_14" [aes/aes_encrypt.cpp:90->aes/aes_encrypt.cpp:209]   --->   Operation 457 'xor' 'ret_V_1_18' <Predicate = true> <Delay = 0.99> <Core = "LogicGate">   --->   Core 27 'LogicGate' <Latency = 0> <II = 1> <Delay = 0.99> <FuncUnit> <Opcode : 'and' 'or' 'xor'> <InPorts = 2> <OutPorts = 1>
ST_25 : Operation 458 [1/1] (0.00ns)   --->   "%roundKeys_12_V_addr_5 = getelementptr [11 x i8]* %roundKeys_12_V, i64 0, i64 5" [aes/aes_encrypt.cpp:90->aes/aes_encrypt.cpp:209]   --->   Operation 458 'getelementptr' 'roundKeys_12_V_addr_5' <Predicate = true> <Delay = 0.00>
ST_25 : Operation 459 [1/1] (2.32ns)   --->   "store i8 %ret_V_1_18, i8* %roundKeys_12_V_addr_5, align 1" [aes/aes_encrypt.cpp:90->aes/aes_encrypt.cpp:209]   --->   Operation 459 'store' <Predicate = true> <Delay = 2.32> <Core = "RAM">   --->   Core 37 'RAM' <Latency = 1> <II = 1> <Delay = 2.32> <Storage> <Opcode : 'load' 'store'> <Ports = 2> <Width = 8> <Depth = 16> <RAM>
ST_25 : Operation 460 [1/1] (0.99ns)   --->   "%ret_V_1_19_3 = xor i8 %ret_V_1_18_3, %ret_V_1_15_3" [aes/aes_encrypt.cpp:90->aes/aes_encrypt.cpp:209]   --->   Operation 460 'xor' 'ret_V_1_19_3' <Predicate = true> <Delay = 0.99> <Core = "LogicGate">   --->   Core 27 'LogicGate' <Latency = 0> <II = 1> <Delay = 0.99> <FuncUnit> <Opcode : 'and' 'or' 'xor'> <InPorts = 2> <OutPorts = 1>
ST_25 : Operation 461 [1/1] (0.00ns)   --->   "%roundKeys_15_V_addr_5 = getelementptr [11 x i8]* %roundKeys_15_V, i64 0, i64 5" [aes/aes_encrypt.cpp:90->aes/aes_encrypt.cpp:209]   --->   Operation 461 'getelementptr' 'roundKeys_15_V_addr_5' <Predicate = true> <Delay = 0.00>
ST_25 : Operation 462 [1/1] (2.32ns)   --->   "store i8 %ret_V_1_19_3, i8* %roundKeys_15_V_addr_5, align 1" [aes/aes_encrypt.cpp:90->aes/aes_encrypt.cpp:209]   --->   Operation 462 'store' <Predicate = true> <Delay = 2.32> <Core = "RAM">   --->   Core 37 'RAM' <Latency = 1> <II = 1> <Delay = 2.32> <Storage> <Opcode : 'load' 'store'> <Ports = 2> <Width = 8> <Depth = 16> <RAM>
ST_25 : Operation 463 [1/2] (3.25ns)   --->   "%sboxExp_V_load_21 = load i8* %sboxExp_V_addr_20, align 1" [aes/aes_encrypt.cpp:82->aes/aes_encrypt.cpp:209]   --->   Operation 463 'load' 'sboxExp_V_load_21' <Predicate = true> <Delay = 3.25> <Core = "ROM_2P">   --->   Core 56 'ROM_2P' <Latency = 1> <II = 1> <Delay = 3.25> <Storage> <Opcode : 'load'> <Ports = 2> <Width = 8> <Depth = 256> <ROM>
ST_25 : Operation 464 [1/1] (0.99ns)   --->   "%ret_V_3 = xor i8 %sboxExp_V_load_21, 32" [aes/aes_encrypt.cpp:82->aes/aes_encrypt.cpp:209]   --->   Operation 464 'xor' 'ret_V_3' <Predicate = true> <Delay = 0.99> <Core = "LogicGate">   --->   Core 27 'LogicGate' <Latency = 0> <II = 1> <Delay = 0.99> <FuncUnit> <Opcode : 'and' 'or' 'xor'> <InPorts = 2> <OutPorts = 1>
ST_25 : Operation 465 [1/2] (3.25ns)   --->   "%sboxExp_V_load_20 = load i8* %sboxExp_V_addr_21, align 1" [aes/aes_encrypt.cpp:83->aes/aes_encrypt.cpp:209]   --->   Operation 465 'load' 'sboxExp_V_load_20' <Predicate = true> <Delay = 3.25> <Core = "ROM_2P">   --->   Core 56 'ROM_2P' <Latency = 1> <II = 1> <Delay = 3.25> <Storage> <Opcode : 'load'> <Ports = 2> <Width = 8> <Depth = 256> <ROM>
ST_25 : Operation 466 [1/1] (0.00ns)   --->   "%tmp_12_2 = zext i8 %ret_V_1_19_3 to i64" [aes/aes_encrypt.cpp:84->aes/aes_encrypt.cpp:209]   --->   Operation 466 'zext' 'tmp_12_2' <Predicate = true> <Delay = 0.00>
ST_25 : Operation 467 [1/1] (0.00ns)   --->   "%sboxExp_V_addr_22 = getelementptr [256 x i8]* @sboxExp_V, i64 0, i64 %tmp_12_2" [aes/aes_encrypt.cpp:84->aes/aes_encrypt.cpp:209]   --->   Operation 467 'getelementptr' 'sboxExp_V_addr_22' <Predicate = true> <Delay = 0.00>
ST_25 : Operation 468 [2/2] (3.25ns)   --->   "%sboxExp_V_load_22 = load i8* %sboxExp_V_addr_22, align 1" [aes/aes_encrypt.cpp:84->aes/aes_encrypt.cpp:209]   --->   Operation 468 'load' 'sboxExp_V_load_22' <Predicate = true> <Delay = 3.25> <Core = "ROM_2P">   --->   Core 56 'ROM_2P' <Latency = 1> <II = 1> <Delay = 3.25> <Storage> <Opcode : 'load'> <Ports = 2> <Width = 8> <Depth = 256> <ROM>
ST_25 : Operation 469 [1/1] (0.00ns)   --->   "%tmp_13_2 = zext i8 %ret_V_1_18 to i64" [aes/aes_encrypt.cpp:85->aes/aes_encrypt.cpp:209]   --->   Operation 469 'zext' 'tmp_13_2' <Predicate = true> <Delay = 0.00>
ST_25 : Operation 470 [1/1] (0.00ns)   --->   "%sboxExp_V_addr_23 = getelementptr [256 x i8]* @sboxExp_V, i64 0, i64 %tmp_13_2" [aes/aes_encrypt.cpp:85->aes/aes_encrypt.cpp:209]   --->   Operation 470 'getelementptr' 'sboxExp_V_addr_23' <Predicate = true> <Delay = 0.00>
ST_25 : Operation 471 [2/2] (3.25ns)   --->   "%sboxExp_V_load_23 = load i8* %sboxExp_V_addr_23, align 1" [aes/aes_encrypt.cpp:85->aes/aes_encrypt.cpp:209]   --->   Operation 471 'load' 'sboxExp_V_load_23' <Predicate = true> <Delay = 3.25> <Core = "ROM_2P">   --->   Core 56 'ROM_2P' <Latency = 1> <II = 1> <Delay = 3.25> <Storage> <Opcode : 'load'> <Ports = 2> <Width = 8> <Depth = 256> <ROM>
ST_25 : Operation 472 [1/1] (0.99ns)   --->   "%ret_V_1_19 = xor i8 %ret_V_3, %ret_V_1_15" [aes/aes_encrypt.cpp:90->aes/aes_encrypt.cpp:209]   --->   Operation 472 'xor' 'ret_V_1_19' <Predicate = true> <Delay = 0.99> <Core = "LogicGate">   --->   Core 27 'LogicGate' <Latency = 0> <II = 1> <Delay = 0.99> <FuncUnit> <Opcode : 'and' 'or' 'xor'> <InPorts = 2> <OutPorts = 1>
ST_25 : Operation 473 [1/1] (0.99ns)   --->   "%ret_V_1_20_1 = xor i8 %sboxExp_V_load_20, %ret_V_1_16_1" [aes/aes_encrypt.cpp:90->aes/aes_encrypt.cpp:209]   --->   Operation 473 'xor' 'ret_V_1_20_1' <Predicate = true> <Delay = 0.99> <Core = "LogicGate">   --->   Core 27 'LogicGate' <Latency = 0> <II = 1> <Delay = 0.99> <FuncUnit> <Opcode : 'and' 'or' 'xor'> <InPorts = 2> <OutPorts = 1>
ST_25 : Operation 474 [1/1] (0.99ns)   --->   "%ret_V_1_20 = xor i8 %ret_V_3, %ret_V_1_12" [aes/aes_encrypt.cpp:90->aes/aes_encrypt.cpp:209]   --->   Operation 474 'xor' 'ret_V_1_20' <Predicate = true> <Delay = 0.99> <Core = "LogicGate">   --->   Core 27 'LogicGate' <Latency = 0> <II = 1> <Delay = 0.99> <FuncUnit> <Opcode : 'and' 'or' 'xor'> <InPorts = 2> <OutPorts = 1>
ST_25 : Operation 475 [1/1] (0.99ns)   --->   "%ret_V_1_21_1 = xor i8 %sboxExp_V_load_20, %ret_V_1_13_1" [aes/aes_encrypt.cpp:90->aes/aes_encrypt.cpp:209]   --->   Operation 475 'xor' 'ret_V_1_21_1' <Predicate = true> <Delay = 0.99> <Core = "LogicGate">   --->   Core 27 'LogicGate' <Latency = 0> <II = 1> <Delay = 0.99> <FuncUnit> <Opcode : 'and' 'or' 'xor'> <InPorts = 2> <OutPorts = 1>

State 26 <SV = 25> <Delay = 8.48>
ST_26 : Operation 476 [1/1] (0.00ns)   --->   "%roundKeys_6_V_addr_4 = getelementptr [11 x i8]* %roundKeys_6_V, i64 0, i64 4" [aes/aes_encrypt.cpp:90->aes/aes_encrypt.cpp:209]   --->   Operation 476 'getelementptr' 'roundKeys_6_V_addr_4' <Predicate = true> <Delay = 0.00>
ST_26 : Operation 477 [1/1] (2.32ns)   --->   "store i8 %ret_V_1_13_2, i8* %roundKeys_6_V_addr_4, align 1" [aes/aes_encrypt.cpp:90->aes/aes_encrypt.cpp:209]   --->   Operation 477 'store' <Predicate = true> <Delay = 2.32> <Core = "RAM">   --->   Core 37 'RAM' <Latency = 1> <II = 1> <Delay = 2.32> <Storage> <Opcode : 'load' 'store'> <Ports = 2> <Width = 8> <Depth = 16> <RAM>
ST_26 : Operation 478 [1/1] (0.00ns)   --->   "%roundKeys_7_V_addr_4 = getelementptr [11 x i8]* %roundKeys_7_V, i64 0, i64 4" [aes/aes_encrypt.cpp:90->aes/aes_encrypt.cpp:209]   --->   Operation 478 'getelementptr' 'roundKeys_7_V_addr_4' <Predicate = true> <Delay = 0.00>
ST_26 : Operation 479 [1/1] (2.32ns)   --->   "store i8 %ret_V_1_13_3, i8* %roundKeys_7_V_addr_4, align 1" [aes/aes_encrypt.cpp:90->aes/aes_encrypt.cpp:209]   --->   Operation 479 'store' <Predicate = true> <Delay = 2.32> <Core = "RAM">   --->   Core 37 'RAM' <Latency = 1> <II = 1> <Delay = 2.32> <Storage> <Opcode : 'load' 'store'> <Ports = 2> <Width = 8> <Depth = 16> <RAM>
ST_26 : Operation 480 [1/1] (0.00ns)   --->   "%roundKeys_2_V_addr_5 = getelementptr [11 x i8]* %roundKeys_2_V, i64 0, i64 5" [aes/aes_encrypt.cpp:90->aes/aes_encrypt.cpp:209]   --->   Operation 480 'getelementptr' 'roundKeys_2_V_addr_5' <Predicate = true> <Delay = 0.00>
ST_26 : Operation 481 [1/1] (2.32ns)   --->   "store i8 %ret_V_1_16_2, i8* %roundKeys_2_V_addr_5, align 1" [aes/aes_encrypt.cpp:90->aes/aes_encrypt.cpp:209]   --->   Operation 481 'store' <Predicate = true> <Delay = 2.32> <Core = "RAM">   --->   Core 37 'RAM' <Latency = 1> <II = 1> <Delay = 2.32> <Storage> <Opcode : 'load' 'store'> <Ports = 2> <Width = 8> <Depth = 16> <RAM>
ST_26 : Operation 482 [1/1] (0.00ns)   --->   "%roundKeys_3_V_addr_5 = getelementptr [11 x i8]* %roundKeys_3_V, i64 0, i64 5" [aes/aes_encrypt.cpp:90->aes/aes_encrypt.cpp:209]   --->   Operation 482 'getelementptr' 'roundKeys_3_V_addr_5' <Predicate = true> <Delay = 0.00>
ST_26 : Operation 483 [1/1] (2.32ns)   --->   "store i8 %ret_V_1_16_3, i8* %roundKeys_3_V_addr_5, align 1" [aes/aes_encrypt.cpp:90->aes/aes_encrypt.cpp:209]   --->   Operation 483 'store' <Predicate = true> <Delay = 2.32> <Core = "RAM">   --->   Core 37 'RAM' <Latency = 1> <II = 1> <Delay = 2.32> <Storage> <Opcode : 'load' 'store'> <Ports = 2> <Width = 8> <Depth = 16> <RAM>
ST_26 : Operation 484 [1/1] (0.99ns)   --->   "%ret_V_1_17_2 = xor i8 %ret_V_1_16_2, %ret_V_1_13_2" [aes/aes_encrypt.cpp:90->aes/aes_encrypt.cpp:209]   --->   Operation 484 'xor' 'ret_V_1_17_2' <Predicate = true> <Delay = 0.99> <Core = "LogicGate">   --->   Core 27 'LogicGate' <Latency = 0> <II = 1> <Delay = 0.99> <FuncUnit> <Opcode : 'and' 'or' 'xor'> <InPorts = 2> <OutPorts = 1>
ST_26 : Operation 485 [1/1] (0.00ns)   --->   "%roundKeys_6_V_addr_5 = getelementptr [11 x i8]* %roundKeys_6_V, i64 0, i64 5" [aes/aes_encrypt.cpp:90->aes/aes_encrypt.cpp:209]   --->   Operation 485 'getelementptr' 'roundKeys_6_V_addr_5' <Predicate = true> <Delay = 0.00>
ST_26 : Operation 486 [1/1] (2.32ns)   --->   "store i8 %ret_V_1_17_2, i8* %roundKeys_6_V_addr_5, align 1" [aes/aes_encrypt.cpp:90->aes/aes_encrypt.cpp:209]   --->   Operation 486 'store' <Predicate = true> <Delay = 2.32> <Core = "RAM">   --->   Core 37 'RAM' <Latency = 1> <II = 1> <Delay = 2.32> <Storage> <Opcode : 'load' 'store'> <Ports = 2> <Width = 8> <Depth = 16> <RAM>
ST_26 : Operation 487 [1/1] (0.99ns)   --->   "%ret_V_1_17_3 = xor i8 %ret_V_1_16_3, %ret_V_1_13_3" [aes/aes_encrypt.cpp:90->aes/aes_encrypt.cpp:209]   --->   Operation 487 'xor' 'ret_V_1_17_3' <Predicate = true> <Delay = 0.99> <Core = "LogicGate">   --->   Core 27 'LogicGate' <Latency = 0> <II = 1> <Delay = 0.99> <FuncUnit> <Opcode : 'and' 'or' 'xor'> <InPorts = 2> <OutPorts = 1>
ST_26 : Operation 488 [1/1] (0.00ns)   --->   "%roundKeys_7_V_addr_5 = getelementptr [11 x i8]* %roundKeys_7_V, i64 0, i64 5" [aes/aes_encrypt.cpp:90->aes/aes_encrypt.cpp:209]   --->   Operation 488 'getelementptr' 'roundKeys_7_V_addr_5' <Predicate = true> <Delay = 0.00>
ST_26 : Operation 489 [1/1] (2.32ns)   --->   "store i8 %ret_V_1_17_3, i8* %roundKeys_7_V_addr_5, align 1" [aes/aes_encrypt.cpp:90->aes/aes_encrypt.cpp:209]   --->   Operation 489 'store' <Predicate = true> <Delay = 2.32> <Core = "RAM">   --->   Core 37 'RAM' <Latency = 1> <II = 1> <Delay = 2.32> <Storage> <Opcode : 'load' 'store'> <Ports = 2> <Width = 8> <Depth = 16> <RAM>
ST_26 : Operation 490 [1/2] (3.25ns)   --->   "%sboxExp_V_load_22 = load i8* %sboxExp_V_addr_22, align 1" [aes/aes_encrypt.cpp:84->aes/aes_encrypt.cpp:209]   --->   Operation 490 'load' 'sboxExp_V_load_22' <Predicate = true> <Delay = 3.25> <Core = "ROM_2P">   --->   Core 56 'ROM_2P' <Latency = 1> <II = 1> <Delay = 3.25> <Storage> <Opcode : 'load'> <Ports = 2> <Width = 8> <Depth = 256> <ROM>
ST_26 : Operation 491 [1/2] (3.25ns)   --->   "%sboxExp_V_load_23 = load i8* %sboxExp_V_addr_23, align 1" [aes/aes_encrypt.cpp:85->aes/aes_encrypt.cpp:209]   --->   Operation 491 'load' 'sboxExp_V_load_23' <Predicate = true> <Delay = 3.25> <Core = "ROM_2P">   --->   Core 56 'ROM_2P' <Latency = 1> <II = 1> <Delay = 3.25> <Storage> <Opcode : 'load'> <Ports = 2> <Width = 8> <Depth = 256> <ROM>
ST_26 : Operation 492 [1/1] (0.99ns)   --->   "%ret_V_1_20_2 = xor i8 %sboxExp_V_load_22, %ret_V_1_16_2" [aes/aes_encrypt.cpp:90->aes/aes_encrypt.cpp:209]   --->   Operation 492 'xor' 'ret_V_1_20_2' <Predicate = true> <Delay = 0.99> <Core = "LogicGate">   --->   Core 27 'LogicGate' <Latency = 0> <II = 1> <Delay = 0.99> <FuncUnit> <Opcode : 'and' 'or' 'xor'> <InPorts = 2> <OutPorts = 1>
ST_26 : Operation 493 [1/1] (0.99ns)   --->   "%ret_V_1_20_3 = xor i8 %sboxExp_V_load_23, %ret_V_1_16_3" [aes/aes_encrypt.cpp:90->aes/aes_encrypt.cpp:209]   --->   Operation 493 'xor' 'ret_V_1_20_3' <Predicate = true> <Delay = 0.99> <Core = "LogicGate">   --->   Core 27 'LogicGate' <Latency = 0> <II = 1> <Delay = 0.99> <FuncUnit> <Opcode : 'and' 'or' 'xor'> <InPorts = 2> <OutPorts = 1>
ST_26 : Operation 494 [1/1] (0.99ns)   --->   "%ret_V_1_21_2 = xor i8 %sboxExp_V_load_22, %ret_V_1_13_2" [aes/aes_encrypt.cpp:90->aes/aes_encrypt.cpp:209]   --->   Operation 494 'xor' 'ret_V_1_21_2' <Predicate = true> <Delay = 0.99> <Core = "LogicGate">   --->   Core 27 'LogicGate' <Latency = 0> <II = 1> <Delay = 0.99> <FuncUnit> <Opcode : 'and' 'or' 'xor'> <InPorts = 2> <OutPorts = 1>
ST_26 : Operation 495 [1/1] (0.99ns)   --->   "%ret_V_1_21_3 = xor i8 %sboxExp_V_load_23, %ret_V_1_13_3" [aes/aes_encrypt.cpp:90->aes/aes_encrypt.cpp:209]   --->   Operation 495 'xor' 'ret_V_1_21_3' <Predicate = true> <Delay = 0.99> <Core = "LogicGate">   --->   Core 27 'LogicGate' <Latency = 0> <II = 1> <Delay = 0.99> <FuncUnit> <Opcode : 'and' 'or' 'xor'> <InPorts = 2> <OutPorts = 1>
ST_26 : Operation 496 [1/1] (0.99ns)   --->   "%ret_V_1_23_1 = xor i8 %ret_V_1_21_1, %ret_V_1_15_1" [aes/aes_encrypt.cpp:90->aes/aes_encrypt.cpp:209]   --->   Operation 496 'xor' 'ret_V_1_23_1' <Predicate = true> <Delay = 0.99> <Core = "LogicGate">   --->   Core 27 'LogicGate' <Latency = 0> <II = 1> <Delay = 0.99> <FuncUnit> <Opcode : 'and' 'or' 'xor'> <InPorts = 2> <OutPorts = 1>
ST_26 : Operation 497 [1/1] (0.99ns)   --->   "%ret_V_1_23_2 = xor i8 %ret_V_1_21_2, %ret_V_1_15_2" [aes/aes_encrypt.cpp:90->aes/aes_encrypt.cpp:209]   --->   Operation 497 'xor' 'ret_V_1_23_2' <Predicate = true> <Delay = 0.99> <Core = "LogicGate">   --->   Core 27 'LogicGate' <Latency = 0> <II = 1> <Delay = 0.99> <FuncUnit> <Opcode : 'and' 'or' 'xor'> <InPorts = 2> <OutPorts = 1>
ST_26 : Operation 498 [1/1] (0.00ns)   --->   "%tmp_3_3 = zext i8 %ret_V_1_23_1 to i64" [aes/aes_encrypt.cpp:82->aes/aes_encrypt.cpp:209]   --->   Operation 498 'zext' 'tmp_3_3' <Predicate = true> <Delay = 0.00>
ST_26 : Operation 499 [1/1] (0.00ns)   --->   "%sboxExp_V_addr_24 = getelementptr [256 x i8]* @sboxExp_V, i64 0, i64 %tmp_3_3" [aes/aes_encrypt.cpp:82->aes/aes_encrypt.cpp:209]   --->   Operation 499 'getelementptr' 'sboxExp_V_addr_24' <Predicate = true> <Delay = 0.00>
ST_26 : Operation 500 [2/2] (3.25ns)   --->   "%sboxExp_V_load_25 = load i8* %sboxExp_V_addr_24, align 1" [aes/aes_encrypt.cpp:82->aes/aes_encrypt.cpp:209]   --->   Operation 500 'load' 'sboxExp_V_load_25' <Predicate = true> <Delay = 3.25> <Core = "ROM_2P">   --->   Core 56 'ROM_2P' <Latency = 1> <II = 1> <Delay = 3.25> <Storage> <Opcode : 'load'> <Ports = 2> <Width = 8> <Depth = 256> <ROM>
ST_26 : Operation 501 [1/1] (0.00ns)   --->   "%tmp_11_3 = zext i8 %ret_V_1_23_2 to i64" [aes/aes_encrypt.cpp:83->aes/aes_encrypt.cpp:209]   --->   Operation 501 'zext' 'tmp_11_3' <Predicate = true> <Delay = 0.00>
ST_26 : Operation 502 [1/1] (0.00ns)   --->   "%sboxExp_V_addr_25 = getelementptr [256 x i8]* @sboxExp_V, i64 0, i64 %tmp_11_3" [aes/aes_encrypt.cpp:83->aes/aes_encrypt.cpp:209]   --->   Operation 502 'getelementptr' 'sboxExp_V_addr_25' <Predicate = true> <Delay = 0.00>
ST_26 : Operation 503 [2/2] (3.25ns)   --->   "%sboxExp_V_load_24 = load i8* %sboxExp_V_addr_25, align 1" [aes/aes_encrypt.cpp:83->aes/aes_encrypt.cpp:209]   --->   Operation 503 'load' 'sboxExp_V_load_24' <Predicate = true> <Delay = 3.25> <Core = "ROM_2P">   --->   Core 56 'ROM_2P' <Latency = 1> <II = 1> <Delay = 3.25> <Storage> <Opcode : 'load'> <Ports = 2> <Width = 8> <Depth = 256> <ROM>

State 27 <SV = 26> <Delay = 4.24>
ST_27 : Operation 504 [1/1] (0.00ns)   --->   "%roundKeys_13_V_addr_4 = getelementptr [11 x i8]* %roundKeys_13_V, i64 0, i64 4" [aes/aes_encrypt.cpp:90->aes/aes_encrypt.cpp:209]   --->   Operation 504 'getelementptr' 'roundKeys_13_V_addr_4' <Predicate = true> <Delay = 0.00>
ST_27 : Operation 505 [1/1] (2.32ns)   --->   "store i8 %ret_V_1_15_1, i8* %roundKeys_13_V_addr_4, align 1" [aes/aes_encrypt.cpp:90->aes/aes_encrypt.cpp:209]   --->   Operation 505 'store' <Predicate = true> <Delay = 2.32> <Core = "RAM">   --->   Core 37 'RAM' <Latency = 1> <II = 1> <Delay = 2.32> <Storage> <Opcode : 'load' 'store'> <Ports = 2> <Width = 8> <Depth = 16> <RAM>
ST_27 : Operation 506 [1/1] (0.00ns)   --->   "%roundKeys_0_V_addr_6 = getelementptr [11 x i8]* %roundKeys_0_V, i64 0, i64 6" [aes/aes_encrypt.cpp:90->aes/aes_encrypt.cpp:209]   --->   Operation 506 'getelementptr' 'roundKeys_0_V_addr_6' <Predicate = true> <Delay = 0.00>
ST_27 : Operation 507 [1/1] (2.32ns)   --->   "store i8 %ret_V_1_19, i8* %roundKeys_0_V_addr_6, align 1" [aes/aes_encrypt.cpp:90->aes/aes_encrypt.cpp:209]   --->   Operation 507 'store' <Predicate = true> <Delay = 2.32> <Core = "RAM">   --->   Core 37 'RAM' <Latency = 1> <II = 1> <Delay = 2.32> <Storage> <Opcode : 'load' 'store'> <Ports = 2> <Width = 8> <Depth = 16> <RAM>
ST_27 : Operation 508 [1/1] (0.00ns)   --->   "%roundKeys_1_V_addr_6 = getelementptr [11 x i8]* %roundKeys_1_V, i64 0, i64 6" [aes/aes_encrypt.cpp:90->aes/aes_encrypt.cpp:209]   --->   Operation 508 'getelementptr' 'roundKeys_1_V_addr_6' <Predicate = true> <Delay = 0.00>
ST_27 : Operation 509 [1/1] (2.32ns)   --->   "store i8 %ret_V_1_20_1, i8* %roundKeys_1_V_addr_6, align 1" [aes/aes_encrypt.cpp:90->aes/aes_encrypt.cpp:209]   --->   Operation 509 'store' <Predicate = true> <Delay = 2.32> <Core = "RAM">   --->   Core 37 'RAM' <Latency = 1> <II = 1> <Delay = 2.32> <Storage> <Opcode : 'load' 'store'> <Ports = 2> <Width = 8> <Depth = 16> <RAM>
ST_27 : Operation 510 [1/1] (0.99ns)   --->   "%ret_V_1_22 = xor i8 %ret_V_1_20, %ret_V_1_14" [aes/aes_encrypt.cpp:90->aes/aes_encrypt.cpp:209]   --->   Operation 510 'xor' 'ret_V_1_22' <Predicate = true> <Delay = 0.99> <Core = "LogicGate">   --->   Core 27 'LogicGate' <Latency = 0> <II = 1> <Delay = 0.99> <FuncUnit> <Opcode : 'and' 'or' 'xor'> <InPorts = 2> <OutPorts = 1>
ST_27 : Operation 511 [1/1] (0.99ns)   --->   "%ret_V_1_23_3 = xor i8 %ret_V_1_21_3, %ret_V_1_15_3" [aes/aes_encrypt.cpp:90->aes/aes_encrypt.cpp:209]   --->   Operation 511 'xor' 'ret_V_1_23_3' <Predicate = true> <Delay = 0.99> <Core = "LogicGate">   --->   Core 27 'LogicGate' <Latency = 0> <II = 1> <Delay = 0.99> <FuncUnit> <Opcode : 'and' 'or' 'xor'> <InPorts = 2> <OutPorts = 1>
ST_27 : Operation 512 [1/2] (3.25ns)   --->   "%sboxExp_V_load_25 = load i8* %sboxExp_V_addr_24, align 1" [aes/aes_encrypt.cpp:82->aes/aes_encrypt.cpp:209]   --->   Operation 512 'load' 'sboxExp_V_load_25' <Predicate = true> <Delay = 3.25> <Core = "ROM_2P">   --->   Core 56 'ROM_2P' <Latency = 1> <II = 1> <Delay = 3.25> <Storage> <Opcode : 'load'> <Ports = 2> <Width = 8> <Depth = 256> <ROM>
ST_27 : Operation 513 [1/2] (3.25ns)   --->   "%sboxExp_V_load_24 = load i8* %sboxExp_V_addr_25, align 1" [aes/aes_encrypt.cpp:83->aes/aes_encrypt.cpp:209]   --->   Operation 513 'load' 'sboxExp_V_load_24' <Predicate = true> <Delay = 3.25> <Core = "ROM_2P">   --->   Core 56 'ROM_2P' <Latency = 1> <II = 1> <Delay = 3.25> <Storage> <Opcode : 'load'> <Ports = 2> <Width = 8> <Depth = 256> <ROM>
ST_27 : Operation 514 [1/1] (0.00ns)   --->   "%tmp_12_3 = zext i8 %ret_V_1_23_3 to i64" [aes/aes_encrypt.cpp:84->aes/aes_encrypt.cpp:209]   --->   Operation 514 'zext' 'tmp_12_3' <Predicate = true> <Delay = 0.00>
ST_27 : Operation 515 [1/1] (0.00ns)   --->   "%sboxExp_V_addr_26 = getelementptr [256 x i8]* @sboxExp_V, i64 0, i64 %tmp_12_3" [aes/aes_encrypt.cpp:84->aes/aes_encrypt.cpp:209]   --->   Operation 515 'getelementptr' 'sboxExp_V_addr_26' <Predicate = true> <Delay = 0.00>
ST_27 : Operation 516 [2/2] (3.25ns)   --->   "%sboxExp_V_load_26 = load i8* %sboxExp_V_addr_26, align 1" [aes/aes_encrypt.cpp:84->aes/aes_encrypt.cpp:209]   --->   Operation 516 'load' 'sboxExp_V_load_26' <Predicate = true> <Delay = 3.25> <Core = "ROM_2P">   --->   Core 56 'ROM_2P' <Latency = 1> <II = 1> <Delay = 3.25> <Storage> <Opcode : 'load'> <Ports = 2> <Width = 8> <Depth = 256> <ROM>
ST_27 : Operation 517 [1/1] (0.00ns)   --->   "%tmp_13_3 = zext i8 %ret_V_1_22 to i64" [aes/aes_encrypt.cpp:85->aes/aes_encrypt.cpp:209]   --->   Operation 517 'zext' 'tmp_13_3' <Predicate = true> <Delay = 0.00>
ST_27 : Operation 518 [1/1] (0.00ns)   --->   "%sboxExp_V_addr_27 = getelementptr [256 x i8]* @sboxExp_V, i64 0, i64 %tmp_13_3" [aes/aes_encrypt.cpp:85->aes/aes_encrypt.cpp:209]   --->   Operation 518 'getelementptr' 'sboxExp_V_addr_27' <Predicate = true> <Delay = 0.00>
ST_27 : Operation 519 [2/2] (3.25ns)   --->   "%sboxExp_V_load_27 = load i8* %sboxExp_V_addr_27, align 1" [aes/aes_encrypt.cpp:85->aes/aes_encrypt.cpp:209]   --->   Operation 519 'load' 'sboxExp_V_load_27' <Predicate = true> <Delay = 3.25> <Core = "ROM_2P">   --->   Core 56 'ROM_2P' <Latency = 1> <II = 1> <Delay = 3.25> <Storage> <Opcode : 'load'> <Ports = 2> <Width = 8> <Depth = 256> <ROM>
ST_27 : Operation 520 [1/1] (0.00ns) (grouped into LUT with out node ret_V_1_23)   --->   "%tmp4 = xor i8 %ret_V_1_19, 64" [aes/aes_encrypt.cpp:90->aes/aes_encrypt.cpp:209]   --->   Operation 520 'xor' 'tmp4' <Predicate = true> <Delay = 0.00> <Core = "LogicGate">   --->   Core 27 'LogicGate' <Latency = 0> <II = 1> <Delay = 0.99> <FuncUnit> <Opcode : 'and' 'or' 'xor'> <InPorts = 2> <OutPorts = 1>
ST_27 : Operation 521 [1/1] (0.99ns) (out node of the LUT)   --->   "%ret_V_1_23 = xor i8 %tmp4, %sboxExp_V_load_25" [aes/aes_encrypt.cpp:90->aes/aes_encrypt.cpp:209]   --->   Operation 521 'xor' 'ret_V_1_23' <Predicate = true> <Delay = 0.99> <Core = "LogicGate">   --->   Core 27 'LogicGate' <Latency = 0> <II = 1> <Delay = 0.99> <FuncUnit> <Opcode : 'and' 'or' 'xor'> <InPorts = 2> <OutPorts = 1>
ST_27 : Operation 522 [1/1] (0.99ns)   --->   "%ret_V_1_24_1 = xor i8 %sboxExp_V_load_24, %ret_V_1_20_1" [aes/aes_encrypt.cpp:90->aes/aes_encrypt.cpp:209]   --->   Operation 522 'xor' 'ret_V_1_24_1' <Predicate = true> <Delay = 0.99> <Core = "LogicGate">   --->   Core 27 'LogicGate' <Latency = 0> <II = 1> <Delay = 0.99> <FuncUnit> <Opcode : 'and' 'or' 'xor'> <InPorts = 2> <OutPorts = 1>

State 28 <SV = 27> <Delay = 5.23>
ST_28 : Operation 523 [1/1] (0.00ns)   --->   "%roundKeys_14_V_addr_4 = getelementptr [11 x i8]* %roundKeys_14_V, i64 0, i64 4" [aes/aes_encrypt.cpp:90->aes/aes_encrypt.cpp:209]   --->   Operation 523 'getelementptr' 'roundKeys_14_V_addr_4' <Predicate = true> <Delay = 0.00>
ST_28 : Operation 524 [1/1] (2.32ns)   --->   "store i8 %ret_V_1_15_2, i8* %roundKeys_14_V_addr_4, align 1" [aes/aes_encrypt.cpp:90->aes/aes_encrypt.cpp:209]   --->   Operation 524 'store' <Predicate = true> <Delay = 2.32> <Core = "RAM">   --->   Core 37 'RAM' <Latency = 1> <II = 1> <Delay = 2.32> <Storage> <Opcode : 'load' 'store'> <Ports = 2> <Width = 8> <Depth = 16> <RAM>
ST_28 : Operation 525 [1/1] (0.00ns)   --->   "%roundKeys_15_V_addr_4 = getelementptr [11 x i8]* %roundKeys_15_V, i64 0, i64 4" [aes/aes_encrypt.cpp:90->aes/aes_encrypt.cpp:209]   --->   Operation 525 'getelementptr' 'roundKeys_15_V_addr_4' <Predicate = true> <Delay = 0.00>
ST_28 : Operation 526 [1/1] (2.32ns)   --->   "store i8 %ret_V_1_15_3, i8* %roundKeys_15_V_addr_4, align 1" [aes/aes_encrypt.cpp:90->aes/aes_encrypt.cpp:209]   --->   Operation 526 'store' <Predicate = true> <Delay = 2.32> <Core = "RAM">   --->   Core 37 'RAM' <Latency = 1> <II = 1> <Delay = 2.32> <Storage> <Opcode : 'load' 'store'> <Ports = 2> <Width = 8> <Depth = 16> <RAM>
ST_28 : Operation 527 [1/1] (0.00ns)   --->   "%roundKeys_9_V_addr_5 = getelementptr [11 x i8]* %roundKeys_9_V, i64 0, i64 5" [aes/aes_encrypt.cpp:90->aes/aes_encrypt.cpp:209]   --->   Operation 527 'getelementptr' 'roundKeys_9_V_addr_5' <Predicate = true> <Delay = 0.00>
ST_28 : Operation 528 [1/1] (2.32ns)   --->   "store i8 %ret_V_1_18_1, i8* %roundKeys_9_V_addr_5, align 1" [aes/aes_encrypt.cpp:90->aes/aes_encrypt.cpp:209]   --->   Operation 528 'store' <Predicate = true> <Delay = 2.32> <Core = "RAM">   --->   Core 37 'RAM' <Latency = 1> <II = 1> <Delay = 2.32> <Storage> <Opcode : 'load' 'store'> <Ports = 2> <Width = 8> <Depth = 16> <RAM>
ST_28 : Operation 529 [1/1] (0.00ns)   --->   "%roundKeys_2_V_addr_6 = getelementptr [11 x i8]* %roundKeys_2_V, i64 0, i64 6" [aes/aes_encrypt.cpp:90->aes/aes_encrypt.cpp:209]   --->   Operation 529 'getelementptr' 'roundKeys_2_V_addr_6' <Predicate = true> <Delay = 0.00>
ST_28 : Operation 530 [1/1] (2.32ns)   --->   "store i8 %ret_V_1_20_2, i8* %roundKeys_2_V_addr_6, align 1" [aes/aes_encrypt.cpp:90->aes/aes_encrypt.cpp:209]   --->   Operation 530 'store' <Predicate = true> <Delay = 2.32> <Core = "RAM">   --->   Core 37 'RAM' <Latency = 1> <II = 1> <Delay = 2.32> <Storage> <Opcode : 'load' 'store'> <Ports = 2> <Width = 8> <Depth = 16> <RAM>
ST_28 : Operation 531 [1/1] (0.00ns)   --->   "%roundKeys_3_V_addr_6 = getelementptr [11 x i8]* %roundKeys_3_V, i64 0, i64 6" [aes/aes_encrypt.cpp:90->aes/aes_encrypt.cpp:209]   --->   Operation 531 'getelementptr' 'roundKeys_3_V_addr_6' <Predicate = true> <Delay = 0.00>
ST_28 : Operation 532 [1/1] (2.32ns)   --->   "store i8 %ret_V_1_20_3, i8* %roundKeys_3_V_addr_6, align 1" [aes/aes_encrypt.cpp:90->aes/aes_encrypt.cpp:209]   --->   Operation 532 'store' <Predicate = true> <Delay = 2.32> <Core = "RAM">   --->   Core 37 'RAM' <Latency = 1> <II = 1> <Delay = 2.32> <Storage> <Opcode : 'load' 'store'> <Ports = 2> <Width = 8> <Depth = 16> <RAM>
ST_28 : Operation 533 [1/1] (0.99ns)   --->   "%ret_V_1_22_1 = xor i8 %ret_V_1_21_1, %ret_V_1_18_1" [aes/aes_encrypt.cpp:90->aes/aes_encrypt.cpp:209]   --->   Operation 533 'xor' 'ret_V_1_22_1' <Predicate = true> <Delay = 0.99> <Core = "LogicGate">   --->   Core 27 'LogicGate' <Latency = 0> <II = 1> <Delay = 0.99> <FuncUnit> <Opcode : 'and' 'or' 'xor'> <InPorts = 2> <OutPorts = 1>
ST_28 : Operation 534 [1/1] (0.00ns)   --->   "%roundKeys_9_V_addr_6 = getelementptr [11 x i8]* %roundKeys_9_V, i64 0, i64 6" [aes/aes_encrypt.cpp:90->aes/aes_encrypt.cpp:209]   --->   Operation 534 'getelementptr' 'roundKeys_9_V_addr_6' <Predicate = true> <Delay = 0.00>
ST_28 : Operation 535 [1/1] (2.32ns)   --->   "store i8 %ret_V_1_22_1, i8* %roundKeys_9_V_addr_6, align 1" [aes/aes_encrypt.cpp:90->aes/aes_encrypt.cpp:209]   --->   Operation 535 'store' <Predicate = true> <Delay = 2.32> <Core = "RAM">   --->   Core 37 'RAM' <Latency = 1> <II = 1> <Delay = 2.32> <Storage> <Opcode : 'load' 'store'> <Ports = 2> <Width = 8> <Depth = 16> <RAM>
ST_28 : Operation 536 [1/1] (0.00ns)   --->   "%roundKeys_13_V_addr_6 = getelementptr [11 x i8]* %roundKeys_13_V, i64 0, i64 6" [aes/aes_encrypt.cpp:90->aes/aes_encrypt.cpp:209]   --->   Operation 536 'getelementptr' 'roundKeys_13_V_addr_6' <Predicate = true> <Delay = 0.00>
ST_28 : Operation 537 [1/1] (2.32ns)   --->   "store i8 %ret_V_1_23_1, i8* %roundKeys_13_V_addr_6, align 1" [aes/aes_encrypt.cpp:90->aes/aes_encrypt.cpp:209]   --->   Operation 537 'store' <Predicate = true> <Delay = 2.32> <Core = "RAM">   --->   Core 37 'RAM' <Latency = 1> <II = 1> <Delay = 2.32> <Storage> <Opcode : 'load' 'store'> <Ports = 2> <Width = 8> <Depth = 16> <RAM>
ST_28 : Operation 538 [1/2] (3.25ns)   --->   "%sboxExp_V_load_26 = load i8* %sboxExp_V_addr_26, align 1" [aes/aes_encrypt.cpp:84->aes/aes_encrypt.cpp:209]   --->   Operation 538 'load' 'sboxExp_V_load_26' <Predicate = true> <Delay = 3.25> <Core = "ROM_2P">   --->   Core 56 'ROM_2P' <Latency = 1> <II = 1> <Delay = 3.25> <Storage> <Opcode : 'load'> <Ports = 2> <Width = 8> <Depth = 256> <ROM>
ST_28 : Operation 539 [1/2] (3.25ns)   --->   "%sboxExp_V_load_27 = load i8* %sboxExp_V_addr_27, align 1" [aes/aes_encrypt.cpp:85->aes/aes_encrypt.cpp:209]   --->   Operation 539 'load' 'sboxExp_V_load_27' <Predicate = true> <Delay = 3.25> <Core = "ROM_2P">   --->   Core 56 'ROM_2P' <Latency = 1> <II = 1> <Delay = 3.25> <Storage> <Opcode : 'load'> <Ports = 2> <Width = 8> <Depth = 256> <ROM>
ST_28 : Operation 540 [1/1] (0.99ns)   --->   "%ret_V_1_24_2 = xor i8 %sboxExp_V_load_26, %ret_V_1_20_2" [aes/aes_encrypt.cpp:90->aes/aes_encrypt.cpp:209]   --->   Operation 540 'xor' 'ret_V_1_24_2' <Predicate = true> <Delay = 0.99> <Core = "LogicGate">   --->   Core 27 'LogicGate' <Latency = 0> <II = 1> <Delay = 0.99> <FuncUnit> <Opcode : 'and' 'or' 'xor'> <InPorts = 2> <OutPorts = 1>
ST_28 : Operation 541 [1/1] (0.99ns)   --->   "%ret_V_1_24_3 = xor i8 %sboxExp_V_load_27, %ret_V_1_20_3" [aes/aes_encrypt.cpp:90->aes/aes_encrypt.cpp:209]   --->   Operation 541 'xor' 'ret_V_1_24_3' <Predicate = true> <Delay = 0.99> <Core = "LogicGate">   --->   Core 27 'LogicGate' <Latency = 0> <II = 1> <Delay = 0.99> <FuncUnit> <Opcode : 'and' 'or' 'xor'> <InPorts = 2> <OutPorts = 1>
ST_28 : Operation 542 [1/1] (0.99ns)   --->   "%ret_V_1_26_1 = xor i8 %ret_V_1_24_1, %ret_V_1_18_1" [aes/aes_encrypt.cpp:90->aes/aes_encrypt.cpp:209]   --->   Operation 542 'xor' 'ret_V_1_26_1' <Predicate = true> <Delay = 0.99> <Core = "LogicGate">   --->   Core 27 'LogicGate' <Latency = 0> <II = 1> <Delay = 0.99> <FuncUnit> <Opcode : 'and' 'or' 'xor'> <InPorts = 2> <OutPorts = 1>
ST_28 : Operation 543 [1/1] (0.99ns)   --->   "%ret_V_1_27_1 = xor i8 %ret_V_1_26_1, %ret_V_1_23_1" [aes/aes_encrypt.cpp:90->aes/aes_encrypt.cpp:209]   --->   Operation 543 'xor' 'ret_V_1_27_1' <Predicate = true> <Delay = 0.99> <Core = "LogicGate">   --->   Core 27 'LogicGate' <Latency = 0> <II = 1> <Delay = 0.99> <FuncUnit> <Opcode : 'and' 'or' 'xor'> <InPorts = 2> <OutPorts = 1>
ST_28 : Operation 544 [1/1] (0.00ns)   --->   "%roundKeys_13_V_addr_7 = getelementptr [11 x i8]* %roundKeys_13_V, i64 0, i64 7" [aes/aes_encrypt.cpp:90->aes/aes_encrypt.cpp:209]   --->   Operation 544 'getelementptr' 'roundKeys_13_V_addr_7' <Predicate = true> <Delay = 0.00>
ST_28 : Operation 545 [1/1] (2.32ns)   --->   "store i8 %ret_V_1_27_1, i8* %roundKeys_13_V_addr_7, align 1" [aes/aes_encrypt.cpp:90->aes/aes_encrypt.cpp:209]   --->   Operation 545 'store' <Predicate = true> <Delay = 2.32> <Core = "RAM">   --->   Core 37 'RAM' <Latency = 1> <II = 1> <Delay = 2.32> <Storage> <Opcode : 'load' 'store'> <Ports = 2> <Width = 8> <Depth = 16> <RAM>
ST_28 : Operation 546 [1/1] (0.00ns)   --->   "%tmp_3_5 = zext i8 %ret_V_1_27_1 to i64" [aes/aes_encrypt.cpp:82->aes/aes_encrypt.cpp:209]   --->   Operation 546 'zext' 'tmp_3_5' <Predicate = true> <Delay = 0.00>
ST_28 : Operation 547 [1/1] (0.00ns)   --->   "%sboxExp_V_addr_28 = getelementptr [256 x i8]* @sboxExp_V, i64 0, i64 %tmp_3_5" [aes/aes_encrypt.cpp:82->aes/aes_encrypt.cpp:209]   --->   Operation 547 'getelementptr' 'sboxExp_V_addr_28' <Predicate = true> <Delay = 0.00>
ST_28 : Operation 548 [2/2] (3.25ns)   --->   "%sboxExp_V_load_29 = load i8* %sboxExp_V_addr_28, align 1" [aes/aes_encrypt.cpp:82->aes/aes_encrypt.cpp:209]   --->   Operation 548 'load' 'sboxExp_V_load_29' <Predicate = true> <Delay = 3.25> <Core = "ROM_2P">   --->   Core 56 'ROM_2P' <Latency = 1> <II = 1> <Delay = 3.25> <Storage> <Opcode : 'load'> <Ports = 2> <Width = 8> <Depth = 256> <ROM>

State 29 <SV = 28> <Delay = 5.23>
ST_29 : Operation 549 [1/1] (0.00ns)   --->   "%roundKeys_12_V_addr_4 = getelementptr [11 x i8]* %roundKeys_12_V, i64 0, i64 4" [aes/aes_encrypt.cpp:90->aes/aes_encrypt.cpp:209]   --->   Operation 549 'getelementptr' 'roundKeys_12_V_addr_4' <Predicate = true> <Delay = 0.00>
ST_29 : Operation 550 [1/1] (2.32ns)   --->   "store i8 %ret_V_1_14, i8* %roundKeys_12_V_addr_4, align 1" [aes/aes_encrypt.cpp:90->aes/aes_encrypt.cpp:209]   --->   Operation 550 'store' <Predicate = true> <Delay = 2.32> <Core = "RAM">   --->   Core 37 'RAM' <Latency = 1> <II = 1> <Delay = 2.32> <Storage> <Opcode : 'load' 'store'> <Ports = 2> <Width = 8> <Depth = 16> <RAM>
ST_29 : Operation 551 [1/1] (0.00ns)   --->   "%roundKeys_8_V_addr_5 = getelementptr [11 x i8]* %roundKeys_8_V, i64 0, i64 5" [aes/aes_encrypt.cpp:90->aes/aes_encrypt.cpp:209]   --->   Operation 551 'getelementptr' 'roundKeys_8_V_addr_5' <Predicate = true> <Delay = 0.00>
ST_29 : Operation 552 [1/1] (2.32ns)   --->   "store i8 %ret_V_1_17, i8* %roundKeys_8_V_addr_5, align 1" [aes/aes_encrypt.cpp:90->aes/aes_encrypt.cpp:209]   --->   Operation 552 'store' <Predicate = true> <Delay = 2.32> <Core = "RAM">   --->   Core 37 'RAM' <Latency = 1> <II = 1> <Delay = 2.32> <Storage> <Opcode : 'load' 'store'> <Ports = 2> <Width = 8> <Depth = 16> <RAM>
ST_29 : Operation 553 [1/1] (0.00ns)   --->   "%roundKeys_10_V_addr_5 = getelementptr [11 x i8]* %roundKeys_10_V, i64 0, i64 5" [aes/aes_encrypt.cpp:90->aes/aes_encrypt.cpp:209]   --->   Operation 553 'getelementptr' 'roundKeys_10_V_addr_5' <Predicate = true> <Delay = 0.00>
ST_29 : Operation 554 [1/1] (2.32ns)   --->   "store i8 %ret_V_1_18_2, i8* %roundKeys_10_V_addr_5, align 1" [aes/aes_encrypt.cpp:90->aes/aes_encrypt.cpp:209]   --->   Operation 554 'store' <Predicate = true> <Delay = 2.32> <Core = "RAM">   --->   Core 37 'RAM' <Latency = 1> <II = 1> <Delay = 2.32> <Storage> <Opcode : 'load' 'store'> <Ports = 2> <Width = 8> <Depth = 16> <RAM>
ST_29 : Operation 555 [1/1] (0.00ns)   --->   "%roundKeys_11_V_addr_5 = getelementptr [11 x i8]* %roundKeys_11_V, i64 0, i64 5" [aes/aes_encrypt.cpp:90->aes/aes_encrypt.cpp:209]   --->   Operation 555 'getelementptr' 'roundKeys_11_V_addr_5' <Predicate = true> <Delay = 0.00>
ST_29 : Operation 556 [1/1] (2.32ns)   --->   "store i8 %ret_V_1_18_3, i8* %roundKeys_11_V_addr_5, align 1" [aes/aes_encrypt.cpp:90->aes/aes_encrypt.cpp:209]   --->   Operation 556 'store' <Predicate = true> <Delay = 2.32> <Core = "RAM">   --->   Core 37 'RAM' <Latency = 1> <II = 1> <Delay = 2.32> <Storage> <Opcode : 'load' 'store'> <Ports = 2> <Width = 8> <Depth = 16> <RAM>
ST_29 : Operation 557 [1/1] (0.00ns)   --->   "%roundKeys_4_V_addr_6 = getelementptr [11 x i8]* %roundKeys_4_V, i64 0, i64 6" [aes/aes_encrypt.cpp:90->aes/aes_encrypt.cpp:209]   --->   Operation 557 'getelementptr' 'roundKeys_4_V_addr_6' <Predicate = true> <Delay = 0.00>
ST_29 : Operation 558 [1/1] (2.32ns)   --->   "store i8 %ret_V_1_20, i8* %roundKeys_4_V_addr_6, align 1" [aes/aes_encrypt.cpp:90->aes/aes_encrypt.cpp:209]   --->   Operation 558 'store' <Predicate = true> <Delay = 2.32> <Core = "RAM">   --->   Core 37 'RAM' <Latency = 1> <II = 1> <Delay = 2.32> <Storage> <Opcode : 'load' 'store'> <Ports = 2> <Width = 8> <Depth = 16> <RAM>
ST_29 : Operation 559 [1/1] (0.99ns)   --->   "%ret_V_1_21 = xor i8 %ret_V_1_20, %ret_V_1_17" [aes/aes_encrypt.cpp:90->aes/aes_encrypt.cpp:209]   --->   Operation 559 'xor' 'ret_V_1_21' <Predicate = true> <Delay = 0.99> <Core = "LogicGate">   --->   Core 27 'LogicGate' <Latency = 0> <II = 1> <Delay = 0.99> <FuncUnit> <Opcode : 'and' 'or' 'xor'> <InPorts = 2> <OutPorts = 1>
ST_29 : Operation 560 [1/1] (0.00ns)   --->   "%roundKeys_8_V_addr_6 = getelementptr [11 x i8]* %roundKeys_8_V, i64 0, i64 6" [aes/aes_encrypt.cpp:90->aes/aes_encrypt.cpp:209]   --->   Operation 560 'getelementptr' 'roundKeys_8_V_addr_6' <Predicate = true> <Delay = 0.00>
ST_29 : Operation 561 [1/1] (2.32ns)   --->   "store i8 %ret_V_1_21, i8* %roundKeys_8_V_addr_6, align 1" [aes/aes_encrypt.cpp:90->aes/aes_encrypt.cpp:209]   --->   Operation 561 'store' <Predicate = true> <Delay = 2.32> <Core = "RAM">   --->   Core 37 'RAM' <Latency = 1> <II = 1> <Delay = 2.32> <Storage> <Opcode : 'load' 'store'> <Ports = 2> <Width = 8> <Depth = 16> <RAM>
ST_29 : Operation 562 [1/1] (0.99ns)   --->   "%ret_V_1_22_2 = xor i8 %ret_V_1_21_2, %ret_V_1_18_2" [aes/aes_encrypt.cpp:90->aes/aes_encrypt.cpp:209]   --->   Operation 562 'xor' 'ret_V_1_22_2' <Predicate = true> <Delay = 0.99> <Core = "LogicGate">   --->   Core 27 'LogicGate' <Latency = 0> <II = 1> <Delay = 0.99> <FuncUnit> <Opcode : 'and' 'or' 'xor'> <InPorts = 2> <OutPorts = 1>
ST_29 : Operation 563 [1/1] (0.00ns)   --->   "%roundKeys_10_V_addr_6 = getelementptr [11 x i8]* %roundKeys_10_V, i64 0, i64 6" [aes/aes_encrypt.cpp:90->aes/aes_encrypt.cpp:209]   --->   Operation 563 'getelementptr' 'roundKeys_10_V_addr_6' <Predicate = true> <Delay = 0.00>
ST_29 : Operation 564 [1/1] (2.32ns)   --->   "store i8 %ret_V_1_22_2, i8* %roundKeys_10_V_addr_6, align 1" [aes/aes_encrypt.cpp:90->aes/aes_encrypt.cpp:209]   --->   Operation 564 'store' <Predicate = true> <Delay = 2.32> <Core = "RAM">   --->   Core 37 'RAM' <Latency = 1> <II = 1> <Delay = 2.32> <Storage> <Opcode : 'load' 'store'> <Ports = 2> <Width = 8> <Depth = 16> <RAM>
ST_29 : Operation 565 [1/1] (0.99ns)   --->   "%ret_V_1_22_3 = xor i8 %ret_V_1_21_3, %ret_V_1_18_3" [aes/aes_encrypt.cpp:90->aes/aes_encrypt.cpp:209]   --->   Operation 565 'xor' 'ret_V_1_22_3' <Predicate = true> <Delay = 0.99> <Core = "LogicGate">   --->   Core 27 'LogicGate' <Latency = 0> <II = 1> <Delay = 0.99> <FuncUnit> <Opcode : 'and' 'or' 'xor'> <InPorts = 2> <OutPorts = 1>
ST_29 : Operation 566 [1/1] (0.00ns)   --->   "%roundKeys_11_V_addr_6 = getelementptr [11 x i8]* %roundKeys_11_V, i64 0, i64 6" [aes/aes_encrypt.cpp:90->aes/aes_encrypt.cpp:209]   --->   Operation 566 'getelementptr' 'roundKeys_11_V_addr_6' <Predicate = true> <Delay = 0.00>
ST_29 : Operation 567 [1/1] (2.32ns)   --->   "store i8 %ret_V_1_22_3, i8* %roundKeys_11_V_addr_6, align 1" [aes/aes_encrypt.cpp:90->aes/aes_encrypt.cpp:209]   --->   Operation 567 'store' <Predicate = true> <Delay = 2.32> <Core = "RAM">   --->   Core 37 'RAM' <Latency = 1> <II = 1> <Delay = 2.32> <Storage> <Opcode : 'load' 'store'> <Ports = 2> <Width = 8> <Depth = 16> <RAM>
ST_29 : Operation 568 [1/1] (0.00ns)   --->   "%roundKeys_14_V_addr_6 = getelementptr [11 x i8]* %roundKeys_14_V, i64 0, i64 6" [aes/aes_encrypt.cpp:90->aes/aes_encrypt.cpp:209]   --->   Operation 568 'getelementptr' 'roundKeys_14_V_addr_6' <Predicate = true> <Delay = 0.00>
ST_29 : Operation 569 [1/1] (2.32ns)   --->   "store i8 %ret_V_1_23_2, i8* %roundKeys_14_V_addr_6, align 1" [aes/aes_encrypt.cpp:90->aes/aes_encrypt.cpp:209]   --->   Operation 569 'store' <Predicate = true> <Delay = 2.32> <Core = "RAM">   --->   Core 37 'RAM' <Latency = 1> <II = 1> <Delay = 2.32> <Storage> <Opcode : 'load' 'store'> <Ports = 2> <Width = 8> <Depth = 16> <RAM>
ST_29 : Operation 570 [1/1] (0.00ns)   --->   "%roundKeys_15_V_addr_6 = getelementptr [11 x i8]* %roundKeys_15_V, i64 0, i64 6" [aes/aes_encrypt.cpp:90->aes/aes_encrypt.cpp:209]   --->   Operation 570 'getelementptr' 'roundKeys_15_V_addr_6' <Predicate = true> <Delay = 0.00>
ST_29 : Operation 571 [1/1] (2.32ns)   --->   "store i8 %ret_V_1_23_3, i8* %roundKeys_15_V_addr_6, align 1" [aes/aes_encrypt.cpp:90->aes/aes_encrypt.cpp:209]   --->   Operation 571 'store' <Predicate = true> <Delay = 2.32> <Core = "RAM">   --->   Core 37 'RAM' <Latency = 1> <II = 1> <Delay = 2.32> <Storage> <Opcode : 'load' 'store'> <Ports = 2> <Width = 8> <Depth = 16> <RAM>
ST_29 : Operation 572 [1/1] (0.00ns)   --->   "%roundKeys_0_V_addr_7 = getelementptr [11 x i8]* %roundKeys_0_V, i64 0, i64 7" [aes/aes_encrypt.cpp:90->aes/aes_encrypt.cpp:209]   --->   Operation 572 'getelementptr' 'roundKeys_0_V_addr_7' <Predicate = true> <Delay = 0.00>
ST_29 : Operation 573 [1/1] (2.32ns)   --->   "store i8 %ret_V_1_23, i8* %roundKeys_0_V_addr_7, align 1" [aes/aes_encrypt.cpp:90->aes/aes_encrypt.cpp:209]   --->   Operation 573 'store' <Predicate = true> <Delay = 2.32> <Core = "RAM">   --->   Core 37 'RAM' <Latency = 1> <II = 1> <Delay = 2.32> <Storage> <Opcode : 'load' 'store'> <Ports = 2> <Width = 8> <Depth = 16> <RAM>
ST_29 : Operation 574 [1/1] (0.99ns)   --->   "%ret_V_1_24 = xor i8 %ret_V_1_23, %ret_V_1_20" [aes/aes_encrypt.cpp:90->aes/aes_encrypt.cpp:209]   --->   Operation 574 'xor' 'ret_V_1_24' <Predicate = true> <Delay = 0.99> <Core = "LogicGate">   --->   Core 27 'LogicGate' <Latency = 0> <II = 1> <Delay = 0.99> <FuncUnit> <Opcode : 'and' 'or' 'xor'> <InPorts = 2> <OutPorts = 1>
ST_29 : Operation 575 [1/1] (0.00ns)   --->   "%roundKeys_4_V_addr_7 = getelementptr [11 x i8]* %roundKeys_4_V, i64 0, i64 7" [aes/aes_encrypt.cpp:90->aes/aes_encrypt.cpp:209]   --->   Operation 575 'getelementptr' 'roundKeys_4_V_addr_7' <Predicate = true> <Delay = 0.00>
ST_29 : Operation 576 [1/1] (2.32ns)   --->   "store i8 %ret_V_1_24, i8* %roundKeys_4_V_addr_7, align 1" [aes/aes_encrypt.cpp:90->aes/aes_encrypt.cpp:209]   --->   Operation 576 'store' <Predicate = true> <Delay = 2.32> <Core = "RAM">   --->   Core 37 'RAM' <Latency = 1> <II = 1> <Delay = 2.32> <Storage> <Opcode : 'load' 'store'> <Ports = 2> <Width = 8> <Depth = 16> <RAM>
ST_29 : Operation 577 [1/1] (0.99ns)   --->   "%ret_V_1_25 = xor i8 %ret_V_1_23, %ret_V_1_17" [aes/aes_encrypt.cpp:90->aes/aes_encrypt.cpp:209]   --->   Operation 577 'xor' 'ret_V_1_25' <Predicate = true> <Delay = 0.99> <Core = "LogicGate">   --->   Core 27 'LogicGate' <Latency = 0> <II = 1> <Delay = 0.99> <FuncUnit> <Opcode : 'and' 'or' 'xor'> <InPorts = 2> <OutPorts = 1>
ST_29 : Operation 578 [1/1] (0.99ns)   --->   "%ret_V_1_26_2 = xor i8 %ret_V_1_24_2, %ret_V_1_18_2" [aes/aes_encrypt.cpp:90->aes/aes_encrypt.cpp:209]   --->   Operation 578 'xor' 'ret_V_1_26_2' <Predicate = true> <Delay = 0.99> <Core = "LogicGate">   --->   Core 27 'LogicGate' <Latency = 0> <II = 1> <Delay = 0.99> <FuncUnit> <Opcode : 'and' 'or' 'xor'> <InPorts = 2> <OutPorts = 1>
ST_29 : Operation 579 [1/1] (0.99ns)   --->   "%ret_V_1_26_3 = xor i8 %ret_V_1_24_3, %ret_V_1_18_3" [aes/aes_encrypt.cpp:90->aes/aes_encrypt.cpp:209]   --->   Operation 579 'xor' 'ret_V_1_26_3' <Predicate = true> <Delay = 0.99> <Core = "LogicGate">   --->   Core 27 'LogicGate' <Latency = 0> <II = 1> <Delay = 0.99> <FuncUnit> <Opcode : 'and' 'or' 'xor'> <InPorts = 2> <OutPorts = 1>
ST_29 : Operation 580 [1/1] (0.99ns)   --->   "%ret_V_1_27_2 = xor i8 %ret_V_1_26_2, %ret_V_1_23_2" [aes/aes_encrypt.cpp:90->aes/aes_encrypt.cpp:209]   --->   Operation 580 'xor' 'ret_V_1_27_2' <Predicate = true> <Delay = 0.99> <Core = "LogicGate">   --->   Core 27 'LogicGate' <Latency = 0> <II = 1> <Delay = 0.99> <FuncUnit> <Opcode : 'and' 'or' 'xor'> <InPorts = 2> <OutPorts = 1>
ST_29 : Operation 581 [1/1] (0.00ns)   --->   "%roundKeys_14_V_addr_7 = getelementptr [11 x i8]* %roundKeys_14_V, i64 0, i64 7" [aes/aes_encrypt.cpp:90->aes/aes_encrypt.cpp:209]   --->   Operation 581 'getelementptr' 'roundKeys_14_V_addr_7' <Predicate = true> <Delay = 0.00>
ST_29 : Operation 582 [1/1] (2.32ns)   --->   "store i8 %ret_V_1_27_2, i8* %roundKeys_14_V_addr_7, align 1" [aes/aes_encrypt.cpp:90->aes/aes_encrypt.cpp:209]   --->   Operation 582 'store' <Predicate = true> <Delay = 2.32> <Core = "RAM">   --->   Core 37 'RAM' <Latency = 1> <II = 1> <Delay = 2.32> <Storage> <Opcode : 'load' 'store'> <Ports = 2> <Width = 8> <Depth = 16> <RAM>
ST_29 : Operation 583 [1/1] (0.99ns)   --->   "%ret_V_1_27_3 = xor i8 %ret_V_1_26_3, %ret_V_1_23_3" [aes/aes_encrypt.cpp:90->aes/aes_encrypt.cpp:209]   --->   Operation 583 'xor' 'ret_V_1_27_3' <Predicate = true> <Delay = 0.99> <Core = "LogicGate">   --->   Core 27 'LogicGate' <Latency = 0> <II = 1> <Delay = 0.99> <FuncUnit> <Opcode : 'and' 'or' 'xor'> <InPorts = 2> <OutPorts = 1>
ST_29 : Operation 584 [1/1] (0.00ns)   --->   "%roundKeys_15_V_addr_7 = getelementptr [11 x i8]* %roundKeys_15_V, i64 0, i64 7" [aes/aes_encrypt.cpp:90->aes/aes_encrypt.cpp:209]   --->   Operation 584 'getelementptr' 'roundKeys_15_V_addr_7' <Predicate = true> <Delay = 0.00>
ST_29 : Operation 585 [1/1] (2.32ns)   --->   "store i8 %ret_V_1_27_3, i8* %roundKeys_15_V_addr_7, align 1" [aes/aes_encrypt.cpp:90->aes/aes_encrypt.cpp:209]   --->   Operation 585 'store' <Predicate = true> <Delay = 2.32> <Core = "RAM">   --->   Core 37 'RAM' <Latency = 1> <II = 1> <Delay = 2.32> <Storage> <Opcode : 'load' 'store'> <Ports = 2> <Width = 8> <Depth = 16> <RAM>
ST_29 : Operation 586 [1/2] (3.25ns)   --->   "%sboxExp_V_load_29 = load i8* %sboxExp_V_addr_28, align 1" [aes/aes_encrypt.cpp:82->aes/aes_encrypt.cpp:209]   --->   Operation 586 'load' 'sboxExp_V_load_29' <Predicate = true> <Delay = 3.25> <Core = "ROM_2P">   --->   Core 56 'ROM_2P' <Latency = 1> <II = 1> <Delay = 3.25> <Storage> <Opcode : 'load'> <Ports = 2> <Width = 8> <Depth = 256> <ROM>
ST_29 : Operation 587 [1/1] (0.99ns)   --->   "%ret_V_6 = xor i8 %sboxExp_V_load_29, -128" [aes/aes_encrypt.cpp:82->aes/aes_encrypt.cpp:209]   --->   Operation 587 'xor' 'ret_V_6' <Predicate = true> <Delay = 0.99> <Core = "LogicGate">   --->   Core 27 'LogicGate' <Latency = 0> <II = 1> <Delay = 0.99> <FuncUnit> <Opcode : 'and' 'or' 'xor'> <InPorts = 2> <OutPorts = 1>
ST_29 : Operation 588 [1/1] (0.00ns)   --->   "%tmp_11_5 = zext i8 %ret_V_1_27_2 to i64" [aes/aes_encrypt.cpp:83->aes/aes_encrypt.cpp:209]   --->   Operation 588 'zext' 'tmp_11_5' <Predicate = true> <Delay = 0.00>
ST_29 : Operation 589 [1/1] (0.00ns)   --->   "%sboxExp_V_addr_29 = getelementptr [256 x i8]* @sboxExp_V, i64 0, i64 %tmp_11_5" [aes/aes_encrypt.cpp:83->aes/aes_encrypt.cpp:209]   --->   Operation 589 'getelementptr' 'sboxExp_V_addr_29' <Predicate = true> <Delay = 0.00>
ST_29 : Operation 590 [2/2] (3.25ns)   --->   "%sboxExp_V_load_28 = load i8* %sboxExp_V_addr_29, align 1" [aes/aes_encrypt.cpp:83->aes/aes_encrypt.cpp:209]   --->   Operation 590 'load' 'sboxExp_V_load_28' <Predicate = true> <Delay = 3.25> <Core = "ROM_2P">   --->   Core 56 'ROM_2P' <Latency = 1> <II = 1> <Delay = 3.25> <Storage> <Opcode : 'load'> <Ports = 2> <Width = 8> <Depth = 256> <ROM>
ST_29 : Operation 591 [1/1] (0.00ns)   --->   "%tmp_12_5 = zext i8 %ret_V_1_27_3 to i64" [aes/aes_encrypt.cpp:84->aes/aes_encrypt.cpp:209]   --->   Operation 591 'zext' 'tmp_12_5' <Predicate = true> <Delay = 0.00>
ST_29 : Operation 592 [1/1] (0.00ns)   --->   "%sboxExp_V_addr_30 = getelementptr [256 x i8]* @sboxExp_V, i64 0, i64 %tmp_12_5" [aes/aes_encrypt.cpp:84->aes/aes_encrypt.cpp:209]   --->   Operation 592 'getelementptr' 'sboxExp_V_addr_30' <Predicate = true> <Delay = 0.00>
ST_29 : Operation 593 [2/2] (3.25ns)   --->   "%sboxExp_V_load_30 = load i8* %sboxExp_V_addr_30, align 1" [aes/aes_encrypt.cpp:84->aes/aes_encrypt.cpp:209]   --->   Operation 593 'load' 'sboxExp_V_load_30' <Predicate = true> <Delay = 3.25> <Core = "ROM_2P">   --->   Core 56 'ROM_2P' <Latency = 1> <II = 1> <Delay = 3.25> <Storage> <Opcode : 'load'> <Ports = 2> <Width = 8> <Depth = 256> <ROM>
ST_29 : Operation 594 [1/1] (0.99ns)   --->   "%ret_V_1_27 = xor i8 %ret_V_6, %ret_V_1_23" [aes/aes_encrypt.cpp:90->aes/aes_encrypt.cpp:209]   --->   Operation 594 'xor' 'ret_V_1_27' <Predicate = true> <Delay = 0.99> <Core = "LogicGate">   --->   Core 27 'LogicGate' <Latency = 0> <II = 1> <Delay = 0.99> <FuncUnit> <Opcode : 'and' 'or' 'xor'> <InPorts = 2> <OutPorts = 1>
ST_29 : Operation 595 [1/1] (0.99ns)   --->   "%ret_V_1_28 = xor i8 %ret_V_6, %ret_V_1_20" [aes/aes_encrypt.cpp:90->aes/aes_encrypt.cpp:209]   --->   Operation 595 'xor' 'ret_V_1_28' <Predicate = true> <Delay = 0.99> <Core = "LogicGate">   --->   Core 27 'LogicGate' <Latency = 0> <II = 1> <Delay = 0.99> <FuncUnit> <Opcode : 'and' 'or' 'xor'> <InPorts = 2> <OutPorts = 1>
ST_29 : Operation 596 [1/1] (0.99ns)   --->   "%ret_V_1_30 = xor i8 %ret_V_6, %ret_V_1_14" [aes/aes_encrypt.cpp:90->aes/aes_encrypt.cpp:209]   --->   Operation 596 'xor' 'ret_V_1_30' <Predicate = true> <Delay = 0.99> <Core = "LogicGate">   --->   Core 27 'LogicGate' <Latency = 0> <II = 1> <Delay = 0.99> <FuncUnit> <Opcode : 'and' 'or' 'xor'> <InPorts = 2> <OutPorts = 1>

State 30 <SV = 29> <Delay = 7.49>
ST_30 : Operation 597 [1/1] (0.00ns)   --->   "%roundKeys_5_V_addr_6 = getelementptr [11 x i8]* %roundKeys_5_V, i64 0, i64 6" [aes/aes_encrypt.cpp:90->aes/aes_encrypt.cpp:209]   --->   Operation 597 'getelementptr' 'roundKeys_5_V_addr_6' <Predicate = true> <Delay = 0.00>
ST_30 : Operation 598 [1/1] (2.32ns)   --->   "store i8 %ret_V_1_21_1, i8* %roundKeys_5_V_addr_6, align 1" [aes/aes_encrypt.cpp:90->aes/aes_encrypt.cpp:209]   --->   Operation 598 'store' <Predicate = true> <Delay = 2.32> <Core = "RAM">   --->   Core 37 'RAM' <Latency = 1> <II = 1> <Delay = 2.32> <Storage> <Opcode : 'load' 'store'> <Ports = 2> <Width = 8> <Depth = 16> <RAM>
ST_30 : Operation 599 [1/1] (0.00ns)   --->   "%roundKeys_6_V_addr_6 = getelementptr [11 x i8]* %roundKeys_6_V, i64 0, i64 6" [aes/aes_encrypt.cpp:90->aes/aes_encrypt.cpp:209]   --->   Operation 599 'getelementptr' 'roundKeys_6_V_addr_6' <Predicate = true> <Delay = 0.00>
ST_30 : Operation 600 [1/1] (2.32ns)   --->   "store i8 %ret_V_1_21_2, i8* %roundKeys_6_V_addr_6, align 1" [aes/aes_encrypt.cpp:90->aes/aes_encrypt.cpp:209]   --->   Operation 600 'store' <Predicate = true> <Delay = 2.32> <Core = "RAM">   --->   Core 37 'RAM' <Latency = 1> <II = 1> <Delay = 2.32> <Storage> <Opcode : 'load' 'store'> <Ports = 2> <Width = 8> <Depth = 16> <RAM>
ST_30 : Operation 601 [1/1] (0.00ns)   --->   "%roundKeys_12_V_addr_6 = getelementptr [11 x i8]* %roundKeys_12_V, i64 0, i64 6" [aes/aes_encrypt.cpp:90->aes/aes_encrypt.cpp:209]   --->   Operation 601 'getelementptr' 'roundKeys_12_V_addr_6' <Predicate = true> <Delay = 0.00>
ST_30 : Operation 602 [1/1] (2.32ns)   --->   "store i8 %ret_V_1_22, i8* %roundKeys_12_V_addr_6, align 1" [aes/aes_encrypt.cpp:90->aes/aes_encrypt.cpp:209]   --->   Operation 602 'store' <Predicate = true> <Delay = 2.32> <Core = "RAM">   --->   Core 37 'RAM' <Latency = 1> <II = 1> <Delay = 2.32> <Storage> <Opcode : 'load' 'store'> <Ports = 2> <Width = 8> <Depth = 16> <RAM>
ST_30 : Operation 603 [1/1] (0.00ns)   --->   "%roundKeys_1_V_addr_7 = getelementptr [11 x i8]* %roundKeys_1_V, i64 0, i64 7" [aes/aes_encrypt.cpp:90->aes/aes_encrypt.cpp:209]   --->   Operation 603 'getelementptr' 'roundKeys_1_V_addr_7' <Predicate = true> <Delay = 0.00>
ST_30 : Operation 604 [1/1] (2.32ns)   --->   "store i8 %ret_V_1_24_1, i8* %roundKeys_1_V_addr_7, align 1" [aes/aes_encrypt.cpp:90->aes/aes_encrypt.cpp:209]   --->   Operation 604 'store' <Predicate = true> <Delay = 2.32> <Core = "RAM">   --->   Core 37 'RAM' <Latency = 1> <II = 1> <Delay = 2.32> <Storage> <Opcode : 'load' 'store'> <Ports = 2> <Width = 8> <Depth = 16> <RAM>
ST_30 : Operation 605 [1/1] (0.00ns)   --->   "%roundKeys_2_V_addr_7 = getelementptr [11 x i8]* %roundKeys_2_V, i64 0, i64 7" [aes/aes_encrypt.cpp:90->aes/aes_encrypt.cpp:209]   --->   Operation 605 'getelementptr' 'roundKeys_2_V_addr_7' <Predicate = true> <Delay = 0.00>
ST_30 : Operation 606 [1/1] (2.32ns)   --->   "store i8 %ret_V_1_24_2, i8* %roundKeys_2_V_addr_7, align 1" [aes/aes_encrypt.cpp:90->aes/aes_encrypt.cpp:209]   --->   Operation 606 'store' <Predicate = true> <Delay = 2.32> <Core = "RAM">   --->   Core 37 'RAM' <Latency = 1> <II = 1> <Delay = 2.32> <Storage> <Opcode : 'load' 'store'> <Ports = 2> <Width = 8> <Depth = 16> <RAM>
ST_30 : Operation 607 [1/1] (0.99ns)   --->   "%ret_V_1_25_1 = xor i8 %ret_V_1_24_1, %ret_V_1_21_1" [aes/aes_encrypt.cpp:90->aes/aes_encrypt.cpp:209]   --->   Operation 607 'xor' 'ret_V_1_25_1' <Predicate = true> <Delay = 0.99> <Core = "LogicGate">   --->   Core 27 'LogicGate' <Latency = 0> <II = 1> <Delay = 0.99> <FuncUnit> <Opcode : 'and' 'or' 'xor'> <InPorts = 2> <OutPorts = 1>
ST_30 : Operation 608 [1/1] (0.00ns)   --->   "%roundKeys_5_V_addr_7 = getelementptr [11 x i8]* %roundKeys_5_V, i64 0, i64 7" [aes/aes_encrypt.cpp:90->aes/aes_encrypt.cpp:209]   --->   Operation 608 'getelementptr' 'roundKeys_5_V_addr_7' <Predicate = true> <Delay = 0.00>
ST_30 : Operation 609 [1/1] (2.32ns)   --->   "store i8 %ret_V_1_25_1, i8* %roundKeys_5_V_addr_7, align 1" [aes/aes_encrypt.cpp:90->aes/aes_encrypt.cpp:209]   --->   Operation 609 'store' <Predicate = true> <Delay = 2.32> <Core = "RAM">   --->   Core 37 'RAM' <Latency = 1> <II = 1> <Delay = 2.32> <Storage> <Opcode : 'load' 'store'> <Ports = 2> <Width = 8> <Depth = 16> <RAM>
ST_30 : Operation 610 [1/1] (0.99ns)   --->   "%ret_V_1_25_2 = xor i8 %ret_V_1_24_2, %ret_V_1_21_2" [aes/aes_encrypt.cpp:90->aes/aes_encrypt.cpp:209]   --->   Operation 610 'xor' 'ret_V_1_25_2' <Predicate = true> <Delay = 0.99> <Core = "LogicGate">   --->   Core 27 'LogicGate' <Latency = 0> <II = 1> <Delay = 0.99> <FuncUnit> <Opcode : 'and' 'or' 'xor'> <InPorts = 2> <OutPorts = 1>
ST_30 : Operation 611 [1/1] (0.00ns)   --->   "%roundKeys_6_V_addr_7 = getelementptr [11 x i8]* %roundKeys_6_V, i64 0, i64 7" [aes/aes_encrypt.cpp:90->aes/aes_encrypt.cpp:209]   --->   Operation 611 'getelementptr' 'roundKeys_6_V_addr_7' <Predicate = true> <Delay = 0.00>
ST_30 : Operation 612 [1/1] (2.32ns)   --->   "store i8 %ret_V_1_25_2, i8* %roundKeys_6_V_addr_7, align 1" [aes/aes_encrypt.cpp:90->aes/aes_encrypt.cpp:209]   --->   Operation 612 'store' <Predicate = true> <Delay = 2.32> <Core = "RAM">   --->   Core 37 'RAM' <Latency = 1> <II = 1> <Delay = 2.32> <Storage> <Opcode : 'load' 'store'> <Ports = 2> <Width = 8> <Depth = 16> <RAM>
ST_30 : Operation 613 [1/1] (0.99ns)   --->   "%ret_V_1_26 = xor i8 %ret_V_1_25, %ret_V_1_22" [aes/aes_encrypt.cpp:90->aes/aes_encrypt.cpp:209]   --->   Operation 613 'xor' 'ret_V_1_26' <Predicate = true> <Delay = 0.99> <Core = "LogicGate">   --->   Core 27 'LogicGate' <Latency = 0> <II = 1> <Delay = 0.99> <FuncUnit> <Opcode : 'and' 'or' 'xor'> <InPorts = 2> <OutPorts = 1>
ST_30 : Operation 614 [1/1] (0.00ns)   --->   "%roundKeys_12_V_addr_7 = getelementptr [11 x i8]* %roundKeys_12_V, i64 0, i64 7" [aes/aes_encrypt.cpp:90->aes/aes_encrypt.cpp:209]   --->   Operation 614 'getelementptr' 'roundKeys_12_V_addr_7' <Predicate = true> <Delay = 0.00>
ST_30 : Operation 615 [1/1] (2.32ns)   --->   "store i8 %ret_V_1_26, i8* %roundKeys_12_V_addr_7, align 1" [aes/aes_encrypt.cpp:90->aes/aes_encrypt.cpp:209]   --->   Operation 615 'store' <Predicate = true> <Delay = 2.32> <Core = "RAM">   --->   Core 37 'RAM' <Latency = 1> <II = 1> <Delay = 2.32> <Storage> <Opcode : 'load' 'store'> <Ports = 2> <Width = 8> <Depth = 16> <RAM>
ST_30 : Operation 616 [1/2] (3.25ns)   --->   "%sboxExp_V_load_28 = load i8* %sboxExp_V_addr_29, align 1" [aes/aes_encrypt.cpp:83->aes/aes_encrypt.cpp:209]   --->   Operation 616 'load' 'sboxExp_V_load_28' <Predicate = true> <Delay = 3.25> <Core = "ROM_2P">   --->   Core 56 'ROM_2P' <Latency = 1> <II = 1> <Delay = 3.25> <Storage> <Opcode : 'load'> <Ports = 2> <Width = 8> <Depth = 256> <ROM>
ST_30 : Operation 617 [1/2] (3.25ns)   --->   "%sboxExp_V_load_30 = load i8* %sboxExp_V_addr_30, align 1" [aes/aes_encrypt.cpp:84->aes/aes_encrypt.cpp:209]   --->   Operation 617 'load' 'sboxExp_V_load_30' <Predicate = true> <Delay = 3.25> <Core = "ROM_2P">   --->   Core 56 'ROM_2P' <Latency = 1> <II = 1> <Delay = 3.25> <Storage> <Opcode : 'load'> <Ports = 2> <Width = 8> <Depth = 256> <ROM>
ST_30 : Operation 618 [1/1] (0.00ns)   --->   "%tmp_13_5 = zext i8 %ret_V_1_26 to i64" [aes/aes_encrypt.cpp:85->aes/aes_encrypt.cpp:209]   --->   Operation 618 'zext' 'tmp_13_5' <Predicate = true> <Delay = 0.00>
ST_30 : Operation 619 [1/1] (0.00ns)   --->   "%sboxExp_V_addr_31 = getelementptr [256 x i8]* @sboxExp_V, i64 0, i64 %tmp_13_5" [aes/aes_encrypt.cpp:85->aes/aes_encrypt.cpp:209]   --->   Operation 619 'getelementptr' 'sboxExp_V_addr_31' <Predicate = true> <Delay = 0.00>
ST_30 : Operation 620 [2/2] (3.25ns)   --->   "%sboxExp_V_load_31 = load i8* %sboxExp_V_addr_31, align 1" [aes/aes_encrypt.cpp:85->aes/aes_encrypt.cpp:209]   --->   Operation 620 'load' 'sboxExp_V_load_31' <Predicate = true> <Delay = 3.25> <Core = "ROM_2P">   --->   Core 56 'ROM_2P' <Latency = 1> <II = 1> <Delay = 3.25> <Storage> <Opcode : 'load'> <Ports = 2> <Width = 8> <Depth = 256> <ROM>
ST_30 : Operation 621 [1/1] (0.99ns)   --->   "%ret_V_1_28_1 = xor i8 %sboxExp_V_load_28, %ret_V_1_24_1" [aes/aes_encrypt.cpp:90->aes/aes_encrypt.cpp:209]   --->   Operation 621 'xor' 'ret_V_1_28_1' <Predicate = true> <Delay = 0.99> <Core = "LogicGate">   --->   Core 27 'LogicGate' <Latency = 0> <II = 1> <Delay = 0.99> <FuncUnit> <Opcode : 'and' 'or' 'xor'> <InPorts = 2> <OutPorts = 1>
ST_30 : Operation 622 [1/1] (0.99ns)   --->   "%ret_V_1_28_2 = xor i8 %sboxExp_V_load_30, %ret_V_1_24_2" [aes/aes_encrypt.cpp:90->aes/aes_encrypt.cpp:209]   --->   Operation 622 'xor' 'ret_V_1_28_2' <Predicate = true> <Delay = 0.99> <Core = "LogicGate">   --->   Core 27 'LogicGate' <Latency = 0> <II = 1> <Delay = 0.99> <FuncUnit> <Opcode : 'and' 'or' 'xor'> <InPorts = 2> <OutPorts = 1>
ST_30 : Operation 623 [1/1] (0.99ns)   --->   "%ret_V_1_29_1 = xor i8 %sboxExp_V_load_28, %ret_V_1_21_1" [aes/aes_encrypt.cpp:90->aes/aes_encrypt.cpp:209]   --->   Operation 623 'xor' 'ret_V_1_29_1' <Predicate = true> <Delay = 0.99> <Core = "LogicGate">   --->   Core 27 'LogicGate' <Latency = 0> <II = 1> <Delay = 0.99> <FuncUnit> <Opcode : 'and' 'or' 'xor'> <InPorts = 2> <OutPorts = 1>
ST_30 : Operation 624 [1/1] (0.99ns)   --->   "%ret_V_1_29_2 = xor i8 %sboxExp_V_load_30, %ret_V_1_21_2" [aes/aes_encrypt.cpp:90->aes/aes_encrypt.cpp:209]   --->   Operation 624 'xor' 'ret_V_1_29_2' <Predicate = true> <Delay = 0.99> <Core = "LogicGate">   --->   Core 27 'LogicGate' <Latency = 0> <II = 1> <Delay = 0.99> <FuncUnit> <Opcode : 'and' 'or' 'xor'> <InPorts = 2> <OutPorts = 1>
ST_30 : Operation 625 [1/1] (0.99ns)   --->   "%ret_V_1_31_1 = xor i8 %sboxExp_V_load_28, %ret_V_1_15_1" [aes/aes_encrypt.cpp:90->aes/aes_encrypt.cpp:209]   --->   Operation 625 'xor' 'ret_V_1_31_1' <Predicate = true> <Delay = 0.99> <Core = "LogicGate">   --->   Core 27 'LogicGate' <Latency = 0> <II = 1> <Delay = 0.99> <FuncUnit> <Opcode : 'and' 'or' 'xor'> <InPorts = 2> <OutPorts = 1>
ST_30 : Operation 626 [1/1] (0.99ns)   --->   "%ret_V_1_31_2 = xor i8 %sboxExp_V_load_30, %ret_V_1_15_2" [aes/aes_encrypt.cpp:90->aes/aes_encrypt.cpp:209]   --->   Operation 626 'xor' 'ret_V_1_31_2' <Predicate = true> <Delay = 0.99> <Core = "LogicGate">   --->   Core 27 'LogicGate' <Latency = 0> <II = 1> <Delay = 0.99> <FuncUnit> <Opcode : 'and' 'or' 'xor'> <InPorts = 2> <OutPorts = 1>
ST_30 : Operation 627 [1/1] (0.00ns)   --->   "%tmp_3_6 = zext i8 %ret_V_1_31_1 to i64" [aes/aes_encrypt.cpp:82->aes/aes_encrypt.cpp:209]   --->   Operation 627 'zext' 'tmp_3_6' <Predicate = true> <Delay = 0.00>
ST_30 : Operation 628 [1/1] (0.00ns)   --->   "%sboxExp_V_addr_32 = getelementptr [256 x i8]* @sboxExp_V, i64 0, i64 %tmp_3_6" [aes/aes_encrypt.cpp:82->aes/aes_encrypt.cpp:209]   --->   Operation 628 'getelementptr' 'sboxExp_V_addr_32' <Predicate = true> <Delay = 0.00>
ST_30 : Operation 629 [2/2] (3.25ns)   --->   "%sboxExp_V_load_33 = load i8* %sboxExp_V_addr_32, align 1" [aes/aes_encrypt.cpp:82->aes/aes_encrypt.cpp:209]   --->   Operation 629 'load' 'sboxExp_V_load_33' <Predicate = true> <Delay = 3.25> <Core = "ROM_2P">   --->   Core 56 'ROM_2P' <Latency = 1> <II = 1> <Delay = 3.25> <Storage> <Opcode : 'load'> <Ports = 2> <Width = 8> <Depth = 256> <ROM>

State 31 <SV = 30> <Delay = 7.49>
ST_31 : Operation 630 [1/1] (0.00ns)   --->   "%roundKeys_7_V_addr_6 = getelementptr [11 x i8]* %roundKeys_7_V, i64 0, i64 6" [aes/aes_encrypt.cpp:90->aes/aes_encrypt.cpp:209]   --->   Operation 630 'getelementptr' 'roundKeys_7_V_addr_6' <Predicate = true> <Delay = 0.00>
ST_31 : Operation 631 [1/1] (2.32ns)   --->   "store i8 %ret_V_1_21_3, i8* %roundKeys_7_V_addr_6, align 1" [aes/aes_encrypt.cpp:90->aes/aes_encrypt.cpp:209]   --->   Operation 631 'store' <Predicate = true> <Delay = 2.32> <Core = "RAM">   --->   Core 37 'RAM' <Latency = 1> <II = 1> <Delay = 2.32> <Storage> <Opcode : 'load' 'store'> <Ports = 2> <Width = 8> <Depth = 16> <RAM>
ST_31 : Operation 632 [1/1] (0.00ns)   --->   "%roundKeys_3_V_addr_7 = getelementptr [11 x i8]* %roundKeys_3_V, i64 0, i64 7" [aes/aes_encrypt.cpp:90->aes/aes_encrypt.cpp:209]   --->   Operation 632 'getelementptr' 'roundKeys_3_V_addr_7' <Predicate = true> <Delay = 0.00>
ST_31 : Operation 633 [1/1] (2.32ns)   --->   "store i8 %ret_V_1_24_3, i8* %roundKeys_3_V_addr_7, align 1" [aes/aes_encrypt.cpp:90->aes/aes_encrypt.cpp:209]   --->   Operation 633 'store' <Predicate = true> <Delay = 2.32> <Core = "RAM">   --->   Core 37 'RAM' <Latency = 1> <II = 1> <Delay = 2.32> <Storage> <Opcode : 'load' 'store'> <Ports = 2> <Width = 8> <Depth = 16> <RAM>
ST_31 : Operation 634 [1/1] (0.99ns)   --->   "%ret_V_1_25_3 = xor i8 %ret_V_1_24_3, %ret_V_1_21_3" [aes/aes_encrypt.cpp:90->aes/aes_encrypt.cpp:209]   --->   Operation 634 'xor' 'ret_V_1_25_3' <Predicate = true> <Delay = 0.99> <Core = "LogicGate">   --->   Core 27 'LogicGate' <Latency = 0> <II = 1> <Delay = 0.99> <FuncUnit> <Opcode : 'and' 'or' 'xor'> <InPorts = 2> <OutPorts = 1>
ST_31 : Operation 635 [1/1] (0.00ns)   --->   "%roundKeys_7_V_addr_7 = getelementptr [11 x i8]* %roundKeys_7_V, i64 0, i64 7" [aes/aes_encrypt.cpp:90->aes/aes_encrypt.cpp:209]   --->   Operation 635 'getelementptr' 'roundKeys_7_V_addr_7' <Predicate = true> <Delay = 0.00>
ST_31 : Operation 636 [1/1] (2.32ns)   --->   "store i8 %ret_V_1_25_3, i8* %roundKeys_7_V_addr_7, align 1" [aes/aes_encrypt.cpp:90->aes/aes_encrypt.cpp:209]   --->   Operation 636 'store' <Predicate = true> <Delay = 2.32> <Core = "RAM">   --->   Core 37 'RAM' <Latency = 1> <II = 1> <Delay = 2.32> <Storage> <Opcode : 'load' 'store'> <Ports = 2> <Width = 8> <Depth = 16> <RAM>
ST_31 : Operation 637 [1/2] (3.25ns)   --->   "%sboxExp_V_load_31 = load i8* %sboxExp_V_addr_31, align 1" [aes/aes_encrypt.cpp:85->aes/aes_encrypt.cpp:209]   --->   Operation 637 'load' 'sboxExp_V_load_31' <Predicate = true> <Delay = 3.25> <Core = "ROM_2P">   --->   Core 56 'ROM_2P' <Latency = 1> <II = 1> <Delay = 3.25> <Storage> <Opcode : 'load'> <Ports = 2> <Width = 8> <Depth = 256> <ROM>
ST_31 : Operation 638 [1/1] (0.00ns)   --->   "%roundKeys_0_V_addr_8 = getelementptr [11 x i8]* %roundKeys_0_V, i64 0, i64 8" [aes/aes_encrypt.cpp:90->aes/aes_encrypt.cpp:209]   --->   Operation 638 'getelementptr' 'roundKeys_0_V_addr_8' <Predicate = true> <Delay = 0.00>
ST_31 : Operation 639 [1/1] (2.32ns)   --->   "store i8 %ret_V_1_27, i8* %roundKeys_0_V_addr_8, align 1" [aes/aes_encrypt.cpp:90->aes/aes_encrypt.cpp:209]   --->   Operation 639 'store' <Predicate = true> <Delay = 2.32> <Core = "RAM">   --->   Core 37 'RAM' <Latency = 1> <II = 1> <Delay = 2.32> <Storage> <Opcode : 'load' 'store'> <Ports = 2> <Width = 8> <Depth = 16> <RAM>
ST_31 : Operation 640 [1/1] (0.99ns)   --->   "%ret_V_1_28_3 = xor i8 %sboxExp_V_load_31, %ret_V_1_24_3" [aes/aes_encrypt.cpp:90->aes/aes_encrypt.cpp:209]   --->   Operation 640 'xor' 'ret_V_1_28_3' <Predicate = true> <Delay = 0.99> <Core = "LogicGate">   --->   Core 27 'LogicGate' <Latency = 0> <II = 1> <Delay = 0.99> <FuncUnit> <Opcode : 'and' 'or' 'xor'> <InPorts = 2> <OutPorts = 1>
ST_31 : Operation 641 [1/1] (0.99ns)   --->   "%ret_V_1_29_3 = xor i8 %sboxExp_V_load_31, %ret_V_1_21_3" [aes/aes_encrypt.cpp:90->aes/aes_encrypt.cpp:209]   --->   Operation 641 'xor' 'ret_V_1_29_3' <Predicate = true> <Delay = 0.99> <Core = "LogicGate">   --->   Core 27 'LogicGate' <Latency = 0> <II = 1> <Delay = 0.99> <FuncUnit> <Opcode : 'and' 'or' 'xor'> <InPorts = 2> <OutPorts = 1>
ST_31 : Operation 642 [1/1] (0.99ns)   --->   "%ret_V_1_31_3 = xor i8 %sboxExp_V_load_31, %ret_V_1_15_3" [aes/aes_encrypt.cpp:90->aes/aes_encrypt.cpp:209]   --->   Operation 642 'xor' 'ret_V_1_31_3' <Predicate = true> <Delay = 0.99> <Core = "LogicGate">   --->   Core 27 'LogicGate' <Latency = 0> <II = 1> <Delay = 0.99> <FuncUnit> <Opcode : 'and' 'or' 'xor'> <InPorts = 2> <OutPorts = 1>
ST_31 : Operation 643 [1/2] (3.25ns)   --->   "%sboxExp_V_load_33 = load i8* %sboxExp_V_addr_32, align 1" [aes/aes_encrypt.cpp:82->aes/aes_encrypt.cpp:209]   --->   Operation 643 'load' 'sboxExp_V_load_33' <Predicate = true> <Delay = 3.25> <Core = "ROM_2P">   --->   Core 56 'ROM_2P' <Latency = 1> <II = 1> <Delay = 3.25> <Storage> <Opcode : 'load'> <Ports = 2> <Width = 8> <Depth = 256> <ROM>
ST_31 : Operation 644 [1/1] (0.00ns)   --->   "%tmp_11_6 = zext i8 %ret_V_1_31_2 to i64" [aes/aes_encrypt.cpp:83->aes/aes_encrypt.cpp:209]   --->   Operation 644 'zext' 'tmp_11_6' <Predicate = true> <Delay = 0.00>
ST_31 : Operation 645 [1/1] (0.00ns)   --->   "%sboxExp_V_addr_33 = getelementptr [256 x i8]* @sboxExp_V, i64 0, i64 %tmp_11_6" [aes/aes_encrypt.cpp:83->aes/aes_encrypt.cpp:209]   --->   Operation 645 'getelementptr' 'sboxExp_V_addr_33' <Predicate = true> <Delay = 0.00>
ST_31 : Operation 646 [2/2] (3.25ns)   --->   "%sboxExp_V_load_32 = load i8* %sboxExp_V_addr_33, align 1" [aes/aes_encrypt.cpp:83->aes/aes_encrypt.cpp:209]   --->   Operation 646 'load' 'sboxExp_V_load_32' <Predicate = true> <Delay = 3.25> <Core = "ROM_2P">   --->   Core 56 'ROM_2P' <Latency = 1> <II = 1> <Delay = 3.25> <Storage> <Opcode : 'load'> <Ports = 2> <Width = 8> <Depth = 256> <ROM>
ST_31 : Operation 647 [1/1] (0.00ns)   --->   "%tmp_12_6 = zext i8 %ret_V_1_31_3 to i64" [aes/aes_encrypt.cpp:84->aes/aes_encrypt.cpp:209]   --->   Operation 647 'zext' 'tmp_12_6' <Predicate = true> <Delay = 0.00>
ST_31 : Operation 648 [1/1] (0.00ns)   --->   "%sboxExp_V_addr_34 = getelementptr [256 x i8]* @sboxExp_V, i64 0, i64 %tmp_12_6" [aes/aes_encrypt.cpp:84->aes/aes_encrypt.cpp:209]   --->   Operation 648 'getelementptr' 'sboxExp_V_addr_34' <Predicate = true> <Delay = 0.00>
ST_31 : Operation 649 [2/2] (3.25ns)   --->   "%sboxExp_V_load_34 = load i8* %sboxExp_V_addr_34, align 1" [aes/aes_encrypt.cpp:84->aes/aes_encrypt.cpp:209]   --->   Operation 649 'load' 'sboxExp_V_load_34' <Predicate = true> <Delay = 3.25> <Core = "ROM_2P">   --->   Core 56 'ROM_2P' <Latency = 1> <II = 1> <Delay = 3.25> <Storage> <Opcode : 'load'> <Ports = 2> <Width = 8> <Depth = 256> <ROM>
ST_31 : Operation 650 [1/1] (0.00ns) (grouped into LUT with out node ret_V_1_31)   --->   "%tmp5 = xor i8 %ret_V_1_27, 27" [aes/aes_encrypt.cpp:90->aes/aes_encrypt.cpp:209]   --->   Operation 650 'xor' 'tmp5' <Predicate = true> <Delay = 0.00> <Core = "LogicGate">   --->   Core 27 'LogicGate' <Latency = 0> <II = 1> <Delay = 0.99> <FuncUnit> <Opcode : 'and' 'or' 'xor'> <InPorts = 2> <OutPorts = 1>
ST_31 : Operation 651 [1/1] (0.99ns) (out node of the LUT)   --->   "%ret_V_1_31 = xor i8 %tmp5, %sboxExp_V_load_33" [aes/aes_encrypt.cpp:90->aes/aes_encrypt.cpp:209]   --->   Operation 651 'xor' 'ret_V_1_31' <Predicate = true> <Delay = 0.99> <Core = "LogicGate">   --->   Core 27 'LogicGate' <Latency = 0> <II = 1> <Delay = 0.99> <FuncUnit> <Opcode : 'and' 'or' 'xor'> <InPorts = 2> <OutPorts = 1>

State 32 <SV = 31> <Delay = 4.24>
ST_32 : Operation 652 [1/1] (0.00ns)   --->   "%roundKeys_1_V_addr_8 = getelementptr [11 x i8]* %roundKeys_1_V, i64 0, i64 8" [aes/aes_encrypt.cpp:90->aes/aes_encrypt.cpp:209]   --->   Operation 652 'getelementptr' 'roundKeys_1_V_addr_8' <Predicate = true> <Delay = 0.00>
ST_32 : Operation 653 [1/1] (2.32ns)   --->   "store i8 %ret_V_1_28_1, i8* %roundKeys_1_V_addr_8, align 1" [aes/aes_encrypt.cpp:90->aes/aes_encrypt.cpp:209]   --->   Operation 653 'store' <Predicate = true> <Delay = 2.32> <Core = "RAM">   --->   Core 37 'RAM' <Latency = 1> <II = 1> <Delay = 2.32> <Storage> <Opcode : 'load' 'store'> <Ports = 2> <Width = 8> <Depth = 16> <RAM>
ST_32 : Operation 654 [1/1] (0.00ns)   --->   "%roundKeys_2_V_addr_8 = getelementptr [11 x i8]* %roundKeys_2_V, i64 0, i64 8" [aes/aes_encrypt.cpp:90->aes/aes_encrypt.cpp:209]   --->   Operation 654 'getelementptr' 'roundKeys_2_V_addr_8' <Predicate = true> <Delay = 0.00>
ST_32 : Operation 655 [1/1] (2.32ns)   --->   "store i8 %ret_V_1_28_2, i8* %roundKeys_2_V_addr_8, align 1" [aes/aes_encrypt.cpp:90->aes/aes_encrypt.cpp:209]   --->   Operation 655 'store' <Predicate = true> <Delay = 2.32> <Core = "RAM">   --->   Core 37 'RAM' <Latency = 1> <II = 1> <Delay = 2.32> <Storage> <Opcode : 'load' 'store'> <Ports = 2> <Width = 8> <Depth = 16> <RAM>
ST_32 : Operation 656 [1/2] (3.25ns)   --->   "%sboxExp_V_load_32 = load i8* %sboxExp_V_addr_33, align 1" [aes/aes_encrypt.cpp:83->aes/aes_encrypt.cpp:209]   --->   Operation 656 'load' 'sboxExp_V_load_32' <Predicate = true> <Delay = 3.25> <Core = "ROM_2P">   --->   Core 56 'ROM_2P' <Latency = 1> <II = 1> <Delay = 3.25> <Storage> <Opcode : 'load'> <Ports = 2> <Width = 8> <Depth = 256> <ROM>
ST_32 : Operation 657 [1/2] (3.25ns)   --->   "%sboxExp_V_load_34 = load i8* %sboxExp_V_addr_34, align 1" [aes/aes_encrypt.cpp:84->aes/aes_encrypt.cpp:209]   --->   Operation 657 'load' 'sboxExp_V_load_34' <Predicate = true> <Delay = 3.25> <Core = "ROM_2P">   --->   Core 56 'ROM_2P' <Latency = 1> <II = 1> <Delay = 3.25> <Storage> <Opcode : 'load'> <Ports = 2> <Width = 8> <Depth = 256> <ROM>
ST_32 : Operation 658 [1/1] (0.00ns)   --->   "%tmp_13_6 = zext i8 %ret_V_1_30 to i64" [aes/aes_encrypt.cpp:85->aes/aes_encrypt.cpp:209]   --->   Operation 658 'zext' 'tmp_13_6' <Predicate = true> <Delay = 0.00>
ST_32 : Operation 659 [1/1] (0.00ns)   --->   "%sboxExp_V_addr_35 = getelementptr [256 x i8]* @sboxExp_V, i64 0, i64 %tmp_13_6" [aes/aes_encrypt.cpp:85->aes/aes_encrypt.cpp:209]   --->   Operation 659 'getelementptr' 'sboxExp_V_addr_35' <Predicate = true> <Delay = 0.00>
ST_32 : Operation 660 [2/2] (3.25ns)   --->   "%sboxExp_V_load_35 = load i8* %sboxExp_V_addr_35, align 1" [aes/aes_encrypt.cpp:85->aes/aes_encrypt.cpp:209]   --->   Operation 660 'load' 'sboxExp_V_load_35' <Predicate = true> <Delay = 3.25> <Core = "ROM_2P">   --->   Core 56 'ROM_2P' <Latency = 1> <II = 1> <Delay = 3.25> <Storage> <Opcode : 'load'> <Ports = 2> <Width = 8> <Depth = 256> <ROM>
ST_32 : Operation 661 [1/1] (0.99ns)   --->   "%ret_V_1_32_1 = xor i8 %sboxExp_V_load_32, %ret_V_1_28_1" [aes/aes_encrypt.cpp:90->aes/aes_encrypt.cpp:209]   --->   Operation 661 'xor' 'ret_V_1_32_1' <Predicate = true> <Delay = 0.99> <Core = "LogicGate">   --->   Core 27 'LogicGate' <Latency = 0> <II = 1> <Delay = 0.99> <FuncUnit> <Opcode : 'and' 'or' 'xor'> <InPorts = 2> <OutPorts = 1>
ST_32 : Operation 662 [1/1] (0.99ns)   --->   "%ret_V_1_32_2 = xor i8 %sboxExp_V_load_34, %ret_V_1_28_2" [aes/aes_encrypt.cpp:90->aes/aes_encrypt.cpp:209]   --->   Operation 662 'xor' 'ret_V_1_32_2' <Predicate = true> <Delay = 0.99> <Core = "LogicGate">   --->   Core 27 'LogicGate' <Latency = 0> <II = 1> <Delay = 0.99> <FuncUnit> <Opcode : 'and' 'or' 'xor'> <InPorts = 2> <OutPorts = 1>

State 33 <SV = 32> <Delay = 5.23>
ST_33 : Operation 663 [1/1] (0.00ns)   --->   "%roundKeys_9_V_addr_7 = getelementptr [11 x i8]* %roundKeys_9_V, i64 0, i64 7" [aes/aes_encrypt.cpp:90->aes/aes_encrypt.cpp:209]   --->   Operation 663 'getelementptr' 'roundKeys_9_V_addr_7' <Predicate = true> <Delay = 0.00>
ST_33 : Operation 664 [1/1] (2.32ns)   --->   "store i8 %ret_V_1_26_1, i8* %roundKeys_9_V_addr_7, align 1" [aes/aes_encrypt.cpp:90->aes/aes_encrypt.cpp:209]   --->   Operation 664 'store' <Predicate = true> <Delay = 2.32> <Core = "RAM">   --->   Core 37 'RAM' <Latency = 1> <II = 1> <Delay = 2.32> <Storage> <Opcode : 'load' 'store'> <Ports = 2> <Width = 8> <Depth = 16> <RAM>
ST_33 : Operation 665 [1/1] (0.00ns)   --->   "%roundKeys_10_V_addr_7 = getelementptr [11 x i8]* %roundKeys_10_V, i64 0, i64 7" [aes/aes_encrypt.cpp:90->aes/aes_encrypt.cpp:209]   --->   Operation 665 'getelementptr' 'roundKeys_10_V_addr_7' <Predicate = true> <Delay = 0.00>
ST_33 : Operation 666 [1/1] (2.32ns)   --->   "store i8 %ret_V_1_26_2, i8* %roundKeys_10_V_addr_7, align 1" [aes/aes_encrypt.cpp:90->aes/aes_encrypt.cpp:209]   --->   Operation 666 'store' <Predicate = true> <Delay = 2.32> <Core = "RAM">   --->   Core 37 'RAM' <Latency = 1> <II = 1> <Delay = 2.32> <Storage> <Opcode : 'load' 'store'> <Ports = 2> <Width = 8> <Depth = 16> <RAM>
ST_33 : Operation 667 [1/1] (0.00ns)   --->   "%roundKeys_3_V_addr_8 = getelementptr [11 x i8]* %roundKeys_3_V, i64 0, i64 8" [aes/aes_encrypt.cpp:90->aes/aes_encrypt.cpp:209]   --->   Operation 667 'getelementptr' 'roundKeys_3_V_addr_8' <Predicate = true> <Delay = 0.00>
ST_33 : Operation 668 [1/1] (2.32ns)   --->   "store i8 %ret_V_1_28_3, i8* %roundKeys_3_V_addr_8, align 1" [aes/aes_encrypt.cpp:90->aes/aes_encrypt.cpp:209]   --->   Operation 668 'store' <Predicate = true> <Delay = 2.32> <Core = "RAM">   --->   Core 37 'RAM' <Latency = 1> <II = 1> <Delay = 2.32> <Storage> <Opcode : 'load' 'store'> <Ports = 2> <Width = 8> <Depth = 16> <RAM>
ST_33 : Operation 669 [1/1] (0.99ns)   --->   "%ret_V_1_30_1 = xor i8 %ret_V_1_29_1, %ret_V_1_26_1" [aes/aes_encrypt.cpp:90->aes/aes_encrypt.cpp:209]   --->   Operation 669 'xor' 'ret_V_1_30_1' <Predicate = true> <Delay = 0.99> <Core = "LogicGate">   --->   Core 27 'LogicGate' <Latency = 0> <II = 1> <Delay = 0.99> <FuncUnit> <Opcode : 'and' 'or' 'xor'> <InPorts = 2> <OutPorts = 1>
ST_33 : Operation 670 [1/1] (0.00ns)   --->   "%roundKeys_9_V_addr_8 = getelementptr [11 x i8]* %roundKeys_9_V, i64 0, i64 8" [aes/aes_encrypt.cpp:90->aes/aes_encrypt.cpp:209]   --->   Operation 670 'getelementptr' 'roundKeys_9_V_addr_8' <Predicate = true> <Delay = 0.00>
ST_33 : Operation 671 [1/1] (2.32ns)   --->   "store i8 %ret_V_1_30_1, i8* %roundKeys_9_V_addr_8, align 1" [aes/aes_encrypt.cpp:90->aes/aes_encrypt.cpp:209]   --->   Operation 671 'store' <Predicate = true> <Delay = 2.32> <Core = "RAM">   --->   Core 37 'RAM' <Latency = 1> <II = 1> <Delay = 2.32> <Storage> <Opcode : 'load' 'store'> <Ports = 2> <Width = 8> <Depth = 16> <RAM>
ST_33 : Operation 672 [1/1] (0.99ns)   --->   "%ret_V_1_30_2 = xor i8 %ret_V_1_29_2, %ret_V_1_26_2" [aes/aes_encrypt.cpp:90->aes/aes_encrypt.cpp:209]   --->   Operation 672 'xor' 'ret_V_1_30_2' <Predicate = true> <Delay = 0.99> <Core = "LogicGate">   --->   Core 27 'LogicGate' <Latency = 0> <II = 1> <Delay = 0.99> <FuncUnit> <Opcode : 'and' 'or' 'xor'> <InPorts = 2> <OutPorts = 1>
ST_33 : Operation 673 [1/1] (0.00ns)   --->   "%roundKeys_10_V_addr_8 = getelementptr [11 x i8]* %roundKeys_10_V, i64 0, i64 8" [aes/aes_encrypt.cpp:90->aes/aes_encrypt.cpp:209]   --->   Operation 673 'getelementptr' 'roundKeys_10_V_addr_8' <Predicate = true> <Delay = 0.00>
ST_33 : Operation 674 [1/1] (2.32ns)   --->   "store i8 %ret_V_1_30_2, i8* %roundKeys_10_V_addr_8, align 1" [aes/aes_encrypt.cpp:90->aes/aes_encrypt.cpp:209]   --->   Operation 674 'store' <Predicate = true> <Delay = 2.32> <Core = "RAM">   --->   Core 37 'RAM' <Latency = 1> <II = 1> <Delay = 2.32> <Storage> <Opcode : 'load' 'store'> <Ports = 2> <Width = 8> <Depth = 16> <RAM>
ST_33 : Operation 675 [1/2] (3.25ns)   --->   "%sboxExp_V_load_35 = load i8* %sboxExp_V_addr_35, align 1" [aes/aes_encrypt.cpp:85->aes/aes_encrypt.cpp:209]   --->   Operation 675 'load' 'sboxExp_V_load_35' <Predicate = true> <Delay = 3.25> <Core = "ROM_2P">   --->   Core 56 'ROM_2P' <Latency = 1> <II = 1> <Delay = 3.25> <Storage> <Opcode : 'load'> <Ports = 2> <Width = 8> <Depth = 256> <ROM>
ST_33 : Operation 676 [1/1] (0.99ns)   --->   "%ret_V_1_32_3 = xor i8 %sboxExp_V_load_35, %ret_V_1_28_3" [aes/aes_encrypt.cpp:90->aes/aes_encrypt.cpp:209]   --->   Operation 676 'xor' 'ret_V_1_32_3' <Predicate = true> <Delay = 0.99> <Core = "LogicGate">   --->   Core 27 'LogicGate' <Latency = 0> <II = 1> <Delay = 0.99> <FuncUnit> <Opcode : 'and' 'or' 'xor'> <InPorts = 2> <OutPorts = 1>
ST_33 : Operation 677 [1/1] (0.99ns)   --->   "%ret_V_1_34_1 = xor i8 %ret_V_1_32_1, %ret_V_1_26_1" [aes/aes_encrypt.cpp:90->aes/aes_encrypt.cpp:209]   --->   Operation 677 'xor' 'ret_V_1_34_1' <Predicate = true> <Delay = 0.99> <Core = "LogicGate">   --->   Core 27 'LogicGate' <Latency = 0> <II = 1> <Delay = 0.99> <FuncUnit> <Opcode : 'and' 'or' 'xor'> <InPorts = 2> <OutPorts = 1>
ST_33 : Operation 678 [1/1] (0.99ns)   --->   "%ret_V_1_34_2 = xor i8 %ret_V_1_32_2, %ret_V_1_26_2" [aes/aes_encrypt.cpp:90->aes/aes_encrypt.cpp:209]   --->   Operation 678 'xor' 'ret_V_1_34_2' <Predicate = true> <Delay = 0.99> <Core = "LogicGate">   --->   Core 27 'LogicGate' <Latency = 0> <II = 1> <Delay = 0.99> <FuncUnit> <Opcode : 'and' 'or' 'xor'> <InPorts = 2> <OutPorts = 1>
ST_33 : Operation 679 [1/1] (0.99ns)   --->   "%ret_V_1_35_1 = xor i8 %ret_V_1_34_1, %ret_V_1_31_1" [aes/aes_encrypt.cpp:90->aes/aes_encrypt.cpp:209]   --->   Operation 679 'xor' 'ret_V_1_35_1' <Predicate = true> <Delay = 0.99> <Core = "LogicGate">   --->   Core 27 'LogicGate' <Latency = 0> <II = 1> <Delay = 0.99> <FuncUnit> <Opcode : 'and' 'or' 'xor'> <InPorts = 2> <OutPorts = 1>
ST_33 : Operation 680 [1/1] (0.00ns)   --->   "%roundKeys_13_V_addr_9 = getelementptr [11 x i8]* %roundKeys_13_V, i64 0, i64 9" [aes/aes_encrypt.cpp:90->aes/aes_encrypt.cpp:209]   --->   Operation 680 'getelementptr' 'roundKeys_13_V_addr_9' <Predicate = true> <Delay = 0.00>
ST_33 : Operation 681 [1/1] (2.32ns)   --->   "store i8 %ret_V_1_35_1, i8* %roundKeys_13_V_addr_9, align 1" [aes/aes_encrypt.cpp:90->aes/aes_encrypt.cpp:209]   --->   Operation 681 'store' <Predicate = true> <Delay = 2.32> <Core = "RAM">   --->   Core 37 'RAM' <Latency = 1> <II = 1> <Delay = 2.32> <Storage> <Opcode : 'load' 'store'> <Ports = 2> <Width = 8> <Depth = 16> <RAM>
ST_33 : Operation 682 [1/1] (0.99ns)   --->   "%ret_V_1_35_2 = xor i8 %ret_V_1_34_2, %ret_V_1_31_2" [aes/aes_encrypt.cpp:90->aes/aes_encrypt.cpp:209]   --->   Operation 682 'xor' 'ret_V_1_35_2' <Predicate = true> <Delay = 0.99> <Core = "LogicGate">   --->   Core 27 'LogicGate' <Latency = 0> <II = 1> <Delay = 0.99> <FuncUnit> <Opcode : 'and' 'or' 'xor'> <InPorts = 2> <OutPorts = 1>
ST_33 : Operation 683 [1/1] (0.00ns)   --->   "%roundKeys_14_V_addr_9 = getelementptr [11 x i8]* %roundKeys_14_V, i64 0, i64 9" [aes/aes_encrypt.cpp:90->aes/aes_encrypt.cpp:209]   --->   Operation 683 'getelementptr' 'roundKeys_14_V_addr_9' <Predicate = true> <Delay = 0.00>
ST_33 : Operation 684 [1/1] (2.32ns)   --->   "store i8 %ret_V_1_35_2, i8* %roundKeys_14_V_addr_9, align 1" [aes/aes_encrypt.cpp:90->aes/aes_encrypt.cpp:209]   --->   Operation 684 'store' <Predicate = true> <Delay = 2.32> <Core = "RAM">   --->   Core 37 'RAM' <Latency = 1> <II = 1> <Delay = 2.32> <Storage> <Opcode : 'load' 'store'> <Ports = 2> <Width = 8> <Depth = 16> <RAM>
ST_33 : Operation 685 [1/1] (0.00ns)   --->   "%tmp_3_7 = zext i8 %ret_V_1_35_1 to i64" [aes/aes_encrypt.cpp:82->aes/aes_encrypt.cpp:209]   --->   Operation 685 'zext' 'tmp_3_7' <Predicate = true> <Delay = 0.00>
ST_33 : Operation 686 [1/1] (0.00ns)   --->   "%sboxExp_V_addr_36 = getelementptr [256 x i8]* @sboxExp_V, i64 0, i64 %tmp_3_7" [aes/aes_encrypt.cpp:82->aes/aes_encrypt.cpp:209]   --->   Operation 686 'getelementptr' 'sboxExp_V_addr_36' <Predicate = true> <Delay = 0.00>
ST_33 : Operation 687 [2/2] (3.25ns)   --->   "%sboxExp_V_load_37 = load i8* %sboxExp_V_addr_36, align 1" [aes/aes_encrypt.cpp:82->aes/aes_encrypt.cpp:209]   --->   Operation 687 'load' 'sboxExp_V_load_37' <Predicate = true> <Delay = 3.25> <Core = "ROM_2P">   --->   Core 56 'ROM_2P' <Latency = 1> <II = 1> <Delay = 3.25> <Storage> <Opcode : 'load'> <Ports = 2> <Width = 8> <Depth = 256> <ROM>
ST_33 : Operation 688 [1/1] (0.00ns)   --->   "%tmp_11_7 = zext i8 %ret_V_1_35_2 to i64" [aes/aes_encrypt.cpp:83->aes/aes_encrypt.cpp:209]   --->   Operation 688 'zext' 'tmp_11_7' <Predicate = true> <Delay = 0.00>
ST_33 : Operation 689 [1/1] (0.00ns)   --->   "%sboxExp_V_addr_37 = getelementptr [256 x i8]* @sboxExp_V, i64 0, i64 %tmp_11_7" [aes/aes_encrypt.cpp:83->aes/aes_encrypt.cpp:209]   --->   Operation 689 'getelementptr' 'sboxExp_V_addr_37' <Predicate = true> <Delay = 0.00>
ST_33 : Operation 690 [2/2] (3.25ns)   --->   "%sboxExp_V_load_36 = load i8* %sboxExp_V_addr_37, align 1" [aes/aes_encrypt.cpp:83->aes/aes_encrypt.cpp:209]   --->   Operation 690 'load' 'sboxExp_V_load_36' <Predicate = true> <Delay = 3.25> <Core = "ROM_2P">   --->   Core 56 'ROM_2P' <Latency = 1> <II = 1> <Delay = 3.25> <Storage> <Opcode : 'load'> <Ports = 2> <Width = 8> <Depth = 256> <ROM>

State 34 <SV = 33> <Delay = 5.23>
ST_34 : Operation 691 [1/1] (0.00ns)   --->   "%roundKeys_8_V_addr_7 = getelementptr [11 x i8]* %roundKeys_8_V, i64 0, i64 7" [aes/aes_encrypt.cpp:90->aes/aes_encrypt.cpp:209]   --->   Operation 691 'getelementptr' 'roundKeys_8_V_addr_7' <Predicate = true> <Delay = 0.00>
ST_34 : Operation 692 [1/1] (2.32ns)   --->   "store i8 %ret_V_1_25, i8* %roundKeys_8_V_addr_7, align 1" [aes/aes_encrypt.cpp:90->aes/aes_encrypt.cpp:209]   --->   Operation 692 'store' <Predicate = true> <Delay = 2.32> <Core = "RAM">   --->   Core 37 'RAM' <Latency = 1> <II = 1> <Delay = 2.32> <Storage> <Opcode : 'load' 'store'> <Ports = 2> <Width = 8> <Depth = 16> <RAM>
ST_34 : Operation 693 [1/1] (0.00ns)   --->   "%roundKeys_11_V_addr_7 = getelementptr [11 x i8]* %roundKeys_11_V, i64 0, i64 7" [aes/aes_encrypt.cpp:90->aes/aes_encrypt.cpp:209]   --->   Operation 693 'getelementptr' 'roundKeys_11_V_addr_7' <Predicate = true> <Delay = 0.00>
ST_34 : Operation 694 [1/1] (2.32ns)   --->   "store i8 %ret_V_1_26_3, i8* %roundKeys_11_V_addr_7, align 1" [aes/aes_encrypt.cpp:90->aes/aes_encrypt.cpp:209]   --->   Operation 694 'store' <Predicate = true> <Delay = 2.32> <Core = "RAM">   --->   Core 37 'RAM' <Latency = 1> <II = 1> <Delay = 2.32> <Storage> <Opcode : 'load' 'store'> <Ports = 2> <Width = 8> <Depth = 16> <RAM>
ST_34 : Operation 695 [1/1] (0.00ns)   --->   "%roundKeys_4_V_addr_8 = getelementptr [11 x i8]* %roundKeys_4_V, i64 0, i64 8" [aes/aes_encrypt.cpp:90->aes/aes_encrypt.cpp:209]   --->   Operation 695 'getelementptr' 'roundKeys_4_V_addr_8' <Predicate = true> <Delay = 0.00>
ST_34 : Operation 696 [1/1] (2.32ns)   --->   "store i8 %ret_V_1_28, i8* %roundKeys_4_V_addr_8, align 1" [aes/aes_encrypt.cpp:90->aes/aes_encrypt.cpp:209]   --->   Operation 696 'store' <Predicate = true> <Delay = 2.32> <Core = "RAM">   --->   Core 37 'RAM' <Latency = 1> <II = 1> <Delay = 2.32> <Storage> <Opcode : 'load' 'store'> <Ports = 2> <Width = 8> <Depth = 16> <RAM>
ST_34 : Operation 697 [1/1] (0.00ns)   --->   "%roundKeys_5_V_addr_8 = getelementptr [11 x i8]* %roundKeys_5_V, i64 0, i64 8" [aes/aes_encrypt.cpp:90->aes/aes_encrypt.cpp:209]   --->   Operation 697 'getelementptr' 'roundKeys_5_V_addr_8' <Predicate = true> <Delay = 0.00>
ST_34 : Operation 698 [1/1] (2.32ns)   --->   "store i8 %ret_V_1_29_1, i8* %roundKeys_5_V_addr_8, align 1" [aes/aes_encrypt.cpp:90->aes/aes_encrypt.cpp:209]   --->   Operation 698 'store' <Predicate = true> <Delay = 2.32> <Core = "RAM">   --->   Core 37 'RAM' <Latency = 1> <II = 1> <Delay = 2.32> <Storage> <Opcode : 'load' 'store'> <Ports = 2> <Width = 8> <Depth = 16> <RAM>
ST_34 : Operation 699 [1/1] (0.00ns)   --->   "%roundKeys_6_V_addr_8 = getelementptr [11 x i8]* %roundKeys_6_V, i64 0, i64 8" [aes/aes_encrypt.cpp:90->aes/aes_encrypt.cpp:209]   --->   Operation 699 'getelementptr' 'roundKeys_6_V_addr_8' <Predicate = true> <Delay = 0.00>
ST_34 : Operation 700 [1/1] (2.32ns)   --->   "store i8 %ret_V_1_29_2, i8* %roundKeys_6_V_addr_8, align 1" [aes/aes_encrypt.cpp:90->aes/aes_encrypt.cpp:209]   --->   Operation 700 'store' <Predicate = true> <Delay = 2.32> <Core = "RAM">   --->   Core 37 'RAM' <Latency = 1> <II = 1> <Delay = 2.32> <Storage> <Opcode : 'load' 'store'> <Ports = 2> <Width = 8> <Depth = 16> <RAM>
ST_34 : Operation 701 [1/1] (0.00ns)   --->   "%roundKeys_7_V_addr_8 = getelementptr [11 x i8]* %roundKeys_7_V, i64 0, i64 8" [aes/aes_encrypt.cpp:90->aes/aes_encrypt.cpp:209]   --->   Operation 701 'getelementptr' 'roundKeys_7_V_addr_8' <Predicate = true> <Delay = 0.00>
ST_34 : Operation 702 [1/1] (2.32ns)   --->   "store i8 %ret_V_1_29_3, i8* %roundKeys_7_V_addr_8, align 1" [aes/aes_encrypt.cpp:90->aes/aes_encrypt.cpp:209]   --->   Operation 702 'store' <Predicate = true> <Delay = 2.32> <Core = "RAM">   --->   Core 37 'RAM' <Latency = 1> <II = 1> <Delay = 2.32> <Storage> <Opcode : 'load' 'store'> <Ports = 2> <Width = 8> <Depth = 16> <RAM>
ST_34 : Operation 703 [1/1] (0.99ns)   --->   "%ret_V_1_29 = xor i8 %ret_V_1_28, %ret_V_1_25" [aes/aes_encrypt.cpp:90->aes/aes_encrypt.cpp:209]   --->   Operation 703 'xor' 'ret_V_1_29' <Predicate = true> <Delay = 0.99> <Core = "LogicGate">   --->   Core 27 'LogicGate' <Latency = 0> <II = 1> <Delay = 0.99> <FuncUnit> <Opcode : 'and' 'or' 'xor'> <InPorts = 2> <OutPorts = 1>
ST_34 : Operation 704 [1/1] (0.00ns)   --->   "%roundKeys_8_V_addr_8 = getelementptr [11 x i8]* %roundKeys_8_V, i64 0, i64 8" [aes/aes_encrypt.cpp:90->aes/aes_encrypt.cpp:209]   --->   Operation 704 'getelementptr' 'roundKeys_8_V_addr_8' <Predicate = true> <Delay = 0.00>
ST_34 : Operation 705 [1/1] (2.32ns)   --->   "store i8 %ret_V_1_29, i8* %roundKeys_8_V_addr_8, align 1" [aes/aes_encrypt.cpp:90->aes/aes_encrypt.cpp:209]   --->   Operation 705 'store' <Predicate = true> <Delay = 2.32> <Core = "RAM">   --->   Core 37 'RAM' <Latency = 1> <II = 1> <Delay = 2.32> <Storage> <Opcode : 'load' 'store'> <Ports = 2> <Width = 8> <Depth = 16> <RAM>
ST_34 : Operation 706 [1/1] (0.99ns)   --->   "%ret_V_1_30_3 = xor i8 %ret_V_1_29_3, %ret_V_1_26_3" [aes/aes_encrypt.cpp:90->aes/aes_encrypt.cpp:209]   --->   Operation 706 'xor' 'ret_V_1_30_3' <Predicate = true> <Delay = 0.99> <Core = "LogicGate">   --->   Core 27 'LogicGate' <Latency = 0> <II = 1> <Delay = 0.99> <FuncUnit> <Opcode : 'and' 'or' 'xor'> <InPorts = 2> <OutPorts = 1>
ST_34 : Operation 707 [1/1] (0.00ns)   --->   "%roundKeys_11_V_addr_8 = getelementptr [11 x i8]* %roundKeys_11_V, i64 0, i64 8" [aes/aes_encrypt.cpp:90->aes/aes_encrypt.cpp:209]   --->   Operation 707 'getelementptr' 'roundKeys_11_V_addr_8' <Predicate = true> <Delay = 0.00>
ST_34 : Operation 708 [1/1] (2.32ns)   --->   "store i8 %ret_V_1_30_3, i8* %roundKeys_11_V_addr_8, align 1" [aes/aes_encrypt.cpp:90->aes/aes_encrypt.cpp:209]   --->   Operation 708 'store' <Predicate = true> <Delay = 2.32> <Core = "RAM">   --->   Core 37 'RAM' <Latency = 1> <II = 1> <Delay = 2.32> <Storage> <Opcode : 'load' 'store'> <Ports = 2> <Width = 8> <Depth = 16> <RAM>
ST_34 : Operation 709 [1/1] (0.00ns)   --->   "%roundKeys_12_V_addr_8 = getelementptr [11 x i8]* %roundKeys_12_V, i64 0, i64 8" [aes/aes_encrypt.cpp:90->aes/aes_encrypt.cpp:209]   --->   Operation 709 'getelementptr' 'roundKeys_12_V_addr_8' <Predicate = true> <Delay = 0.00>
ST_34 : Operation 710 [1/1] (2.32ns)   --->   "store i8 %ret_V_1_30, i8* %roundKeys_12_V_addr_8, align 1" [aes/aes_encrypt.cpp:90->aes/aes_encrypt.cpp:209]   --->   Operation 710 'store' <Predicate = true> <Delay = 2.32> <Core = "RAM">   --->   Core 37 'RAM' <Latency = 1> <II = 1> <Delay = 2.32> <Storage> <Opcode : 'load' 'store'> <Ports = 2> <Width = 8> <Depth = 16> <RAM>
ST_34 : Operation 711 [1/1] (0.00ns)   --->   "%roundKeys_13_V_addr_8 = getelementptr [11 x i8]* %roundKeys_13_V, i64 0, i64 8" [aes/aes_encrypt.cpp:90->aes/aes_encrypt.cpp:209]   --->   Operation 711 'getelementptr' 'roundKeys_13_V_addr_8' <Predicate = true> <Delay = 0.00>
ST_34 : Operation 712 [1/1] (2.32ns)   --->   "store i8 %ret_V_1_31_1, i8* %roundKeys_13_V_addr_8, align 1" [aes/aes_encrypt.cpp:90->aes/aes_encrypt.cpp:209]   --->   Operation 712 'store' <Predicate = true> <Delay = 2.32> <Core = "RAM">   --->   Core 37 'RAM' <Latency = 1> <II = 1> <Delay = 2.32> <Storage> <Opcode : 'load' 'store'> <Ports = 2> <Width = 8> <Depth = 16> <RAM>
ST_34 : Operation 713 [1/1] (0.00ns)   --->   "%roundKeys_14_V_addr_8 = getelementptr [11 x i8]* %roundKeys_14_V, i64 0, i64 8" [aes/aes_encrypt.cpp:90->aes/aes_encrypt.cpp:209]   --->   Operation 713 'getelementptr' 'roundKeys_14_V_addr_8' <Predicate = true> <Delay = 0.00>
ST_34 : Operation 714 [1/1] (2.32ns)   --->   "store i8 %ret_V_1_31_2, i8* %roundKeys_14_V_addr_8, align 1" [aes/aes_encrypt.cpp:90->aes/aes_encrypt.cpp:209]   --->   Operation 714 'store' <Predicate = true> <Delay = 2.32> <Core = "RAM">   --->   Core 37 'RAM' <Latency = 1> <II = 1> <Delay = 2.32> <Storage> <Opcode : 'load' 'store'> <Ports = 2> <Width = 8> <Depth = 16> <RAM>
ST_34 : Operation 715 [1/1] (0.00ns)   --->   "%roundKeys_15_V_addr_8 = getelementptr [11 x i8]* %roundKeys_15_V, i64 0, i64 8" [aes/aes_encrypt.cpp:90->aes/aes_encrypt.cpp:209]   --->   Operation 715 'getelementptr' 'roundKeys_15_V_addr_8' <Predicate = true> <Delay = 0.00>
ST_34 : Operation 716 [1/1] (2.32ns)   --->   "store i8 %ret_V_1_31_3, i8* %roundKeys_15_V_addr_8, align 1" [aes/aes_encrypt.cpp:90->aes/aes_encrypt.cpp:209]   --->   Operation 716 'store' <Predicate = true> <Delay = 2.32> <Core = "RAM">   --->   Core 37 'RAM' <Latency = 1> <II = 1> <Delay = 2.32> <Storage> <Opcode : 'load' 'store'> <Ports = 2> <Width = 8> <Depth = 16> <RAM>
ST_34 : Operation 717 [1/1] (0.00ns)   --->   "%roundKeys_0_V_addr_9 = getelementptr [11 x i8]* %roundKeys_0_V, i64 0, i64 9" [aes/aes_encrypt.cpp:90->aes/aes_encrypt.cpp:209]   --->   Operation 717 'getelementptr' 'roundKeys_0_V_addr_9' <Predicate = true> <Delay = 0.00>
ST_34 : Operation 718 [1/1] (2.32ns)   --->   "store i8 %ret_V_1_31, i8* %roundKeys_0_V_addr_9, align 1" [aes/aes_encrypt.cpp:90->aes/aes_encrypt.cpp:209]   --->   Operation 718 'store' <Predicate = true> <Delay = 2.32> <Core = "RAM">   --->   Core 37 'RAM' <Latency = 1> <II = 1> <Delay = 2.32> <Storage> <Opcode : 'load' 'store'> <Ports = 2> <Width = 8> <Depth = 16> <RAM>
ST_34 : Operation 719 [1/1] (0.00ns)   --->   "%roundKeys_1_V_addr_9 = getelementptr [11 x i8]* %roundKeys_1_V, i64 0, i64 9" [aes/aes_encrypt.cpp:90->aes/aes_encrypt.cpp:209]   --->   Operation 719 'getelementptr' 'roundKeys_1_V_addr_9' <Predicate = true> <Delay = 0.00>
ST_34 : Operation 720 [1/1] (2.32ns)   --->   "store i8 %ret_V_1_32_1, i8* %roundKeys_1_V_addr_9, align 1" [aes/aes_encrypt.cpp:90->aes/aes_encrypt.cpp:209]   --->   Operation 720 'store' <Predicate = true> <Delay = 2.32> <Core = "RAM">   --->   Core 37 'RAM' <Latency = 1> <II = 1> <Delay = 2.32> <Storage> <Opcode : 'load' 'store'> <Ports = 2> <Width = 8> <Depth = 16> <RAM>
ST_34 : Operation 721 [1/1] (0.99ns)   --->   "%ret_V_1_32 = xor i8 %ret_V_1_31, %ret_V_1_28" [aes/aes_encrypt.cpp:90->aes/aes_encrypt.cpp:209]   --->   Operation 721 'xor' 'ret_V_1_32' <Predicate = true> <Delay = 0.99> <Core = "LogicGate">   --->   Core 27 'LogicGate' <Latency = 0> <II = 1> <Delay = 0.99> <FuncUnit> <Opcode : 'and' 'or' 'xor'> <InPorts = 2> <OutPorts = 1>
ST_34 : Operation 722 [1/1] (0.00ns)   --->   "%roundKeys_4_V_addr_9 = getelementptr [11 x i8]* %roundKeys_4_V, i64 0, i64 9" [aes/aes_encrypt.cpp:90->aes/aes_encrypt.cpp:209]   --->   Operation 722 'getelementptr' 'roundKeys_4_V_addr_9' <Predicate = true> <Delay = 0.00>
ST_34 : Operation 723 [1/1] (2.32ns)   --->   "store i8 %ret_V_1_32, i8* %roundKeys_4_V_addr_9, align 1" [aes/aes_encrypt.cpp:90->aes/aes_encrypt.cpp:209]   --->   Operation 723 'store' <Predicate = true> <Delay = 2.32> <Core = "RAM">   --->   Core 37 'RAM' <Latency = 1> <II = 1> <Delay = 2.32> <Storage> <Opcode : 'load' 'store'> <Ports = 2> <Width = 8> <Depth = 16> <RAM>
ST_34 : Operation 724 [1/1] (0.99ns)   --->   "%ret_V_1_33_1 = xor i8 %ret_V_1_32_1, %ret_V_1_29_1" [aes/aes_encrypt.cpp:90->aes/aes_encrypt.cpp:209]   --->   Operation 724 'xor' 'ret_V_1_33_1' <Predicate = true> <Delay = 0.99> <Core = "LogicGate">   --->   Core 27 'LogicGate' <Latency = 0> <II = 1> <Delay = 0.99> <FuncUnit> <Opcode : 'and' 'or' 'xor'> <InPorts = 2> <OutPorts = 1>
ST_34 : Operation 725 [1/1] (0.00ns)   --->   "%roundKeys_5_V_addr_9 = getelementptr [11 x i8]* %roundKeys_5_V, i64 0, i64 9" [aes/aes_encrypt.cpp:90->aes/aes_encrypt.cpp:209]   --->   Operation 725 'getelementptr' 'roundKeys_5_V_addr_9' <Predicate = true> <Delay = 0.00>
ST_34 : Operation 726 [1/1] (2.32ns)   --->   "store i8 %ret_V_1_33_1, i8* %roundKeys_5_V_addr_9, align 1" [aes/aes_encrypt.cpp:90->aes/aes_encrypt.cpp:209]   --->   Operation 726 'store' <Predicate = true> <Delay = 2.32> <Core = "RAM">   --->   Core 37 'RAM' <Latency = 1> <II = 1> <Delay = 2.32> <Storage> <Opcode : 'load' 'store'> <Ports = 2> <Width = 8> <Depth = 16> <RAM>
ST_34 : Operation 727 [1/1] (0.99ns)   --->   "%ret_V_1_33 = xor i8 %ret_V_1_31, %ret_V_1_25" [aes/aes_encrypt.cpp:90->aes/aes_encrypt.cpp:209]   --->   Operation 727 'xor' 'ret_V_1_33' <Predicate = true> <Delay = 0.99> <Core = "LogicGate">   --->   Core 27 'LogicGate' <Latency = 0> <II = 1> <Delay = 0.99> <FuncUnit> <Opcode : 'and' 'or' 'xor'> <InPorts = 2> <OutPorts = 1>
ST_34 : Operation 728 [1/1] (0.99ns)   --->   "%ret_V_1_34_3 = xor i8 %ret_V_1_32_3, %ret_V_1_26_3" [aes/aes_encrypt.cpp:90->aes/aes_encrypt.cpp:209]   --->   Operation 728 'xor' 'ret_V_1_34_3' <Predicate = true> <Delay = 0.99> <Core = "LogicGate">   --->   Core 27 'LogicGate' <Latency = 0> <II = 1> <Delay = 0.99> <FuncUnit> <Opcode : 'and' 'or' 'xor'> <InPorts = 2> <OutPorts = 1>
ST_34 : Operation 729 [1/1] (0.99ns)   --->   "%ret_V_1_34 = xor i8 %ret_V_1_33, %ret_V_1_30" [aes/aes_encrypt.cpp:90->aes/aes_encrypt.cpp:209]   --->   Operation 729 'xor' 'ret_V_1_34' <Predicate = true> <Delay = 0.99> <Core = "LogicGate">   --->   Core 27 'LogicGate' <Latency = 0> <II = 1> <Delay = 0.99> <FuncUnit> <Opcode : 'and' 'or' 'xor'> <InPorts = 2> <OutPorts = 1>
ST_34 : Operation 730 [1/1] (0.00ns)   --->   "%roundKeys_12_V_addr_9 = getelementptr [11 x i8]* %roundKeys_12_V, i64 0, i64 9" [aes/aes_encrypt.cpp:90->aes/aes_encrypt.cpp:209]   --->   Operation 730 'getelementptr' 'roundKeys_12_V_addr_9' <Predicate = true> <Delay = 0.00>
ST_34 : Operation 731 [1/1] (2.32ns)   --->   "store i8 %ret_V_1_34, i8* %roundKeys_12_V_addr_9, align 1" [aes/aes_encrypt.cpp:90->aes/aes_encrypt.cpp:209]   --->   Operation 731 'store' <Predicate = true> <Delay = 2.32> <Core = "RAM">   --->   Core 37 'RAM' <Latency = 1> <II = 1> <Delay = 2.32> <Storage> <Opcode : 'load' 'store'> <Ports = 2> <Width = 8> <Depth = 16> <RAM>
ST_34 : Operation 732 [1/1] (0.99ns)   --->   "%ret_V_1_35_3 = xor i8 %ret_V_1_34_3, %ret_V_1_31_3" [aes/aes_encrypt.cpp:90->aes/aes_encrypt.cpp:209]   --->   Operation 732 'xor' 'ret_V_1_35_3' <Predicate = true> <Delay = 0.99> <Core = "LogicGate">   --->   Core 27 'LogicGate' <Latency = 0> <II = 1> <Delay = 0.99> <FuncUnit> <Opcode : 'and' 'or' 'xor'> <InPorts = 2> <OutPorts = 1>
ST_34 : Operation 733 [1/1] (0.00ns)   --->   "%roundKeys_15_V_addr_9 = getelementptr [11 x i8]* %roundKeys_15_V, i64 0, i64 9" [aes/aes_encrypt.cpp:90->aes/aes_encrypt.cpp:209]   --->   Operation 733 'getelementptr' 'roundKeys_15_V_addr_9' <Predicate = true> <Delay = 0.00>
ST_34 : Operation 734 [1/1] (2.32ns)   --->   "store i8 %ret_V_1_35_3, i8* %roundKeys_15_V_addr_9, align 1" [aes/aes_encrypt.cpp:90->aes/aes_encrypt.cpp:209]   --->   Operation 734 'store' <Predicate = true> <Delay = 2.32> <Core = "RAM">   --->   Core 37 'RAM' <Latency = 1> <II = 1> <Delay = 2.32> <Storage> <Opcode : 'load' 'store'> <Ports = 2> <Width = 8> <Depth = 16> <RAM>
ST_34 : Operation 735 [1/2] (3.25ns)   --->   "%sboxExp_V_load_37 = load i8* %sboxExp_V_addr_36, align 1" [aes/aes_encrypt.cpp:82->aes/aes_encrypt.cpp:209]   --->   Operation 735 'load' 'sboxExp_V_load_37' <Predicate = true> <Delay = 3.25> <Core = "ROM_2P">   --->   Core 56 'ROM_2P' <Latency = 1> <II = 1> <Delay = 3.25> <Storage> <Opcode : 'load'> <Ports = 2> <Width = 8> <Depth = 256> <ROM>
ST_34 : Operation 736 [1/1] (0.99ns)   --->   "%ret_V_8 = xor i8 %sboxExp_V_load_37, 54" [aes/aes_encrypt.cpp:82->aes/aes_encrypt.cpp:209]   --->   Operation 736 'xor' 'ret_V_8' <Predicate = true> <Delay = 0.99> <Core = "LogicGate">   --->   Core 27 'LogicGate' <Latency = 0> <II = 1> <Delay = 0.99> <FuncUnit> <Opcode : 'and' 'or' 'xor'> <InPorts = 2> <OutPorts = 1>
ST_34 : Operation 737 [1/2] (3.25ns)   --->   "%sboxExp_V_load_36 = load i8* %sboxExp_V_addr_37, align 1" [aes/aes_encrypt.cpp:83->aes/aes_encrypt.cpp:209]   --->   Operation 737 'load' 'sboxExp_V_load_36' <Predicate = true> <Delay = 3.25> <Core = "ROM_2P">   --->   Core 56 'ROM_2P' <Latency = 1> <II = 1> <Delay = 3.25> <Storage> <Opcode : 'load'> <Ports = 2> <Width = 8> <Depth = 256> <ROM>
ST_34 : Operation 738 [1/1] (0.00ns)   --->   "%tmp_12_7 = zext i8 %ret_V_1_35_3 to i64" [aes/aes_encrypt.cpp:84->aes/aes_encrypt.cpp:209]   --->   Operation 738 'zext' 'tmp_12_7' <Predicate = true> <Delay = 0.00>
ST_34 : Operation 739 [1/1] (0.00ns)   --->   "%sboxExp_V_addr_38 = getelementptr [256 x i8]* @sboxExp_V, i64 0, i64 %tmp_12_7" [aes/aes_encrypt.cpp:84->aes/aes_encrypt.cpp:209]   --->   Operation 739 'getelementptr' 'sboxExp_V_addr_38' <Predicate = true> <Delay = 0.00>
ST_34 : Operation 740 [2/2] (3.25ns)   --->   "%sboxExp_V_load_38 = load i8* %sboxExp_V_addr_38, align 1" [aes/aes_encrypt.cpp:84->aes/aes_encrypt.cpp:209]   --->   Operation 740 'load' 'sboxExp_V_load_38' <Predicate = true> <Delay = 3.25> <Core = "ROM_2P">   --->   Core 56 'ROM_2P' <Latency = 1> <II = 1> <Delay = 3.25> <Storage> <Opcode : 'load'> <Ports = 2> <Width = 8> <Depth = 256> <ROM>
ST_34 : Operation 741 [1/1] (0.00ns)   --->   "%tmp_13_7 = zext i8 %ret_V_1_34 to i64" [aes/aes_encrypt.cpp:85->aes/aes_encrypt.cpp:209]   --->   Operation 741 'zext' 'tmp_13_7' <Predicate = true> <Delay = 0.00>
ST_34 : Operation 742 [1/1] (0.00ns)   --->   "%sboxExp_V_addr_39 = getelementptr [256 x i8]* @sboxExp_V, i64 0, i64 %tmp_13_7" [aes/aes_encrypt.cpp:85->aes/aes_encrypt.cpp:209]   --->   Operation 742 'getelementptr' 'sboxExp_V_addr_39' <Predicate = true> <Delay = 0.00>
ST_34 : Operation 743 [2/2] (3.25ns)   --->   "%sboxExp_V_load_39 = load i8* %sboxExp_V_addr_39, align 1" [aes/aes_encrypt.cpp:85->aes/aes_encrypt.cpp:209]   --->   Operation 743 'load' 'sboxExp_V_load_39' <Predicate = true> <Delay = 3.25> <Core = "ROM_2P">   --->   Core 56 'ROM_2P' <Latency = 1> <II = 1> <Delay = 3.25> <Storage> <Opcode : 'load'> <Ports = 2> <Width = 8> <Depth = 256> <ROM>
ST_34 : Operation 744 [1/1] (0.99ns)   --->   "%ret_V_1_35 = xor i8 %ret_V_8, %ret_V_1_31" [aes/aes_encrypt.cpp:90->aes/aes_encrypt.cpp:209]   --->   Operation 744 'xor' 'ret_V_1_35' <Predicate = true> <Delay = 0.99> <Core = "LogicGate">   --->   Core 27 'LogicGate' <Latency = 0> <II = 1> <Delay = 0.99> <FuncUnit> <Opcode : 'and' 'or' 'xor'> <InPorts = 2> <OutPorts = 1>
ST_34 : Operation 745 [1/1] (0.99ns)   --->   "%ret_V_1_36_1 = xor i8 %sboxExp_V_load_36, %ret_V_1_32_1" [aes/aes_encrypt.cpp:90->aes/aes_encrypt.cpp:209]   --->   Operation 745 'xor' 'ret_V_1_36_1' <Predicate = true> <Delay = 0.99> <Core = "LogicGate">   --->   Core 27 'LogicGate' <Latency = 0> <II = 1> <Delay = 0.99> <FuncUnit> <Opcode : 'and' 'or' 'xor'> <InPorts = 2> <OutPorts = 1>
ST_34 : Operation 746 [1/1] (0.99ns)   --->   "%ret_V_1_36 = xor i8 %ret_V_8, %ret_V_1_28" [aes/aes_encrypt.cpp:90->aes/aes_encrypt.cpp:209]   --->   Operation 746 'xor' 'ret_V_1_36' <Predicate = true> <Delay = 0.99> <Core = "LogicGate">   --->   Core 27 'LogicGate' <Latency = 0> <II = 1> <Delay = 0.99> <FuncUnit> <Opcode : 'and' 'or' 'xor'> <InPorts = 2> <OutPorts = 1>
ST_34 : Operation 747 [1/1] (0.99ns)   --->   "%ret_V_1_37_1 = xor i8 %sboxExp_V_load_36, %ret_V_1_29_1" [aes/aes_encrypt.cpp:90->aes/aes_encrypt.cpp:209]   --->   Operation 747 'xor' 'ret_V_1_37_1' <Predicate = true> <Delay = 0.99> <Core = "LogicGate">   --->   Core 27 'LogicGate' <Latency = 0> <II = 1> <Delay = 0.99> <FuncUnit> <Opcode : 'and' 'or' 'xor'> <InPorts = 2> <OutPorts = 1>

State 35 <SV = 34> <Delay = 7.55>
ST_35 : Operation 748 [1/1] (0.00ns)   --->   "call void (...)* @_ssdm_op_SpecBitsMap(i8* %inStream_V_data_V), !map !85"   --->   Operation 748 'specbitsmap' <Predicate = true> <Delay = 0.00>
ST_35 : Operation 749 [1/1] (0.00ns)   --->   "call void (...)* @_ssdm_op_SpecBitsMap(i1* %inStream_V_keep_V), !map !89"   --->   Operation 749 'specbitsmap' <Predicate = true> <Delay = 0.00>
ST_35 : Operation 750 [1/1] (0.00ns)   --->   "call void (...)* @_ssdm_op_SpecBitsMap(i1* %inStream_V_strb_V), !map !93"   --->   Operation 750 'specbitsmap' <Predicate = true> <Delay = 0.00>
ST_35 : Operation 751 [1/1] (0.00ns)   --->   "call void (...)* @_ssdm_op_SpecBitsMap(i1* %inStream_V_last_V), !map !97"   --->   Operation 751 'specbitsmap' <Predicate = true> <Delay = 0.00>
ST_35 : Operation 752 [1/1] (0.00ns)   --->   "call void (...)* @_ssdm_op_SpecBitsMap(i8* %outStream_V_data_V), !map !101"   --->   Operation 752 'specbitsmap' <Predicate = true> <Delay = 0.00>
ST_35 : Operation 753 [1/1] (0.00ns)   --->   "call void (...)* @_ssdm_op_SpecBitsMap(i1* %outStream_V_keep_V), !map !105"   --->   Operation 753 'specbitsmap' <Predicate = true> <Delay = 0.00>
ST_35 : Operation 754 [1/1] (0.00ns)   --->   "call void (...)* @_ssdm_op_SpecBitsMap(i1* %outStream_V_strb_V), !map !109"   --->   Operation 754 'specbitsmap' <Predicate = true> <Delay = 0.00>
ST_35 : Operation 755 [1/1] (0.00ns)   --->   "call void (...)* @_ssdm_op_SpecBitsMap(i1* %outStream_V_last_V), !map !113"   --->   Operation 755 'specbitsmap' <Predicate = true> <Delay = 0.00>
ST_35 : Operation 756 [1/1] (0.00ns)   --->   "call void (...)* @_ssdm_op_SpecBitsMap([16 x i8]* %key_V), !map !117"   --->   Operation 756 'specbitsmap' <Predicate = true> <Delay = 0.00>
ST_35 : Operation 757 [1/1] (0.00ns)   --->   "call void (...)* @_ssdm_op_SpecTopModule([16 x i8]* @aes_encrypt_top_str) nounwind"   --->   Operation 757 'spectopmodule' <Predicate = true> <Delay = 0.00>
ST_35 : Operation 758 [1/1] (0.00ns)   --->   "call void (...)* @_ssdm_op_SpecInterface(i8* %inStream_V_data_V, i1* %inStream_V_keep_V, i1* %inStream_V_strb_V, i1* %inStream_V_last_V, [5 x i8]* @p_str16, i32 1, i32 1, [5 x i8]* @p_str17, i32 0, i32 0, [1 x i8]* @p_str, [1 x i8]* @p_str, [1 x i8]* @p_str, i32 0, i32 0, i32 0, i32 0, [1 x i8]* @p_str, [1 x i8]* @p_str) nounwind" [aes/aes_encrypt.cpp:195]   --->   Operation 758 'specinterface' <Predicate = true> <Delay = 0.00>
ST_35 : Operation 759 [1/1] (0.00ns)   --->   "call void (...)* @_ssdm_op_SpecInterface(i8* %outStream_V_data_V, i1* %outStream_V_keep_V, i1* %outStream_V_strb_V, i1* %outStream_V_last_V, [5 x i8]* @p_str16, i32 1, i32 1, [5 x i8]* @p_str17, i32 0, i32 0, [1 x i8]* @p_str, [1 x i8]* @p_str, [1 x i8]* @p_str, i32 0, i32 0, i32 0, i32 0, [1 x i8]* @p_str, [1 x i8]* @p_str) nounwind" [aes/aes_encrypt.cpp:196]   --->   Operation 759 'specinterface' <Predicate = true> <Delay = 0.00>
ST_35 : Operation 760 [1/1] (0.00ns)   --->   "call void (...)* @_ssdm_op_SpecMemCore([16 x i8]* %key_V, [1 x i8]* @p_str, [7 x i8]* @RAM_1P_str, [1 x i8]* @p_str, i32 -1, [1 x i8]* @p_str, [1 x i8]* @p_str, [1 x i8]* @p_str, [1 x i8]* @p_str, [1 x i8]* @p_str)" [aes/aes_encrypt.cpp:197]   --->   Operation 760 'specmemcore' <Predicate = true> <Delay = 0.00>
ST_35 : Operation 761 [1/1] (0.00ns)   --->   "call void (...)* @_ssdm_op_SpecInterface([16 x i8]* %key_V, [10 x i8]* @p_str18, i32 0, i32 0, [1 x i8]* @p_str, i32 0, i32 0, [1 x i8]* @p_str, [1 x i8]* @p_str, [1 x i8]* @p_str, i32 0, i32 0, i32 0, i32 0, [1 x i8]* @p_str, [1 x i8]* @p_str) nounwind" [aes/aes_encrypt.cpp:197]   --->   Operation 761 'specinterface' <Predicate = true> <Delay = 0.00>
ST_35 : Operation 762 [1/1] (0.00ns)   --->   "call void (...)* @_ssdm_op_SpecInterface(i32 0, [10 x i8]* @p_str18, i32 0, i32 0, [1 x i8]* @p_str, i32 0, i32 0, [1 x i8]* @p_str, [1 x i8]* @p_str, [1 x i8]* @p_str, i32 0, i32 0, i32 0, i32 0, [1 x i8]* @p_str, [1 x i8]* @p_str) nounwind" [aes/aes_encrypt.cpp:198]   --->   Operation 762 'specinterface' <Predicate = true> <Delay = 0.00>
ST_35 : Operation 763 [1/1] (0.00ns)   --->   "call void (...)* @_ssdm_op_SpecMemCore([256 x i8]* @sboxExp_V, [1 x i8]* @p_str, [7 x i8]* @p_str20, [1 x i8]* @p_str, i32 -1, [1 x i8]* @p_str, [1 x i8]* @p_str, [1 x i8]* @p_str, [1 x i8]* @p_str, [1 x i8]* @p_str)" [aes/aes_encrypt.cpp:206]   --->   Operation 763 'specmemcore' <Predicate = true> <Delay = 0.00>
ST_35 : Operation 764 [1/1] (0.00ns)   --->   "%roundKeys_2_V_addr_9 = getelementptr [11 x i8]* %roundKeys_2_V, i64 0, i64 9" [aes/aes_encrypt.cpp:90->aes/aes_encrypt.cpp:209]   --->   Operation 764 'getelementptr' 'roundKeys_2_V_addr_9' <Predicate = true> <Delay = 0.00>
ST_35 : Operation 765 [1/1] (2.32ns)   --->   "store i8 %ret_V_1_32_2, i8* %roundKeys_2_V_addr_9, align 1" [aes/aes_encrypt.cpp:90->aes/aes_encrypt.cpp:209]   --->   Operation 765 'store' <Predicate = true> <Delay = 2.32> <Core = "RAM">   --->   Core 37 'RAM' <Latency = 1> <II = 1> <Delay = 2.32> <Storage> <Opcode : 'load' 'store'> <Ports = 2> <Width = 8> <Depth = 16> <RAM>
ST_35 : Operation 766 [1/1] (0.00ns)   --->   "%roundKeys_3_V_addr_9 = getelementptr [11 x i8]* %roundKeys_3_V, i64 0, i64 9" [aes/aes_encrypt.cpp:90->aes/aes_encrypt.cpp:209]   --->   Operation 766 'getelementptr' 'roundKeys_3_V_addr_9' <Predicate = true> <Delay = 0.00>
ST_35 : Operation 767 [1/1] (2.32ns)   --->   "store i8 %ret_V_1_32_3, i8* %roundKeys_3_V_addr_9, align 1" [aes/aes_encrypt.cpp:90->aes/aes_encrypt.cpp:209]   --->   Operation 767 'store' <Predicate = true> <Delay = 2.32> <Core = "RAM">   --->   Core 37 'RAM' <Latency = 1> <II = 1> <Delay = 2.32> <Storage> <Opcode : 'load' 'store'> <Ports = 2> <Width = 8> <Depth = 16> <RAM>
ST_35 : Operation 768 [1/1] (0.99ns)   --->   "%ret_V_1_33_2 = xor i8 %ret_V_1_32_2, %ret_V_1_29_2" [aes/aes_encrypt.cpp:90->aes/aes_encrypt.cpp:209]   --->   Operation 768 'xor' 'ret_V_1_33_2' <Predicate = true> <Delay = 0.99> <Core = "LogicGate">   --->   Core 27 'LogicGate' <Latency = 0> <II = 1> <Delay = 0.99> <FuncUnit> <Opcode : 'and' 'or' 'xor'> <InPorts = 2> <OutPorts = 1>
ST_35 : Operation 769 [1/1] (0.00ns)   --->   "%roundKeys_6_V_addr_9 = getelementptr [11 x i8]* %roundKeys_6_V, i64 0, i64 9" [aes/aes_encrypt.cpp:90->aes/aes_encrypt.cpp:209]   --->   Operation 769 'getelementptr' 'roundKeys_6_V_addr_9' <Predicate = true> <Delay = 0.00>
ST_35 : Operation 770 [1/1] (2.32ns)   --->   "store i8 %ret_V_1_33_2, i8* %roundKeys_6_V_addr_9, align 1" [aes/aes_encrypt.cpp:90->aes/aes_encrypt.cpp:209]   --->   Operation 770 'store' <Predicate = true> <Delay = 2.32> <Core = "RAM">   --->   Core 37 'RAM' <Latency = 1> <II = 1> <Delay = 2.32> <Storage> <Opcode : 'load' 'store'> <Ports = 2> <Width = 8> <Depth = 16> <RAM>
ST_35 : Operation 771 [1/1] (0.99ns)   --->   "%ret_V_1_33_3 = xor i8 %ret_V_1_32_3, %ret_V_1_29_3" [aes/aes_encrypt.cpp:90->aes/aes_encrypt.cpp:209]   --->   Operation 771 'xor' 'ret_V_1_33_3' <Predicate = true> <Delay = 0.99> <Core = "LogicGate">   --->   Core 27 'LogicGate' <Latency = 0> <II = 1> <Delay = 0.99> <FuncUnit> <Opcode : 'and' 'or' 'xor'> <InPorts = 2> <OutPorts = 1>
ST_35 : Operation 772 [1/1] (0.00ns)   --->   "%roundKeys_7_V_addr_9 = getelementptr [11 x i8]* %roundKeys_7_V, i64 0, i64 9" [aes/aes_encrypt.cpp:90->aes/aes_encrypt.cpp:209]   --->   Operation 772 'getelementptr' 'roundKeys_7_V_addr_9' <Predicate = true> <Delay = 0.00>
ST_35 : Operation 773 [1/1] (2.32ns)   --->   "store i8 %ret_V_1_33_3, i8* %roundKeys_7_V_addr_9, align 1" [aes/aes_encrypt.cpp:90->aes/aes_encrypt.cpp:209]   --->   Operation 773 'store' <Predicate = true> <Delay = 2.32> <Core = "RAM">   --->   Core 37 'RAM' <Latency = 1> <II = 1> <Delay = 2.32> <Storage> <Opcode : 'load' 'store'> <Ports = 2> <Width = 8> <Depth = 16> <RAM>
ST_35 : Operation 774 [1/1] (0.00ns)   --->   "%roundKeys_8_V_addr_9 = getelementptr [11 x i8]* %roundKeys_8_V, i64 0, i64 9" [aes/aes_encrypt.cpp:90->aes/aes_encrypt.cpp:209]   --->   Operation 774 'getelementptr' 'roundKeys_8_V_addr_9' <Predicate = true> <Delay = 0.00>
ST_35 : Operation 775 [1/1] (2.32ns)   --->   "store i8 %ret_V_1_33, i8* %roundKeys_8_V_addr_9, align 1" [aes/aes_encrypt.cpp:90->aes/aes_encrypt.cpp:209]   --->   Operation 775 'store' <Predicate = true> <Delay = 2.32> <Core = "RAM">   --->   Core 37 'RAM' <Latency = 1> <II = 1> <Delay = 2.32> <Storage> <Opcode : 'load' 'store'> <Ports = 2> <Width = 8> <Depth = 16> <RAM>
ST_35 : Operation 776 [1/1] (0.00ns)   --->   "%roundKeys_9_V_addr_9 = getelementptr [11 x i8]* %roundKeys_9_V, i64 0, i64 9" [aes/aes_encrypt.cpp:90->aes/aes_encrypt.cpp:209]   --->   Operation 776 'getelementptr' 'roundKeys_9_V_addr_9' <Predicate = true> <Delay = 0.00>
ST_35 : Operation 777 [1/1] (2.32ns)   --->   "store i8 %ret_V_1_34_1, i8* %roundKeys_9_V_addr_9, align 1" [aes/aes_encrypt.cpp:90->aes/aes_encrypt.cpp:209]   --->   Operation 777 'store' <Predicate = true> <Delay = 2.32> <Core = "RAM">   --->   Core 37 'RAM' <Latency = 1> <II = 1> <Delay = 2.32> <Storage> <Opcode : 'load' 'store'> <Ports = 2> <Width = 8> <Depth = 16> <RAM>
ST_35 : Operation 778 [1/1] (0.00ns)   --->   "%roundKeys_10_V_addr_9 = getelementptr [11 x i8]* %roundKeys_10_V, i64 0, i64 9" [aes/aes_encrypt.cpp:90->aes/aes_encrypt.cpp:209]   --->   Operation 778 'getelementptr' 'roundKeys_10_V_addr_9' <Predicate = true> <Delay = 0.00>
ST_35 : Operation 779 [1/1] (2.32ns)   --->   "store i8 %ret_V_1_34_2, i8* %roundKeys_10_V_addr_9, align 1" [aes/aes_encrypt.cpp:90->aes/aes_encrypt.cpp:209]   --->   Operation 779 'store' <Predicate = true> <Delay = 2.32> <Core = "RAM">   --->   Core 37 'RAM' <Latency = 1> <II = 1> <Delay = 2.32> <Storage> <Opcode : 'load' 'store'> <Ports = 2> <Width = 8> <Depth = 16> <RAM>
ST_35 : Operation 780 [1/1] (0.00ns)   --->   "%roundKeys_11_V_addr_9 = getelementptr [11 x i8]* %roundKeys_11_V, i64 0, i64 9" [aes/aes_encrypt.cpp:90->aes/aes_encrypt.cpp:209]   --->   Operation 780 'getelementptr' 'roundKeys_11_V_addr_9' <Predicate = true> <Delay = 0.00>
ST_35 : Operation 781 [1/1] (2.32ns)   --->   "store i8 %ret_V_1_34_3, i8* %roundKeys_11_V_addr_9, align 1" [aes/aes_encrypt.cpp:90->aes/aes_encrypt.cpp:209]   --->   Operation 781 'store' <Predicate = true> <Delay = 2.32> <Core = "RAM">   --->   Core 37 'RAM' <Latency = 1> <II = 1> <Delay = 2.32> <Storage> <Opcode : 'load' 'store'> <Ports = 2> <Width = 8> <Depth = 16> <RAM>
ST_35 : Operation 782 [1/2] (3.25ns)   --->   "%sboxExp_V_load_38 = load i8* %sboxExp_V_addr_38, align 1" [aes/aes_encrypt.cpp:84->aes/aes_encrypt.cpp:209]   --->   Operation 782 'load' 'sboxExp_V_load_38' <Predicate = true> <Delay = 3.25> <Core = "ROM_2P">   --->   Core 56 'ROM_2P' <Latency = 1> <II = 1> <Delay = 3.25> <Storage> <Opcode : 'load'> <Ports = 2> <Width = 8> <Depth = 256> <ROM>
ST_35 : Operation 783 [1/2] (3.25ns)   --->   "%sboxExp_V_load_39 = load i8* %sboxExp_V_addr_39, align 1" [aes/aes_encrypt.cpp:85->aes/aes_encrypt.cpp:209]   --->   Operation 783 'load' 'sboxExp_V_load_39' <Predicate = true> <Delay = 3.25> <Core = "ROM_2P">   --->   Core 56 'ROM_2P' <Latency = 1> <II = 1> <Delay = 3.25> <Storage> <Opcode : 'load'> <Ports = 2> <Width = 8> <Depth = 256> <ROM>
ST_35 : Operation 784 [1/1] (0.00ns)   --->   "%roundKeys_0_V_addr_10 = getelementptr [11 x i8]* %roundKeys_0_V, i64 0, i64 10" [aes/aes_encrypt.cpp:90->aes/aes_encrypt.cpp:209]   --->   Operation 784 'getelementptr' 'roundKeys_0_V_addr_10' <Predicate = true> <Delay = 0.00>
ST_35 : Operation 785 [1/1] (2.32ns)   --->   "store i8 %ret_V_1_35, i8* %roundKeys_0_V_addr_10, align 1" [aes/aes_encrypt.cpp:90->aes/aes_encrypt.cpp:209]   --->   Operation 785 'store' <Predicate = true> <Delay = 2.32> <Core = "RAM">   --->   Core 37 'RAM' <Latency = 1> <II = 1> <Delay = 2.32> <Storage> <Opcode : 'load' 'store'> <Ports = 2> <Width = 8> <Depth = 16> <RAM>
ST_35 : Operation 786 [1/1] (0.00ns)   --->   "%roundKeys_1_V_addr_10 = getelementptr [11 x i8]* %roundKeys_1_V, i64 0, i64 10" [aes/aes_encrypt.cpp:90->aes/aes_encrypt.cpp:209]   --->   Operation 786 'getelementptr' 'roundKeys_1_V_addr_10' <Predicate = true> <Delay = 0.00>
ST_35 : Operation 787 [1/1] (2.32ns)   --->   "store i8 %ret_V_1_36_1, i8* %roundKeys_1_V_addr_10, align 1" [aes/aes_encrypt.cpp:90->aes/aes_encrypt.cpp:209]   --->   Operation 787 'store' <Predicate = true> <Delay = 2.32> <Core = "RAM">   --->   Core 37 'RAM' <Latency = 1> <II = 1> <Delay = 2.32> <Storage> <Opcode : 'load' 'store'> <Ports = 2> <Width = 8> <Depth = 16> <RAM>
ST_35 : Operation 788 [1/1] (0.99ns)   --->   "%ret_V_1_36_2 = xor i8 %sboxExp_V_load_38, %ret_V_1_32_2" [aes/aes_encrypt.cpp:90->aes/aes_encrypt.cpp:209]   --->   Operation 788 'xor' 'ret_V_1_36_2' <Predicate = true> <Delay = 0.99> <Core = "LogicGate">   --->   Core 27 'LogicGate' <Latency = 0> <II = 1> <Delay = 0.99> <FuncUnit> <Opcode : 'and' 'or' 'xor'> <InPorts = 2> <OutPorts = 1>
ST_35 : Operation 789 [1/1] (0.00ns)   --->   "%roundKeys_2_V_addr_10 = getelementptr [11 x i8]* %roundKeys_2_V, i64 0, i64 10" [aes/aes_encrypt.cpp:90->aes/aes_encrypt.cpp:209]   --->   Operation 789 'getelementptr' 'roundKeys_2_V_addr_10' <Predicate = true> <Delay = 0.00>
ST_35 : Operation 790 [1/1] (2.32ns)   --->   "store i8 %ret_V_1_36_2, i8* %roundKeys_2_V_addr_10, align 1" [aes/aes_encrypt.cpp:90->aes/aes_encrypt.cpp:209]   --->   Operation 790 'store' <Predicate = true> <Delay = 2.32> <Core = "RAM">   --->   Core 37 'RAM' <Latency = 1> <II = 1> <Delay = 2.32> <Storage> <Opcode : 'load' 'store'> <Ports = 2> <Width = 8> <Depth = 16> <RAM>
ST_35 : Operation 791 [1/1] (0.99ns)   --->   "%ret_V_1_36_3 = xor i8 %sboxExp_V_load_39, %ret_V_1_32_3" [aes/aes_encrypt.cpp:90->aes/aes_encrypt.cpp:209]   --->   Operation 791 'xor' 'ret_V_1_36_3' <Predicate = true> <Delay = 0.99> <Core = "LogicGate">   --->   Core 27 'LogicGate' <Latency = 0> <II = 1> <Delay = 0.99> <FuncUnit> <Opcode : 'and' 'or' 'xor'> <InPorts = 2> <OutPorts = 1>
ST_35 : Operation 792 [1/1] (0.00ns)   --->   "%roundKeys_3_V_addr_10 = getelementptr [11 x i8]* %roundKeys_3_V, i64 0, i64 10" [aes/aes_encrypt.cpp:90->aes/aes_encrypt.cpp:209]   --->   Operation 792 'getelementptr' 'roundKeys_3_V_addr_10' <Predicate = true> <Delay = 0.00>
ST_35 : Operation 793 [1/1] (2.32ns)   --->   "store i8 %ret_V_1_36_3, i8* %roundKeys_3_V_addr_10, align 1" [aes/aes_encrypt.cpp:90->aes/aes_encrypt.cpp:209]   --->   Operation 793 'store' <Predicate = true> <Delay = 2.32> <Core = "RAM">   --->   Core 37 'RAM' <Latency = 1> <II = 1> <Delay = 2.32> <Storage> <Opcode : 'load' 'store'> <Ports = 2> <Width = 8> <Depth = 16> <RAM>
ST_35 : Operation 794 [1/1] (0.00ns)   --->   "%roundKeys_4_V_addr_10 = getelementptr [11 x i8]* %roundKeys_4_V, i64 0, i64 10" [aes/aes_encrypt.cpp:90->aes/aes_encrypt.cpp:209]   --->   Operation 794 'getelementptr' 'roundKeys_4_V_addr_10' <Predicate = true> <Delay = 0.00>
ST_35 : Operation 795 [1/1] (2.32ns)   --->   "store i8 %ret_V_1_36, i8* %roundKeys_4_V_addr_10, align 1" [aes/aes_encrypt.cpp:90->aes/aes_encrypt.cpp:209]   --->   Operation 795 'store' <Predicate = true> <Delay = 2.32> <Core = "RAM">   --->   Core 37 'RAM' <Latency = 1> <II = 1> <Delay = 2.32> <Storage> <Opcode : 'load' 'store'> <Ports = 2> <Width = 8> <Depth = 16> <RAM>
ST_35 : Operation 796 [1/1] (0.00ns)   --->   "%roundKeys_5_V_addr_10 = getelementptr [11 x i8]* %roundKeys_5_V, i64 0, i64 10" [aes/aes_encrypt.cpp:90->aes/aes_encrypt.cpp:209]   --->   Operation 796 'getelementptr' 'roundKeys_5_V_addr_10' <Predicate = true> <Delay = 0.00>
ST_35 : Operation 797 [1/1] (2.32ns)   --->   "store i8 %ret_V_1_37_1, i8* %roundKeys_5_V_addr_10, align 1" [aes/aes_encrypt.cpp:90->aes/aes_encrypt.cpp:209]   --->   Operation 797 'store' <Predicate = true> <Delay = 2.32> <Core = "RAM">   --->   Core 37 'RAM' <Latency = 1> <II = 1> <Delay = 2.32> <Storage> <Opcode : 'load' 'store'> <Ports = 2> <Width = 8> <Depth = 16> <RAM>
ST_35 : Operation 798 [1/1] (0.99ns)   --->   "%ret_V_1_37_2 = xor i8 %sboxExp_V_load_38, %ret_V_1_29_2" [aes/aes_encrypt.cpp:90->aes/aes_encrypt.cpp:209]   --->   Operation 798 'xor' 'ret_V_1_37_2' <Predicate = true> <Delay = 0.99> <Core = "LogicGate">   --->   Core 27 'LogicGate' <Latency = 0> <II = 1> <Delay = 0.99> <FuncUnit> <Opcode : 'and' 'or' 'xor'> <InPorts = 2> <OutPorts = 1>
ST_35 : Operation 799 [1/1] (0.00ns)   --->   "%roundKeys_6_V_addr_10 = getelementptr [11 x i8]* %roundKeys_6_V, i64 0, i64 10" [aes/aes_encrypt.cpp:90->aes/aes_encrypt.cpp:209]   --->   Operation 799 'getelementptr' 'roundKeys_6_V_addr_10' <Predicate = true> <Delay = 0.00>
ST_35 : Operation 800 [1/1] (2.32ns)   --->   "store i8 %ret_V_1_37_2, i8* %roundKeys_6_V_addr_10, align 1" [aes/aes_encrypt.cpp:90->aes/aes_encrypt.cpp:209]   --->   Operation 800 'store' <Predicate = true> <Delay = 2.32> <Core = "RAM">   --->   Core 37 'RAM' <Latency = 1> <II = 1> <Delay = 2.32> <Storage> <Opcode : 'load' 'store'> <Ports = 2> <Width = 8> <Depth = 16> <RAM>
ST_35 : Operation 801 [1/1] (0.99ns)   --->   "%ret_V_1_37_3 = xor i8 %sboxExp_V_load_39, %ret_V_1_29_3" [aes/aes_encrypt.cpp:90->aes/aes_encrypt.cpp:209]   --->   Operation 801 'xor' 'ret_V_1_37_3' <Predicate = true> <Delay = 0.99> <Core = "LogicGate">   --->   Core 27 'LogicGate' <Latency = 0> <II = 1> <Delay = 0.99> <FuncUnit> <Opcode : 'and' 'or' 'xor'> <InPorts = 2> <OutPorts = 1>
ST_35 : Operation 802 [1/1] (0.00ns)   --->   "%roundKeys_7_V_addr_10 = getelementptr [11 x i8]* %roundKeys_7_V, i64 0, i64 10" [aes/aes_encrypt.cpp:90->aes/aes_encrypt.cpp:209]   --->   Operation 802 'getelementptr' 'roundKeys_7_V_addr_10' <Predicate = true> <Delay = 0.00>
ST_35 : Operation 803 [1/1] (2.32ns)   --->   "store i8 %ret_V_1_37_3, i8* %roundKeys_7_V_addr_10, align 1" [aes/aes_encrypt.cpp:90->aes/aes_encrypt.cpp:209]   --->   Operation 803 'store' <Predicate = true> <Delay = 2.32> <Core = "RAM">   --->   Core 37 'RAM' <Latency = 1> <II = 1> <Delay = 2.32> <Storage> <Opcode : 'load' 'store'> <Ports = 2> <Width = 8> <Depth = 16> <RAM>
ST_35 : Operation 804 [1/1] (0.99ns)   --->   "%ret_V_1_37 = xor i8 %ret_V_1_36, %ret_V_1_33" [aes/aes_encrypt.cpp:90->aes/aes_encrypt.cpp:209]   --->   Operation 804 'xor' 'ret_V_1_37' <Predicate = true> <Delay = 0.99> <Core = "LogicGate">   --->   Core 27 'LogicGate' <Latency = 0> <II = 1> <Delay = 0.99> <FuncUnit> <Opcode : 'and' 'or' 'xor'> <InPorts = 2> <OutPorts = 1>
ST_35 : Operation 805 [1/1] (0.00ns)   --->   "%roundKeys_8_V_addr_10 = getelementptr [11 x i8]* %roundKeys_8_V, i64 0, i64 10" [aes/aes_encrypt.cpp:90->aes/aes_encrypt.cpp:209]   --->   Operation 805 'getelementptr' 'roundKeys_8_V_addr_10' <Predicate = true> <Delay = 0.00>
ST_35 : Operation 806 [1/1] (2.32ns)   --->   "store i8 %ret_V_1_37, i8* %roundKeys_8_V_addr_10, align 1" [aes/aes_encrypt.cpp:90->aes/aes_encrypt.cpp:209]   --->   Operation 806 'store' <Predicate = true> <Delay = 2.32> <Core = "RAM">   --->   Core 37 'RAM' <Latency = 1> <II = 1> <Delay = 2.32> <Storage> <Opcode : 'load' 'store'> <Ports = 2> <Width = 8> <Depth = 16> <RAM>
ST_35 : Operation 807 [1/1] (0.99ns)   --->   "%ret_V_1_38_1 = xor i8 %ret_V_1_37_1, %ret_V_1_34_1" [aes/aes_encrypt.cpp:90->aes/aes_encrypt.cpp:209]   --->   Operation 807 'xor' 'ret_V_1_38_1' <Predicate = true> <Delay = 0.99> <Core = "LogicGate">   --->   Core 27 'LogicGate' <Latency = 0> <II = 1> <Delay = 0.99> <FuncUnit> <Opcode : 'and' 'or' 'xor'> <InPorts = 2> <OutPorts = 1>
ST_35 : Operation 808 [1/1] (0.00ns)   --->   "%roundKeys_9_V_addr_10 = getelementptr [11 x i8]* %roundKeys_9_V, i64 0, i64 10" [aes/aes_encrypt.cpp:90->aes/aes_encrypt.cpp:209]   --->   Operation 808 'getelementptr' 'roundKeys_9_V_addr_10' <Predicate = true> <Delay = 0.00>
ST_35 : Operation 809 [1/1] (2.32ns)   --->   "store i8 %ret_V_1_38_1, i8* %roundKeys_9_V_addr_10, align 1" [aes/aes_encrypt.cpp:90->aes/aes_encrypt.cpp:209]   --->   Operation 809 'store' <Predicate = true> <Delay = 2.32> <Core = "RAM">   --->   Core 37 'RAM' <Latency = 1> <II = 1> <Delay = 2.32> <Storage> <Opcode : 'load' 'store'> <Ports = 2> <Width = 8> <Depth = 16> <RAM>
ST_35 : Operation 810 [1/1] (0.99ns)   --->   "%ret_V_1_38_2 = xor i8 %ret_V_1_37_2, %ret_V_1_34_2" [aes/aes_encrypt.cpp:90->aes/aes_encrypt.cpp:209]   --->   Operation 810 'xor' 'ret_V_1_38_2' <Predicate = true> <Delay = 0.99> <Core = "LogicGate">   --->   Core 27 'LogicGate' <Latency = 0> <II = 1> <Delay = 0.99> <FuncUnit> <Opcode : 'and' 'or' 'xor'> <InPorts = 2> <OutPorts = 1>
ST_35 : Operation 811 [1/1] (0.00ns)   --->   "%roundKeys_10_V_addr_10 = getelementptr [11 x i8]* %roundKeys_10_V, i64 0, i64 10" [aes/aes_encrypt.cpp:90->aes/aes_encrypt.cpp:209]   --->   Operation 811 'getelementptr' 'roundKeys_10_V_addr_10' <Predicate = true> <Delay = 0.00>
ST_35 : Operation 812 [1/1] (2.32ns)   --->   "store i8 %ret_V_1_38_2, i8* %roundKeys_10_V_addr_10, align 1" [aes/aes_encrypt.cpp:90->aes/aes_encrypt.cpp:209]   --->   Operation 812 'store' <Predicate = true> <Delay = 2.32> <Core = "RAM">   --->   Core 37 'RAM' <Latency = 1> <II = 1> <Delay = 2.32> <Storage> <Opcode : 'load' 'store'> <Ports = 2> <Width = 8> <Depth = 16> <RAM>
ST_35 : Operation 813 [1/1] (0.99ns)   --->   "%ret_V_1_38_3 = xor i8 %ret_V_1_37_3, %ret_V_1_34_3" [aes/aes_encrypt.cpp:90->aes/aes_encrypt.cpp:209]   --->   Operation 813 'xor' 'ret_V_1_38_3' <Predicate = true> <Delay = 0.99> <Core = "LogicGate">   --->   Core 27 'LogicGate' <Latency = 0> <II = 1> <Delay = 0.99> <FuncUnit> <Opcode : 'and' 'or' 'xor'> <InPorts = 2> <OutPorts = 1>
ST_35 : Operation 814 [1/1] (0.00ns)   --->   "%roundKeys_11_V_addr_10 = getelementptr [11 x i8]* %roundKeys_11_V, i64 0, i64 10" [aes/aes_encrypt.cpp:90->aes/aes_encrypt.cpp:209]   --->   Operation 814 'getelementptr' 'roundKeys_11_V_addr_10' <Predicate = true> <Delay = 0.00>
ST_35 : Operation 815 [1/1] (2.32ns)   --->   "store i8 %ret_V_1_38_3, i8* %roundKeys_11_V_addr_10, align 1" [aes/aes_encrypt.cpp:90->aes/aes_encrypt.cpp:209]   --->   Operation 815 'store' <Predicate = true> <Delay = 2.32> <Core = "RAM">   --->   Core 37 'RAM' <Latency = 1> <II = 1> <Delay = 2.32> <Storage> <Opcode : 'load' 'store'> <Ports = 2> <Width = 8> <Depth = 16> <RAM>
ST_35 : Operation 816 [1/1] (0.99ns)   --->   "%ret_V_1_38 = xor i8 %ret_V_1_36, %ret_V_1_30" [aes/aes_encrypt.cpp:90->aes/aes_encrypt.cpp:209]   --->   Operation 816 'xor' 'ret_V_1_38' <Predicate = true> <Delay = 0.99> <Core = "LogicGate">   --->   Core 27 'LogicGate' <Latency = 0> <II = 1> <Delay = 0.99> <FuncUnit> <Opcode : 'and' 'or' 'xor'> <InPorts = 2> <OutPorts = 1>
ST_35 : Operation 817 [1/1] (0.00ns)   --->   "%roundKeys_12_V_addr_10 = getelementptr [11 x i8]* %roundKeys_12_V, i64 0, i64 10" [aes/aes_encrypt.cpp:90->aes/aes_encrypt.cpp:209]   --->   Operation 817 'getelementptr' 'roundKeys_12_V_addr_10' <Predicate = true> <Delay = 0.00>
ST_35 : Operation 818 [1/1] (2.32ns)   --->   "store i8 %ret_V_1_38, i8* %roundKeys_12_V_addr_10, align 1" [aes/aes_encrypt.cpp:90->aes/aes_encrypt.cpp:209]   --->   Operation 818 'store' <Predicate = true> <Delay = 2.32> <Core = "RAM">   --->   Core 37 'RAM' <Latency = 1> <II = 1> <Delay = 2.32> <Storage> <Opcode : 'load' 'store'> <Ports = 2> <Width = 8> <Depth = 16> <RAM>
ST_35 : Operation 819 [1/1] (0.99ns)   --->   "%ret_V_1_39_1 = xor i8 %ret_V_1_37_1, %ret_V_1_31_1" [aes/aes_encrypt.cpp:90->aes/aes_encrypt.cpp:209]   --->   Operation 819 'xor' 'ret_V_1_39_1' <Predicate = true> <Delay = 0.99> <Core = "LogicGate">   --->   Core 27 'LogicGate' <Latency = 0> <II = 1> <Delay = 0.99> <FuncUnit> <Opcode : 'and' 'or' 'xor'> <InPorts = 2> <OutPorts = 1>
ST_35 : Operation 820 [1/1] (0.00ns)   --->   "%roundKeys_13_V_addr_10 = getelementptr [11 x i8]* %roundKeys_13_V, i64 0, i64 10" [aes/aes_encrypt.cpp:90->aes/aes_encrypt.cpp:209]   --->   Operation 820 'getelementptr' 'roundKeys_13_V_addr_10' <Predicate = true> <Delay = 0.00>
ST_35 : Operation 821 [1/1] (2.32ns)   --->   "store i8 %ret_V_1_39_1, i8* %roundKeys_13_V_addr_10, align 1" [aes/aes_encrypt.cpp:90->aes/aes_encrypt.cpp:209]   --->   Operation 821 'store' <Predicate = true> <Delay = 2.32> <Core = "RAM">   --->   Core 37 'RAM' <Latency = 1> <II = 1> <Delay = 2.32> <Storage> <Opcode : 'load' 'store'> <Ports = 2> <Width = 8> <Depth = 16> <RAM>
ST_35 : Operation 822 [1/1] (0.99ns)   --->   "%ret_V_1_39_2 = xor i8 %ret_V_1_37_2, %ret_V_1_31_2" [aes/aes_encrypt.cpp:90->aes/aes_encrypt.cpp:209]   --->   Operation 822 'xor' 'ret_V_1_39_2' <Predicate = true> <Delay = 0.99> <Core = "LogicGate">   --->   Core 27 'LogicGate' <Latency = 0> <II = 1> <Delay = 0.99> <FuncUnit> <Opcode : 'and' 'or' 'xor'> <InPorts = 2> <OutPorts = 1>
ST_35 : Operation 823 [1/1] (0.00ns)   --->   "%roundKeys_14_V_addr_10 = getelementptr [11 x i8]* %roundKeys_14_V, i64 0, i64 10" [aes/aes_encrypt.cpp:90->aes/aes_encrypt.cpp:209]   --->   Operation 823 'getelementptr' 'roundKeys_14_V_addr_10' <Predicate = true> <Delay = 0.00>
ST_35 : Operation 824 [1/1] (2.32ns)   --->   "store i8 %ret_V_1_39_2, i8* %roundKeys_14_V_addr_10, align 1" [aes/aes_encrypt.cpp:90->aes/aes_encrypt.cpp:209]   --->   Operation 824 'store' <Predicate = true> <Delay = 2.32> <Core = "RAM">   --->   Core 37 'RAM' <Latency = 1> <II = 1> <Delay = 2.32> <Storage> <Opcode : 'load' 'store'> <Ports = 2> <Width = 8> <Depth = 16> <RAM>
ST_35 : Operation 825 [1/1] (0.99ns)   --->   "%ret_V_1_39_3 = xor i8 %ret_V_1_37_3, %ret_V_1_31_3" [aes/aes_encrypt.cpp:90->aes/aes_encrypt.cpp:209]   --->   Operation 825 'xor' 'ret_V_1_39_3' <Predicate = true> <Delay = 0.99> <Core = "LogicGate">   --->   Core 27 'LogicGate' <Latency = 0> <II = 1> <Delay = 0.99> <FuncUnit> <Opcode : 'and' 'or' 'xor'> <InPorts = 2> <OutPorts = 1>
ST_35 : Operation 826 [1/1] (0.00ns)   --->   "%roundKeys_15_V_addr_10 = getelementptr [11 x i8]* %roundKeys_15_V, i64 0, i64 10" [aes/aes_encrypt.cpp:90->aes/aes_encrypt.cpp:209]   --->   Operation 826 'getelementptr' 'roundKeys_15_V_addr_10' <Predicate = true> <Delay = 0.00>
ST_35 : Operation 827 [1/1] (2.32ns)   --->   "store i8 %ret_V_1_39_3, i8* %roundKeys_15_V_addr_10, align 1" [aes/aes_encrypt.cpp:90->aes/aes_encrypt.cpp:209]   --->   Operation 827 'store' <Predicate = true> <Delay = 2.32> <Core = "RAM">   --->   Core 37 'RAM' <Latency = 1> <II = 1> <Delay = 2.32> <Storage> <Opcode : 'load' 'store'> <Ports = 2> <Width = 8> <Depth = 16> <RAM>
ST_35 : Operation 828 [1/1] (1.76ns)   --->   "br label %KeyExpansion.exit" [aes/aes_encrypt.cpp:212]   --->   Operation 828 'br' <Predicate = true> <Delay = 1.76>

State 36 <SV = 35> <Delay = 2.32>
ST_36 : Operation 829 [1/1] (0.00ns)   --->   "%i1 = phi i5 [ %i, %0 ], [ 0, %arrayctor.loop1.preheader ]"   --->   Operation 829 'phi' 'i1' <Predicate = true> <Delay = 0.00>
ST_36 : Operation 830 [1/1] (1.36ns)   --->   "%exitcond1 = icmp eq i5 %i1, -16" [aes/aes_encrypt.cpp:212]   --->   Operation 830 'icmp' 'exitcond1' <Predicate = true> <Delay = 1.36> <Core = "Cmp">   --->   Core 25 'Cmp' <Latency = 0> <II = 1> <Delay = 1.36> <FuncUnit> <Opcode : 'icmp'> <InPorts = 2> <OutPorts = 1>
ST_36 : Operation 831 [1/1] (0.00ns)   --->   "%empty = call i32 (...)* @_ssdm_op_SpecLoopTripCount(i64 16, i64 16, i64 16)"   --->   Operation 831 'speclooptripcount' 'empty' <Predicate = true> <Delay = 0.00>
ST_36 : Operation 832 [1/1] (1.78ns)   --->   "%i = add i5 %i1, 1" [aes/aes_encrypt.cpp:212]   --->   Operation 832 'add' 'i' <Predicate = true> <Delay = 1.78> <Core = "AddSub">   --->   Core 14 'AddSub' <Latency = 0> <II = 1> <Delay = 1.78> <FuncUnit> <Opcode : 'add' 'sub'> <InPorts = 2> <OutPorts = 1>
ST_36 : Operation 833 [1/1] (0.00ns)   --->   "br i1 %exitcond1, label %.preheader70.preheader, label %0" [aes/aes_encrypt.cpp:212]   --->   Operation 833 'br' <Predicate = true> <Delay = 0.00>
ST_36 : Operation 834 [1/1] (0.00ns)   --->   "%tmp = call i32 (...)* @_ssdm_op_SpecRegionBegin([13 x i8]* @p_str21)" [aes/aes_encrypt.cpp:212]   --->   Operation 834 'specregionbegin' 'tmp' <Predicate = (!exitcond1)> <Delay = 0.00>
ST_36 : Operation 835 [1/1] (0.00ns)   --->   "call void (...)* @_ssdm_op_SpecPipeline(i32 1, i32 1, i32 1, i32 0, [1 x i8]* @p_str) nounwind" [aes/aes_encrypt.cpp:213]   --->   Operation 835 'specpipeline' <Predicate = (!exitcond1)> <Delay = 0.00>
ST_36 : Operation 836 [1/1] (0.00ns)   --->   "%empty_5 = call { i8, i1, i1, i1 } @_ssdm_op_Read.axis.volatile.i8P.i1P.i1P.i1P(i8* %inStream_V_data_V, i1* %inStream_V_keep_V, i1* %inStream_V_strb_V, i1* %inStream_V_last_V)" [aes/aes_encrypt.cpp:214]   --->   Operation 836 'read' 'empty_5' <Predicate = (!exitcond1)> <Delay = 0.00> <Core = "AXI4Stream">   --->   Core 5 'AXI4Stream' <Latency = 0> <II = 1> <Delay = 1.00> <Adapter> <Opcode : >
ST_36 : Operation 837 [1/1] (0.00ns)   --->   "%tmp_data_V = extractvalue { i8, i1, i1, i1 } %empty_5, 0" [aes/aes_encrypt.cpp:214]   --->   Operation 837 'extractvalue' 'tmp_data_V' <Predicate = (!exitcond1)> <Delay = 0.00>
ST_36 : Operation 838 [1/1] (0.00ns)   --->   "%tmp_4 = zext i5 %i1 to i64" [aes/aes_encrypt.cpp:215]   --->   Operation 838 'zext' 'tmp_4' <Predicate = (!exitcond1)> <Delay = 0.00>
ST_36 : Operation 839 [1/1] (0.00ns)   --->   "%input_V_addr = getelementptr [16 x i8]* %input_V, i64 0, i64 %tmp_4" [aes/aes_encrypt.cpp:215]   --->   Operation 839 'getelementptr' 'input_V_addr' <Predicate = (!exitcond1)> <Delay = 0.00>
ST_36 : Operation 840 [1/1] (2.32ns)   --->   "store i8 %tmp_data_V, i8* %input_V_addr, align 1" [aes/aes_encrypt.cpp:215]   --->   Operation 840 'store' <Predicate = (!exitcond1)> <Delay = 2.32> <Core = "RAM">   --->   Core 37 'RAM' <Latency = 1> <II = 1> <Delay = 2.32> <Storage> <Opcode : 'load' 'store'> <Ports = 2> <Width = 8> <Depth = 16> <RAM>
ST_36 : Operation 841 [1/1] (0.00ns)   --->   "%empty_6 = call i32 (...)* @_ssdm_op_SpecRegionEnd([13 x i8]* @p_str21, i32 %tmp)" [aes/aes_encrypt.cpp:216]   --->   Operation 841 'specregionend' 'empty_6' <Predicate = (!exitcond1)> <Delay = 0.00>
ST_36 : Operation 842 [1/1] (0.00ns)   --->   "br label %KeyExpansion.exit" [aes/aes_encrypt.cpp:212]   --->   Operation 842 'br' <Predicate = (!exitcond1)> <Delay = 0.00>

State 37 <SV = 36> <Delay = 2.32>
ST_37 : Operation 843 [1/1] (0.00ns)   --->   "%input_V_addr_1 = getelementptr [16 x i8]* %input_V, i64 0, i64 0" [aes/aes_encrypt.cpp:171->aes/aes_encrypt.cpp:219]   --->   Operation 843 'getelementptr' 'input_V_addr_1' <Predicate = true> <Delay = 0.00>
ST_37 : Operation 844 [2/2] (2.32ns)   --->   "%input_V_load = load i8* %input_V_addr_1, align 1" [aes/aes_encrypt.cpp:171->aes/aes_encrypt.cpp:219]   --->   Operation 844 'load' 'input_V_load' <Predicate = true> <Delay = 2.32> <Core = "RAM">   --->   Core 37 'RAM' <Latency = 1> <II = 1> <Delay = 2.32> <Storage> <Opcode : 'load' 'store'> <Ports = 2> <Width = 8> <Depth = 16> <RAM>
ST_37 : Operation 845 [1/1] (0.00ns)   --->   "%input_V_addr_2 = getelementptr [16 x i8]* %input_V, i64 0, i64 1" [aes/aes_encrypt.cpp:171->aes/aes_encrypt.cpp:219]   --->   Operation 845 'getelementptr' 'input_V_addr_2' <Predicate = true> <Delay = 0.00>
ST_37 : Operation 846 [2/2] (2.32ns)   --->   "%input_V_load_1 = load i8* %input_V_addr_2, align 1" [aes/aes_encrypt.cpp:171->aes/aes_encrypt.cpp:219]   --->   Operation 846 'load' 'input_V_load_1' <Predicate = true> <Delay = 2.32> <Core = "RAM">   --->   Core 37 'RAM' <Latency = 1> <II = 1> <Delay = 2.32> <Storage> <Opcode : 'load' 'store'> <Ports = 2> <Width = 8> <Depth = 16> <RAM>

State 38 <SV = 37> <Delay = 3.31>
ST_38 : Operation 847 [1/2] (2.32ns)   --->   "%input_V_load = load i8* %input_V_addr_1, align 1" [aes/aes_encrypt.cpp:171->aes/aes_encrypt.cpp:219]   --->   Operation 847 'load' 'input_V_load' <Predicate = true> <Delay = 2.32> <Core = "RAM">   --->   Core 37 'RAM' <Latency = 1> <II = 1> <Delay = 2.32> <Storage> <Opcode : 'load' 'store'> <Ports = 2> <Width = 8> <Depth = 16> <RAM>
ST_38 : Operation 848 [1/2] (2.32ns)   --->   "%input_V_load_1 = load i8* %input_V_addr_2, align 1" [aes/aes_encrypt.cpp:171->aes/aes_encrypt.cpp:219]   --->   Operation 848 'load' 'input_V_load_1' <Predicate = true> <Delay = 2.32> <Core = "RAM">   --->   Core 37 'RAM' <Latency = 1> <II = 1> <Delay = 2.32> <Storage> <Opcode : 'load' 'store'> <Ports = 2> <Width = 8> <Depth = 16> <RAM>
ST_38 : Operation 849 [1/1] (0.00ns)   --->   "%input_V_addr_3 = getelementptr [16 x i8]* %input_V, i64 0, i64 2" [aes/aes_encrypt.cpp:171->aes/aes_encrypt.cpp:219]   --->   Operation 849 'getelementptr' 'input_V_addr_3' <Predicate = true> <Delay = 0.00>
ST_38 : Operation 850 [2/2] (2.32ns)   --->   "%input_V_load_2 = load i8* %input_V_addr_3, align 1" [aes/aes_encrypt.cpp:171->aes/aes_encrypt.cpp:219]   --->   Operation 850 'load' 'input_V_load_2' <Predicate = true> <Delay = 2.32> <Core = "RAM">   --->   Core 37 'RAM' <Latency = 1> <II = 1> <Delay = 2.32> <Storage> <Opcode : 'load' 'store'> <Ports = 2> <Width = 8> <Depth = 16> <RAM>
ST_38 : Operation 851 [1/1] (0.00ns)   --->   "%input_V_addr_4 = getelementptr [16 x i8]* %input_V, i64 0, i64 3" [aes/aes_encrypt.cpp:171->aes/aes_encrypt.cpp:219]   --->   Operation 851 'getelementptr' 'input_V_addr_4' <Predicate = true> <Delay = 0.00>
ST_38 : Operation 852 [2/2] (2.32ns)   --->   "%input_V_load_3 = load i8* %input_V_addr_4, align 1" [aes/aes_encrypt.cpp:171->aes/aes_encrypt.cpp:219]   --->   Operation 852 'load' 'input_V_load_3' <Predicate = true> <Delay = 2.32> <Core = "RAM">   --->   Core 37 'RAM' <Latency = 1> <II = 1> <Delay = 2.32> <Storage> <Opcode : 'load' 'store'> <Ports = 2> <Width = 8> <Depth = 16> <RAM>
ST_38 : Operation 853 [1/1] (0.99ns)   --->   "%state_0_0_V = xor i8 %input_V_load, %key_V_load" [aes/aes_encrypt.cpp:156->aes/aes_encrypt.cpp:174->aes/aes_encrypt.cpp:219]   --->   Operation 853 'xor' 'state_0_0_V' <Predicate = true> <Delay = 0.99> <Core = "LogicGate">   --->   Core 27 'LogicGate' <Latency = 0> <II = 1> <Delay = 0.99> <FuncUnit> <Opcode : 'and' 'or' 'xor'> <InPorts = 2> <OutPorts = 1>
ST_38 : Operation 854 [1/1] (0.99ns)   --->   "%state_1_0_V = xor i8 %input_V_load_1, %key_V_load_1" [aes/aes_encrypt.cpp:156->aes/aes_encrypt.cpp:174->aes/aes_encrypt.cpp:219]   --->   Operation 854 'xor' 'state_1_0_V' <Predicate = true> <Delay = 0.99> <Core = "LogicGate">   --->   Core 27 'LogicGate' <Latency = 0> <II = 1> <Delay = 0.99> <FuncUnit> <Opcode : 'and' 'or' 'xor'> <InPorts = 2> <OutPorts = 1>

State 39 <SV = 38> <Delay = 3.31>
ST_39 : Operation 855 [1/2] (2.32ns)   --->   "%input_V_load_2 = load i8* %input_V_addr_3, align 1" [aes/aes_encrypt.cpp:171->aes/aes_encrypt.cpp:219]   --->   Operation 855 'load' 'input_V_load_2' <Predicate = true> <Delay = 2.32> <Core = "RAM">   --->   Core 37 'RAM' <Latency = 1> <II = 1> <Delay = 2.32> <Storage> <Opcode : 'load' 'store'> <Ports = 2> <Width = 8> <Depth = 16> <RAM>
ST_39 : Operation 856 [1/2] (2.32ns)   --->   "%input_V_load_3 = load i8* %input_V_addr_4, align 1" [aes/aes_encrypt.cpp:171->aes/aes_encrypt.cpp:219]   --->   Operation 856 'load' 'input_V_load_3' <Predicate = true> <Delay = 2.32> <Core = "RAM">   --->   Core 37 'RAM' <Latency = 1> <II = 1> <Delay = 2.32> <Storage> <Opcode : 'load' 'store'> <Ports = 2> <Width = 8> <Depth = 16> <RAM>
ST_39 : Operation 857 [1/1] (0.00ns)   --->   "%input_V_addr_5 = getelementptr [16 x i8]* %input_V, i64 0, i64 4" [aes/aes_encrypt.cpp:171->aes/aes_encrypt.cpp:219]   --->   Operation 857 'getelementptr' 'input_V_addr_5' <Predicate = true> <Delay = 0.00>
ST_39 : Operation 858 [2/2] (2.32ns)   --->   "%input_V_load_4 = load i8* %input_V_addr_5, align 1" [aes/aes_encrypt.cpp:171->aes/aes_encrypt.cpp:219]   --->   Operation 858 'load' 'input_V_load_4' <Predicate = true> <Delay = 2.32> <Core = "RAM">   --->   Core 37 'RAM' <Latency = 1> <II = 1> <Delay = 2.32> <Storage> <Opcode : 'load' 'store'> <Ports = 2> <Width = 8> <Depth = 16> <RAM>
ST_39 : Operation 859 [1/1] (0.00ns)   --->   "%input_V_addr_6 = getelementptr [16 x i8]* %input_V, i64 0, i64 5" [aes/aes_encrypt.cpp:171->aes/aes_encrypt.cpp:219]   --->   Operation 859 'getelementptr' 'input_V_addr_6' <Predicate = true> <Delay = 0.00>
ST_39 : Operation 860 [2/2] (2.32ns)   --->   "%input_V_load_5 = load i8* %input_V_addr_6, align 1" [aes/aes_encrypt.cpp:171->aes/aes_encrypt.cpp:219]   --->   Operation 860 'load' 'input_V_load_5' <Predicate = true> <Delay = 2.32> <Core = "RAM">   --->   Core 37 'RAM' <Latency = 1> <II = 1> <Delay = 2.32> <Storage> <Opcode : 'load' 'store'> <Ports = 2> <Width = 8> <Depth = 16> <RAM>
ST_39 : Operation 861 [1/1] (0.99ns)   --->   "%state_2_0_V = xor i8 %input_V_load_2, %key_V_load_2" [aes/aes_encrypt.cpp:156->aes/aes_encrypt.cpp:174->aes/aes_encrypt.cpp:219]   --->   Operation 861 'xor' 'state_2_0_V' <Predicate = true> <Delay = 0.99> <Core = "LogicGate">   --->   Core 27 'LogicGate' <Latency = 0> <II = 1> <Delay = 0.99> <FuncUnit> <Opcode : 'and' 'or' 'xor'> <InPorts = 2> <OutPorts = 1>
ST_39 : Operation 862 [1/1] (0.99ns)   --->   "%state_3_0_V = xor i8 %input_V_load_3, %key_V_load_3" [aes/aes_encrypt.cpp:156->aes/aes_encrypt.cpp:174->aes/aes_encrypt.cpp:219]   --->   Operation 862 'xor' 'state_3_0_V' <Predicate = true> <Delay = 0.99> <Core = "LogicGate">   --->   Core 27 'LogicGate' <Latency = 0> <II = 1> <Delay = 0.99> <FuncUnit> <Opcode : 'and' 'or' 'xor'> <InPorts = 2> <OutPorts = 1>

State 40 <SV = 39> <Delay = 3.31>
ST_40 : Operation 863 [1/2] (2.32ns)   --->   "%input_V_load_4 = load i8* %input_V_addr_5, align 1" [aes/aes_encrypt.cpp:171->aes/aes_encrypt.cpp:219]   --->   Operation 863 'load' 'input_V_load_4' <Predicate = true> <Delay = 2.32> <Core = "RAM">   --->   Core 37 'RAM' <Latency = 1> <II = 1> <Delay = 2.32> <Storage> <Opcode : 'load' 'store'> <Ports = 2> <Width = 8> <Depth = 16> <RAM>
ST_40 : Operation 864 [1/2] (2.32ns)   --->   "%input_V_load_5 = load i8* %input_V_addr_6, align 1" [aes/aes_encrypt.cpp:171->aes/aes_encrypt.cpp:219]   --->   Operation 864 'load' 'input_V_load_5' <Predicate = true> <Delay = 2.32> <Core = "RAM">   --->   Core 37 'RAM' <Latency = 1> <II = 1> <Delay = 2.32> <Storage> <Opcode : 'load' 'store'> <Ports = 2> <Width = 8> <Depth = 16> <RAM>
ST_40 : Operation 865 [1/1] (0.00ns)   --->   "%input_V_addr_7 = getelementptr [16 x i8]* %input_V, i64 0, i64 6" [aes/aes_encrypt.cpp:171->aes/aes_encrypt.cpp:219]   --->   Operation 865 'getelementptr' 'input_V_addr_7' <Predicate = true> <Delay = 0.00>
ST_40 : Operation 866 [2/2] (2.32ns)   --->   "%input_V_load_6 = load i8* %input_V_addr_7, align 1" [aes/aes_encrypt.cpp:171->aes/aes_encrypt.cpp:219]   --->   Operation 866 'load' 'input_V_load_6' <Predicate = true> <Delay = 2.32> <Core = "RAM">   --->   Core 37 'RAM' <Latency = 1> <II = 1> <Delay = 2.32> <Storage> <Opcode : 'load' 'store'> <Ports = 2> <Width = 8> <Depth = 16> <RAM>
ST_40 : Operation 867 [1/1] (0.00ns)   --->   "%input_V_addr_8 = getelementptr [16 x i8]* %input_V, i64 0, i64 7" [aes/aes_encrypt.cpp:171->aes/aes_encrypt.cpp:219]   --->   Operation 867 'getelementptr' 'input_V_addr_8' <Predicate = true> <Delay = 0.00>
ST_40 : Operation 868 [2/2] (2.32ns)   --->   "%input_V_load_7 = load i8* %input_V_addr_8, align 1" [aes/aes_encrypt.cpp:171->aes/aes_encrypt.cpp:219]   --->   Operation 868 'load' 'input_V_load_7' <Predicate = true> <Delay = 2.32> <Core = "RAM">   --->   Core 37 'RAM' <Latency = 1> <II = 1> <Delay = 2.32> <Storage> <Opcode : 'load' 'store'> <Ports = 2> <Width = 8> <Depth = 16> <RAM>
ST_40 : Operation 869 [1/1] (0.99ns)   --->   "%state_0_1_V = xor i8 %input_V_load_4, %key_V_load_4" [aes/aes_encrypt.cpp:156->aes/aes_encrypt.cpp:174->aes/aes_encrypt.cpp:219]   --->   Operation 869 'xor' 'state_0_1_V' <Predicate = true> <Delay = 0.99> <Core = "LogicGate">   --->   Core 27 'LogicGate' <Latency = 0> <II = 1> <Delay = 0.99> <FuncUnit> <Opcode : 'and' 'or' 'xor'> <InPorts = 2> <OutPorts = 1>
ST_40 : Operation 870 [1/1] (0.99ns)   --->   "%state_1_1_V = xor i8 %input_V_load_5, %key_V_load_5" [aes/aes_encrypt.cpp:156->aes/aes_encrypt.cpp:174->aes/aes_encrypt.cpp:219]   --->   Operation 870 'xor' 'state_1_1_V' <Predicate = true> <Delay = 0.99> <Core = "LogicGate">   --->   Core 27 'LogicGate' <Latency = 0> <II = 1> <Delay = 0.99> <FuncUnit> <Opcode : 'and' 'or' 'xor'> <InPorts = 2> <OutPorts = 1>

State 41 <SV = 40> <Delay = 3.31>
ST_41 : Operation 871 [1/2] (2.32ns)   --->   "%input_V_load_6 = load i8* %input_V_addr_7, align 1" [aes/aes_encrypt.cpp:171->aes/aes_encrypt.cpp:219]   --->   Operation 871 'load' 'input_V_load_6' <Predicate = true> <Delay = 2.32> <Core = "RAM">   --->   Core 37 'RAM' <Latency = 1> <II = 1> <Delay = 2.32> <Storage> <Opcode : 'load' 'store'> <Ports = 2> <Width = 8> <Depth = 16> <RAM>
ST_41 : Operation 872 [1/2] (2.32ns)   --->   "%input_V_load_7 = load i8* %input_V_addr_8, align 1" [aes/aes_encrypt.cpp:171->aes/aes_encrypt.cpp:219]   --->   Operation 872 'load' 'input_V_load_7' <Predicate = true> <Delay = 2.32> <Core = "RAM">   --->   Core 37 'RAM' <Latency = 1> <II = 1> <Delay = 2.32> <Storage> <Opcode : 'load' 'store'> <Ports = 2> <Width = 8> <Depth = 16> <RAM>
ST_41 : Operation 873 [1/1] (0.00ns)   --->   "%input_V_addr_9 = getelementptr [16 x i8]* %input_V, i64 0, i64 8" [aes/aes_encrypt.cpp:171->aes/aes_encrypt.cpp:219]   --->   Operation 873 'getelementptr' 'input_V_addr_9' <Predicate = true> <Delay = 0.00>
ST_41 : Operation 874 [2/2] (2.32ns)   --->   "%input_V_load_8 = load i8* %input_V_addr_9, align 1" [aes/aes_encrypt.cpp:171->aes/aes_encrypt.cpp:219]   --->   Operation 874 'load' 'input_V_load_8' <Predicate = true> <Delay = 2.32> <Core = "RAM">   --->   Core 37 'RAM' <Latency = 1> <II = 1> <Delay = 2.32> <Storage> <Opcode : 'load' 'store'> <Ports = 2> <Width = 8> <Depth = 16> <RAM>
ST_41 : Operation 875 [1/1] (0.00ns)   --->   "%input_V_addr_10 = getelementptr [16 x i8]* %input_V, i64 0, i64 9" [aes/aes_encrypt.cpp:171->aes/aes_encrypt.cpp:219]   --->   Operation 875 'getelementptr' 'input_V_addr_10' <Predicate = true> <Delay = 0.00>
ST_41 : Operation 876 [2/2] (2.32ns)   --->   "%input_V_load_9 = load i8* %input_V_addr_10, align 1" [aes/aes_encrypt.cpp:171->aes/aes_encrypt.cpp:219]   --->   Operation 876 'load' 'input_V_load_9' <Predicate = true> <Delay = 2.32> <Core = "RAM">   --->   Core 37 'RAM' <Latency = 1> <II = 1> <Delay = 2.32> <Storage> <Opcode : 'load' 'store'> <Ports = 2> <Width = 8> <Depth = 16> <RAM>
ST_41 : Operation 877 [1/1] (0.99ns)   --->   "%state_2_1_V = xor i8 %input_V_load_6, %key_V_load_6" [aes/aes_encrypt.cpp:156->aes/aes_encrypt.cpp:174->aes/aes_encrypt.cpp:219]   --->   Operation 877 'xor' 'state_2_1_V' <Predicate = true> <Delay = 0.99> <Core = "LogicGate">   --->   Core 27 'LogicGate' <Latency = 0> <II = 1> <Delay = 0.99> <FuncUnit> <Opcode : 'and' 'or' 'xor'> <InPorts = 2> <OutPorts = 1>
ST_41 : Operation 878 [1/1] (0.99ns)   --->   "%state_3_1_V = xor i8 %input_V_load_7, %key_V_load_7" [aes/aes_encrypt.cpp:156->aes/aes_encrypt.cpp:174->aes/aes_encrypt.cpp:219]   --->   Operation 878 'xor' 'state_3_1_V' <Predicate = true> <Delay = 0.99> <Core = "LogicGate">   --->   Core 27 'LogicGate' <Latency = 0> <II = 1> <Delay = 0.99> <FuncUnit> <Opcode : 'and' 'or' 'xor'> <InPorts = 2> <OutPorts = 1>

State 42 <SV = 41> <Delay = 3.31>
ST_42 : Operation 879 [1/2] (2.32ns)   --->   "%input_V_load_8 = load i8* %input_V_addr_9, align 1" [aes/aes_encrypt.cpp:171->aes/aes_encrypt.cpp:219]   --->   Operation 879 'load' 'input_V_load_8' <Predicate = true> <Delay = 2.32> <Core = "RAM">   --->   Core 37 'RAM' <Latency = 1> <II = 1> <Delay = 2.32> <Storage> <Opcode : 'load' 'store'> <Ports = 2> <Width = 8> <Depth = 16> <RAM>
ST_42 : Operation 880 [1/2] (2.32ns)   --->   "%input_V_load_9 = load i8* %input_V_addr_10, align 1" [aes/aes_encrypt.cpp:171->aes/aes_encrypt.cpp:219]   --->   Operation 880 'load' 'input_V_load_9' <Predicate = true> <Delay = 2.32> <Core = "RAM">   --->   Core 37 'RAM' <Latency = 1> <II = 1> <Delay = 2.32> <Storage> <Opcode : 'load' 'store'> <Ports = 2> <Width = 8> <Depth = 16> <RAM>
ST_42 : Operation 881 [1/1] (0.00ns)   --->   "%input_V_addr_11 = getelementptr [16 x i8]* %input_V, i64 0, i64 10" [aes/aes_encrypt.cpp:171->aes/aes_encrypt.cpp:219]   --->   Operation 881 'getelementptr' 'input_V_addr_11' <Predicate = true> <Delay = 0.00>
ST_42 : Operation 882 [2/2] (2.32ns)   --->   "%input_V_load_10 = load i8* %input_V_addr_11, align 1" [aes/aes_encrypt.cpp:171->aes/aes_encrypt.cpp:219]   --->   Operation 882 'load' 'input_V_load_10' <Predicate = true> <Delay = 2.32> <Core = "RAM">   --->   Core 37 'RAM' <Latency = 1> <II = 1> <Delay = 2.32> <Storage> <Opcode : 'load' 'store'> <Ports = 2> <Width = 8> <Depth = 16> <RAM>
ST_42 : Operation 883 [1/1] (0.00ns)   --->   "%input_V_addr_12 = getelementptr [16 x i8]* %input_V, i64 0, i64 11" [aes/aes_encrypt.cpp:171->aes/aes_encrypt.cpp:219]   --->   Operation 883 'getelementptr' 'input_V_addr_12' <Predicate = true> <Delay = 0.00>
ST_42 : Operation 884 [2/2] (2.32ns)   --->   "%input_V_load_11 = load i8* %input_V_addr_12, align 1" [aes/aes_encrypt.cpp:171->aes/aes_encrypt.cpp:219]   --->   Operation 884 'load' 'input_V_load_11' <Predicate = true> <Delay = 2.32> <Core = "RAM">   --->   Core 37 'RAM' <Latency = 1> <II = 1> <Delay = 2.32> <Storage> <Opcode : 'load' 'store'> <Ports = 2> <Width = 8> <Depth = 16> <RAM>
ST_42 : Operation 885 [1/1] (0.99ns)   --->   "%state_0_2_V = xor i8 %input_V_load_8, %key_V_load_8" [aes/aes_encrypt.cpp:156->aes/aes_encrypt.cpp:174->aes/aes_encrypt.cpp:219]   --->   Operation 885 'xor' 'state_0_2_V' <Predicate = true> <Delay = 0.99> <Core = "LogicGate">   --->   Core 27 'LogicGate' <Latency = 0> <II = 1> <Delay = 0.99> <FuncUnit> <Opcode : 'and' 'or' 'xor'> <InPorts = 2> <OutPorts = 1>
ST_42 : Operation 886 [1/1] (0.99ns)   --->   "%state_1_2_V = xor i8 %input_V_load_9, %key_V_load_9" [aes/aes_encrypt.cpp:156->aes/aes_encrypt.cpp:174->aes/aes_encrypt.cpp:219]   --->   Operation 886 'xor' 'state_1_2_V' <Predicate = true> <Delay = 0.99> <Core = "LogicGate">   --->   Core 27 'LogicGate' <Latency = 0> <II = 1> <Delay = 0.99> <FuncUnit> <Opcode : 'and' 'or' 'xor'> <InPorts = 2> <OutPorts = 1>

State 43 <SV = 42> <Delay = 3.31>
ST_43 : Operation 887 [1/2] (2.32ns)   --->   "%input_V_load_10 = load i8* %input_V_addr_11, align 1" [aes/aes_encrypt.cpp:171->aes/aes_encrypt.cpp:219]   --->   Operation 887 'load' 'input_V_load_10' <Predicate = true> <Delay = 2.32> <Core = "RAM">   --->   Core 37 'RAM' <Latency = 1> <II = 1> <Delay = 2.32> <Storage> <Opcode : 'load' 'store'> <Ports = 2> <Width = 8> <Depth = 16> <RAM>
ST_43 : Operation 888 [1/2] (2.32ns)   --->   "%input_V_load_11 = load i8* %input_V_addr_12, align 1" [aes/aes_encrypt.cpp:171->aes/aes_encrypt.cpp:219]   --->   Operation 888 'load' 'input_V_load_11' <Predicate = true> <Delay = 2.32> <Core = "RAM">   --->   Core 37 'RAM' <Latency = 1> <II = 1> <Delay = 2.32> <Storage> <Opcode : 'load' 'store'> <Ports = 2> <Width = 8> <Depth = 16> <RAM>
ST_43 : Operation 889 [1/1] (0.00ns)   --->   "%input_V_addr_13 = getelementptr [16 x i8]* %input_V, i64 0, i64 12" [aes/aes_encrypt.cpp:171->aes/aes_encrypt.cpp:219]   --->   Operation 889 'getelementptr' 'input_V_addr_13' <Predicate = true> <Delay = 0.00>
ST_43 : Operation 890 [2/2] (2.32ns)   --->   "%input_V_load_12 = load i8* %input_V_addr_13, align 1" [aes/aes_encrypt.cpp:171->aes/aes_encrypt.cpp:219]   --->   Operation 890 'load' 'input_V_load_12' <Predicate = true> <Delay = 2.32> <Core = "RAM">   --->   Core 37 'RAM' <Latency = 1> <II = 1> <Delay = 2.32> <Storage> <Opcode : 'load' 'store'> <Ports = 2> <Width = 8> <Depth = 16> <RAM>
ST_43 : Operation 891 [1/1] (0.00ns)   --->   "%input_V_addr_14 = getelementptr [16 x i8]* %input_V, i64 0, i64 13" [aes/aes_encrypt.cpp:171->aes/aes_encrypt.cpp:219]   --->   Operation 891 'getelementptr' 'input_V_addr_14' <Predicate = true> <Delay = 0.00>
ST_43 : Operation 892 [2/2] (2.32ns)   --->   "%input_V_load_13 = load i8* %input_V_addr_14, align 1" [aes/aes_encrypt.cpp:171->aes/aes_encrypt.cpp:219]   --->   Operation 892 'load' 'input_V_load_13' <Predicate = true> <Delay = 2.32> <Core = "RAM">   --->   Core 37 'RAM' <Latency = 1> <II = 1> <Delay = 2.32> <Storage> <Opcode : 'load' 'store'> <Ports = 2> <Width = 8> <Depth = 16> <RAM>
ST_43 : Operation 893 [1/1] (0.99ns)   --->   "%state_2_2_V = xor i8 %input_V_load_10, %key_V_load_10" [aes/aes_encrypt.cpp:156->aes/aes_encrypt.cpp:174->aes/aes_encrypt.cpp:219]   --->   Operation 893 'xor' 'state_2_2_V' <Predicate = true> <Delay = 0.99> <Core = "LogicGate">   --->   Core 27 'LogicGate' <Latency = 0> <II = 1> <Delay = 0.99> <FuncUnit> <Opcode : 'and' 'or' 'xor'> <InPorts = 2> <OutPorts = 1>
ST_43 : Operation 894 [1/1] (0.99ns)   --->   "%state_3_2_V = xor i8 %input_V_load_11, %key_V_load_11" [aes/aes_encrypt.cpp:156->aes/aes_encrypt.cpp:174->aes/aes_encrypt.cpp:219]   --->   Operation 894 'xor' 'state_3_2_V' <Predicate = true> <Delay = 0.99> <Core = "LogicGate">   --->   Core 27 'LogicGate' <Latency = 0> <II = 1> <Delay = 0.99> <FuncUnit> <Opcode : 'and' 'or' 'xor'> <InPorts = 2> <OutPorts = 1>

State 44 <SV = 43> <Delay = 3.31>
ST_44 : Operation 895 [1/2] (2.32ns)   --->   "%input_V_load_12 = load i8* %input_V_addr_13, align 1" [aes/aes_encrypt.cpp:171->aes/aes_encrypt.cpp:219]   --->   Operation 895 'load' 'input_V_load_12' <Predicate = true> <Delay = 2.32> <Core = "RAM">   --->   Core 37 'RAM' <Latency = 1> <II = 1> <Delay = 2.32> <Storage> <Opcode : 'load' 'store'> <Ports = 2> <Width = 8> <Depth = 16> <RAM>
ST_44 : Operation 896 [1/2] (2.32ns)   --->   "%input_V_load_13 = load i8* %input_V_addr_14, align 1" [aes/aes_encrypt.cpp:171->aes/aes_encrypt.cpp:219]   --->   Operation 896 'load' 'input_V_load_13' <Predicate = true> <Delay = 2.32> <Core = "RAM">   --->   Core 37 'RAM' <Latency = 1> <II = 1> <Delay = 2.32> <Storage> <Opcode : 'load' 'store'> <Ports = 2> <Width = 8> <Depth = 16> <RAM>
ST_44 : Operation 897 [1/1] (0.00ns)   --->   "%input_V_addr_15 = getelementptr [16 x i8]* %input_V, i64 0, i64 14" [aes/aes_encrypt.cpp:171->aes/aes_encrypt.cpp:219]   --->   Operation 897 'getelementptr' 'input_V_addr_15' <Predicate = true> <Delay = 0.00>
ST_44 : Operation 898 [2/2] (2.32ns)   --->   "%input_V_load_14 = load i8* %input_V_addr_15, align 1" [aes/aes_encrypt.cpp:171->aes/aes_encrypt.cpp:219]   --->   Operation 898 'load' 'input_V_load_14' <Predicate = true> <Delay = 2.32> <Core = "RAM">   --->   Core 37 'RAM' <Latency = 1> <II = 1> <Delay = 2.32> <Storage> <Opcode : 'load' 'store'> <Ports = 2> <Width = 8> <Depth = 16> <RAM>
ST_44 : Operation 899 [1/1] (0.00ns)   --->   "%input_V_addr_16 = getelementptr [16 x i8]* %input_V, i64 0, i64 15" [aes/aes_encrypt.cpp:171->aes/aes_encrypt.cpp:219]   --->   Operation 899 'getelementptr' 'input_V_addr_16' <Predicate = true> <Delay = 0.00>
ST_44 : Operation 900 [2/2] (2.32ns)   --->   "%input_V_load_15 = load i8* %input_V_addr_16, align 1" [aes/aes_encrypt.cpp:171->aes/aes_encrypt.cpp:219]   --->   Operation 900 'load' 'input_V_load_15' <Predicate = true> <Delay = 2.32> <Core = "RAM">   --->   Core 37 'RAM' <Latency = 1> <II = 1> <Delay = 2.32> <Storage> <Opcode : 'load' 'store'> <Ports = 2> <Width = 8> <Depth = 16> <RAM>
ST_44 : Operation 901 [1/1] (0.99ns)   --->   "%state_0_3_V = xor i8 %input_V_load_12, %key_V_load_12" [aes/aes_encrypt.cpp:156->aes/aes_encrypt.cpp:174->aes/aes_encrypt.cpp:219]   --->   Operation 901 'xor' 'state_0_3_V' <Predicate = true> <Delay = 0.99> <Core = "LogicGate">   --->   Core 27 'LogicGate' <Latency = 0> <II = 1> <Delay = 0.99> <FuncUnit> <Opcode : 'and' 'or' 'xor'> <InPorts = 2> <OutPorts = 1>
ST_44 : Operation 902 [1/1] (0.99ns)   --->   "%state_1_3_V = xor i8 %input_V_load_13, %key_V_load_13" [aes/aes_encrypt.cpp:156->aes/aes_encrypt.cpp:174->aes/aes_encrypt.cpp:219]   --->   Operation 902 'xor' 'state_1_3_V' <Predicate = true> <Delay = 0.99> <Core = "LogicGate">   --->   Core 27 'LogicGate' <Latency = 0> <II = 1> <Delay = 0.99> <FuncUnit> <Opcode : 'and' 'or' 'xor'> <InPorts = 2> <OutPorts = 1>

State 45 <SV = 44> <Delay = 3.31>
ST_45 : Operation 903 [1/2] (2.32ns)   --->   "%input_V_load_14 = load i8* %input_V_addr_15, align 1" [aes/aes_encrypt.cpp:171->aes/aes_encrypt.cpp:219]   --->   Operation 903 'load' 'input_V_load_14' <Predicate = true> <Delay = 2.32> <Core = "RAM">   --->   Core 37 'RAM' <Latency = 1> <II = 1> <Delay = 2.32> <Storage> <Opcode : 'load' 'store'> <Ports = 2> <Width = 8> <Depth = 16> <RAM>
ST_45 : Operation 904 [1/2] (2.32ns)   --->   "%input_V_load_15 = load i8* %input_V_addr_16, align 1" [aes/aes_encrypt.cpp:171->aes/aes_encrypt.cpp:219]   --->   Operation 904 'load' 'input_V_load_15' <Predicate = true> <Delay = 2.32> <Core = "RAM">   --->   Core 37 'RAM' <Latency = 1> <II = 1> <Delay = 2.32> <Storage> <Opcode : 'load' 'store'> <Ports = 2> <Width = 8> <Depth = 16> <RAM>
ST_45 : Operation 905 [1/1] (0.99ns)   --->   "%state_2_3_V = xor i8 %input_V_load_14, %key_V_load_14" [aes/aes_encrypt.cpp:156->aes/aes_encrypt.cpp:174->aes/aes_encrypt.cpp:219]   --->   Operation 905 'xor' 'state_2_3_V' <Predicate = true> <Delay = 0.99> <Core = "LogicGate">   --->   Core 27 'LogicGate' <Latency = 0> <II = 1> <Delay = 0.99> <FuncUnit> <Opcode : 'and' 'or' 'xor'> <InPorts = 2> <OutPorts = 1>
ST_45 : Operation 906 [1/1] (0.99ns)   --->   "%state_3_3_V = xor i8 %input_V_load_15, %key_V_load_15" [aes/aes_encrypt.cpp:156->aes/aes_encrypt.cpp:174->aes/aes_encrypt.cpp:219]   --->   Operation 906 'xor' 'state_3_3_V' <Predicate = true> <Delay = 0.99> <Core = "LogicGate">   --->   Core 27 'LogicGate' <Latency = 0> <II = 1> <Delay = 0.99> <FuncUnit> <Opcode : 'and' 'or' 'xor'> <InPorts = 2> <OutPorts = 1>
ST_45 : Operation 907 [1/1] (1.76ns)   --->   "br label %AddRoundKey.exit31.i" [aes/aes_encrypt.cpp:176->aes/aes_encrypt.cpp:219]   --->   Operation 907 'br' <Predicate = true> <Delay = 1.76>

State 46 <SV = 45> <Delay = 3.25>
ST_46 : Operation 908 [1/1] (0.00ns)   --->   "%state_V_3_3 = phi i8 [ %state_3_3_V, %.preheader70.preheader ], [ %state_3_3_V_3, %SubBytes.exit45.i_ifconv ]"   --->   Operation 908 'phi' 'state_V_3_3' <Predicate = true> <Delay = 0.00>
ST_46 : Operation 909 [1/1] (0.00ns)   --->   "%state_V_3_2 = phi i8 [ %state_3_2_V, %.preheader70.preheader ], [ %state_3_2_V_3, %SubBytes.exit45.i_ifconv ]"   --->   Operation 909 'phi' 'state_V_3_2' <Predicate = true> <Delay = 0.00>
ST_46 : Operation 910 [1/1] (0.00ns)   --->   "%state_V_3_1 = phi i8 [ %state_3_1_V, %.preheader70.preheader ], [ %state_3_1_V_3, %SubBytes.exit45.i_ifconv ]"   --->   Operation 910 'phi' 'state_V_3_1' <Predicate = true> <Delay = 0.00>
ST_46 : Operation 911 [1/1] (0.00ns)   --->   "%state_V_3 = phi i8 [ %state_3_0_V, %.preheader70.preheader ], [ %state_3_0_V_3, %SubBytes.exit45.i_ifconv ]"   --->   Operation 911 'phi' 'state_V_3' <Predicate = true> <Delay = 0.00>
ST_46 : Operation 912 [1/1] (0.00ns)   --->   "%state_V_2_3 = phi i8 [ %state_2_3_V, %.preheader70.preheader ], [ %state_2_3_V_3, %SubBytes.exit45.i_ifconv ]"   --->   Operation 912 'phi' 'state_V_2_3' <Predicate = true> <Delay = 0.00>
ST_46 : Operation 913 [1/1] (0.00ns)   --->   "%state_V_2_2 = phi i8 [ %state_2_2_V, %.preheader70.preheader ], [ %state_2_2_V_3, %SubBytes.exit45.i_ifconv ]"   --->   Operation 913 'phi' 'state_V_2_2' <Predicate = true> <Delay = 0.00>
ST_46 : Operation 914 [1/1] (0.00ns)   --->   "%state_V_2_1 = phi i8 [ %state_2_1_V, %.preheader70.preheader ], [ %state_2_1_V_3, %SubBytes.exit45.i_ifconv ]"   --->   Operation 914 'phi' 'state_V_2_1' <Predicate = true> <Delay = 0.00>
ST_46 : Operation 915 [1/1] (0.00ns)   --->   "%state_V_2 = phi i8 [ %state_2_0_V, %.preheader70.preheader ], [ %state_2_0_V_3, %SubBytes.exit45.i_ifconv ]"   --->   Operation 915 'phi' 'state_V_2' <Predicate = true> <Delay = 0.00>
ST_46 : Operation 916 [1/1] (0.00ns)   --->   "%state_V_1_3 = phi i8 [ %state_1_3_V, %.preheader70.preheader ], [ %state_1_3_V_3, %SubBytes.exit45.i_ifconv ]"   --->   Operation 916 'phi' 'state_V_1_3' <Predicate = true> <Delay = 0.00>
ST_46 : Operation 917 [1/1] (0.00ns)   --->   "%state_V_1_2 = phi i8 [ %state_1_2_V, %.preheader70.preheader ], [ %state_1_2_V_3, %SubBytes.exit45.i_ifconv ]"   --->   Operation 917 'phi' 'state_V_1_2' <Predicate = true> <Delay = 0.00>
ST_46 : Operation 918 [1/1] (0.00ns)   --->   "%state_V_1_1 = phi i8 [ %state_1_1_V, %.preheader70.preheader ], [ %state_1_1_V_3, %SubBytes.exit45.i_ifconv ]"   --->   Operation 918 'phi' 'state_V_1_1' <Predicate = true> <Delay = 0.00>
ST_46 : Operation 919 [1/1] (0.00ns)   --->   "%state_V_1 = phi i8 [ %state_1_0_V, %.preheader70.preheader ], [ %state_1_0_V_3, %SubBytes.exit45.i_ifconv ]"   --->   Operation 919 'phi' 'state_V_1' <Predicate = true> <Delay = 0.00>
ST_46 : Operation 920 [1/1] (0.00ns)   --->   "%state_V_0_3 = phi i8 [ %state_0_3_V, %.preheader70.preheader ], [ %state_0_3_V_3, %SubBytes.exit45.i_ifconv ]"   --->   Operation 920 'phi' 'state_V_0_3' <Predicate = true> <Delay = 0.00>
ST_46 : Operation 921 [1/1] (0.00ns)   --->   "%state_V_0_2 = phi i8 [ %state_0_2_V, %.preheader70.preheader ], [ %state_0_2_V_3, %SubBytes.exit45.i_ifconv ]"   --->   Operation 921 'phi' 'state_V_0_2' <Predicate = true> <Delay = 0.00>
ST_46 : Operation 922 [1/1] (0.00ns)   --->   "%state_V_0_1 = phi i8 [ %state_0_1_V, %.preheader70.preheader ], [ %state_0_1_V_3, %SubBytes.exit45.i_ifconv ]"   --->   Operation 922 'phi' 'state_V_0_1' <Predicate = true> <Delay = 0.00>
ST_46 : Operation 923 [1/1] (0.00ns)   --->   "%state_V = phi i8 [ %state_0_0_V, %.preheader70.preheader ], [ %state_0_0_V_3, %SubBytes.exit45.i_ifconv ]"   --->   Operation 923 'phi' 'state_V' <Predicate = true> <Delay = 0.00>
ST_46 : Operation 924 [1/1] (0.00ns)   --->   "%round_assign = phi i4 [ 1, %.preheader70.preheader ], [ %round, %SubBytes.exit45.i_ifconv ]"   --->   Operation 924 'phi' 'round_assign' <Predicate = true> <Delay = 0.00>
ST_46 : Operation 925 [1/1] (1.30ns)   --->   "%exitcond8_i = icmp eq i4 %round_assign, -6" [aes/aes_encrypt.cpp:176->aes/aes_encrypt.cpp:219]   --->   Operation 925 'icmp' 'exitcond8_i' <Predicate = true> <Delay = 1.30> <Core = "Cmp">   --->   Core 25 'Cmp' <Latency = 0> <II = 1> <Delay = 1.36> <FuncUnit> <Opcode : 'icmp'> <InPorts = 2> <OutPorts = 1>
ST_46 : Operation 926 [1/1] (0.00ns)   --->   "%empty_7 = call i32 (...)* @_ssdm_op_SpecLoopTripCount(i64 9, i64 9, i64 9)"   --->   Operation 926 'speclooptripcount' 'empty_7' <Predicate = true> <Delay = 0.00>
ST_46 : Operation 927 [1/1] (0.00ns)   --->   "br i1 %exitcond8_i, label %.preheader.0_ifconv, label %SubBytes.exit45.i_ifconv" [aes/aes_encrypt.cpp:176->aes/aes_encrypt.cpp:219]   --->   Operation 927 'br' <Predicate = true> <Delay = 0.00>
ST_46 : Operation 928 [1/1] (0.00ns)   --->   "%tmp_25 = trunc i8 %state_V to i1" [aes/aes_encrypt.cpp:101->aes/aes_encrypt.cpp:178->aes/aes_encrypt.cpp:219]   --->   Operation 928 'trunc' 'tmp_25' <Predicate = (!exitcond8_i)> <Delay = 0.00>
ST_46 : Operation 929 [1/1] (0.00ns)   --->   "%newIndex2 = call i7 @_ssdm_op_PartSelect.i7.i8.i32.i32(i8 %state_V, i32 1, i32 7)" [aes/aes_encrypt.cpp:101->aes/aes_encrypt.cpp:178->aes/aes_encrypt.cpp:219]   --->   Operation 929 'partselect' 'newIndex2' <Predicate = (!exitcond8_i)> <Delay = 0.00>
ST_46 : Operation 930 [1/1] (0.00ns)   --->   "%newIndex3 = zext i7 %newIndex2 to i64" [aes/aes_encrypt.cpp:101->aes/aes_encrypt.cpp:178->aes/aes_encrypt.cpp:219]   --->   Operation 930 'zext' 'newIndex3' <Predicate = (!exitcond8_i)> <Delay = 0.00>
ST_46 : Operation 931 [1/1] (0.00ns)   --->   "%sboxSub_V_0_addr_1 = getelementptr [128 x i8]* @sboxSub_V_0, i64 0, i64 %newIndex3" [aes/aes_encrypt.cpp:101->aes/aes_encrypt.cpp:178->aes/aes_encrypt.cpp:219]   --->   Operation 931 'getelementptr' 'sboxSub_V_0_addr_1' <Predicate = (!exitcond8_i)> <Delay = 0.00>
ST_46 : Operation 932 [1/1] (0.00ns)   --->   "%sboxSub_V_1_addr_1 = getelementptr [128 x i8]* @sboxSub_V_1, i64 0, i64 %newIndex3" [aes/aes_encrypt.cpp:101->aes/aes_encrypt.cpp:178->aes/aes_encrypt.cpp:219]   --->   Operation 932 'getelementptr' 'sboxSub_V_1_addr_1' <Predicate = (!exitcond8_i)> <Delay = 0.00>
ST_46 : Operation 933 [2/2] (3.25ns)   --->   "%sboxSub_V_1_load_1 = load i8* %sboxSub_V_1_addr_1, align 1" [aes/aes_encrypt.cpp:101->aes/aes_encrypt.cpp:178->aes/aes_encrypt.cpp:219]   --->   Operation 933 'load' 'sboxSub_V_1_load_1' <Predicate = (!exitcond8_i)> <Delay = 3.25> <Core = "ROM_nP">   --->   Core 52 'ROM_nP' <Latency = 1> <II = 1> <Delay = 3.25> <Storage> <Opcode : 'load'> <Ports = 0> <Width = 8> <Depth = 128> <ROM>
ST_46 : Operation 934 [2/2] (3.25ns)   --->   "%sboxSub_V_0_load_1 = load i8* %sboxSub_V_0_addr_1, align 1" [aes/aes_encrypt.cpp:101->aes/aes_encrypt.cpp:178->aes/aes_encrypt.cpp:219]   --->   Operation 934 'load' 'sboxSub_V_0_load_1' <Predicate = (!exitcond8_i)> <Delay = 3.25> <Core = "ROM_nP">   --->   Core 52 'ROM_nP' <Latency = 1> <II = 1> <Delay = 3.25> <Storage> <Opcode : 'load'> <Ports = 0> <Width = 8> <Depth = 128> <ROM>
ST_46 : Operation 935 [1/1] (0.00ns)   --->   "%tmp_26 = trunc i8 %state_V_0_1 to i1" [aes/aes_encrypt.cpp:101->aes/aes_encrypt.cpp:178->aes/aes_encrypt.cpp:219]   --->   Operation 935 'trunc' 'tmp_26' <Predicate = (!exitcond8_i)> <Delay = 0.00>
ST_46 : Operation 936 [1/1] (0.00ns)   --->   "%newIndex6 = call i7 @_ssdm_op_PartSelect.i7.i8.i32.i32(i8 %state_V_0_1, i32 1, i32 7)" [aes/aes_encrypt.cpp:101->aes/aes_encrypt.cpp:178->aes/aes_encrypt.cpp:219]   --->   Operation 936 'partselect' 'newIndex6' <Predicate = (!exitcond8_i)> <Delay = 0.00>
ST_46 : Operation 937 [1/1] (0.00ns)   --->   "%newIndex7 = zext i7 %newIndex6 to i64" [aes/aes_encrypt.cpp:101->aes/aes_encrypt.cpp:178->aes/aes_encrypt.cpp:219]   --->   Operation 937 'zext' 'newIndex7' <Predicate = (!exitcond8_i)> <Delay = 0.00>
ST_46 : Operation 938 [1/1] (0.00ns)   --->   "%sboxSub_V_0_addr_3 = getelementptr [128 x i8]* @sboxSub_V_0, i64 0, i64 %newIndex7" [aes/aes_encrypt.cpp:101->aes/aes_encrypt.cpp:178->aes/aes_encrypt.cpp:219]   --->   Operation 938 'getelementptr' 'sboxSub_V_0_addr_3' <Predicate = (!exitcond8_i)> <Delay = 0.00>
ST_46 : Operation 939 [1/1] (0.00ns)   --->   "%sboxSub_V_1_addr_3 = getelementptr [128 x i8]* @sboxSub_V_1, i64 0, i64 %newIndex7" [aes/aes_encrypt.cpp:101->aes/aes_encrypt.cpp:178->aes/aes_encrypt.cpp:219]   --->   Operation 939 'getelementptr' 'sboxSub_V_1_addr_3' <Predicate = (!exitcond8_i)> <Delay = 0.00>
ST_46 : Operation 940 [2/2] (3.25ns)   --->   "%sboxSub_V_1_load_3 = load i8* %sboxSub_V_1_addr_3, align 1" [aes/aes_encrypt.cpp:101->aes/aes_encrypt.cpp:178->aes/aes_encrypt.cpp:219]   --->   Operation 940 'load' 'sboxSub_V_1_load_3' <Predicate = (!exitcond8_i)> <Delay = 3.25> <Core = "ROM_nP">   --->   Core 52 'ROM_nP' <Latency = 1> <II = 1> <Delay = 3.25> <Storage> <Opcode : 'load'> <Ports = 0> <Width = 8> <Depth = 128> <ROM>
ST_46 : Operation 941 [2/2] (3.25ns)   --->   "%sboxSub_V_0_load_3 = load i8* %sboxSub_V_0_addr_3, align 1" [aes/aes_encrypt.cpp:101->aes/aes_encrypt.cpp:178->aes/aes_encrypt.cpp:219]   --->   Operation 941 'load' 'sboxSub_V_0_load_3' <Predicate = (!exitcond8_i)> <Delay = 3.25> <Core = "ROM_nP">   --->   Core 52 'ROM_nP' <Latency = 1> <II = 1> <Delay = 3.25> <Storage> <Opcode : 'load'> <Ports = 0> <Width = 8> <Depth = 128> <ROM>
ST_46 : Operation 942 [1/1] (0.00ns)   --->   "%tmp_27 = trunc i8 %state_V_0_2 to i1" [aes/aes_encrypt.cpp:101->aes/aes_encrypt.cpp:178->aes/aes_encrypt.cpp:219]   --->   Operation 942 'trunc' 'tmp_27' <Predicate = (!exitcond8_i)> <Delay = 0.00>
ST_46 : Operation 943 [1/1] (0.00ns)   --->   "%newIndex10 = call i7 @_ssdm_op_PartSelect.i7.i8.i32.i32(i8 %state_V_0_2, i32 1, i32 7)" [aes/aes_encrypt.cpp:101->aes/aes_encrypt.cpp:178->aes/aes_encrypt.cpp:219]   --->   Operation 943 'partselect' 'newIndex10' <Predicate = (!exitcond8_i)> <Delay = 0.00>
ST_46 : Operation 944 [1/1] (0.00ns)   --->   "%newIndex11 = zext i7 %newIndex10 to i64" [aes/aes_encrypt.cpp:101->aes/aes_encrypt.cpp:178->aes/aes_encrypt.cpp:219]   --->   Operation 944 'zext' 'newIndex11' <Predicate = (!exitcond8_i)> <Delay = 0.00>
ST_46 : Operation 945 [1/1] (0.00ns)   --->   "%sboxSub_V_0_addr_5 = getelementptr [128 x i8]* @sboxSub_V_0, i64 0, i64 %newIndex11" [aes/aes_encrypt.cpp:101->aes/aes_encrypt.cpp:178->aes/aes_encrypt.cpp:219]   --->   Operation 945 'getelementptr' 'sboxSub_V_0_addr_5' <Predicate = (!exitcond8_i)> <Delay = 0.00>
ST_46 : Operation 946 [1/1] (0.00ns)   --->   "%sboxSub_V_1_addr_5 = getelementptr [128 x i8]* @sboxSub_V_1, i64 0, i64 %newIndex11" [aes/aes_encrypt.cpp:101->aes/aes_encrypt.cpp:178->aes/aes_encrypt.cpp:219]   --->   Operation 946 'getelementptr' 'sboxSub_V_1_addr_5' <Predicate = (!exitcond8_i)> <Delay = 0.00>
ST_46 : Operation 947 [2/2] (3.25ns)   --->   "%sboxSub_V_1_load_5 = load i8* %sboxSub_V_1_addr_5, align 1" [aes/aes_encrypt.cpp:101->aes/aes_encrypt.cpp:178->aes/aes_encrypt.cpp:219]   --->   Operation 947 'load' 'sboxSub_V_1_load_5' <Predicate = (!exitcond8_i)> <Delay = 3.25> <Core = "ROM_nP">   --->   Core 52 'ROM_nP' <Latency = 1> <II = 1> <Delay = 3.25> <Storage> <Opcode : 'load'> <Ports = 0> <Width = 8> <Depth = 128> <ROM>
ST_46 : Operation 948 [2/2] (3.25ns)   --->   "%sboxSub_V_0_load_5 = load i8* %sboxSub_V_0_addr_5, align 1" [aes/aes_encrypt.cpp:101->aes/aes_encrypt.cpp:178->aes/aes_encrypt.cpp:219]   --->   Operation 948 'load' 'sboxSub_V_0_load_5' <Predicate = (!exitcond8_i)> <Delay = 3.25> <Core = "ROM_nP">   --->   Core 52 'ROM_nP' <Latency = 1> <II = 1> <Delay = 3.25> <Storage> <Opcode : 'load'> <Ports = 0> <Width = 8> <Depth = 128> <ROM>
ST_46 : Operation 949 [1/1] (0.00ns)   --->   "%tmp_28 = trunc i8 %state_V_0_3 to i1" [aes/aes_encrypt.cpp:101->aes/aes_encrypt.cpp:178->aes/aes_encrypt.cpp:219]   --->   Operation 949 'trunc' 'tmp_28' <Predicate = (!exitcond8_i)> <Delay = 0.00>
ST_46 : Operation 950 [1/1] (0.00ns)   --->   "%newIndex14 = call i7 @_ssdm_op_PartSelect.i7.i8.i32.i32(i8 %state_V_0_3, i32 1, i32 7)" [aes/aes_encrypt.cpp:101->aes/aes_encrypt.cpp:178->aes/aes_encrypt.cpp:219]   --->   Operation 950 'partselect' 'newIndex14' <Predicate = (!exitcond8_i)> <Delay = 0.00>
ST_46 : Operation 951 [1/1] (0.00ns)   --->   "%newIndex15 = zext i7 %newIndex14 to i64" [aes/aes_encrypt.cpp:101->aes/aes_encrypt.cpp:178->aes/aes_encrypt.cpp:219]   --->   Operation 951 'zext' 'newIndex15' <Predicate = (!exitcond8_i)> <Delay = 0.00>
ST_46 : Operation 952 [1/1] (0.00ns)   --->   "%sboxSub_V_0_addr_7 = getelementptr [128 x i8]* @sboxSub_V_0, i64 0, i64 %newIndex15" [aes/aes_encrypt.cpp:101->aes/aes_encrypt.cpp:178->aes/aes_encrypt.cpp:219]   --->   Operation 952 'getelementptr' 'sboxSub_V_0_addr_7' <Predicate = (!exitcond8_i)> <Delay = 0.00>
ST_46 : Operation 953 [1/1] (0.00ns)   --->   "%sboxSub_V_1_addr_7 = getelementptr [128 x i8]* @sboxSub_V_1, i64 0, i64 %newIndex15" [aes/aes_encrypt.cpp:101->aes/aes_encrypt.cpp:178->aes/aes_encrypt.cpp:219]   --->   Operation 953 'getelementptr' 'sboxSub_V_1_addr_7' <Predicate = (!exitcond8_i)> <Delay = 0.00>
ST_46 : Operation 954 [2/2] (3.25ns)   --->   "%sboxSub_V_1_load_7 = load i8* %sboxSub_V_1_addr_7, align 1" [aes/aes_encrypt.cpp:101->aes/aes_encrypt.cpp:178->aes/aes_encrypt.cpp:219]   --->   Operation 954 'load' 'sboxSub_V_1_load_7' <Predicate = (!exitcond8_i)> <Delay = 3.25> <Core = "ROM_nP">   --->   Core 52 'ROM_nP' <Latency = 1> <II = 1> <Delay = 3.25> <Storage> <Opcode : 'load'> <Ports = 0> <Width = 8> <Depth = 128> <ROM>
ST_46 : Operation 955 [2/2] (3.25ns)   --->   "%sboxSub_V_0_load_7 = load i8* %sboxSub_V_0_addr_7, align 1" [aes/aes_encrypt.cpp:101->aes/aes_encrypt.cpp:178->aes/aes_encrypt.cpp:219]   --->   Operation 955 'load' 'sboxSub_V_0_load_7' <Predicate = (!exitcond8_i)> <Delay = 3.25> <Core = "ROM_nP">   --->   Core 52 'ROM_nP' <Latency = 1> <II = 1> <Delay = 3.25> <Storage> <Opcode : 'load'> <Ports = 0> <Width = 8> <Depth = 128> <ROM>
ST_46 : Operation 956 [1/1] (0.00ns)   --->   "%tmp_29 = trunc i8 %state_V_1 to i1" [aes/aes_encrypt.cpp:101->aes/aes_encrypt.cpp:178->aes/aes_encrypt.cpp:219]   --->   Operation 956 'trunc' 'tmp_29' <Predicate = (!exitcond8_i)> <Delay = 0.00>
ST_46 : Operation 957 [1/1] (0.00ns)   --->   "%newIndex18 = call i7 @_ssdm_op_PartSelect.i7.i8.i32.i32(i8 %state_V_1, i32 1, i32 7)" [aes/aes_encrypt.cpp:101->aes/aes_encrypt.cpp:178->aes/aes_encrypt.cpp:219]   --->   Operation 957 'partselect' 'newIndex18' <Predicate = (!exitcond8_i)> <Delay = 0.00>
ST_46 : Operation 958 [1/1] (0.00ns)   --->   "%tmp_30 = trunc i8 %state_V_1_1 to i1" [aes/aes_encrypt.cpp:101->aes/aes_encrypt.cpp:178->aes/aes_encrypt.cpp:219]   --->   Operation 958 'trunc' 'tmp_30' <Predicate = (!exitcond8_i)> <Delay = 0.00>
ST_46 : Operation 959 [1/1] (0.00ns)   --->   "%newIndex22 = call i7 @_ssdm_op_PartSelect.i7.i8.i32.i32(i8 %state_V_1_1, i32 1, i32 7)" [aes/aes_encrypt.cpp:101->aes/aes_encrypt.cpp:178->aes/aes_encrypt.cpp:219]   --->   Operation 959 'partselect' 'newIndex22' <Predicate = (!exitcond8_i)> <Delay = 0.00>
ST_46 : Operation 960 [1/1] (0.00ns)   --->   "%tmp_31 = trunc i8 %state_V_1_2 to i1" [aes/aes_encrypt.cpp:101->aes/aes_encrypt.cpp:178->aes/aes_encrypt.cpp:219]   --->   Operation 960 'trunc' 'tmp_31' <Predicate = (!exitcond8_i)> <Delay = 0.00>
ST_46 : Operation 961 [1/1] (0.00ns)   --->   "%newIndex26 = call i7 @_ssdm_op_PartSelect.i7.i8.i32.i32(i8 %state_V_1_2, i32 1, i32 7)" [aes/aes_encrypt.cpp:101->aes/aes_encrypt.cpp:178->aes/aes_encrypt.cpp:219]   --->   Operation 961 'partselect' 'newIndex26' <Predicate = (!exitcond8_i)> <Delay = 0.00>
ST_46 : Operation 962 [1/1] (0.00ns)   --->   "%tmp_32 = trunc i8 %state_V_1_3 to i1" [aes/aes_encrypt.cpp:101->aes/aes_encrypt.cpp:178->aes/aes_encrypt.cpp:219]   --->   Operation 962 'trunc' 'tmp_32' <Predicate = (!exitcond8_i)> <Delay = 0.00>
ST_46 : Operation 963 [1/1] (0.00ns)   --->   "%newIndex30 = call i7 @_ssdm_op_PartSelect.i7.i8.i32.i32(i8 %state_V_1_3, i32 1, i32 7)" [aes/aes_encrypt.cpp:101->aes/aes_encrypt.cpp:178->aes/aes_encrypt.cpp:219]   --->   Operation 963 'partselect' 'newIndex30' <Predicate = (!exitcond8_i)> <Delay = 0.00>
ST_46 : Operation 964 [1/1] (0.00ns)   --->   "%tmp_33 = trunc i8 %state_V_2 to i1" [aes/aes_encrypt.cpp:101->aes/aes_encrypt.cpp:178->aes/aes_encrypt.cpp:219]   --->   Operation 964 'trunc' 'tmp_33' <Predicate = (!exitcond8_i)> <Delay = 0.00>
ST_46 : Operation 965 [1/1] (0.00ns)   --->   "%newIndex34 = call i7 @_ssdm_op_PartSelect.i7.i8.i32.i32(i8 %state_V_2, i32 1, i32 7)" [aes/aes_encrypt.cpp:101->aes/aes_encrypt.cpp:178->aes/aes_encrypt.cpp:219]   --->   Operation 965 'partselect' 'newIndex34' <Predicate = (!exitcond8_i)> <Delay = 0.00>
ST_46 : Operation 966 [1/1] (0.00ns)   --->   "%tmp_34 = trunc i8 %state_V_2_1 to i1" [aes/aes_encrypt.cpp:101->aes/aes_encrypt.cpp:178->aes/aes_encrypt.cpp:219]   --->   Operation 966 'trunc' 'tmp_34' <Predicate = (!exitcond8_i)> <Delay = 0.00>
ST_46 : Operation 967 [1/1] (0.00ns)   --->   "%newIndex38 = call i7 @_ssdm_op_PartSelect.i7.i8.i32.i32(i8 %state_V_2_1, i32 1, i32 7)" [aes/aes_encrypt.cpp:101->aes/aes_encrypt.cpp:178->aes/aes_encrypt.cpp:219]   --->   Operation 967 'partselect' 'newIndex38' <Predicate = (!exitcond8_i)> <Delay = 0.00>
ST_46 : Operation 968 [1/1] (0.00ns)   --->   "%tmp_35 = trunc i8 %state_V_2_2 to i1" [aes/aes_encrypt.cpp:101->aes/aes_encrypt.cpp:178->aes/aes_encrypt.cpp:219]   --->   Operation 968 'trunc' 'tmp_35' <Predicate = (!exitcond8_i)> <Delay = 0.00>
ST_46 : Operation 969 [1/1] (0.00ns)   --->   "%newIndex42 = call i7 @_ssdm_op_PartSelect.i7.i8.i32.i32(i8 %state_V_2_2, i32 1, i32 7)" [aes/aes_encrypt.cpp:101->aes/aes_encrypt.cpp:178->aes/aes_encrypt.cpp:219]   --->   Operation 969 'partselect' 'newIndex42' <Predicate = (!exitcond8_i)> <Delay = 0.00>
ST_46 : Operation 970 [1/1] (0.00ns)   --->   "%tmp_36 = trunc i8 %state_V_2_3 to i1" [aes/aes_encrypt.cpp:101->aes/aes_encrypt.cpp:178->aes/aes_encrypt.cpp:219]   --->   Operation 970 'trunc' 'tmp_36' <Predicate = (!exitcond8_i)> <Delay = 0.00>
ST_46 : Operation 971 [1/1] (0.00ns)   --->   "%newIndex46 = call i7 @_ssdm_op_PartSelect.i7.i8.i32.i32(i8 %state_V_2_3, i32 1, i32 7)" [aes/aes_encrypt.cpp:101->aes/aes_encrypt.cpp:178->aes/aes_encrypt.cpp:219]   --->   Operation 971 'partselect' 'newIndex46' <Predicate = (!exitcond8_i)> <Delay = 0.00>
ST_46 : Operation 972 [1/1] (0.00ns)   --->   "%tmp_37 = trunc i8 %state_V_3 to i1" [aes/aes_encrypt.cpp:101->aes/aes_encrypt.cpp:178->aes/aes_encrypt.cpp:219]   --->   Operation 972 'trunc' 'tmp_37' <Predicate = (!exitcond8_i)> <Delay = 0.00>
ST_46 : Operation 973 [1/1] (0.00ns)   --->   "%newIndex50 = call i7 @_ssdm_op_PartSelect.i7.i8.i32.i32(i8 %state_V_3, i32 1, i32 7)" [aes/aes_encrypt.cpp:101->aes/aes_encrypt.cpp:178->aes/aes_encrypt.cpp:219]   --->   Operation 973 'partselect' 'newIndex50' <Predicate = (!exitcond8_i)> <Delay = 0.00>
ST_46 : Operation 974 [1/1] (0.00ns)   --->   "%tmp_38 = trunc i8 %state_V_3_1 to i1" [aes/aes_encrypt.cpp:101->aes/aes_encrypt.cpp:178->aes/aes_encrypt.cpp:219]   --->   Operation 974 'trunc' 'tmp_38' <Predicate = (!exitcond8_i)> <Delay = 0.00>
ST_46 : Operation 975 [1/1] (0.00ns)   --->   "%newIndex54 = call i7 @_ssdm_op_PartSelect.i7.i8.i32.i32(i8 %state_V_3_1, i32 1, i32 7)" [aes/aes_encrypt.cpp:101->aes/aes_encrypt.cpp:178->aes/aes_encrypt.cpp:219]   --->   Operation 975 'partselect' 'newIndex54' <Predicate = (!exitcond8_i)> <Delay = 0.00>
ST_46 : Operation 976 [1/1] (0.00ns)   --->   "%tmp_39 = trunc i8 %state_V_3_2 to i1" [aes/aes_encrypt.cpp:101->aes/aes_encrypt.cpp:178->aes/aes_encrypt.cpp:219]   --->   Operation 976 'trunc' 'tmp_39' <Predicate = (!exitcond8_i)> <Delay = 0.00>
ST_46 : Operation 977 [1/1] (0.00ns)   --->   "%newIndex58 = call i7 @_ssdm_op_PartSelect.i7.i8.i32.i32(i8 %state_V_3_2, i32 1, i32 7)" [aes/aes_encrypt.cpp:101->aes/aes_encrypt.cpp:178->aes/aes_encrypt.cpp:219]   --->   Operation 977 'partselect' 'newIndex58' <Predicate = (!exitcond8_i)> <Delay = 0.00>
ST_46 : Operation 978 [1/1] (0.00ns)   --->   "%tmp_40 = trunc i8 %state_V_3_3 to i1" [aes/aes_encrypt.cpp:101->aes/aes_encrypt.cpp:178->aes/aes_encrypt.cpp:219]   --->   Operation 978 'trunc' 'tmp_40' <Predicate = (!exitcond8_i)> <Delay = 0.00>
ST_46 : Operation 979 [1/1] (0.00ns)   --->   "%newIndex62 = call i7 @_ssdm_op_PartSelect.i7.i8.i32.i32(i8 %state_V_3_3, i32 1, i32 7)" [aes/aes_encrypt.cpp:101->aes/aes_encrypt.cpp:178->aes/aes_encrypt.cpp:219]   --->   Operation 979 'partselect' 'newIndex62' <Predicate = (!exitcond8_i)> <Delay = 0.00>
ST_46 : Operation 980 [1/1] (0.00ns)   --->   "%newIndex64 = zext i4 %round_assign to i64" [aes/aes_encrypt.cpp:156->aes/aes_encrypt.cpp:181->aes/aes_encrypt.cpp:219]   --->   Operation 980 'zext' 'newIndex64' <Predicate = (!exitcond8_i)> <Delay = 0.00>
ST_46 : Operation 981 [1/1] (0.00ns)   --->   "%roundKeys_0_V_addr_11 = getelementptr [11 x i8]* %roundKeys_0_V, i64 0, i64 %newIndex64" [aes/aes_encrypt.cpp:156->aes/aes_encrypt.cpp:181->aes/aes_encrypt.cpp:219]   --->   Operation 981 'getelementptr' 'roundKeys_0_V_addr_11' <Predicate = (!exitcond8_i)> <Delay = 0.00>
ST_46 : Operation 982 [2/2] (2.32ns)   --->   "%roundKeys_0_V_load = load i8* %roundKeys_0_V_addr_11, align 1" [aes/aes_encrypt.cpp:156->aes/aes_encrypt.cpp:181->aes/aes_encrypt.cpp:219]   --->   Operation 982 'load' 'roundKeys_0_V_load' <Predicate = (!exitcond8_i)> <Delay = 2.32> <Core = "RAM">   --->   Core 37 'RAM' <Latency = 1> <II = 1> <Delay = 2.32> <Storage> <Opcode : 'load' 'store'> <Ports = 2> <Width = 8> <Depth = 16> <RAM>
ST_46 : Operation 983 [1/1] (0.00ns)   --->   "%roundKeys_1_V_addr_11 = getelementptr [11 x i8]* %roundKeys_1_V, i64 0, i64 %newIndex64" [aes/aes_encrypt.cpp:156->aes/aes_encrypt.cpp:181->aes/aes_encrypt.cpp:219]   --->   Operation 983 'getelementptr' 'roundKeys_1_V_addr_11' <Predicate = (!exitcond8_i)> <Delay = 0.00>
ST_46 : Operation 984 [2/2] (2.32ns)   --->   "%roundKeys_1_V_load = load i8* %roundKeys_1_V_addr_11, align 1" [aes/aes_encrypt.cpp:156->aes/aes_encrypt.cpp:181->aes/aes_encrypt.cpp:219]   --->   Operation 984 'load' 'roundKeys_1_V_load' <Predicate = (!exitcond8_i)> <Delay = 2.32> <Core = "RAM">   --->   Core 37 'RAM' <Latency = 1> <II = 1> <Delay = 2.32> <Storage> <Opcode : 'load' 'store'> <Ports = 2> <Width = 8> <Depth = 16> <RAM>
ST_46 : Operation 985 [1/1] (0.00ns)   --->   "%roundKeys_2_V_addr_11 = getelementptr [11 x i8]* %roundKeys_2_V, i64 0, i64 %newIndex64" [aes/aes_encrypt.cpp:156->aes/aes_encrypt.cpp:181->aes/aes_encrypt.cpp:219]   --->   Operation 985 'getelementptr' 'roundKeys_2_V_addr_11' <Predicate = (!exitcond8_i)> <Delay = 0.00>
ST_46 : Operation 986 [2/2] (2.32ns)   --->   "%roundKeys_2_V_load = load i8* %roundKeys_2_V_addr_11, align 1" [aes/aes_encrypt.cpp:156->aes/aes_encrypt.cpp:181->aes/aes_encrypt.cpp:219]   --->   Operation 986 'load' 'roundKeys_2_V_load' <Predicate = (!exitcond8_i)> <Delay = 2.32> <Core = "RAM">   --->   Core 37 'RAM' <Latency = 1> <II = 1> <Delay = 2.32> <Storage> <Opcode : 'load' 'store'> <Ports = 2> <Width = 8> <Depth = 16> <RAM>
ST_46 : Operation 987 [1/1] (0.00ns)   --->   "%roundKeys_3_V_addr_11 = getelementptr [11 x i8]* %roundKeys_3_V, i64 0, i64 %newIndex64" [aes/aes_encrypt.cpp:156->aes/aes_encrypt.cpp:181->aes/aes_encrypt.cpp:219]   --->   Operation 987 'getelementptr' 'roundKeys_3_V_addr_11' <Predicate = (!exitcond8_i)> <Delay = 0.00>
ST_46 : Operation 988 [2/2] (2.32ns)   --->   "%roundKeys_3_V_load = load i8* %roundKeys_3_V_addr_11, align 1" [aes/aes_encrypt.cpp:156->aes/aes_encrypt.cpp:181->aes/aes_encrypt.cpp:219]   --->   Operation 988 'load' 'roundKeys_3_V_load' <Predicate = (!exitcond8_i)> <Delay = 2.32> <Core = "RAM">   --->   Core 37 'RAM' <Latency = 1> <II = 1> <Delay = 2.32> <Storage> <Opcode : 'load' 'store'> <Ports = 2> <Width = 8> <Depth = 16> <RAM>
ST_46 : Operation 989 [1/1] (0.00ns)   --->   "%roundKeys_4_V_addr_11 = getelementptr [11 x i8]* %roundKeys_4_V, i64 0, i64 %newIndex64" [aes/aes_encrypt.cpp:156->aes/aes_encrypt.cpp:181->aes/aes_encrypt.cpp:219]   --->   Operation 989 'getelementptr' 'roundKeys_4_V_addr_11' <Predicate = (!exitcond8_i)> <Delay = 0.00>
ST_46 : Operation 990 [2/2] (2.32ns)   --->   "%roundKeys_4_V_load = load i8* %roundKeys_4_V_addr_11, align 1" [aes/aes_encrypt.cpp:156->aes/aes_encrypt.cpp:181->aes/aes_encrypt.cpp:219]   --->   Operation 990 'load' 'roundKeys_4_V_load' <Predicate = (!exitcond8_i)> <Delay = 2.32> <Core = "RAM">   --->   Core 37 'RAM' <Latency = 1> <II = 1> <Delay = 2.32> <Storage> <Opcode : 'load' 'store'> <Ports = 2> <Width = 8> <Depth = 16> <RAM>
ST_46 : Operation 991 [1/1] (0.00ns)   --->   "%roundKeys_5_V_addr_11 = getelementptr [11 x i8]* %roundKeys_5_V, i64 0, i64 %newIndex64" [aes/aes_encrypt.cpp:156->aes/aes_encrypt.cpp:181->aes/aes_encrypt.cpp:219]   --->   Operation 991 'getelementptr' 'roundKeys_5_V_addr_11' <Predicate = (!exitcond8_i)> <Delay = 0.00>
ST_46 : Operation 992 [2/2] (2.32ns)   --->   "%roundKeys_5_V_load = load i8* %roundKeys_5_V_addr_11, align 1" [aes/aes_encrypt.cpp:156->aes/aes_encrypt.cpp:181->aes/aes_encrypt.cpp:219]   --->   Operation 992 'load' 'roundKeys_5_V_load' <Predicate = (!exitcond8_i)> <Delay = 2.32> <Core = "RAM">   --->   Core 37 'RAM' <Latency = 1> <II = 1> <Delay = 2.32> <Storage> <Opcode : 'load' 'store'> <Ports = 2> <Width = 8> <Depth = 16> <RAM>
ST_46 : Operation 993 [1/1] (0.00ns)   --->   "%roundKeys_6_V_addr_11 = getelementptr [11 x i8]* %roundKeys_6_V, i64 0, i64 %newIndex64" [aes/aes_encrypt.cpp:156->aes/aes_encrypt.cpp:181->aes/aes_encrypt.cpp:219]   --->   Operation 993 'getelementptr' 'roundKeys_6_V_addr_11' <Predicate = (!exitcond8_i)> <Delay = 0.00>
ST_46 : Operation 994 [2/2] (2.32ns)   --->   "%roundKeys_6_V_load = load i8* %roundKeys_6_V_addr_11, align 1" [aes/aes_encrypt.cpp:156->aes/aes_encrypt.cpp:181->aes/aes_encrypt.cpp:219]   --->   Operation 994 'load' 'roundKeys_6_V_load' <Predicate = (!exitcond8_i)> <Delay = 2.32> <Core = "RAM">   --->   Core 37 'RAM' <Latency = 1> <II = 1> <Delay = 2.32> <Storage> <Opcode : 'load' 'store'> <Ports = 2> <Width = 8> <Depth = 16> <RAM>
ST_46 : Operation 995 [1/1] (0.00ns)   --->   "%roundKeys_7_V_addr_11 = getelementptr [11 x i8]* %roundKeys_7_V, i64 0, i64 %newIndex64" [aes/aes_encrypt.cpp:156->aes/aes_encrypt.cpp:181->aes/aes_encrypt.cpp:219]   --->   Operation 995 'getelementptr' 'roundKeys_7_V_addr_11' <Predicate = (!exitcond8_i)> <Delay = 0.00>
ST_46 : Operation 996 [2/2] (2.32ns)   --->   "%roundKeys_7_V_load = load i8* %roundKeys_7_V_addr_11, align 1" [aes/aes_encrypt.cpp:156->aes/aes_encrypt.cpp:181->aes/aes_encrypt.cpp:219]   --->   Operation 996 'load' 'roundKeys_7_V_load' <Predicate = (!exitcond8_i)> <Delay = 2.32> <Core = "RAM">   --->   Core 37 'RAM' <Latency = 1> <II = 1> <Delay = 2.32> <Storage> <Opcode : 'load' 'store'> <Ports = 2> <Width = 8> <Depth = 16> <RAM>
ST_46 : Operation 997 [1/1] (0.00ns)   --->   "%roundKeys_8_V_addr_11 = getelementptr [11 x i8]* %roundKeys_8_V, i64 0, i64 %newIndex64" [aes/aes_encrypt.cpp:156->aes/aes_encrypt.cpp:181->aes/aes_encrypt.cpp:219]   --->   Operation 997 'getelementptr' 'roundKeys_8_V_addr_11' <Predicate = (!exitcond8_i)> <Delay = 0.00>
ST_46 : Operation 998 [2/2] (2.32ns)   --->   "%roundKeys_8_V_load = load i8* %roundKeys_8_V_addr_11, align 1" [aes/aes_encrypt.cpp:156->aes/aes_encrypt.cpp:181->aes/aes_encrypt.cpp:219]   --->   Operation 998 'load' 'roundKeys_8_V_load' <Predicate = (!exitcond8_i)> <Delay = 2.32> <Core = "RAM">   --->   Core 37 'RAM' <Latency = 1> <II = 1> <Delay = 2.32> <Storage> <Opcode : 'load' 'store'> <Ports = 2> <Width = 8> <Depth = 16> <RAM>
ST_46 : Operation 999 [1/1] (0.00ns)   --->   "%roundKeys_9_V_addr_11 = getelementptr [11 x i8]* %roundKeys_9_V, i64 0, i64 %newIndex64" [aes/aes_encrypt.cpp:156->aes/aes_encrypt.cpp:181->aes/aes_encrypt.cpp:219]   --->   Operation 999 'getelementptr' 'roundKeys_9_V_addr_11' <Predicate = (!exitcond8_i)> <Delay = 0.00>
ST_46 : Operation 1000 [2/2] (2.32ns)   --->   "%roundKeys_9_V_load = load i8* %roundKeys_9_V_addr_11, align 1" [aes/aes_encrypt.cpp:156->aes/aes_encrypt.cpp:181->aes/aes_encrypt.cpp:219]   --->   Operation 1000 'load' 'roundKeys_9_V_load' <Predicate = (!exitcond8_i)> <Delay = 2.32> <Core = "RAM">   --->   Core 37 'RAM' <Latency = 1> <II = 1> <Delay = 2.32> <Storage> <Opcode : 'load' 'store'> <Ports = 2> <Width = 8> <Depth = 16> <RAM>
ST_46 : Operation 1001 [1/1] (0.00ns)   --->   "%roundKeys_10_V_addr_11 = getelementptr [11 x i8]* %roundKeys_10_V, i64 0, i64 %newIndex64" [aes/aes_encrypt.cpp:156->aes/aes_encrypt.cpp:181->aes/aes_encrypt.cpp:219]   --->   Operation 1001 'getelementptr' 'roundKeys_10_V_addr_11' <Predicate = (!exitcond8_i)> <Delay = 0.00>
ST_46 : Operation 1002 [2/2] (2.32ns)   --->   "%roundKeys_10_V_load = load i8* %roundKeys_10_V_addr_11, align 1" [aes/aes_encrypt.cpp:156->aes/aes_encrypt.cpp:181->aes/aes_encrypt.cpp:219]   --->   Operation 1002 'load' 'roundKeys_10_V_load' <Predicate = (!exitcond8_i)> <Delay = 2.32> <Core = "RAM">   --->   Core 37 'RAM' <Latency = 1> <II = 1> <Delay = 2.32> <Storage> <Opcode : 'load' 'store'> <Ports = 2> <Width = 8> <Depth = 16> <RAM>
ST_46 : Operation 1003 [1/1] (0.00ns)   --->   "%roundKeys_11_V_addr_11 = getelementptr [11 x i8]* %roundKeys_11_V, i64 0, i64 %newIndex64" [aes/aes_encrypt.cpp:156->aes/aes_encrypt.cpp:181->aes/aes_encrypt.cpp:219]   --->   Operation 1003 'getelementptr' 'roundKeys_11_V_addr_11' <Predicate = (!exitcond8_i)> <Delay = 0.00>
ST_46 : Operation 1004 [2/2] (2.32ns)   --->   "%roundKeys_11_V_load = load i8* %roundKeys_11_V_addr_11, align 1" [aes/aes_encrypt.cpp:156->aes/aes_encrypt.cpp:181->aes/aes_encrypt.cpp:219]   --->   Operation 1004 'load' 'roundKeys_11_V_load' <Predicate = (!exitcond8_i)> <Delay = 2.32> <Core = "RAM">   --->   Core 37 'RAM' <Latency = 1> <II = 1> <Delay = 2.32> <Storage> <Opcode : 'load' 'store'> <Ports = 2> <Width = 8> <Depth = 16> <RAM>
ST_46 : Operation 1005 [1/1] (0.00ns)   --->   "%roundKeys_12_V_addr_11 = getelementptr [11 x i8]* %roundKeys_12_V, i64 0, i64 %newIndex64" [aes/aes_encrypt.cpp:156->aes/aes_encrypt.cpp:181->aes/aes_encrypt.cpp:219]   --->   Operation 1005 'getelementptr' 'roundKeys_12_V_addr_11' <Predicate = (!exitcond8_i)> <Delay = 0.00>
ST_46 : Operation 1006 [2/2] (2.32ns)   --->   "%roundKeys_12_V_load = load i8* %roundKeys_12_V_addr_11, align 1" [aes/aes_encrypt.cpp:156->aes/aes_encrypt.cpp:181->aes/aes_encrypt.cpp:219]   --->   Operation 1006 'load' 'roundKeys_12_V_load' <Predicate = (!exitcond8_i)> <Delay = 2.32> <Core = "RAM">   --->   Core 37 'RAM' <Latency = 1> <II = 1> <Delay = 2.32> <Storage> <Opcode : 'load' 'store'> <Ports = 2> <Width = 8> <Depth = 16> <RAM>
ST_46 : Operation 1007 [1/1] (0.00ns)   --->   "%roundKeys_13_V_addr_11 = getelementptr [11 x i8]* %roundKeys_13_V, i64 0, i64 %newIndex64" [aes/aes_encrypt.cpp:156->aes/aes_encrypt.cpp:181->aes/aes_encrypt.cpp:219]   --->   Operation 1007 'getelementptr' 'roundKeys_13_V_addr_11' <Predicate = (!exitcond8_i)> <Delay = 0.00>
ST_46 : Operation 1008 [2/2] (2.32ns)   --->   "%roundKeys_13_V_load = load i8* %roundKeys_13_V_addr_11, align 1" [aes/aes_encrypt.cpp:156->aes/aes_encrypt.cpp:181->aes/aes_encrypt.cpp:219]   --->   Operation 1008 'load' 'roundKeys_13_V_load' <Predicate = (!exitcond8_i)> <Delay = 2.32> <Core = "RAM">   --->   Core 37 'RAM' <Latency = 1> <II = 1> <Delay = 2.32> <Storage> <Opcode : 'load' 'store'> <Ports = 2> <Width = 8> <Depth = 16> <RAM>
ST_46 : Operation 1009 [1/1] (0.00ns)   --->   "%roundKeys_14_V_addr_11 = getelementptr [11 x i8]* %roundKeys_14_V, i64 0, i64 %newIndex64" [aes/aes_encrypt.cpp:156->aes/aes_encrypt.cpp:181->aes/aes_encrypt.cpp:219]   --->   Operation 1009 'getelementptr' 'roundKeys_14_V_addr_11' <Predicate = (!exitcond8_i)> <Delay = 0.00>
ST_46 : Operation 1010 [2/2] (2.32ns)   --->   "%roundKeys_14_V_load = load i8* %roundKeys_14_V_addr_11, align 1" [aes/aes_encrypt.cpp:156->aes/aes_encrypt.cpp:181->aes/aes_encrypt.cpp:219]   --->   Operation 1010 'load' 'roundKeys_14_V_load' <Predicate = (!exitcond8_i)> <Delay = 2.32> <Core = "RAM">   --->   Core 37 'RAM' <Latency = 1> <II = 1> <Delay = 2.32> <Storage> <Opcode : 'load' 'store'> <Ports = 2> <Width = 8> <Depth = 16> <RAM>
ST_46 : Operation 1011 [1/1] (0.00ns)   --->   "%roundKeys_15_V_addr_11 = getelementptr [11 x i8]* %roundKeys_15_V, i64 0, i64 %newIndex64" [aes/aes_encrypt.cpp:156->aes/aes_encrypt.cpp:181->aes/aes_encrypt.cpp:219]   --->   Operation 1011 'getelementptr' 'roundKeys_15_V_addr_11' <Predicate = (!exitcond8_i)> <Delay = 0.00>
ST_46 : Operation 1012 [2/2] (2.32ns)   --->   "%roundKeys_15_V_load = load i8* %roundKeys_15_V_addr_11, align 1" [aes/aes_encrypt.cpp:156->aes/aes_encrypt.cpp:181->aes/aes_encrypt.cpp:219]   --->   Operation 1012 'load' 'roundKeys_15_V_load' <Predicate = (!exitcond8_i)> <Delay = 2.32> <Core = "RAM">   --->   Core 37 'RAM' <Latency = 1> <II = 1> <Delay = 2.32> <Storage> <Opcode : 'load' 'store'> <Ports = 2> <Width = 8> <Depth = 16> <RAM>

State 47 <SV = 46> <Delay = 5.69>
ST_47 : Operation 1013 [1/2] (3.25ns)   --->   "%sboxSub_V_1_load_1 = load i8* %sboxSub_V_1_addr_1, align 1" [aes/aes_encrypt.cpp:101->aes/aes_encrypt.cpp:178->aes/aes_encrypt.cpp:219]   --->   Operation 1013 'load' 'sboxSub_V_1_load_1' <Predicate = true> <Delay = 3.25> <Core = "ROM_nP">   --->   Core 52 'ROM_nP' <Latency = 1> <II = 1> <Delay = 3.25> <Storage> <Opcode : 'load'> <Ports = 0> <Width = 8> <Depth = 128> <ROM>
ST_47 : Operation 1014 [1/2] (3.25ns)   --->   "%sboxSub_V_0_load_1 = load i8* %sboxSub_V_0_addr_1, align 1" [aes/aes_encrypt.cpp:101->aes/aes_encrypt.cpp:178->aes/aes_encrypt.cpp:219]   --->   Operation 1014 'load' 'sboxSub_V_0_load_1' <Predicate = true> <Delay = 3.25> <Core = "ROM_nP">   --->   Core 52 'ROM_nP' <Latency = 1> <II = 1> <Delay = 3.25> <Storage> <Opcode : 'load'> <Ports = 0> <Width = 8> <Depth = 128> <ROM>
ST_47 : Operation 1015 [1/1] (1.24ns)   --->   "%state_0_0_V_1 = select i1 %tmp_25, i8 %sboxSub_V_1_load_1, i8 %sboxSub_V_0_load_1" [aes/aes_encrypt.cpp:101->aes/aes_encrypt.cpp:178->aes/aes_encrypt.cpp:219]   --->   Operation 1015 'select' 'state_0_0_V_1' <Predicate = true> <Delay = 1.24> <Core = "Sel">   --->   Core 26 'Sel' <Latency = 0> <II = 1> <Delay = 1.24> <FuncUnit> <Opcode : 'select'> <InPorts = 3> <OutPorts = 1>
ST_47 : Operation 1016 [1/2] (3.25ns)   --->   "%sboxSub_V_1_load_3 = load i8* %sboxSub_V_1_addr_3, align 1" [aes/aes_encrypt.cpp:101->aes/aes_encrypt.cpp:178->aes/aes_encrypt.cpp:219]   --->   Operation 1016 'load' 'sboxSub_V_1_load_3' <Predicate = true> <Delay = 3.25> <Core = "ROM_nP">   --->   Core 52 'ROM_nP' <Latency = 1> <II = 1> <Delay = 3.25> <Storage> <Opcode : 'load'> <Ports = 0> <Width = 8> <Depth = 128> <ROM>
ST_47 : Operation 1017 [1/2] (3.25ns)   --->   "%sboxSub_V_0_load_3 = load i8* %sboxSub_V_0_addr_3, align 1" [aes/aes_encrypt.cpp:101->aes/aes_encrypt.cpp:178->aes/aes_encrypt.cpp:219]   --->   Operation 1017 'load' 'sboxSub_V_0_load_3' <Predicate = true> <Delay = 3.25> <Core = "ROM_nP">   --->   Core 52 'ROM_nP' <Latency = 1> <II = 1> <Delay = 3.25> <Storage> <Opcode : 'load'> <Ports = 0> <Width = 8> <Depth = 128> <ROM>
ST_47 : Operation 1018 [1/1] (1.24ns)   --->   "%state_0_1_V_1 = select i1 %tmp_26, i8 %sboxSub_V_1_load_3, i8 %sboxSub_V_0_load_3" [aes/aes_encrypt.cpp:101->aes/aes_encrypt.cpp:178->aes/aes_encrypt.cpp:219]   --->   Operation 1018 'select' 'state_0_1_V_1' <Predicate = true> <Delay = 1.24> <Core = "Sel">   --->   Core 26 'Sel' <Latency = 0> <II = 1> <Delay = 1.24> <FuncUnit> <Opcode : 'select'> <InPorts = 3> <OutPorts = 1>
ST_47 : Operation 1019 [1/2] (3.25ns)   --->   "%sboxSub_V_1_load_5 = load i8* %sboxSub_V_1_addr_5, align 1" [aes/aes_encrypt.cpp:101->aes/aes_encrypt.cpp:178->aes/aes_encrypt.cpp:219]   --->   Operation 1019 'load' 'sboxSub_V_1_load_5' <Predicate = true> <Delay = 3.25> <Core = "ROM_nP">   --->   Core 52 'ROM_nP' <Latency = 1> <II = 1> <Delay = 3.25> <Storage> <Opcode : 'load'> <Ports = 0> <Width = 8> <Depth = 128> <ROM>
ST_47 : Operation 1020 [1/2] (3.25ns)   --->   "%sboxSub_V_0_load_5 = load i8* %sboxSub_V_0_addr_5, align 1" [aes/aes_encrypt.cpp:101->aes/aes_encrypt.cpp:178->aes/aes_encrypt.cpp:219]   --->   Operation 1020 'load' 'sboxSub_V_0_load_5' <Predicate = true> <Delay = 3.25> <Core = "ROM_nP">   --->   Core 52 'ROM_nP' <Latency = 1> <II = 1> <Delay = 3.25> <Storage> <Opcode : 'load'> <Ports = 0> <Width = 8> <Depth = 128> <ROM>
ST_47 : Operation 1021 [1/1] (1.24ns)   --->   "%state_0_2_V_1 = select i1 %tmp_27, i8 %sboxSub_V_1_load_5, i8 %sboxSub_V_0_load_5" [aes/aes_encrypt.cpp:101->aes/aes_encrypt.cpp:178->aes/aes_encrypt.cpp:219]   --->   Operation 1021 'select' 'state_0_2_V_1' <Predicate = true> <Delay = 1.24> <Core = "Sel">   --->   Core 26 'Sel' <Latency = 0> <II = 1> <Delay = 1.24> <FuncUnit> <Opcode : 'select'> <InPorts = 3> <OutPorts = 1>
ST_47 : Operation 1022 [1/2] (3.25ns)   --->   "%sboxSub_V_1_load_7 = load i8* %sboxSub_V_1_addr_7, align 1" [aes/aes_encrypt.cpp:101->aes/aes_encrypt.cpp:178->aes/aes_encrypt.cpp:219]   --->   Operation 1022 'load' 'sboxSub_V_1_load_7' <Predicate = true> <Delay = 3.25> <Core = "ROM_nP">   --->   Core 52 'ROM_nP' <Latency = 1> <II = 1> <Delay = 3.25> <Storage> <Opcode : 'load'> <Ports = 0> <Width = 8> <Depth = 128> <ROM>
ST_47 : Operation 1023 [1/2] (3.25ns)   --->   "%sboxSub_V_0_load_7 = load i8* %sboxSub_V_0_addr_7, align 1" [aes/aes_encrypt.cpp:101->aes/aes_encrypt.cpp:178->aes/aes_encrypt.cpp:219]   --->   Operation 1023 'load' 'sboxSub_V_0_load_7' <Predicate = true> <Delay = 3.25> <Core = "ROM_nP">   --->   Core 52 'ROM_nP' <Latency = 1> <II = 1> <Delay = 3.25> <Storage> <Opcode : 'load'> <Ports = 0> <Width = 8> <Depth = 128> <ROM>
ST_47 : Operation 1024 [1/1] (1.24ns)   --->   "%state_0_3_V_1 = select i1 %tmp_28, i8 %sboxSub_V_1_load_7, i8 %sboxSub_V_0_load_7" [aes/aes_encrypt.cpp:101->aes/aes_encrypt.cpp:178->aes/aes_encrypt.cpp:219]   --->   Operation 1024 'select' 'state_0_3_V_1' <Predicate = true> <Delay = 1.24> <Core = "Sel">   --->   Core 26 'Sel' <Latency = 0> <II = 1> <Delay = 1.24> <FuncUnit> <Opcode : 'select'> <InPorts = 3> <OutPorts = 1>
ST_47 : Operation 1025 [1/1] (0.00ns)   --->   "%newIndex19 = zext i7 %newIndex18 to i64" [aes/aes_encrypt.cpp:101->aes/aes_encrypt.cpp:178->aes/aes_encrypt.cpp:219]   --->   Operation 1025 'zext' 'newIndex19' <Predicate = true> <Delay = 0.00>
ST_47 : Operation 1026 [1/1] (0.00ns)   --->   "%sboxSub_V_0_addr_9 = getelementptr [128 x i8]* @sboxSub_V_0, i64 0, i64 %newIndex19" [aes/aes_encrypt.cpp:101->aes/aes_encrypt.cpp:178->aes/aes_encrypt.cpp:219]   --->   Operation 1026 'getelementptr' 'sboxSub_V_0_addr_9' <Predicate = (!tmp_29)> <Delay = 0.00>
ST_47 : Operation 1027 [1/1] (0.00ns)   --->   "%sboxSub_V_1_addr_9 = getelementptr [128 x i8]* @sboxSub_V_1, i64 0, i64 %newIndex19" [aes/aes_encrypt.cpp:101->aes/aes_encrypt.cpp:178->aes/aes_encrypt.cpp:219]   --->   Operation 1027 'getelementptr' 'sboxSub_V_1_addr_9' <Predicate = (tmp_29)> <Delay = 0.00>
ST_47 : Operation 1028 [2/2] (3.25ns)   --->   "%sboxSub_V_1_load_9 = load i8* %sboxSub_V_1_addr_9, align 1" [aes/aes_encrypt.cpp:101->aes/aes_encrypt.cpp:178->aes/aes_encrypt.cpp:219]   --->   Operation 1028 'load' 'sboxSub_V_1_load_9' <Predicate = (tmp_29)> <Delay = 3.25> <Core = "ROM_nP">   --->   Core 52 'ROM_nP' <Latency = 1> <II = 1> <Delay = 3.25> <Storage> <Opcode : 'load'> <Ports = 0> <Width = 8> <Depth = 128> <ROM>
ST_47 : Operation 1029 [2/2] (3.25ns)   --->   "%sboxSub_V_0_load_9 = load i8* %sboxSub_V_0_addr_9, align 1" [aes/aes_encrypt.cpp:101->aes/aes_encrypt.cpp:178->aes/aes_encrypt.cpp:219]   --->   Operation 1029 'load' 'sboxSub_V_0_load_9' <Predicate = (!tmp_29)> <Delay = 3.25> <Core = "ROM_nP">   --->   Core 52 'ROM_nP' <Latency = 1> <II = 1> <Delay = 3.25> <Storage> <Opcode : 'load'> <Ports = 0> <Width = 8> <Depth = 128> <ROM>
ST_47 : Operation 1030 [1/1] (0.00ns)   --->   "%newIndex23 = zext i7 %newIndex22 to i64" [aes/aes_encrypt.cpp:101->aes/aes_encrypt.cpp:178->aes/aes_encrypt.cpp:219]   --->   Operation 1030 'zext' 'newIndex23' <Predicate = true> <Delay = 0.00>
ST_47 : Operation 1031 [1/1] (0.00ns)   --->   "%sboxSub_V_0_addr_11 = getelementptr [128 x i8]* @sboxSub_V_0, i64 0, i64 %newIndex23" [aes/aes_encrypt.cpp:101->aes/aes_encrypt.cpp:178->aes/aes_encrypt.cpp:219]   --->   Operation 1031 'getelementptr' 'sboxSub_V_0_addr_11' <Predicate = (!tmp_30)> <Delay = 0.00>
ST_47 : Operation 1032 [1/1] (0.00ns)   --->   "%sboxSub_V_1_addr_11 = getelementptr [128 x i8]* @sboxSub_V_1, i64 0, i64 %newIndex23" [aes/aes_encrypt.cpp:101->aes/aes_encrypt.cpp:178->aes/aes_encrypt.cpp:219]   --->   Operation 1032 'getelementptr' 'sboxSub_V_1_addr_11' <Predicate = (tmp_30)> <Delay = 0.00>
ST_47 : Operation 1033 [2/2] (3.25ns)   --->   "%sboxSub_V_1_load_11 = load i8* %sboxSub_V_1_addr_11, align 1" [aes/aes_encrypt.cpp:101->aes/aes_encrypt.cpp:178->aes/aes_encrypt.cpp:219]   --->   Operation 1033 'load' 'sboxSub_V_1_load_11' <Predicate = (tmp_30)> <Delay = 3.25> <Core = "ROM_nP">   --->   Core 52 'ROM_nP' <Latency = 1> <II = 1> <Delay = 3.25> <Storage> <Opcode : 'load'> <Ports = 0> <Width = 8> <Depth = 128> <ROM>
ST_47 : Operation 1034 [2/2] (3.25ns)   --->   "%sboxSub_V_0_load_11 = load i8* %sboxSub_V_0_addr_11, align 1" [aes/aes_encrypt.cpp:101->aes/aes_encrypt.cpp:178->aes/aes_encrypt.cpp:219]   --->   Operation 1034 'load' 'sboxSub_V_0_load_11' <Predicate = (!tmp_30)> <Delay = 3.25> <Core = "ROM_nP">   --->   Core 52 'ROM_nP' <Latency = 1> <II = 1> <Delay = 3.25> <Storage> <Opcode : 'load'> <Ports = 0> <Width = 8> <Depth = 128> <ROM>
ST_47 : Operation 1035 [1/1] (0.00ns)   --->   "%newIndex27 = zext i7 %newIndex26 to i64" [aes/aes_encrypt.cpp:101->aes/aes_encrypt.cpp:178->aes/aes_encrypt.cpp:219]   --->   Operation 1035 'zext' 'newIndex27' <Predicate = true> <Delay = 0.00>
ST_47 : Operation 1036 [1/1] (0.00ns)   --->   "%sboxSub_V_0_addr_13 = getelementptr [128 x i8]* @sboxSub_V_0, i64 0, i64 %newIndex27" [aes/aes_encrypt.cpp:101->aes/aes_encrypt.cpp:178->aes/aes_encrypt.cpp:219]   --->   Operation 1036 'getelementptr' 'sboxSub_V_0_addr_13' <Predicate = (!tmp_31)> <Delay = 0.00>
ST_47 : Operation 1037 [1/1] (0.00ns)   --->   "%sboxSub_V_1_addr_13 = getelementptr [128 x i8]* @sboxSub_V_1, i64 0, i64 %newIndex27" [aes/aes_encrypt.cpp:101->aes/aes_encrypt.cpp:178->aes/aes_encrypt.cpp:219]   --->   Operation 1037 'getelementptr' 'sboxSub_V_1_addr_13' <Predicate = (tmp_31)> <Delay = 0.00>
ST_47 : Operation 1038 [2/2] (3.25ns)   --->   "%sboxSub_V_1_load_13 = load i8* %sboxSub_V_1_addr_13, align 1" [aes/aes_encrypt.cpp:101->aes/aes_encrypt.cpp:178->aes/aes_encrypt.cpp:219]   --->   Operation 1038 'load' 'sboxSub_V_1_load_13' <Predicate = (tmp_31)> <Delay = 3.25> <Core = "ROM_nP">   --->   Core 52 'ROM_nP' <Latency = 1> <II = 1> <Delay = 3.25> <Storage> <Opcode : 'load'> <Ports = 0> <Width = 8> <Depth = 128> <ROM>
ST_47 : Operation 1039 [2/2] (3.25ns)   --->   "%sboxSub_V_0_load_13 = load i8* %sboxSub_V_0_addr_13, align 1" [aes/aes_encrypt.cpp:101->aes/aes_encrypt.cpp:178->aes/aes_encrypt.cpp:219]   --->   Operation 1039 'load' 'sboxSub_V_0_load_13' <Predicate = (!tmp_31)> <Delay = 3.25> <Core = "ROM_nP">   --->   Core 52 'ROM_nP' <Latency = 1> <II = 1> <Delay = 3.25> <Storage> <Opcode : 'load'> <Ports = 0> <Width = 8> <Depth = 128> <ROM>
ST_47 : Operation 1040 [1/1] (0.00ns)   --->   "%newIndex31 = zext i7 %newIndex30 to i64" [aes/aes_encrypt.cpp:101->aes/aes_encrypt.cpp:178->aes/aes_encrypt.cpp:219]   --->   Operation 1040 'zext' 'newIndex31' <Predicate = true> <Delay = 0.00>
ST_47 : Operation 1041 [1/1] (0.00ns)   --->   "%sboxSub_V_0_addr_15 = getelementptr [128 x i8]* @sboxSub_V_0, i64 0, i64 %newIndex31" [aes/aes_encrypt.cpp:101->aes/aes_encrypt.cpp:178->aes/aes_encrypt.cpp:219]   --->   Operation 1041 'getelementptr' 'sboxSub_V_0_addr_15' <Predicate = (!tmp_32)> <Delay = 0.00>
ST_47 : Operation 1042 [1/1] (0.00ns)   --->   "%sboxSub_V_1_addr_15 = getelementptr [128 x i8]* @sboxSub_V_1, i64 0, i64 %newIndex31" [aes/aes_encrypt.cpp:101->aes/aes_encrypt.cpp:178->aes/aes_encrypt.cpp:219]   --->   Operation 1042 'getelementptr' 'sboxSub_V_1_addr_15' <Predicate = (tmp_32)> <Delay = 0.00>
ST_47 : Operation 1043 [2/2] (3.25ns)   --->   "%sboxSub_V_1_load_15 = load i8* %sboxSub_V_1_addr_15, align 1" [aes/aes_encrypt.cpp:101->aes/aes_encrypt.cpp:178->aes/aes_encrypt.cpp:219]   --->   Operation 1043 'load' 'sboxSub_V_1_load_15' <Predicate = (tmp_32)> <Delay = 3.25> <Core = "ROM_nP">   --->   Core 52 'ROM_nP' <Latency = 1> <II = 1> <Delay = 3.25> <Storage> <Opcode : 'load'> <Ports = 0> <Width = 8> <Depth = 128> <ROM>
ST_47 : Operation 1044 [2/2] (3.25ns)   --->   "%sboxSub_V_0_load_15 = load i8* %sboxSub_V_0_addr_15, align 1" [aes/aes_encrypt.cpp:101->aes/aes_encrypt.cpp:178->aes/aes_encrypt.cpp:219]   --->   Operation 1044 'load' 'sboxSub_V_0_load_15' <Predicate = (!tmp_32)> <Delay = 3.25> <Core = "ROM_nP">   --->   Core 52 'ROM_nP' <Latency = 1> <II = 1> <Delay = 3.25> <Storage> <Opcode : 'load'> <Ports = 0> <Width = 8> <Depth = 128> <ROM>
ST_47 : Operation 1045 [1/1] (0.00ns) (grouped into LUT with out node agg_result_V_i)   --->   "%r_V = shl i8 %state_0_0_V_1, 1" [aes/aes_encrypt.cpp:61->aes/aes_encrypt.cpp:137->aes/aes_encrypt.cpp:180->aes/aes_encrypt.cpp:219]   --->   Operation 1045 'shl' 'r_V' <Predicate = true> <Delay = 0.00>
ST_47 : Operation 1046 [1/1] (0.00ns) (grouped into LUT with out node agg_result_V_i)   --->   "%tmp_42 = call i1 @_ssdm_op_BitSelect.i1.i8.i32(i8 %state_0_0_V_1, i32 7)" [aes/aes_encrypt.cpp:61->aes/aes_encrypt.cpp:137->aes/aes_encrypt.cpp:180->aes/aes_encrypt.cpp:219]   --->   Operation 1046 'bitselect' 'tmp_42' <Predicate = true> <Delay = 0.00>
ST_47 : Operation 1047 [1/1] (0.00ns) (grouped into LUT with out node agg_result_V_i)   --->   "%p_i_cast_cast = select i1 %tmp_42, i8 27, i8 0" [aes/aes_encrypt.cpp:61->aes/aes_encrypt.cpp:137->aes/aes_encrypt.cpp:180->aes/aes_encrypt.cpp:219]   --->   Operation 1047 'select' 'p_i_cast_cast' <Predicate = true> <Delay = 0.00> <Core = "Sel">   --->   Core 26 'Sel' <Latency = 0> <II = 1> <Delay = 1.24> <FuncUnit> <Opcode : 'select'> <InPorts = 3> <OutPorts = 1>
ST_47 : Operation 1048 [1/1] (1.18ns) (out node of the LUT)   --->   "%agg_result_V_i = xor i8 %p_i_cast_cast, %r_V" [aes/aes_encrypt.cpp:61->aes/aes_encrypt.cpp:137->aes/aes_encrypt.cpp:180->aes/aes_encrypt.cpp:219]   --->   Operation 1048 'xor' 'agg_result_V_i' <Predicate = true> <Delay = 1.18> <Core = "LogicGate">   --->   Core 27 'LogicGate' <Latency = 0> <II = 1> <Delay = 0.99> <FuncUnit> <Opcode : 'and' 'or' 'xor'> <InPorts = 2> <OutPorts = 1>
ST_47 : Operation 1049 [1/1] (0.00ns) (grouped into LUT with out node agg_result_V_i4)   --->   "%r_V_4 = shl i8 %state_0_1_V_1, 1" [aes/aes_encrypt.cpp:61->aes/aes_encrypt.cpp:137->aes/aes_encrypt.cpp:180->aes/aes_encrypt.cpp:219]   --->   Operation 1049 'shl' 'r_V_4' <Predicate = true> <Delay = 0.00>
ST_47 : Operation 1050 [1/1] (0.00ns) (grouped into LUT with out node agg_result_V_i4)   --->   "%tmp_50 = call i1 @_ssdm_op_BitSelect.i1.i8.i32(i8 %state_0_1_V_1, i32 7)" [aes/aes_encrypt.cpp:61->aes/aes_encrypt.cpp:137->aes/aes_encrypt.cpp:180->aes/aes_encrypt.cpp:219]   --->   Operation 1050 'bitselect' 'tmp_50' <Predicate = true> <Delay = 0.00>
ST_47 : Operation 1051 [1/1] (0.00ns) (grouped into LUT with out node agg_result_V_i4)   --->   "%p_i4_cast_cast = select i1 %tmp_50, i8 27, i8 0" [aes/aes_encrypt.cpp:61->aes/aes_encrypt.cpp:137->aes/aes_encrypt.cpp:180->aes/aes_encrypt.cpp:219]   --->   Operation 1051 'select' 'p_i4_cast_cast' <Predicate = true> <Delay = 0.00> <Core = "Sel">   --->   Core 26 'Sel' <Latency = 0> <II = 1> <Delay = 1.24> <FuncUnit> <Opcode : 'select'> <InPorts = 3> <OutPorts = 1>
ST_47 : Operation 1052 [1/1] (1.18ns) (out node of the LUT)   --->   "%agg_result_V_i4 = xor i8 %p_i4_cast_cast, %r_V_4" [aes/aes_encrypt.cpp:61->aes/aes_encrypt.cpp:137->aes/aes_encrypt.cpp:180->aes/aes_encrypt.cpp:219]   --->   Operation 1052 'xor' 'agg_result_V_i4' <Predicate = true> <Delay = 1.18> <Core = "LogicGate">   --->   Core 27 'LogicGate' <Latency = 0> <II = 1> <Delay = 0.99> <FuncUnit> <Opcode : 'and' 'or' 'xor'> <InPorts = 2> <OutPorts = 1>
ST_47 : Operation 1053 [1/1] (0.00ns) (grouped into LUT with out node agg_result_V_i8)   --->   "%r_V_8 = shl i8 %state_0_2_V_1, 1" [aes/aes_encrypt.cpp:61->aes/aes_encrypt.cpp:137->aes/aes_encrypt.cpp:180->aes/aes_encrypt.cpp:219]   --->   Operation 1053 'shl' 'r_V_8' <Predicate = true> <Delay = 0.00>
ST_47 : Operation 1054 [1/1] (0.00ns) (grouped into LUT with out node agg_result_V_i8)   --->   "%tmp_58 = call i1 @_ssdm_op_BitSelect.i1.i8.i32(i8 %state_0_2_V_1, i32 7)" [aes/aes_encrypt.cpp:61->aes/aes_encrypt.cpp:137->aes/aes_encrypt.cpp:180->aes/aes_encrypt.cpp:219]   --->   Operation 1054 'bitselect' 'tmp_58' <Predicate = true> <Delay = 0.00>
ST_47 : Operation 1055 [1/1] (0.00ns) (grouped into LUT with out node agg_result_V_i8)   --->   "%p_i8_cast_cast = select i1 %tmp_58, i8 27, i8 0" [aes/aes_encrypt.cpp:61->aes/aes_encrypt.cpp:137->aes/aes_encrypt.cpp:180->aes/aes_encrypt.cpp:219]   --->   Operation 1055 'select' 'p_i8_cast_cast' <Predicate = true> <Delay = 0.00> <Core = "Sel">   --->   Core 26 'Sel' <Latency = 0> <II = 1> <Delay = 1.24> <FuncUnit> <Opcode : 'select'> <InPorts = 3> <OutPorts = 1>
ST_47 : Operation 1056 [1/1] (1.18ns) (out node of the LUT)   --->   "%agg_result_V_i8 = xor i8 %p_i8_cast_cast, %r_V_8" [aes/aes_encrypt.cpp:61->aes/aes_encrypt.cpp:137->aes/aes_encrypt.cpp:180->aes/aes_encrypt.cpp:219]   --->   Operation 1056 'xor' 'agg_result_V_i8' <Predicate = true> <Delay = 1.18> <Core = "LogicGate">   --->   Core 27 'LogicGate' <Latency = 0> <II = 1> <Delay = 0.99> <FuncUnit> <Opcode : 'and' 'or' 'xor'> <InPorts = 2> <OutPorts = 1>
ST_47 : Operation 1057 [1/1] (0.00ns) (grouped into LUT with out node agg_result_V_i12)   --->   "%r_V_12 = shl i8 %state_0_3_V_1, 1" [aes/aes_encrypt.cpp:61->aes/aes_encrypt.cpp:137->aes/aes_encrypt.cpp:180->aes/aes_encrypt.cpp:219]   --->   Operation 1057 'shl' 'r_V_12' <Predicate = true> <Delay = 0.00>
ST_47 : Operation 1058 [1/1] (0.00ns) (grouped into LUT with out node agg_result_V_i12)   --->   "%tmp_66 = call i1 @_ssdm_op_BitSelect.i1.i8.i32(i8 %state_0_3_V_1, i32 7)" [aes/aes_encrypt.cpp:61->aes/aes_encrypt.cpp:137->aes/aes_encrypt.cpp:180->aes/aes_encrypt.cpp:219]   --->   Operation 1058 'bitselect' 'tmp_66' <Predicate = true> <Delay = 0.00>
ST_47 : Operation 1059 [1/1] (0.00ns) (grouped into LUT with out node agg_result_V_i12)   --->   "%p_i12_cast_cast = select i1 %tmp_66, i8 27, i8 0" [aes/aes_encrypt.cpp:61->aes/aes_encrypt.cpp:137->aes/aes_encrypt.cpp:180->aes/aes_encrypt.cpp:219]   --->   Operation 1059 'select' 'p_i12_cast_cast' <Predicate = true> <Delay = 0.00> <Core = "Sel">   --->   Core 26 'Sel' <Latency = 0> <II = 1> <Delay = 1.24> <FuncUnit> <Opcode : 'select'> <InPorts = 3> <OutPorts = 1>
ST_47 : Operation 1060 [1/1] (1.18ns) (out node of the LUT)   --->   "%agg_result_V_i12 = xor i8 %p_i12_cast_cast, %r_V_12" [aes/aes_encrypt.cpp:61->aes/aes_encrypt.cpp:137->aes/aes_encrypt.cpp:180->aes/aes_encrypt.cpp:219]   --->   Operation 1060 'xor' 'agg_result_V_i12' <Predicate = true> <Delay = 1.18> <Core = "LogicGate">   --->   Core 27 'LogicGate' <Latency = 0> <II = 1> <Delay = 0.99> <FuncUnit> <Opcode : 'and' 'or' 'xor'> <InPorts = 2> <OutPorts = 1>
ST_47 : Operation 1061 [1/2] (2.32ns)   --->   "%roundKeys_0_V_load = load i8* %roundKeys_0_V_addr_11, align 1" [aes/aes_encrypt.cpp:156->aes/aes_encrypt.cpp:181->aes/aes_encrypt.cpp:219]   --->   Operation 1061 'load' 'roundKeys_0_V_load' <Predicate = true> <Delay = 2.32> <Core = "RAM">   --->   Core 37 'RAM' <Latency = 1> <II = 1> <Delay = 2.32> <Storage> <Opcode : 'load' 'store'> <Ports = 2> <Width = 8> <Depth = 16> <RAM>
ST_47 : Operation 1062 [1/2] (2.32ns)   --->   "%roundKeys_1_V_load = load i8* %roundKeys_1_V_addr_11, align 1" [aes/aes_encrypt.cpp:156->aes/aes_encrypt.cpp:181->aes/aes_encrypt.cpp:219]   --->   Operation 1062 'load' 'roundKeys_1_V_load' <Predicate = true> <Delay = 2.32> <Core = "RAM">   --->   Core 37 'RAM' <Latency = 1> <II = 1> <Delay = 2.32> <Storage> <Opcode : 'load' 'store'> <Ports = 2> <Width = 8> <Depth = 16> <RAM>
ST_47 : Operation 1063 [1/2] (2.32ns)   --->   "%roundKeys_2_V_load = load i8* %roundKeys_2_V_addr_11, align 1" [aes/aes_encrypt.cpp:156->aes/aes_encrypt.cpp:181->aes/aes_encrypt.cpp:219]   --->   Operation 1063 'load' 'roundKeys_2_V_load' <Predicate = true> <Delay = 2.32> <Core = "RAM">   --->   Core 37 'RAM' <Latency = 1> <II = 1> <Delay = 2.32> <Storage> <Opcode : 'load' 'store'> <Ports = 2> <Width = 8> <Depth = 16> <RAM>
ST_47 : Operation 1064 [1/2] (2.32ns)   --->   "%roundKeys_3_V_load = load i8* %roundKeys_3_V_addr_11, align 1" [aes/aes_encrypt.cpp:156->aes/aes_encrypt.cpp:181->aes/aes_encrypt.cpp:219]   --->   Operation 1064 'load' 'roundKeys_3_V_load' <Predicate = true> <Delay = 2.32> <Core = "RAM">   --->   Core 37 'RAM' <Latency = 1> <II = 1> <Delay = 2.32> <Storage> <Opcode : 'load' 'store'> <Ports = 2> <Width = 8> <Depth = 16> <RAM>
ST_47 : Operation 1065 [1/2] (2.32ns)   --->   "%roundKeys_4_V_load = load i8* %roundKeys_4_V_addr_11, align 1" [aes/aes_encrypt.cpp:156->aes/aes_encrypt.cpp:181->aes/aes_encrypt.cpp:219]   --->   Operation 1065 'load' 'roundKeys_4_V_load' <Predicate = true> <Delay = 2.32> <Core = "RAM">   --->   Core 37 'RAM' <Latency = 1> <II = 1> <Delay = 2.32> <Storage> <Opcode : 'load' 'store'> <Ports = 2> <Width = 8> <Depth = 16> <RAM>
ST_47 : Operation 1066 [1/2] (2.32ns)   --->   "%roundKeys_5_V_load = load i8* %roundKeys_5_V_addr_11, align 1" [aes/aes_encrypt.cpp:156->aes/aes_encrypt.cpp:181->aes/aes_encrypt.cpp:219]   --->   Operation 1066 'load' 'roundKeys_5_V_load' <Predicate = true> <Delay = 2.32> <Core = "RAM">   --->   Core 37 'RAM' <Latency = 1> <II = 1> <Delay = 2.32> <Storage> <Opcode : 'load' 'store'> <Ports = 2> <Width = 8> <Depth = 16> <RAM>
ST_47 : Operation 1067 [1/2] (2.32ns)   --->   "%roundKeys_6_V_load = load i8* %roundKeys_6_V_addr_11, align 1" [aes/aes_encrypt.cpp:156->aes/aes_encrypt.cpp:181->aes/aes_encrypt.cpp:219]   --->   Operation 1067 'load' 'roundKeys_6_V_load' <Predicate = true> <Delay = 2.32> <Core = "RAM">   --->   Core 37 'RAM' <Latency = 1> <II = 1> <Delay = 2.32> <Storage> <Opcode : 'load' 'store'> <Ports = 2> <Width = 8> <Depth = 16> <RAM>
ST_47 : Operation 1068 [1/2] (2.32ns)   --->   "%roundKeys_7_V_load = load i8* %roundKeys_7_V_addr_11, align 1" [aes/aes_encrypt.cpp:156->aes/aes_encrypt.cpp:181->aes/aes_encrypt.cpp:219]   --->   Operation 1068 'load' 'roundKeys_7_V_load' <Predicate = true> <Delay = 2.32> <Core = "RAM">   --->   Core 37 'RAM' <Latency = 1> <II = 1> <Delay = 2.32> <Storage> <Opcode : 'load' 'store'> <Ports = 2> <Width = 8> <Depth = 16> <RAM>
ST_47 : Operation 1069 [1/2] (2.32ns)   --->   "%roundKeys_8_V_load = load i8* %roundKeys_8_V_addr_11, align 1" [aes/aes_encrypt.cpp:156->aes/aes_encrypt.cpp:181->aes/aes_encrypt.cpp:219]   --->   Operation 1069 'load' 'roundKeys_8_V_load' <Predicate = true> <Delay = 2.32> <Core = "RAM">   --->   Core 37 'RAM' <Latency = 1> <II = 1> <Delay = 2.32> <Storage> <Opcode : 'load' 'store'> <Ports = 2> <Width = 8> <Depth = 16> <RAM>
ST_47 : Operation 1070 [1/2] (2.32ns)   --->   "%roundKeys_9_V_load = load i8* %roundKeys_9_V_addr_11, align 1" [aes/aes_encrypt.cpp:156->aes/aes_encrypt.cpp:181->aes/aes_encrypt.cpp:219]   --->   Operation 1070 'load' 'roundKeys_9_V_load' <Predicate = true> <Delay = 2.32> <Core = "RAM">   --->   Core 37 'RAM' <Latency = 1> <II = 1> <Delay = 2.32> <Storage> <Opcode : 'load' 'store'> <Ports = 2> <Width = 8> <Depth = 16> <RAM>
ST_47 : Operation 1071 [1/2] (2.32ns)   --->   "%roundKeys_10_V_load = load i8* %roundKeys_10_V_addr_11, align 1" [aes/aes_encrypt.cpp:156->aes/aes_encrypt.cpp:181->aes/aes_encrypt.cpp:219]   --->   Operation 1071 'load' 'roundKeys_10_V_load' <Predicate = true> <Delay = 2.32> <Core = "RAM">   --->   Core 37 'RAM' <Latency = 1> <II = 1> <Delay = 2.32> <Storage> <Opcode : 'load' 'store'> <Ports = 2> <Width = 8> <Depth = 16> <RAM>
ST_47 : Operation 1072 [1/2] (2.32ns)   --->   "%roundKeys_11_V_load = load i8* %roundKeys_11_V_addr_11, align 1" [aes/aes_encrypt.cpp:156->aes/aes_encrypt.cpp:181->aes/aes_encrypt.cpp:219]   --->   Operation 1072 'load' 'roundKeys_11_V_load' <Predicate = true> <Delay = 2.32> <Core = "RAM">   --->   Core 37 'RAM' <Latency = 1> <II = 1> <Delay = 2.32> <Storage> <Opcode : 'load' 'store'> <Ports = 2> <Width = 8> <Depth = 16> <RAM>
ST_47 : Operation 1073 [1/2] (2.32ns)   --->   "%roundKeys_12_V_load = load i8* %roundKeys_12_V_addr_11, align 1" [aes/aes_encrypt.cpp:156->aes/aes_encrypt.cpp:181->aes/aes_encrypt.cpp:219]   --->   Operation 1073 'load' 'roundKeys_12_V_load' <Predicate = true> <Delay = 2.32> <Core = "RAM">   --->   Core 37 'RAM' <Latency = 1> <II = 1> <Delay = 2.32> <Storage> <Opcode : 'load' 'store'> <Ports = 2> <Width = 8> <Depth = 16> <RAM>
ST_47 : Operation 1074 [1/2] (2.32ns)   --->   "%roundKeys_13_V_load = load i8* %roundKeys_13_V_addr_11, align 1" [aes/aes_encrypt.cpp:156->aes/aes_encrypt.cpp:181->aes/aes_encrypt.cpp:219]   --->   Operation 1074 'load' 'roundKeys_13_V_load' <Predicate = true> <Delay = 2.32> <Core = "RAM">   --->   Core 37 'RAM' <Latency = 1> <II = 1> <Delay = 2.32> <Storage> <Opcode : 'load' 'store'> <Ports = 2> <Width = 8> <Depth = 16> <RAM>
ST_47 : Operation 1075 [1/2] (2.32ns)   --->   "%roundKeys_14_V_load = load i8* %roundKeys_14_V_addr_11, align 1" [aes/aes_encrypt.cpp:156->aes/aes_encrypt.cpp:181->aes/aes_encrypt.cpp:219]   --->   Operation 1075 'load' 'roundKeys_14_V_load' <Predicate = true> <Delay = 2.32> <Core = "RAM">   --->   Core 37 'RAM' <Latency = 1> <II = 1> <Delay = 2.32> <Storage> <Opcode : 'load' 'store'> <Ports = 2> <Width = 8> <Depth = 16> <RAM>
ST_47 : Operation 1076 [1/2] (2.32ns)   --->   "%roundKeys_15_V_load = load i8* %roundKeys_15_V_addr_11, align 1" [aes/aes_encrypt.cpp:156->aes/aes_encrypt.cpp:181->aes/aes_encrypt.cpp:219]   --->   Operation 1076 'load' 'roundKeys_15_V_load' <Predicate = true> <Delay = 2.32> <Core = "RAM">   --->   Core 37 'RAM' <Latency = 1> <II = 1> <Delay = 2.32> <Storage> <Opcode : 'load' 'store'> <Ports = 2> <Width = 8> <Depth = 16> <RAM>

State 48 <SV = 47> <Delay = 5.69>
ST_48 : Operation 1077 [1/2] (3.25ns)   --->   "%sboxSub_V_1_load_9 = load i8* %sboxSub_V_1_addr_9, align 1" [aes/aes_encrypt.cpp:101->aes/aes_encrypt.cpp:178->aes/aes_encrypt.cpp:219]   --->   Operation 1077 'load' 'sboxSub_V_1_load_9' <Predicate = (tmp_29)> <Delay = 3.25> <Core = "ROM_nP">   --->   Core 52 'ROM_nP' <Latency = 1> <II = 1> <Delay = 3.25> <Storage> <Opcode : 'load'> <Ports = 0> <Width = 8> <Depth = 128> <ROM>
ST_48 : Operation 1078 [1/2] (3.25ns)   --->   "%sboxSub_V_0_load_9 = load i8* %sboxSub_V_0_addr_9, align 1" [aes/aes_encrypt.cpp:101->aes/aes_encrypt.cpp:178->aes/aes_encrypt.cpp:219]   --->   Operation 1078 'load' 'sboxSub_V_0_load_9' <Predicate = (!tmp_29)> <Delay = 3.25> <Core = "ROM_nP">   --->   Core 52 'ROM_nP' <Latency = 1> <II = 1> <Delay = 3.25> <Storage> <Opcode : 'load'> <Ports = 0> <Width = 8> <Depth = 128> <ROM>
ST_48 : Operation 1079 [1/1] (1.24ns)   --->   "%temp_V_6 = select i1 %tmp_29, i8 %sboxSub_V_1_load_9, i8 %sboxSub_V_0_load_9" [aes/aes_encrypt.cpp:101->aes/aes_encrypt.cpp:178->aes/aes_encrypt.cpp:219]   --->   Operation 1079 'select' 'temp_V_6' <Predicate = true> <Delay = 1.24> <Core = "Sel">   --->   Core 26 'Sel' <Latency = 0> <II = 1> <Delay = 1.24> <FuncUnit> <Opcode : 'select'> <InPorts = 3> <OutPorts = 1>
ST_48 : Operation 1080 [1/2] (3.25ns)   --->   "%sboxSub_V_1_load_11 = load i8* %sboxSub_V_1_addr_11, align 1" [aes/aes_encrypt.cpp:101->aes/aes_encrypt.cpp:178->aes/aes_encrypt.cpp:219]   --->   Operation 1080 'load' 'sboxSub_V_1_load_11' <Predicate = (tmp_30)> <Delay = 3.25> <Core = "ROM_nP">   --->   Core 52 'ROM_nP' <Latency = 1> <II = 1> <Delay = 3.25> <Storage> <Opcode : 'load'> <Ports = 0> <Width = 8> <Depth = 128> <ROM>
ST_48 : Operation 1081 [1/2] (3.25ns)   --->   "%sboxSub_V_0_load_11 = load i8* %sboxSub_V_0_addr_11, align 1" [aes/aes_encrypt.cpp:101->aes/aes_encrypt.cpp:178->aes/aes_encrypt.cpp:219]   --->   Operation 1081 'load' 'sboxSub_V_0_load_11' <Predicate = (!tmp_30)> <Delay = 3.25> <Core = "ROM_nP">   --->   Core 52 'ROM_nP' <Latency = 1> <II = 1> <Delay = 3.25> <Storage> <Opcode : 'load'> <Ports = 0> <Width = 8> <Depth = 128> <ROM>
ST_48 : Operation 1082 [1/1] (1.24ns)   --->   "%state_1_0_V_2 = select i1 %tmp_30, i8 %sboxSub_V_1_load_11, i8 %sboxSub_V_0_load_11" [aes/aes_encrypt.cpp:101->aes/aes_encrypt.cpp:178->aes/aes_encrypt.cpp:219]   --->   Operation 1082 'select' 'state_1_0_V_2' <Predicate = true> <Delay = 1.24> <Core = "Sel">   --->   Core 26 'Sel' <Latency = 0> <II = 1> <Delay = 1.24> <FuncUnit> <Opcode : 'select'> <InPorts = 3> <OutPorts = 1>
ST_48 : Operation 1083 [1/2] (3.25ns)   --->   "%sboxSub_V_1_load_13 = load i8* %sboxSub_V_1_addr_13, align 1" [aes/aes_encrypt.cpp:101->aes/aes_encrypt.cpp:178->aes/aes_encrypt.cpp:219]   --->   Operation 1083 'load' 'sboxSub_V_1_load_13' <Predicate = (tmp_31)> <Delay = 3.25> <Core = "ROM_nP">   --->   Core 52 'ROM_nP' <Latency = 1> <II = 1> <Delay = 3.25> <Storage> <Opcode : 'load'> <Ports = 0> <Width = 8> <Depth = 128> <ROM>
ST_48 : Operation 1084 [1/2] (3.25ns)   --->   "%sboxSub_V_0_load_13 = load i8* %sboxSub_V_0_addr_13, align 1" [aes/aes_encrypt.cpp:101->aes/aes_encrypt.cpp:178->aes/aes_encrypt.cpp:219]   --->   Operation 1084 'load' 'sboxSub_V_0_load_13' <Predicate = (!tmp_31)> <Delay = 3.25> <Core = "ROM_nP">   --->   Core 52 'ROM_nP' <Latency = 1> <II = 1> <Delay = 3.25> <Storage> <Opcode : 'load'> <Ports = 0> <Width = 8> <Depth = 128> <ROM>
ST_48 : Operation 1085 [1/1] (1.24ns)   --->   "%state_1_1_V_2 = select i1 %tmp_31, i8 %sboxSub_V_1_load_13, i8 %sboxSub_V_0_load_13" [aes/aes_encrypt.cpp:101->aes/aes_encrypt.cpp:178->aes/aes_encrypt.cpp:219]   --->   Operation 1085 'select' 'state_1_1_V_2' <Predicate = true> <Delay = 1.24> <Core = "Sel">   --->   Core 26 'Sel' <Latency = 0> <II = 1> <Delay = 1.24> <FuncUnit> <Opcode : 'select'> <InPorts = 3> <OutPorts = 1>
ST_48 : Operation 1086 [1/2] (3.25ns)   --->   "%sboxSub_V_1_load_15 = load i8* %sboxSub_V_1_addr_15, align 1" [aes/aes_encrypt.cpp:101->aes/aes_encrypt.cpp:178->aes/aes_encrypt.cpp:219]   --->   Operation 1086 'load' 'sboxSub_V_1_load_15' <Predicate = (tmp_32)> <Delay = 3.25> <Core = "ROM_nP">   --->   Core 52 'ROM_nP' <Latency = 1> <II = 1> <Delay = 3.25> <Storage> <Opcode : 'load'> <Ports = 0> <Width = 8> <Depth = 128> <ROM>
ST_48 : Operation 1087 [1/2] (3.25ns)   --->   "%sboxSub_V_0_load_15 = load i8* %sboxSub_V_0_addr_15, align 1" [aes/aes_encrypt.cpp:101->aes/aes_encrypt.cpp:178->aes/aes_encrypt.cpp:219]   --->   Operation 1087 'load' 'sboxSub_V_0_load_15' <Predicate = (!tmp_32)> <Delay = 3.25> <Core = "ROM_nP">   --->   Core 52 'ROM_nP' <Latency = 1> <II = 1> <Delay = 3.25> <Storage> <Opcode : 'load'> <Ports = 0> <Width = 8> <Depth = 128> <ROM>
ST_48 : Operation 1088 [1/1] (1.24ns)   --->   "%state_1_2_V_2 = select i1 %tmp_32, i8 %sboxSub_V_1_load_15, i8 %sboxSub_V_0_load_15" [aes/aes_encrypt.cpp:101->aes/aes_encrypt.cpp:178->aes/aes_encrypt.cpp:219]   --->   Operation 1088 'select' 'state_1_2_V_2' <Predicate = true> <Delay = 1.24> <Core = "Sel">   --->   Core 26 'Sel' <Latency = 0> <II = 1> <Delay = 1.24> <FuncUnit> <Opcode : 'select'> <InPorts = 3> <OutPorts = 1>
ST_48 : Operation 1089 [1/1] (0.00ns)   --->   "%newIndex35 = zext i7 %newIndex34 to i64" [aes/aes_encrypt.cpp:101->aes/aes_encrypt.cpp:178->aes/aes_encrypt.cpp:219]   --->   Operation 1089 'zext' 'newIndex35' <Predicate = true> <Delay = 0.00>
ST_48 : Operation 1090 [1/1] (0.00ns)   --->   "%sboxSub_V_0_addr_17 = getelementptr [128 x i8]* @sboxSub_V_0, i64 0, i64 %newIndex35" [aes/aes_encrypt.cpp:101->aes/aes_encrypt.cpp:178->aes/aes_encrypt.cpp:219]   --->   Operation 1090 'getelementptr' 'sboxSub_V_0_addr_17' <Predicate = (!tmp_33)> <Delay = 0.00>
ST_48 : Operation 1091 [1/1] (0.00ns)   --->   "%sboxSub_V_1_addr_17 = getelementptr [128 x i8]* @sboxSub_V_1, i64 0, i64 %newIndex35" [aes/aes_encrypt.cpp:101->aes/aes_encrypt.cpp:178->aes/aes_encrypt.cpp:219]   --->   Operation 1091 'getelementptr' 'sboxSub_V_1_addr_17' <Predicate = (tmp_33)> <Delay = 0.00>
ST_48 : Operation 1092 [2/2] (3.25ns)   --->   "%sboxSub_V_1_load_17 = load i8* %sboxSub_V_1_addr_17, align 1" [aes/aes_encrypt.cpp:101->aes/aes_encrypt.cpp:178->aes/aes_encrypt.cpp:219]   --->   Operation 1092 'load' 'sboxSub_V_1_load_17' <Predicate = (tmp_33)> <Delay = 3.25> <Core = "ROM_nP">   --->   Core 52 'ROM_nP' <Latency = 1> <II = 1> <Delay = 3.25> <Storage> <Opcode : 'load'> <Ports = 0> <Width = 8> <Depth = 128> <ROM>
ST_48 : Operation 1093 [2/2] (3.25ns)   --->   "%sboxSub_V_0_load_17 = load i8* %sboxSub_V_0_addr_17, align 1" [aes/aes_encrypt.cpp:101->aes/aes_encrypt.cpp:178->aes/aes_encrypt.cpp:219]   --->   Operation 1093 'load' 'sboxSub_V_0_load_17' <Predicate = (!tmp_33)> <Delay = 3.25> <Core = "ROM_nP">   --->   Core 52 'ROM_nP' <Latency = 1> <II = 1> <Delay = 3.25> <Storage> <Opcode : 'load'> <Ports = 0> <Width = 8> <Depth = 128> <ROM>
ST_48 : Operation 1094 [1/1] (0.00ns)   --->   "%newIndex39 = zext i7 %newIndex38 to i64" [aes/aes_encrypt.cpp:101->aes/aes_encrypt.cpp:178->aes/aes_encrypt.cpp:219]   --->   Operation 1094 'zext' 'newIndex39' <Predicate = true> <Delay = 0.00>
ST_48 : Operation 1095 [1/1] (0.00ns)   --->   "%sboxSub_V_0_addr_19 = getelementptr [128 x i8]* @sboxSub_V_0, i64 0, i64 %newIndex39" [aes/aes_encrypt.cpp:101->aes/aes_encrypt.cpp:178->aes/aes_encrypt.cpp:219]   --->   Operation 1095 'getelementptr' 'sboxSub_V_0_addr_19' <Predicate = (!tmp_34)> <Delay = 0.00>
ST_48 : Operation 1096 [1/1] (0.00ns)   --->   "%sboxSub_V_1_addr_19 = getelementptr [128 x i8]* @sboxSub_V_1, i64 0, i64 %newIndex39" [aes/aes_encrypt.cpp:101->aes/aes_encrypt.cpp:178->aes/aes_encrypt.cpp:219]   --->   Operation 1096 'getelementptr' 'sboxSub_V_1_addr_19' <Predicate = (tmp_34)> <Delay = 0.00>
ST_48 : Operation 1097 [2/2] (3.25ns)   --->   "%sboxSub_V_1_load_19 = load i8* %sboxSub_V_1_addr_19, align 1" [aes/aes_encrypt.cpp:101->aes/aes_encrypt.cpp:178->aes/aes_encrypt.cpp:219]   --->   Operation 1097 'load' 'sboxSub_V_1_load_19' <Predicate = (tmp_34)> <Delay = 3.25> <Core = "ROM_nP">   --->   Core 52 'ROM_nP' <Latency = 1> <II = 1> <Delay = 3.25> <Storage> <Opcode : 'load'> <Ports = 0> <Width = 8> <Depth = 128> <ROM>
ST_48 : Operation 1098 [2/2] (3.25ns)   --->   "%sboxSub_V_0_load_19 = load i8* %sboxSub_V_0_addr_19, align 1" [aes/aes_encrypt.cpp:101->aes/aes_encrypt.cpp:178->aes/aes_encrypt.cpp:219]   --->   Operation 1098 'load' 'sboxSub_V_0_load_19' <Predicate = (!tmp_34)> <Delay = 3.25> <Core = "ROM_nP">   --->   Core 52 'ROM_nP' <Latency = 1> <II = 1> <Delay = 3.25> <Storage> <Opcode : 'load'> <Ports = 0> <Width = 8> <Depth = 128> <ROM>
ST_48 : Operation 1099 [1/1] (0.00ns)   --->   "%newIndex43 = zext i7 %newIndex42 to i64" [aes/aes_encrypt.cpp:101->aes/aes_encrypt.cpp:178->aes/aes_encrypt.cpp:219]   --->   Operation 1099 'zext' 'newIndex43' <Predicate = true> <Delay = 0.00>
ST_48 : Operation 1100 [1/1] (0.00ns)   --->   "%sboxSub_V_0_addr_21 = getelementptr [128 x i8]* @sboxSub_V_0, i64 0, i64 %newIndex43" [aes/aes_encrypt.cpp:101->aes/aes_encrypt.cpp:178->aes/aes_encrypt.cpp:219]   --->   Operation 1100 'getelementptr' 'sboxSub_V_0_addr_21' <Predicate = (!tmp_35)> <Delay = 0.00>
ST_48 : Operation 1101 [1/1] (0.00ns)   --->   "%sboxSub_V_1_addr_21 = getelementptr [128 x i8]* @sboxSub_V_1, i64 0, i64 %newIndex43" [aes/aes_encrypt.cpp:101->aes/aes_encrypt.cpp:178->aes/aes_encrypt.cpp:219]   --->   Operation 1101 'getelementptr' 'sboxSub_V_1_addr_21' <Predicate = (tmp_35)> <Delay = 0.00>
ST_48 : Operation 1102 [2/2] (3.25ns)   --->   "%sboxSub_V_1_load_21 = load i8* %sboxSub_V_1_addr_21, align 1" [aes/aes_encrypt.cpp:101->aes/aes_encrypt.cpp:178->aes/aes_encrypt.cpp:219]   --->   Operation 1102 'load' 'sboxSub_V_1_load_21' <Predicate = (tmp_35)> <Delay = 3.25> <Core = "ROM_nP">   --->   Core 52 'ROM_nP' <Latency = 1> <II = 1> <Delay = 3.25> <Storage> <Opcode : 'load'> <Ports = 0> <Width = 8> <Depth = 128> <ROM>
ST_48 : Operation 1103 [2/2] (3.25ns)   --->   "%sboxSub_V_0_load_21 = load i8* %sboxSub_V_0_addr_21, align 1" [aes/aes_encrypt.cpp:101->aes/aes_encrypt.cpp:178->aes/aes_encrypt.cpp:219]   --->   Operation 1103 'load' 'sboxSub_V_0_load_21' <Predicate = (!tmp_35)> <Delay = 3.25> <Core = "ROM_nP">   --->   Core 52 'ROM_nP' <Latency = 1> <II = 1> <Delay = 3.25> <Storage> <Opcode : 'load'> <Ports = 0> <Width = 8> <Depth = 128> <ROM>
ST_48 : Operation 1104 [1/1] (0.00ns)   --->   "%newIndex47 = zext i7 %newIndex46 to i64" [aes/aes_encrypt.cpp:101->aes/aes_encrypt.cpp:178->aes/aes_encrypt.cpp:219]   --->   Operation 1104 'zext' 'newIndex47' <Predicate = true> <Delay = 0.00>
ST_48 : Operation 1105 [1/1] (0.00ns)   --->   "%sboxSub_V_0_addr_23 = getelementptr [128 x i8]* @sboxSub_V_0, i64 0, i64 %newIndex47" [aes/aes_encrypt.cpp:101->aes/aes_encrypt.cpp:178->aes/aes_encrypt.cpp:219]   --->   Operation 1105 'getelementptr' 'sboxSub_V_0_addr_23' <Predicate = (!tmp_36)> <Delay = 0.00>
ST_48 : Operation 1106 [1/1] (0.00ns)   --->   "%sboxSub_V_1_addr_23 = getelementptr [128 x i8]* @sboxSub_V_1, i64 0, i64 %newIndex47" [aes/aes_encrypt.cpp:101->aes/aes_encrypt.cpp:178->aes/aes_encrypt.cpp:219]   --->   Operation 1106 'getelementptr' 'sboxSub_V_1_addr_23' <Predicate = (tmp_36)> <Delay = 0.00>
ST_48 : Operation 1107 [2/2] (3.25ns)   --->   "%sboxSub_V_1_load_23 = load i8* %sboxSub_V_1_addr_23, align 1" [aes/aes_encrypt.cpp:101->aes/aes_encrypt.cpp:178->aes/aes_encrypt.cpp:219]   --->   Operation 1107 'load' 'sboxSub_V_1_load_23' <Predicate = (tmp_36)> <Delay = 3.25> <Core = "ROM_nP">   --->   Core 52 'ROM_nP' <Latency = 1> <II = 1> <Delay = 3.25> <Storage> <Opcode : 'load'> <Ports = 0> <Width = 8> <Depth = 128> <ROM>
ST_48 : Operation 1108 [2/2] (3.25ns)   --->   "%sboxSub_V_0_load_23 = load i8* %sboxSub_V_0_addr_23, align 1" [aes/aes_encrypt.cpp:101->aes/aes_encrypt.cpp:178->aes/aes_encrypt.cpp:219]   --->   Operation 1108 'load' 'sboxSub_V_0_load_23' <Predicate = (!tmp_36)> <Delay = 3.25> <Core = "ROM_nP">   --->   Core 52 'ROM_nP' <Latency = 1> <II = 1> <Delay = 3.25> <Storage> <Opcode : 'load'> <Ports = 0> <Width = 8> <Depth = 128> <ROM>
ST_48 : Operation 1109 [1/1] (0.00ns) (grouped into LUT with out node agg_result_V_i1)   --->   "%r_V_1 = shl i8 %state_1_0_V_2, 1" [aes/aes_encrypt.cpp:61->aes/aes_encrypt.cpp:137->aes/aes_encrypt.cpp:180->aes/aes_encrypt.cpp:219]   --->   Operation 1109 'shl' 'r_V_1' <Predicate = true> <Delay = 0.00>
ST_48 : Operation 1110 [1/1] (0.00ns) (grouped into LUT with out node agg_result_V_i1)   --->   "%tmp_44 = call i1 @_ssdm_op_BitSelect.i1.i8.i32(i8 %state_1_0_V_2, i32 7)" [aes/aes_encrypt.cpp:61->aes/aes_encrypt.cpp:137->aes/aes_encrypt.cpp:180->aes/aes_encrypt.cpp:219]   --->   Operation 1110 'bitselect' 'tmp_44' <Predicate = true> <Delay = 0.00>
ST_48 : Operation 1111 [1/1] (0.00ns) (grouped into LUT with out node agg_result_V_i1)   --->   "%p_i1_cast_cast = select i1 %tmp_44, i8 27, i8 0" [aes/aes_encrypt.cpp:61->aes/aes_encrypt.cpp:137->aes/aes_encrypt.cpp:180->aes/aes_encrypt.cpp:219]   --->   Operation 1111 'select' 'p_i1_cast_cast' <Predicate = true> <Delay = 0.00> <Core = "Sel">   --->   Core 26 'Sel' <Latency = 0> <II = 1> <Delay = 1.24> <FuncUnit> <Opcode : 'select'> <InPorts = 3> <OutPorts = 1>
ST_48 : Operation 1112 [1/1] (1.18ns) (out node of the LUT)   --->   "%agg_result_V_i1 = xor i8 %p_i1_cast_cast, %r_V_1" [aes/aes_encrypt.cpp:61->aes/aes_encrypt.cpp:137->aes/aes_encrypt.cpp:180->aes/aes_encrypt.cpp:219]   --->   Operation 1112 'xor' 'agg_result_V_i1' <Predicate = true> <Delay = 1.18> <Core = "LogicGate">   --->   Core 27 'LogicGate' <Latency = 0> <II = 1> <Delay = 0.99> <FuncUnit> <Opcode : 'and' 'or' 'xor'> <InPorts = 2> <OutPorts = 1>
ST_48 : Operation 1113 [1/1] (0.00ns) (grouped into LUT with out node agg_result_V_i5)   --->   "%r_V_5 = shl i8 %state_1_1_V_2, 1" [aes/aes_encrypt.cpp:61->aes/aes_encrypt.cpp:137->aes/aes_encrypt.cpp:180->aes/aes_encrypt.cpp:219]   --->   Operation 1113 'shl' 'r_V_5' <Predicate = true> <Delay = 0.00>
ST_48 : Operation 1114 [1/1] (0.00ns) (grouped into LUT with out node agg_result_V_i5)   --->   "%tmp_52 = call i1 @_ssdm_op_BitSelect.i1.i8.i32(i8 %state_1_1_V_2, i32 7)" [aes/aes_encrypt.cpp:61->aes/aes_encrypt.cpp:137->aes/aes_encrypt.cpp:180->aes/aes_encrypt.cpp:219]   --->   Operation 1114 'bitselect' 'tmp_52' <Predicate = true> <Delay = 0.00>
ST_48 : Operation 1115 [1/1] (0.00ns) (grouped into LUT with out node agg_result_V_i5)   --->   "%p_i5_cast_cast = select i1 %tmp_52, i8 27, i8 0" [aes/aes_encrypt.cpp:61->aes/aes_encrypt.cpp:137->aes/aes_encrypt.cpp:180->aes/aes_encrypt.cpp:219]   --->   Operation 1115 'select' 'p_i5_cast_cast' <Predicate = true> <Delay = 0.00> <Core = "Sel">   --->   Core 26 'Sel' <Latency = 0> <II = 1> <Delay = 1.24> <FuncUnit> <Opcode : 'select'> <InPorts = 3> <OutPorts = 1>
ST_48 : Operation 1116 [1/1] (1.18ns) (out node of the LUT)   --->   "%agg_result_V_i5 = xor i8 %p_i5_cast_cast, %r_V_5" [aes/aes_encrypt.cpp:61->aes/aes_encrypt.cpp:137->aes/aes_encrypt.cpp:180->aes/aes_encrypt.cpp:219]   --->   Operation 1116 'xor' 'agg_result_V_i5' <Predicate = true> <Delay = 1.18> <Core = "LogicGate">   --->   Core 27 'LogicGate' <Latency = 0> <II = 1> <Delay = 0.99> <FuncUnit> <Opcode : 'and' 'or' 'xor'> <InPorts = 2> <OutPorts = 1>
ST_48 : Operation 1117 [1/1] (0.00ns) (grouped into LUT with out node agg_result_V_i9)   --->   "%r_V_9 = shl i8 %state_1_2_V_2, 1" [aes/aes_encrypt.cpp:61->aes/aes_encrypt.cpp:137->aes/aes_encrypt.cpp:180->aes/aes_encrypt.cpp:219]   --->   Operation 1117 'shl' 'r_V_9' <Predicate = true> <Delay = 0.00>
ST_48 : Operation 1118 [1/1] (0.00ns) (grouped into LUT with out node agg_result_V_i9)   --->   "%tmp_60 = call i1 @_ssdm_op_BitSelect.i1.i8.i32(i8 %state_1_2_V_2, i32 7)" [aes/aes_encrypt.cpp:61->aes/aes_encrypt.cpp:137->aes/aes_encrypt.cpp:180->aes/aes_encrypt.cpp:219]   --->   Operation 1118 'bitselect' 'tmp_60' <Predicate = true> <Delay = 0.00>
ST_48 : Operation 1119 [1/1] (0.00ns) (grouped into LUT with out node agg_result_V_i9)   --->   "%p_i9_cast_cast = select i1 %tmp_60, i8 27, i8 0" [aes/aes_encrypt.cpp:61->aes/aes_encrypt.cpp:137->aes/aes_encrypt.cpp:180->aes/aes_encrypt.cpp:219]   --->   Operation 1119 'select' 'p_i9_cast_cast' <Predicate = true> <Delay = 0.00> <Core = "Sel">   --->   Core 26 'Sel' <Latency = 0> <II = 1> <Delay = 1.24> <FuncUnit> <Opcode : 'select'> <InPorts = 3> <OutPorts = 1>
ST_48 : Operation 1120 [1/1] (1.18ns) (out node of the LUT)   --->   "%agg_result_V_i9 = xor i8 %p_i9_cast_cast, %r_V_9" [aes/aes_encrypt.cpp:61->aes/aes_encrypt.cpp:137->aes/aes_encrypt.cpp:180->aes/aes_encrypt.cpp:219]   --->   Operation 1120 'xor' 'agg_result_V_i9' <Predicate = true> <Delay = 1.18> <Core = "LogicGate">   --->   Core 27 'LogicGate' <Latency = 0> <II = 1> <Delay = 0.99> <FuncUnit> <Opcode : 'and' 'or' 'xor'> <InPorts = 2> <OutPorts = 1>
ST_48 : Operation 1121 [1/1] (0.00ns) (grouped into LUT with out node agg_result_V_i13)   --->   "%r_V_13 = shl i8 %temp_V_6, 1" [aes/aes_encrypt.cpp:61->aes/aes_encrypt.cpp:137->aes/aes_encrypt.cpp:180->aes/aes_encrypt.cpp:219]   --->   Operation 1121 'shl' 'r_V_13' <Predicate = true> <Delay = 0.00>
ST_48 : Operation 1122 [1/1] (0.00ns) (grouped into LUT with out node agg_result_V_i13)   --->   "%tmp_68 = call i1 @_ssdm_op_BitSelect.i1.i8.i32(i8 %temp_V_6, i32 7)" [aes/aes_encrypt.cpp:61->aes/aes_encrypt.cpp:137->aes/aes_encrypt.cpp:180->aes/aes_encrypt.cpp:219]   --->   Operation 1122 'bitselect' 'tmp_68' <Predicate = true> <Delay = 0.00>
ST_48 : Operation 1123 [1/1] (0.00ns) (grouped into LUT with out node agg_result_V_i13)   --->   "%p_i13_cast_cast = select i1 %tmp_68, i8 27, i8 0" [aes/aes_encrypt.cpp:61->aes/aes_encrypt.cpp:137->aes/aes_encrypt.cpp:180->aes/aes_encrypt.cpp:219]   --->   Operation 1123 'select' 'p_i13_cast_cast' <Predicate = true> <Delay = 0.00> <Core = "Sel">   --->   Core 26 'Sel' <Latency = 0> <II = 1> <Delay = 1.24> <FuncUnit> <Opcode : 'select'> <InPorts = 3> <OutPorts = 1>
ST_48 : Operation 1124 [1/1] (1.18ns) (out node of the LUT)   --->   "%agg_result_V_i13 = xor i8 %p_i13_cast_cast, %r_V_13" [aes/aes_encrypt.cpp:61->aes/aes_encrypt.cpp:137->aes/aes_encrypt.cpp:180->aes/aes_encrypt.cpp:219]   --->   Operation 1124 'xor' 'agg_result_V_i13' <Predicate = true> <Delay = 1.18> <Core = "LogicGate">   --->   Core 27 'LogicGate' <Latency = 0> <II = 1> <Delay = 0.99> <FuncUnit> <Opcode : 'and' 'or' 'xor'> <InPorts = 2> <OutPorts = 1>

State 49 <SV = 48> <Delay = 5.69>
ST_49 : Operation 1125 [1/2] (3.25ns)   --->   "%sboxSub_V_1_load_17 = load i8* %sboxSub_V_1_addr_17, align 1" [aes/aes_encrypt.cpp:101->aes/aes_encrypt.cpp:178->aes/aes_encrypt.cpp:219]   --->   Operation 1125 'load' 'sboxSub_V_1_load_17' <Predicate = (tmp_33)> <Delay = 3.25> <Core = "ROM_nP">   --->   Core 52 'ROM_nP' <Latency = 1> <II = 1> <Delay = 3.25> <Storage> <Opcode : 'load'> <Ports = 0> <Width = 8> <Depth = 128> <ROM>
ST_49 : Operation 1126 [1/2] (3.25ns)   --->   "%sboxSub_V_0_load_17 = load i8* %sboxSub_V_0_addr_17, align 1" [aes/aes_encrypt.cpp:101->aes/aes_encrypt.cpp:178->aes/aes_encrypt.cpp:219]   --->   Operation 1126 'load' 'sboxSub_V_0_load_17' <Predicate = (!tmp_33)> <Delay = 3.25> <Core = "ROM_nP">   --->   Core 52 'ROM_nP' <Latency = 1> <II = 1> <Delay = 3.25> <Storage> <Opcode : 'load'> <Ports = 0> <Width = 8> <Depth = 128> <ROM>
ST_49 : Operation 1127 [1/1] (1.24ns)   --->   "%temp_V_7 = select i1 %tmp_33, i8 %sboxSub_V_1_load_17, i8 %sboxSub_V_0_load_17" [aes/aes_encrypt.cpp:101->aes/aes_encrypt.cpp:178->aes/aes_encrypt.cpp:219]   --->   Operation 1127 'select' 'temp_V_7' <Predicate = true> <Delay = 1.24> <Core = "Sel">   --->   Core 26 'Sel' <Latency = 0> <II = 1> <Delay = 1.24> <FuncUnit> <Opcode : 'select'> <InPorts = 3> <OutPorts = 1>
ST_49 : Operation 1128 [1/2] (3.25ns)   --->   "%sboxSub_V_1_load_19 = load i8* %sboxSub_V_1_addr_19, align 1" [aes/aes_encrypt.cpp:101->aes/aes_encrypt.cpp:178->aes/aes_encrypt.cpp:219]   --->   Operation 1128 'load' 'sboxSub_V_1_load_19' <Predicate = (tmp_34)> <Delay = 3.25> <Core = "ROM_nP">   --->   Core 52 'ROM_nP' <Latency = 1> <II = 1> <Delay = 3.25> <Storage> <Opcode : 'load'> <Ports = 0> <Width = 8> <Depth = 128> <ROM>
ST_49 : Operation 1129 [1/2] (3.25ns)   --->   "%sboxSub_V_0_load_19 = load i8* %sboxSub_V_0_addr_19, align 1" [aes/aes_encrypt.cpp:101->aes/aes_encrypt.cpp:178->aes/aes_encrypt.cpp:219]   --->   Operation 1129 'load' 'sboxSub_V_0_load_19' <Predicate = (!tmp_34)> <Delay = 3.25> <Core = "ROM_nP">   --->   Core 52 'ROM_nP' <Latency = 1> <II = 1> <Delay = 3.25> <Storage> <Opcode : 'load'> <Ports = 0> <Width = 8> <Depth = 128> <ROM>
ST_49 : Operation 1130 [1/1] (1.24ns)   --->   "%temp1_V_2 = select i1 %tmp_34, i8 %sboxSub_V_1_load_19, i8 %sboxSub_V_0_load_19" [aes/aes_encrypt.cpp:101->aes/aes_encrypt.cpp:178->aes/aes_encrypt.cpp:219]   --->   Operation 1130 'select' 'temp1_V_2' <Predicate = true> <Delay = 1.24> <Core = "Sel">   --->   Core 26 'Sel' <Latency = 0> <II = 1> <Delay = 1.24> <FuncUnit> <Opcode : 'select'> <InPorts = 3> <OutPorts = 1>
ST_49 : Operation 1131 [1/2] (3.25ns)   --->   "%sboxSub_V_1_load_21 = load i8* %sboxSub_V_1_addr_21, align 1" [aes/aes_encrypt.cpp:101->aes/aes_encrypt.cpp:178->aes/aes_encrypt.cpp:219]   --->   Operation 1131 'load' 'sboxSub_V_1_load_21' <Predicate = (tmp_35)> <Delay = 3.25> <Core = "ROM_nP">   --->   Core 52 'ROM_nP' <Latency = 1> <II = 1> <Delay = 3.25> <Storage> <Opcode : 'load'> <Ports = 0> <Width = 8> <Depth = 128> <ROM>
ST_49 : Operation 1132 [1/2] (3.25ns)   --->   "%sboxSub_V_0_load_21 = load i8* %sboxSub_V_0_addr_21, align 1" [aes/aes_encrypt.cpp:101->aes/aes_encrypt.cpp:178->aes/aes_encrypt.cpp:219]   --->   Operation 1132 'load' 'sboxSub_V_0_load_21' <Predicate = (!tmp_35)> <Delay = 3.25> <Core = "ROM_nP">   --->   Core 52 'ROM_nP' <Latency = 1> <II = 1> <Delay = 3.25> <Storage> <Opcode : 'load'> <Ports = 0> <Width = 8> <Depth = 128> <ROM>
ST_49 : Operation 1133 [1/1] (1.24ns)   --->   "%state_2_0_V_2 = select i1 %tmp_35, i8 %sboxSub_V_1_load_21, i8 %sboxSub_V_0_load_21" [aes/aes_encrypt.cpp:101->aes/aes_encrypt.cpp:178->aes/aes_encrypt.cpp:219]   --->   Operation 1133 'select' 'state_2_0_V_2' <Predicate = true> <Delay = 1.24> <Core = "Sel">   --->   Core 26 'Sel' <Latency = 0> <II = 1> <Delay = 1.24> <FuncUnit> <Opcode : 'select'> <InPorts = 3> <OutPorts = 1>
ST_49 : Operation 1134 [1/2] (3.25ns)   --->   "%sboxSub_V_1_load_23 = load i8* %sboxSub_V_1_addr_23, align 1" [aes/aes_encrypt.cpp:101->aes/aes_encrypt.cpp:178->aes/aes_encrypt.cpp:219]   --->   Operation 1134 'load' 'sboxSub_V_1_load_23' <Predicate = (tmp_36)> <Delay = 3.25> <Core = "ROM_nP">   --->   Core 52 'ROM_nP' <Latency = 1> <II = 1> <Delay = 3.25> <Storage> <Opcode : 'load'> <Ports = 0> <Width = 8> <Depth = 128> <ROM>
ST_49 : Operation 1135 [1/2] (3.25ns)   --->   "%sboxSub_V_0_load_23 = load i8* %sboxSub_V_0_addr_23, align 1" [aes/aes_encrypt.cpp:101->aes/aes_encrypt.cpp:178->aes/aes_encrypt.cpp:219]   --->   Operation 1135 'load' 'sboxSub_V_0_load_23' <Predicate = (!tmp_36)> <Delay = 3.25> <Core = "ROM_nP">   --->   Core 52 'ROM_nP' <Latency = 1> <II = 1> <Delay = 3.25> <Storage> <Opcode : 'load'> <Ports = 0> <Width = 8> <Depth = 128> <ROM>
ST_49 : Operation 1136 [1/1] (1.24ns)   --->   "%state_2_1_V_2 = select i1 %tmp_36, i8 %sboxSub_V_1_load_23, i8 %sboxSub_V_0_load_23" [aes/aes_encrypt.cpp:101->aes/aes_encrypt.cpp:178->aes/aes_encrypt.cpp:219]   --->   Operation 1136 'select' 'state_2_1_V_2' <Predicate = true> <Delay = 1.24> <Core = "Sel">   --->   Core 26 'Sel' <Latency = 0> <II = 1> <Delay = 1.24> <FuncUnit> <Opcode : 'select'> <InPorts = 3> <OutPorts = 1>
ST_49 : Operation 1137 [1/1] (0.00ns)   --->   "%newIndex51 = zext i7 %newIndex50 to i64" [aes/aes_encrypt.cpp:101->aes/aes_encrypt.cpp:178->aes/aes_encrypt.cpp:219]   --->   Operation 1137 'zext' 'newIndex51' <Predicate = true> <Delay = 0.00>
ST_49 : Operation 1138 [1/1] (0.00ns)   --->   "%sboxSub_V_0_addr_25 = getelementptr [128 x i8]* @sboxSub_V_0, i64 0, i64 %newIndex51" [aes/aes_encrypt.cpp:101->aes/aes_encrypt.cpp:178->aes/aes_encrypt.cpp:219]   --->   Operation 1138 'getelementptr' 'sboxSub_V_0_addr_25' <Predicate = (!tmp_37)> <Delay = 0.00>
ST_49 : Operation 1139 [1/1] (0.00ns)   --->   "%sboxSub_V_1_addr_25 = getelementptr [128 x i8]* @sboxSub_V_1, i64 0, i64 %newIndex51" [aes/aes_encrypt.cpp:101->aes/aes_encrypt.cpp:178->aes/aes_encrypt.cpp:219]   --->   Operation 1139 'getelementptr' 'sboxSub_V_1_addr_25' <Predicate = (tmp_37)> <Delay = 0.00>
ST_49 : Operation 1140 [2/2] (3.25ns)   --->   "%sboxSub_V_1_load_25 = load i8* %sboxSub_V_1_addr_25, align 1" [aes/aes_encrypt.cpp:101->aes/aes_encrypt.cpp:178->aes/aes_encrypt.cpp:219]   --->   Operation 1140 'load' 'sboxSub_V_1_load_25' <Predicate = (tmp_37)> <Delay = 3.25> <Core = "ROM_nP">   --->   Core 52 'ROM_nP' <Latency = 1> <II = 1> <Delay = 3.25> <Storage> <Opcode : 'load'> <Ports = 0> <Width = 8> <Depth = 128> <ROM>
ST_49 : Operation 1141 [2/2] (3.25ns)   --->   "%sboxSub_V_0_load_25 = load i8* %sboxSub_V_0_addr_25, align 1" [aes/aes_encrypt.cpp:101->aes/aes_encrypt.cpp:178->aes/aes_encrypt.cpp:219]   --->   Operation 1141 'load' 'sboxSub_V_0_load_25' <Predicate = (!tmp_37)> <Delay = 3.25> <Core = "ROM_nP">   --->   Core 52 'ROM_nP' <Latency = 1> <II = 1> <Delay = 3.25> <Storage> <Opcode : 'load'> <Ports = 0> <Width = 8> <Depth = 128> <ROM>
ST_49 : Operation 1142 [1/1] (0.00ns)   --->   "%newIndex55 = zext i7 %newIndex54 to i64" [aes/aes_encrypt.cpp:101->aes/aes_encrypt.cpp:178->aes/aes_encrypt.cpp:219]   --->   Operation 1142 'zext' 'newIndex55' <Predicate = true> <Delay = 0.00>
ST_49 : Operation 1143 [1/1] (0.00ns)   --->   "%sboxSub_V_0_addr_27 = getelementptr [128 x i8]* @sboxSub_V_0, i64 0, i64 %newIndex55" [aes/aes_encrypt.cpp:101->aes/aes_encrypt.cpp:178->aes/aes_encrypt.cpp:219]   --->   Operation 1143 'getelementptr' 'sboxSub_V_0_addr_27' <Predicate = (!tmp_38)> <Delay = 0.00>
ST_49 : Operation 1144 [1/1] (0.00ns)   --->   "%sboxSub_V_1_addr_27 = getelementptr [128 x i8]* @sboxSub_V_1, i64 0, i64 %newIndex55" [aes/aes_encrypt.cpp:101->aes/aes_encrypt.cpp:178->aes/aes_encrypt.cpp:219]   --->   Operation 1144 'getelementptr' 'sboxSub_V_1_addr_27' <Predicate = (tmp_38)> <Delay = 0.00>
ST_49 : Operation 1145 [2/2] (3.25ns)   --->   "%sboxSub_V_1_load_27 = load i8* %sboxSub_V_1_addr_27, align 1" [aes/aes_encrypt.cpp:101->aes/aes_encrypt.cpp:178->aes/aes_encrypt.cpp:219]   --->   Operation 1145 'load' 'sboxSub_V_1_load_27' <Predicate = (tmp_38)> <Delay = 3.25> <Core = "ROM_nP">   --->   Core 52 'ROM_nP' <Latency = 1> <II = 1> <Delay = 3.25> <Storage> <Opcode : 'load'> <Ports = 0> <Width = 8> <Depth = 128> <ROM>
ST_49 : Operation 1146 [2/2] (3.25ns)   --->   "%sboxSub_V_0_load_27 = load i8* %sboxSub_V_0_addr_27, align 1" [aes/aes_encrypt.cpp:101->aes/aes_encrypt.cpp:178->aes/aes_encrypt.cpp:219]   --->   Operation 1146 'load' 'sboxSub_V_0_load_27' <Predicate = (!tmp_38)> <Delay = 3.25> <Core = "ROM_nP">   --->   Core 52 'ROM_nP' <Latency = 1> <II = 1> <Delay = 3.25> <Storage> <Opcode : 'load'> <Ports = 0> <Width = 8> <Depth = 128> <ROM>
ST_49 : Operation 1147 [1/1] (0.00ns)   --->   "%newIndex59 = zext i7 %newIndex58 to i64" [aes/aes_encrypt.cpp:101->aes/aes_encrypt.cpp:178->aes/aes_encrypt.cpp:219]   --->   Operation 1147 'zext' 'newIndex59' <Predicate = true> <Delay = 0.00>
ST_49 : Operation 1148 [1/1] (0.00ns)   --->   "%sboxSub_V_0_addr_29 = getelementptr [128 x i8]* @sboxSub_V_0, i64 0, i64 %newIndex59" [aes/aes_encrypt.cpp:101->aes/aes_encrypt.cpp:178->aes/aes_encrypt.cpp:219]   --->   Operation 1148 'getelementptr' 'sboxSub_V_0_addr_29' <Predicate = (!tmp_39)> <Delay = 0.00>
ST_49 : Operation 1149 [1/1] (0.00ns)   --->   "%sboxSub_V_1_addr_29 = getelementptr [128 x i8]* @sboxSub_V_1, i64 0, i64 %newIndex59" [aes/aes_encrypt.cpp:101->aes/aes_encrypt.cpp:178->aes/aes_encrypt.cpp:219]   --->   Operation 1149 'getelementptr' 'sboxSub_V_1_addr_29' <Predicate = (tmp_39)> <Delay = 0.00>
ST_49 : Operation 1150 [2/2] (3.25ns)   --->   "%sboxSub_V_1_load_29 = load i8* %sboxSub_V_1_addr_29, align 1" [aes/aes_encrypt.cpp:101->aes/aes_encrypt.cpp:178->aes/aes_encrypt.cpp:219]   --->   Operation 1150 'load' 'sboxSub_V_1_load_29' <Predicate = (tmp_39)> <Delay = 3.25> <Core = "ROM_nP">   --->   Core 52 'ROM_nP' <Latency = 1> <II = 1> <Delay = 3.25> <Storage> <Opcode : 'load'> <Ports = 0> <Width = 8> <Depth = 128> <ROM>
ST_49 : Operation 1151 [2/2] (3.25ns)   --->   "%sboxSub_V_0_load_29 = load i8* %sboxSub_V_0_addr_29, align 1" [aes/aes_encrypt.cpp:101->aes/aes_encrypt.cpp:178->aes/aes_encrypt.cpp:219]   --->   Operation 1151 'load' 'sboxSub_V_0_load_29' <Predicate = (!tmp_39)> <Delay = 3.25> <Core = "ROM_nP">   --->   Core 52 'ROM_nP' <Latency = 1> <II = 1> <Delay = 3.25> <Storage> <Opcode : 'load'> <Ports = 0> <Width = 8> <Depth = 128> <ROM>
ST_49 : Operation 1152 [1/1] (0.00ns)   --->   "%newIndex63 = zext i7 %newIndex62 to i64" [aes/aes_encrypt.cpp:101->aes/aes_encrypt.cpp:178->aes/aes_encrypt.cpp:219]   --->   Operation 1152 'zext' 'newIndex63' <Predicate = true> <Delay = 0.00>
ST_49 : Operation 1153 [1/1] (0.00ns)   --->   "%sboxSub_V_0_addr_31 = getelementptr [128 x i8]* @sboxSub_V_0, i64 0, i64 %newIndex63" [aes/aes_encrypt.cpp:101->aes/aes_encrypt.cpp:178->aes/aes_encrypt.cpp:219]   --->   Operation 1153 'getelementptr' 'sboxSub_V_0_addr_31' <Predicate = (!tmp_40)> <Delay = 0.00>
ST_49 : Operation 1154 [1/1] (0.00ns)   --->   "%sboxSub_V_1_addr_31 = getelementptr [128 x i8]* @sboxSub_V_1, i64 0, i64 %newIndex63" [aes/aes_encrypt.cpp:101->aes/aes_encrypt.cpp:178->aes/aes_encrypt.cpp:219]   --->   Operation 1154 'getelementptr' 'sboxSub_V_1_addr_31' <Predicate = (tmp_40)> <Delay = 0.00>
ST_49 : Operation 1155 [2/2] (3.25ns)   --->   "%sboxSub_V_1_load_31 = load i8* %sboxSub_V_1_addr_31, align 1" [aes/aes_encrypt.cpp:101->aes/aes_encrypt.cpp:178->aes/aes_encrypt.cpp:219]   --->   Operation 1155 'load' 'sboxSub_V_1_load_31' <Predicate = (tmp_40)> <Delay = 3.25> <Core = "ROM_nP">   --->   Core 52 'ROM_nP' <Latency = 1> <II = 1> <Delay = 3.25> <Storage> <Opcode : 'load'> <Ports = 0> <Width = 8> <Depth = 128> <ROM>
ST_49 : Operation 1156 [2/2] (3.25ns)   --->   "%sboxSub_V_0_load_31 = load i8* %sboxSub_V_0_addr_31, align 1" [aes/aes_encrypt.cpp:101->aes/aes_encrypt.cpp:178->aes/aes_encrypt.cpp:219]   --->   Operation 1156 'load' 'sboxSub_V_0_load_31' <Predicate = (!tmp_40)> <Delay = 3.25> <Core = "ROM_nP">   --->   Core 52 'ROM_nP' <Latency = 1> <II = 1> <Delay = 3.25> <Storage> <Opcode : 'load'> <Ports = 0> <Width = 8> <Depth = 128> <ROM>
ST_49 : Operation 1157 [1/1] (0.00ns) (grouped into LUT with out node agg_result_V_i2)   --->   "%r_V_2 = shl i8 %state_2_0_V_2, 1" [aes/aes_encrypt.cpp:61->aes/aes_encrypt.cpp:138->aes/aes_encrypt.cpp:180->aes/aes_encrypt.cpp:219]   --->   Operation 1157 'shl' 'r_V_2' <Predicate = true> <Delay = 0.00>
ST_49 : Operation 1158 [1/1] (0.00ns) (grouped into LUT with out node agg_result_V_i2)   --->   "%tmp_46 = call i1 @_ssdm_op_BitSelect.i1.i8.i32(i8 %state_2_0_V_2, i32 7)" [aes/aes_encrypt.cpp:61->aes/aes_encrypt.cpp:138->aes/aes_encrypt.cpp:180->aes/aes_encrypt.cpp:219]   --->   Operation 1158 'bitselect' 'tmp_46' <Predicate = true> <Delay = 0.00>
ST_49 : Operation 1159 [1/1] (0.00ns) (grouped into LUT with out node agg_result_V_i2)   --->   "%p_i2_cast_cast = select i1 %tmp_46, i8 27, i8 0" [aes/aes_encrypt.cpp:61->aes/aes_encrypt.cpp:138->aes/aes_encrypt.cpp:180->aes/aes_encrypt.cpp:219]   --->   Operation 1159 'select' 'p_i2_cast_cast' <Predicate = true> <Delay = 0.00> <Core = "Sel">   --->   Core 26 'Sel' <Latency = 0> <II = 1> <Delay = 1.24> <FuncUnit> <Opcode : 'select'> <InPorts = 3> <OutPorts = 1>
ST_49 : Operation 1160 [1/1] (1.18ns) (out node of the LUT)   --->   "%agg_result_V_i2 = xor i8 %p_i2_cast_cast, %r_V_2" [aes/aes_encrypt.cpp:61->aes/aes_encrypt.cpp:138->aes/aes_encrypt.cpp:180->aes/aes_encrypt.cpp:219]   --->   Operation 1160 'xor' 'agg_result_V_i2' <Predicate = true> <Delay = 1.18> <Core = "LogicGate">   --->   Core 27 'LogicGate' <Latency = 0> <II = 1> <Delay = 0.99> <FuncUnit> <Opcode : 'and' 'or' 'xor'> <InPorts = 2> <OutPorts = 1>
ST_49 : Operation 1161 [1/1] (0.00ns) (grouped into LUT with out node agg_result_V_i6)   --->   "%r_V_6 = shl i8 %state_2_1_V_2, 1" [aes/aes_encrypt.cpp:61->aes/aes_encrypt.cpp:138->aes/aes_encrypt.cpp:180->aes/aes_encrypt.cpp:219]   --->   Operation 1161 'shl' 'r_V_6' <Predicate = true> <Delay = 0.00>
ST_49 : Operation 1162 [1/1] (0.00ns) (grouped into LUT with out node agg_result_V_i6)   --->   "%tmp_54 = call i1 @_ssdm_op_BitSelect.i1.i8.i32(i8 %state_2_1_V_2, i32 7)" [aes/aes_encrypt.cpp:61->aes/aes_encrypt.cpp:138->aes/aes_encrypt.cpp:180->aes/aes_encrypt.cpp:219]   --->   Operation 1162 'bitselect' 'tmp_54' <Predicate = true> <Delay = 0.00>
ST_49 : Operation 1163 [1/1] (0.00ns) (grouped into LUT with out node agg_result_V_i6)   --->   "%p_i6_cast_cast = select i1 %tmp_54, i8 27, i8 0" [aes/aes_encrypt.cpp:61->aes/aes_encrypt.cpp:138->aes/aes_encrypt.cpp:180->aes/aes_encrypt.cpp:219]   --->   Operation 1163 'select' 'p_i6_cast_cast' <Predicate = true> <Delay = 0.00> <Core = "Sel">   --->   Core 26 'Sel' <Latency = 0> <II = 1> <Delay = 1.24> <FuncUnit> <Opcode : 'select'> <InPorts = 3> <OutPorts = 1>
ST_49 : Operation 1164 [1/1] (1.18ns) (out node of the LUT)   --->   "%agg_result_V_i6 = xor i8 %p_i6_cast_cast, %r_V_6" [aes/aes_encrypt.cpp:61->aes/aes_encrypt.cpp:138->aes/aes_encrypt.cpp:180->aes/aes_encrypt.cpp:219]   --->   Operation 1164 'xor' 'agg_result_V_i6' <Predicate = true> <Delay = 1.18> <Core = "LogicGate">   --->   Core 27 'LogicGate' <Latency = 0> <II = 1> <Delay = 0.99> <FuncUnit> <Opcode : 'and' 'or' 'xor'> <InPorts = 2> <OutPorts = 1>
ST_49 : Operation 1165 [1/1] (0.00ns) (grouped into LUT with out node agg_result_V_i10)   --->   "%r_V_10 = shl i8 %temp_V_7, 1" [aes/aes_encrypt.cpp:61->aes/aes_encrypt.cpp:138->aes/aes_encrypt.cpp:180->aes/aes_encrypt.cpp:219]   --->   Operation 1165 'shl' 'r_V_10' <Predicate = true> <Delay = 0.00>
ST_49 : Operation 1166 [1/1] (0.00ns) (grouped into LUT with out node agg_result_V_i10)   --->   "%tmp_62 = call i1 @_ssdm_op_BitSelect.i1.i8.i32(i8 %temp_V_7, i32 7)" [aes/aes_encrypt.cpp:61->aes/aes_encrypt.cpp:138->aes/aes_encrypt.cpp:180->aes/aes_encrypt.cpp:219]   --->   Operation 1166 'bitselect' 'tmp_62' <Predicate = true> <Delay = 0.00>
ST_49 : Operation 1167 [1/1] (0.00ns) (grouped into LUT with out node agg_result_V_i10)   --->   "%p_i10_cast_cast = select i1 %tmp_62, i8 27, i8 0" [aes/aes_encrypt.cpp:61->aes/aes_encrypt.cpp:138->aes/aes_encrypt.cpp:180->aes/aes_encrypt.cpp:219]   --->   Operation 1167 'select' 'p_i10_cast_cast' <Predicate = true> <Delay = 0.00> <Core = "Sel">   --->   Core 26 'Sel' <Latency = 0> <II = 1> <Delay = 1.24> <FuncUnit> <Opcode : 'select'> <InPorts = 3> <OutPorts = 1>
ST_49 : Operation 1168 [1/1] (1.18ns) (out node of the LUT)   --->   "%agg_result_V_i10 = xor i8 %p_i10_cast_cast, %r_V_10" [aes/aes_encrypt.cpp:61->aes/aes_encrypt.cpp:138->aes/aes_encrypt.cpp:180->aes/aes_encrypt.cpp:219]   --->   Operation 1168 'xor' 'agg_result_V_i10' <Predicate = true> <Delay = 1.18> <Core = "LogicGate">   --->   Core 27 'LogicGate' <Latency = 0> <II = 1> <Delay = 0.99> <FuncUnit> <Opcode : 'and' 'or' 'xor'> <InPorts = 2> <OutPorts = 1>
ST_49 : Operation 1169 [1/1] (0.00ns) (grouped into LUT with out node agg_result_V_i14)   --->   "%r_V_14 = shl i8 %temp1_V_2, 1" [aes/aes_encrypt.cpp:61->aes/aes_encrypt.cpp:138->aes/aes_encrypt.cpp:180->aes/aes_encrypt.cpp:219]   --->   Operation 1169 'shl' 'r_V_14' <Predicate = true> <Delay = 0.00>
ST_49 : Operation 1170 [1/1] (0.00ns) (grouped into LUT with out node agg_result_V_i14)   --->   "%tmp_70 = call i1 @_ssdm_op_BitSelect.i1.i8.i32(i8 %temp1_V_2, i32 7)" [aes/aes_encrypt.cpp:61->aes/aes_encrypt.cpp:138->aes/aes_encrypt.cpp:180->aes/aes_encrypt.cpp:219]   --->   Operation 1170 'bitselect' 'tmp_70' <Predicate = true> <Delay = 0.00>
ST_49 : Operation 1171 [1/1] (0.00ns) (grouped into LUT with out node agg_result_V_i14)   --->   "%p_i14_cast_cast = select i1 %tmp_70, i8 27, i8 0" [aes/aes_encrypt.cpp:61->aes/aes_encrypt.cpp:138->aes/aes_encrypt.cpp:180->aes/aes_encrypt.cpp:219]   --->   Operation 1171 'select' 'p_i14_cast_cast' <Predicate = true> <Delay = 0.00> <Core = "Sel">   --->   Core 26 'Sel' <Latency = 0> <II = 1> <Delay = 1.24> <FuncUnit> <Opcode : 'select'> <InPorts = 3> <OutPorts = 1>
ST_49 : Operation 1172 [1/1] (1.18ns) (out node of the LUT)   --->   "%agg_result_V_i14 = xor i8 %p_i14_cast_cast, %r_V_14" [aes/aes_encrypt.cpp:61->aes/aes_encrypt.cpp:138->aes/aes_encrypt.cpp:180->aes/aes_encrypt.cpp:219]   --->   Operation 1172 'xor' 'agg_result_V_i14' <Predicate = true> <Delay = 1.18> <Core = "LogicGate">   --->   Core 27 'LogicGate' <Latency = 0> <II = 1> <Delay = 0.99> <FuncUnit> <Opcode : 'and' 'or' 'xor'> <InPorts = 2> <OutPorts = 1>

State 50 <SV = 49> <Delay = 6.68>
ST_50 : Operation 1173 [1/1] (0.00ns)   --->   "%tmp_2 = call i32 (...)* @_ssdm_op_SpecRegionBegin([13 x i8]* @p_str14)" [aes/aes_encrypt.cpp:176->aes/aes_encrypt.cpp:219]   --->   Operation 1173 'specregionbegin' 'tmp_2' <Predicate = true> <Delay = 0.00>
ST_50 : Operation 1174 [1/1] (0.00ns)   --->   "call void (...)* @_ssdm_op_SpecPipeline(i32 2, i32 1, i32 1, i32 0, [1 x i8]* @p_str) nounwind" [aes/aes_encrypt.cpp:177->aes/aes_encrypt.cpp:219]   --->   Operation 1174 'specpipeline' <Predicate = true> <Delay = 0.00>
ST_50 : Operation 1175 [1/2] (3.25ns)   --->   "%sboxSub_V_1_load_25 = load i8* %sboxSub_V_1_addr_25, align 1" [aes/aes_encrypt.cpp:101->aes/aes_encrypt.cpp:178->aes/aes_encrypt.cpp:219]   --->   Operation 1175 'load' 'sboxSub_V_1_load_25' <Predicate = (tmp_37)> <Delay = 3.25> <Core = "ROM_nP">   --->   Core 52 'ROM_nP' <Latency = 1> <II = 1> <Delay = 3.25> <Storage> <Opcode : 'load'> <Ports = 0> <Width = 8> <Depth = 128> <ROM>
ST_50 : Operation 1176 [1/2] (3.25ns)   --->   "%sboxSub_V_0_load_25 = load i8* %sboxSub_V_0_addr_25, align 1" [aes/aes_encrypt.cpp:101->aes/aes_encrypt.cpp:178->aes/aes_encrypt.cpp:219]   --->   Operation 1176 'load' 'sboxSub_V_0_load_25' <Predicate = (!tmp_37)> <Delay = 3.25> <Core = "ROM_nP">   --->   Core 52 'ROM_nP' <Latency = 1> <II = 1> <Delay = 3.25> <Storage> <Opcode : 'load'> <Ports = 0> <Width = 8> <Depth = 128> <ROM>
ST_50 : Operation 1177 [1/1] (1.24ns)   --->   "%state_3_1_V_2 = select i1 %tmp_37, i8 %sboxSub_V_1_load_25, i8 %sboxSub_V_0_load_25" [aes/aes_encrypt.cpp:101->aes/aes_encrypt.cpp:178->aes/aes_encrypt.cpp:219]   --->   Operation 1177 'select' 'state_3_1_V_2' <Predicate = true> <Delay = 1.24> <Core = "Sel">   --->   Core 26 'Sel' <Latency = 0> <II = 1> <Delay = 1.24> <FuncUnit> <Opcode : 'select'> <InPorts = 3> <OutPorts = 1>
ST_50 : Operation 1178 [1/2] (3.25ns)   --->   "%sboxSub_V_1_load_27 = load i8* %sboxSub_V_1_addr_27, align 1" [aes/aes_encrypt.cpp:101->aes/aes_encrypt.cpp:178->aes/aes_encrypt.cpp:219]   --->   Operation 1178 'load' 'sboxSub_V_1_load_27' <Predicate = (tmp_38)> <Delay = 3.25> <Core = "ROM_nP">   --->   Core 52 'ROM_nP' <Latency = 1> <II = 1> <Delay = 3.25> <Storage> <Opcode : 'load'> <Ports = 0> <Width = 8> <Depth = 128> <ROM>
ST_50 : Operation 1179 [1/2] (3.25ns)   --->   "%sboxSub_V_0_load_27 = load i8* %sboxSub_V_0_addr_27, align 1" [aes/aes_encrypt.cpp:101->aes/aes_encrypt.cpp:178->aes/aes_encrypt.cpp:219]   --->   Operation 1179 'load' 'sboxSub_V_0_load_27' <Predicate = (!tmp_38)> <Delay = 3.25> <Core = "ROM_nP">   --->   Core 52 'ROM_nP' <Latency = 1> <II = 1> <Delay = 3.25> <Storage> <Opcode : 'load'> <Ports = 0> <Width = 8> <Depth = 128> <ROM>
ST_50 : Operation 1180 [1/1] (1.24ns)   --->   "%state_3_2_V_2 = select i1 %tmp_38, i8 %sboxSub_V_1_load_27, i8 %sboxSub_V_0_load_27" [aes/aes_encrypt.cpp:101->aes/aes_encrypt.cpp:178->aes/aes_encrypt.cpp:219]   --->   Operation 1180 'select' 'state_3_2_V_2' <Predicate = true> <Delay = 1.24> <Core = "Sel">   --->   Core 26 'Sel' <Latency = 0> <II = 1> <Delay = 1.24> <FuncUnit> <Opcode : 'select'> <InPorts = 3> <OutPorts = 1>
ST_50 : Operation 1181 [1/2] (3.25ns)   --->   "%sboxSub_V_1_load_29 = load i8* %sboxSub_V_1_addr_29, align 1" [aes/aes_encrypt.cpp:101->aes/aes_encrypt.cpp:178->aes/aes_encrypt.cpp:219]   --->   Operation 1181 'load' 'sboxSub_V_1_load_29' <Predicate = (tmp_39)> <Delay = 3.25> <Core = "ROM_nP">   --->   Core 52 'ROM_nP' <Latency = 1> <II = 1> <Delay = 3.25> <Storage> <Opcode : 'load'> <Ports = 0> <Width = 8> <Depth = 128> <ROM>
ST_50 : Operation 1182 [1/2] (3.25ns)   --->   "%sboxSub_V_0_load_29 = load i8* %sboxSub_V_0_addr_29, align 1" [aes/aes_encrypt.cpp:101->aes/aes_encrypt.cpp:178->aes/aes_encrypt.cpp:219]   --->   Operation 1182 'load' 'sboxSub_V_0_load_29' <Predicate = (!tmp_39)> <Delay = 3.25> <Core = "ROM_nP">   --->   Core 52 'ROM_nP' <Latency = 1> <II = 1> <Delay = 3.25> <Storage> <Opcode : 'load'> <Ports = 0> <Width = 8> <Depth = 128> <ROM>
ST_50 : Operation 1183 [1/1] (1.24ns)   --->   "%state_3_3_V_2 = select i1 %tmp_39, i8 %sboxSub_V_1_load_29, i8 %sboxSub_V_0_load_29" [aes/aes_encrypt.cpp:101->aes/aes_encrypt.cpp:178->aes/aes_encrypt.cpp:219]   --->   Operation 1183 'select' 'state_3_3_V_2' <Predicate = true> <Delay = 1.24> <Core = "Sel">   --->   Core 26 'Sel' <Latency = 0> <II = 1> <Delay = 1.24> <FuncUnit> <Opcode : 'select'> <InPorts = 3> <OutPorts = 1>
ST_50 : Operation 1184 [1/2] (3.25ns)   --->   "%sboxSub_V_1_load_31 = load i8* %sboxSub_V_1_addr_31, align 1" [aes/aes_encrypt.cpp:101->aes/aes_encrypt.cpp:178->aes/aes_encrypt.cpp:219]   --->   Operation 1184 'load' 'sboxSub_V_1_load_31' <Predicate = (tmp_40)> <Delay = 3.25> <Core = "ROM_nP">   --->   Core 52 'ROM_nP' <Latency = 1> <II = 1> <Delay = 3.25> <Storage> <Opcode : 'load'> <Ports = 0> <Width = 8> <Depth = 128> <ROM>
ST_50 : Operation 1185 [1/2] (3.25ns)   --->   "%sboxSub_V_0_load_31 = load i8* %sboxSub_V_0_addr_31, align 1" [aes/aes_encrypt.cpp:101->aes/aes_encrypt.cpp:178->aes/aes_encrypt.cpp:219]   --->   Operation 1185 'load' 'sboxSub_V_0_load_31' <Predicate = (!tmp_40)> <Delay = 3.25> <Core = "ROM_nP">   --->   Core 52 'ROM_nP' <Latency = 1> <II = 1> <Delay = 3.25> <Storage> <Opcode : 'load'> <Ports = 0> <Width = 8> <Depth = 128> <ROM>
ST_50 : Operation 1186 [1/1] (1.24ns)   --->   "%temp_V_8 = select i1 %tmp_40, i8 %sboxSub_V_1_load_31, i8 %sboxSub_V_0_load_31" [aes/aes_encrypt.cpp:101->aes/aes_encrypt.cpp:178->aes/aes_encrypt.cpp:219]   --->   Operation 1186 'select' 'temp_V_8' <Predicate = true> <Delay = 1.24> <Core = "Sel">   --->   Core 26 'Sel' <Latency = 0> <II = 1> <Delay = 1.24> <FuncUnit> <Opcode : 'select'> <InPorts = 3> <OutPorts = 1>
ST_50 : Operation 1187 [1/1] (0.00ns) (grouped into LUT with out node agg_result_V_i3)   --->   "%r_V_3 = shl i8 %temp_V_8, 1" [aes/aes_encrypt.cpp:61->aes/aes_encrypt.cpp:139->aes/aes_encrypt.cpp:180->aes/aes_encrypt.cpp:219]   --->   Operation 1187 'shl' 'r_V_3' <Predicate = true> <Delay = 0.00>
ST_50 : Operation 1188 [1/1] (0.00ns) (grouped into LUT with out node agg_result_V_i3)   --->   "%tmp_48 = call i1 @_ssdm_op_BitSelect.i1.i8.i32(i8 %temp_V_8, i32 7)" [aes/aes_encrypt.cpp:61->aes/aes_encrypt.cpp:139->aes/aes_encrypt.cpp:180->aes/aes_encrypt.cpp:219]   --->   Operation 1188 'bitselect' 'tmp_48' <Predicate = true> <Delay = 0.00>
ST_50 : Operation 1189 [1/1] (0.00ns) (grouped into LUT with out node agg_result_V_i3)   --->   "%p_i3_cast_cast = select i1 %tmp_48, i8 27, i8 0" [aes/aes_encrypt.cpp:61->aes/aes_encrypt.cpp:139->aes/aes_encrypt.cpp:180->aes/aes_encrypt.cpp:219]   --->   Operation 1189 'select' 'p_i3_cast_cast' <Predicate = true> <Delay = 0.00> <Core = "Sel">   --->   Core 26 'Sel' <Latency = 0> <II = 1> <Delay = 1.24> <FuncUnit> <Opcode : 'select'> <InPorts = 3> <OutPorts = 1>
ST_50 : Operation 1190 [1/1] (1.18ns) (out node of the LUT)   --->   "%agg_result_V_i3 = xor i8 %p_i3_cast_cast, %r_V_3" [aes/aes_encrypt.cpp:61->aes/aes_encrypt.cpp:139->aes/aes_encrypt.cpp:180->aes/aes_encrypt.cpp:219]   --->   Operation 1190 'xor' 'agg_result_V_i3' <Predicate = true> <Delay = 1.18> <Core = "LogicGate">   --->   Core 27 'LogicGate' <Latency = 0> <II = 1> <Delay = 0.99> <FuncUnit> <Opcode : 'and' 'or' 'xor'> <InPorts = 2> <OutPorts = 1>
ST_50 : Operation 1191 [1/1] (0.99ns)   --->   "%tmp_8 = xor i8 %state_1_0_V_2, %state_0_0_V_1" [aes/aes_encrypt.cpp:139->aes/aes_encrypt.cpp:180->aes/aes_encrypt.cpp:219]   --->   Operation 1191 'xor' 'tmp_8' <Predicate = true> <Delay = 0.99> <Core = "LogicGate">   --->   Core 27 'LogicGate' <Latency = 0> <II = 1> <Delay = 0.99> <FuncUnit> <Opcode : 'and' 'or' 'xor'> <InPorts = 2> <OutPorts = 1>
ST_50 : Operation 1192 [1/1] (0.00ns) (grouped into LUT with out node agg_result_V_i7)   --->   "%r_V_7 = shl i8 %state_3_1_V_2, 1" [aes/aes_encrypt.cpp:61->aes/aes_encrypt.cpp:139->aes/aes_encrypt.cpp:180->aes/aes_encrypt.cpp:219]   --->   Operation 1192 'shl' 'r_V_7' <Predicate = true> <Delay = 0.00>
ST_50 : Operation 1193 [1/1] (0.00ns) (grouped into LUT with out node agg_result_V_i7)   --->   "%tmp_56 = call i1 @_ssdm_op_BitSelect.i1.i8.i32(i8 %state_3_1_V_2, i32 7)" [aes/aes_encrypt.cpp:61->aes/aes_encrypt.cpp:139->aes/aes_encrypt.cpp:180->aes/aes_encrypt.cpp:219]   --->   Operation 1193 'bitselect' 'tmp_56' <Predicate = true> <Delay = 0.00>
ST_50 : Operation 1194 [1/1] (0.00ns) (grouped into LUT with out node agg_result_V_i7)   --->   "%p_i7_cast_cast = select i1 %tmp_56, i8 27, i8 0" [aes/aes_encrypt.cpp:61->aes/aes_encrypt.cpp:139->aes/aes_encrypt.cpp:180->aes/aes_encrypt.cpp:219]   --->   Operation 1194 'select' 'p_i7_cast_cast' <Predicate = true> <Delay = 0.00> <Core = "Sel">   --->   Core 26 'Sel' <Latency = 0> <II = 1> <Delay = 1.24> <FuncUnit> <Opcode : 'select'> <InPorts = 3> <OutPorts = 1>
ST_50 : Operation 1195 [1/1] (1.18ns) (out node of the LUT)   --->   "%agg_result_V_i7 = xor i8 %p_i7_cast_cast, %r_V_7" [aes/aes_encrypt.cpp:61->aes/aes_encrypt.cpp:139->aes/aes_encrypt.cpp:180->aes/aes_encrypt.cpp:219]   --->   Operation 1195 'xor' 'agg_result_V_i7' <Predicate = true> <Delay = 1.18> <Core = "LogicGate">   --->   Core 27 'LogicGate' <Latency = 0> <II = 1> <Delay = 0.99> <FuncUnit> <Opcode : 'and' 'or' 'xor'> <InPorts = 2> <OutPorts = 1>
ST_50 : Operation 1196 [1/1] (0.99ns)   --->   "%tmp_45_1 = xor i8 %state_1_1_V_2, %state_0_1_V_1" [aes/aes_encrypt.cpp:139->aes/aes_encrypt.cpp:180->aes/aes_encrypt.cpp:219]   --->   Operation 1196 'xor' 'tmp_45_1' <Predicate = true> <Delay = 0.99> <Core = "LogicGate">   --->   Core 27 'LogicGate' <Latency = 0> <II = 1> <Delay = 0.99> <FuncUnit> <Opcode : 'and' 'or' 'xor'> <InPorts = 2> <OutPorts = 1>
ST_50 : Operation 1197 [1/1] (0.00ns) (grouped into LUT with out node agg_result_V_i11)   --->   "%r_V_11 = shl i8 %state_3_2_V_2, 1" [aes/aes_encrypt.cpp:61->aes/aes_encrypt.cpp:139->aes/aes_encrypt.cpp:180->aes/aes_encrypt.cpp:219]   --->   Operation 1197 'shl' 'r_V_11' <Predicate = true> <Delay = 0.00>
ST_50 : Operation 1198 [1/1] (0.00ns) (grouped into LUT with out node agg_result_V_i11)   --->   "%tmp_64 = call i1 @_ssdm_op_BitSelect.i1.i8.i32(i8 %state_3_2_V_2, i32 7)" [aes/aes_encrypt.cpp:61->aes/aes_encrypt.cpp:139->aes/aes_encrypt.cpp:180->aes/aes_encrypt.cpp:219]   --->   Operation 1198 'bitselect' 'tmp_64' <Predicate = true> <Delay = 0.00>
ST_50 : Operation 1199 [1/1] (0.00ns) (grouped into LUT with out node agg_result_V_i11)   --->   "%p_i11_cast_cast = select i1 %tmp_64, i8 27, i8 0" [aes/aes_encrypt.cpp:61->aes/aes_encrypt.cpp:139->aes/aes_encrypt.cpp:180->aes/aes_encrypt.cpp:219]   --->   Operation 1199 'select' 'p_i11_cast_cast' <Predicate = true> <Delay = 0.00> <Core = "Sel">   --->   Core 26 'Sel' <Latency = 0> <II = 1> <Delay = 1.24> <FuncUnit> <Opcode : 'select'> <InPorts = 3> <OutPorts = 1>
ST_50 : Operation 1200 [1/1] (1.18ns) (out node of the LUT)   --->   "%agg_result_V_i11 = xor i8 %p_i11_cast_cast, %r_V_11" [aes/aes_encrypt.cpp:61->aes/aes_encrypt.cpp:139->aes/aes_encrypt.cpp:180->aes/aes_encrypt.cpp:219]   --->   Operation 1200 'xor' 'agg_result_V_i11' <Predicate = true> <Delay = 1.18> <Core = "LogicGate">   --->   Core 27 'LogicGate' <Latency = 0> <II = 1> <Delay = 0.99> <FuncUnit> <Opcode : 'and' 'or' 'xor'> <InPorts = 2> <OutPorts = 1>
ST_50 : Operation 1201 [1/1] (0.99ns)   --->   "%tmp_45_2 = xor i8 %state_1_2_V_2, %state_0_2_V_1" [aes/aes_encrypt.cpp:139->aes/aes_encrypt.cpp:180->aes/aes_encrypt.cpp:219]   --->   Operation 1201 'xor' 'tmp_45_2' <Predicate = true> <Delay = 0.99> <Core = "LogicGate">   --->   Core 27 'LogicGate' <Latency = 0> <II = 1> <Delay = 0.99> <FuncUnit> <Opcode : 'and' 'or' 'xor'> <InPorts = 2> <OutPorts = 1>
ST_50 : Operation 1202 [1/1] (0.00ns) (grouped into LUT with out node agg_result_V_i15)   --->   "%r_V_15 = shl i8 %state_3_3_V_2, 1" [aes/aes_encrypt.cpp:61->aes/aes_encrypt.cpp:139->aes/aes_encrypt.cpp:180->aes/aes_encrypt.cpp:219]   --->   Operation 1202 'shl' 'r_V_15' <Predicate = true> <Delay = 0.00>
ST_50 : Operation 1203 [1/1] (0.00ns) (grouped into LUT with out node agg_result_V_i15)   --->   "%tmp_72 = call i1 @_ssdm_op_BitSelect.i1.i8.i32(i8 %state_3_3_V_2, i32 7)" [aes/aes_encrypt.cpp:61->aes/aes_encrypt.cpp:139->aes/aes_encrypt.cpp:180->aes/aes_encrypt.cpp:219]   --->   Operation 1203 'bitselect' 'tmp_72' <Predicate = true> <Delay = 0.00>
ST_50 : Operation 1204 [1/1] (0.00ns) (grouped into LUT with out node agg_result_V_i15)   --->   "%p_i15_cast_cast = select i1 %tmp_72, i8 27, i8 0" [aes/aes_encrypt.cpp:61->aes/aes_encrypt.cpp:139->aes/aes_encrypt.cpp:180->aes/aes_encrypt.cpp:219]   --->   Operation 1204 'select' 'p_i15_cast_cast' <Predicate = true> <Delay = 0.00> <Core = "Sel">   --->   Core 26 'Sel' <Latency = 0> <II = 1> <Delay = 1.24> <FuncUnit> <Opcode : 'select'> <InPorts = 3> <OutPorts = 1>
ST_50 : Operation 1205 [1/1] (1.18ns) (out node of the LUT)   --->   "%agg_result_V_i15 = xor i8 %p_i15_cast_cast, %r_V_15" [aes/aes_encrypt.cpp:61->aes/aes_encrypt.cpp:139->aes/aes_encrypt.cpp:180->aes/aes_encrypt.cpp:219]   --->   Operation 1205 'xor' 'agg_result_V_i15' <Predicate = true> <Delay = 1.18> <Core = "LogicGate">   --->   Core 27 'LogicGate' <Latency = 0> <II = 1> <Delay = 0.99> <FuncUnit> <Opcode : 'and' 'or' 'xor'> <InPorts = 2> <OutPorts = 1>
ST_50 : Operation 1206 [1/1] (0.99ns)   --->   "%tmp_45_3 = xor i8 %temp_V_6, %state_0_3_V_1" [aes/aes_encrypt.cpp:139->aes/aes_encrypt.cpp:180->aes/aes_encrypt.cpp:219]   --->   Operation 1206 'xor' 'tmp_45_3' <Predicate = true> <Delay = 0.99> <Core = "LogicGate">   --->   Core 27 'LogicGate' <Latency = 0> <II = 1> <Delay = 0.99> <FuncUnit> <Opcode : 'and' 'or' 'xor'> <InPorts = 2> <OutPorts = 1>
ST_50 : Operation 1207 [1/1] (0.00ns) (grouped into LUT with out node state_0_0_V_3)   --->   "%tmp7 = xor i8 %state_2_0_V_2, %state_1_0_V_2" [aes/aes_encrypt.cpp:156->aes/aes_encrypt.cpp:181->aes/aes_encrypt.cpp:219]   --->   Operation 1207 'xor' 'tmp7' <Predicate = true> <Delay = 0.00> <Core = "LogicGate">   --->   Core 27 'LogicGate' <Latency = 0> <II = 1> <Delay = 0.99> <FuncUnit> <Opcode : 'and' 'or' 'xor'> <InPorts = 2> <OutPorts = 1>
ST_50 : Operation 1208 [1/1] (0.00ns) (grouped into LUT with out node state_0_0_V_3)   --->   "%tmp6 = xor i8 %tmp7, %roundKeys_0_V_load" [aes/aes_encrypt.cpp:156->aes/aes_encrypt.cpp:181->aes/aes_encrypt.cpp:219]   --->   Operation 1208 'xor' 'tmp6' <Predicate = true> <Delay = 0.00> <Core = "LogicGate">   --->   Core 27 'LogicGate' <Latency = 0> <II = 1> <Delay = 0.99> <FuncUnit> <Opcode : 'and' 'or' 'xor'> <InPorts = 2> <OutPorts = 1>
ST_50 : Operation 1209 [1/1] (0.00ns) (grouped into LUT with out node state_0_0_V_3)   --->   "%tmp9 = xor i8 %agg_result_V_i, %agg_result_V_i1" [aes/aes_encrypt.cpp:156->aes/aes_encrypt.cpp:181->aes/aes_encrypt.cpp:219]   --->   Operation 1209 'xor' 'tmp9' <Predicate = true> <Delay = 0.00> <Core = "LogicGate">   --->   Core 27 'LogicGate' <Latency = 0> <II = 1> <Delay = 0.99> <FuncUnit> <Opcode : 'and' 'or' 'xor'> <InPorts = 2> <OutPorts = 1>
ST_50 : Operation 1210 [1/1] (0.00ns) (grouped into LUT with out node state_0_0_V_3)   --->   "%tmp8 = xor i8 %tmp9, %temp_V_8" [aes/aes_encrypt.cpp:156->aes/aes_encrypt.cpp:181->aes/aes_encrypt.cpp:219]   --->   Operation 1210 'xor' 'tmp8' <Predicate = true> <Delay = 0.00> <Core = "LogicGate">   --->   Core 27 'LogicGate' <Latency = 0> <II = 1> <Delay = 0.99> <FuncUnit> <Opcode : 'and' 'or' 'xor'> <InPorts = 2> <OutPorts = 1>
ST_50 : Operation 1211 [1/1] (0.99ns) (out node of the LUT)   --->   "%state_0_0_V_3 = xor i8 %tmp8, %tmp6" [aes/aes_encrypt.cpp:156->aes/aes_encrypt.cpp:181->aes/aes_encrypt.cpp:219]   --->   Operation 1211 'xor' 'state_0_0_V_3' <Predicate = true> <Delay = 0.99> <Core = "LogicGate">   --->   Core 27 'LogicGate' <Latency = 0> <II = 1> <Delay = 0.99> <FuncUnit> <Opcode : 'and' 'or' 'xor'> <InPorts = 2> <OutPorts = 1>
ST_50 : Operation 1212 [1/1] (0.00ns) (grouped into LUT with out node state_1_0_V_3)   --->   "%tmp11 = xor i8 %state_2_0_V_2, %state_0_0_V_1" [aes/aes_encrypt.cpp:156->aes/aes_encrypt.cpp:181->aes/aes_encrypt.cpp:219]   --->   Operation 1212 'xor' 'tmp11' <Predicate = true> <Delay = 0.00> <Core = "LogicGate">   --->   Core 27 'LogicGate' <Latency = 0> <II = 1> <Delay = 0.99> <FuncUnit> <Opcode : 'and' 'or' 'xor'> <InPorts = 2> <OutPorts = 1>
ST_50 : Operation 1213 [1/1] (0.00ns) (grouped into LUT with out node state_1_0_V_3)   --->   "%tmp10 = xor i8 %tmp11, %roundKeys_1_V_load" [aes/aes_encrypt.cpp:156->aes/aes_encrypt.cpp:181->aes/aes_encrypt.cpp:219]   --->   Operation 1213 'xor' 'tmp10' <Predicate = true> <Delay = 0.00> <Core = "LogicGate">   --->   Core 27 'LogicGate' <Latency = 0> <II = 1> <Delay = 0.99> <FuncUnit> <Opcode : 'and' 'or' 'xor'> <InPorts = 2> <OutPorts = 1>
ST_50 : Operation 1214 [1/1] (0.00ns) (grouped into LUT with out node state_1_0_V_3)   --->   "%tmp13 = xor i8 %agg_result_V_i1, %agg_result_V_i2" [aes/aes_encrypt.cpp:156->aes/aes_encrypt.cpp:181->aes/aes_encrypt.cpp:219]   --->   Operation 1214 'xor' 'tmp13' <Predicate = true> <Delay = 0.00> <Core = "LogicGate">   --->   Core 27 'LogicGate' <Latency = 0> <II = 1> <Delay = 0.99> <FuncUnit> <Opcode : 'and' 'or' 'xor'> <InPorts = 2> <OutPorts = 1>
ST_50 : Operation 1215 [1/1] (0.00ns) (grouped into LUT with out node state_1_0_V_3)   --->   "%tmp12 = xor i8 %tmp13, %temp_V_8" [aes/aes_encrypt.cpp:156->aes/aes_encrypt.cpp:181->aes/aes_encrypt.cpp:219]   --->   Operation 1215 'xor' 'tmp12' <Predicate = true> <Delay = 0.00> <Core = "LogicGate">   --->   Core 27 'LogicGate' <Latency = 0> <II = 1> <Delay = 0.99> <FuncUnit> <Opcode : 'and' 'or' 'xor'> <InPorts = 2> <OutPorts = 1>
ST_50 : Operation 1216 [1/1] (0.99ns) (out node of the LUT)   --->   "%state_1_0_V_3 = xor i8 %tmp12, %tmp10" [aes/aes_encrypt.cpp:156->aes/aes_encrypt.cpp:181->aes/aes_encrypt.cpp:219]   --->   Operation 1216 'xor' 'state_1_0_V_3' <Predicate = true> <Delay = 0.99> <Core = "LogicGate">   --->   Core 27 'LogicGate' <Latency = 0> <II = 1> <Delay = 0.99> <FuncUnit> <Opcode : 'and' 'or' 'xor'> <InPorts = 2> <OutPorts = 1>
ST_50 : Operation 1217 [1/1] (0.00ns) (grouped into LUT with out node state_2_0_V_3)   --->   "%tmp14 = xor i8 %roundKeys_2_V_load, %temp_V_8" [aes/aes_encrypt.cpp:156->aes/aes_encrypt.cpp:181->aes/aes_encrypt.cpp:219]   --->   Operation 1217 'xor' 'tmp14' <Predicate = true> <Delay = 0.00> <Core = "LogicGate">   --->   Core 27 'LogicGate' <Latency = 0> <II = 1> <Delay = 0.99> <FuncUnit> <Opcode : 'and' 'or' 'xor'> <InPorts = 2> <OutPorts = 1>
ST_50 : Operation 1218 [1/1] (0.00ns) (grouped into LUT with out node state_2_0_V_3)   --->   "%tmp16 = xor i8 %agg_result_V_i2, %agg_result_V_i3" [aes/aes_encrypt.cpp:156->aes/aes_encrypt.cpp:181->aes/aes_encrypt.cpp:219]   --->   Operation 1218 'xor' 'tmp16' <Predicate = true> <Delay = 0.00> <Core = "LogicGate">   --->   Core 27 'LogicGate' <Latency = 0> <II = 1> <Delay = 0.99> <FuncUnit> <Opcode : 'and' 'or' 'xor'> <InPorts = 2> <OutPorts = 1>
ST_50 : Operation 1219 [1/1] (0.00ns) (grouped into LUT with out node state_2_0_V_3)   --->   "%tmp15 = xor i8 %tmp16, %tmp_8" [aes/aes_encrypt.cpp:156->aes/aes_encrypt.cpp:181->aes/aes_encrypt.cpp:219]   --->   Operation 1219 'xor' 'tmp15' <Predicate = true> <Delay = 0.00> <Core = "LogicGate">   --->   Core 27 'LogicGate' <Latency = 0> <II = 1> <Delay = 0.99> <FuncUnit> <Opcode : 'and' 'or' 'xor'> <InPorts = 2> <OutPorts = 1>
ST_50 : Operation 1220 [1/1] (0.99ns) (out node of the LUT)   --->   "%state_2_0_V_3 = xor i8 %tmp15, %tmp14" [aes/aes_encrypt.cpp:156->aes/aes_encrypt.cpp:181->aes/aes_encrypt.cpp:219]   --->   Operation 1220 'xor' 'state_2_0_V_3' <Predicate = true> <Delay = 0.99> <Core = "LogicGate">   --->   Core 27 'LogicGate' <Latency = 0> <II = 1> <Delay = 0.99> <FuncUnit> <Opcode : 'and' 'or' 'xor'> <InPorts = 2> <OutPorts = 1>
ST_50 : Operation 1221 [1/1] (0.00ns) (grouped into LUT with out node state_3_0_V_3)   --->   "%tmp17 = xor i8 %roundKeys_3_V_load, %state_2_0_V_2" [aes/aes_encrypt.cpp:156->aes/aes_encrypt.cpp:181->aes/aes_encrypt.cpp:219]   --->   Operation 1221 'xor' 'tmp17' <Predicate = true> <Delay = 0.00> <Core = "LogicGate">   --->   Core 27 'LogicGate' <Latency = 0> <II = 1> <Delay = 0.99> <FuncUnit> <Opcode : 'and' 'or' 'xor'> <InPorts = 2> <OutPorts = 1>
ST_50 : Operation 1222 [1/1] (0.00ns) (grouped into LUT with out node state_3_0_V_3)   --->   "%tmp19 = xor i8 %agg_result_V_i, %agg_result_V_i3" [aes/aes_encrypt.cpp:156->aes/aes_encrypt.cpp:181->aes/aes_encrypt.cpp:219]   --->   Operation 1222 'xor' 'tmp19' <Predicate = true> <Delay = 0.00> <Core = "LogicGate">   --->   Core 27 'LogicGate' <Latency = 0> <II = 1> <Delay = 0.99> <FuncUnit> <Opcode : 'and' 'or' 'xor'> <InPorts = 2> <OutPorts = 1>
ST_50 : Operation 1223 [1/1] (0.00ns) (grouped into LUT with out node state_3_0_V_3)   --->   "%tmp18 = xor i8 %tmp19, %tmp_8" [aes/aes_encrypt.cpp:156->aes/aes_encrypt.cpp:181->aes/aes_encrypt.cpp:219]   --->   Operation 1223 'xor' 'tmp18' <Predicate = true> <Delay = 0.00> <Core = "LogicGate">   --->   Core 27 'LogicGate' <Latency = 0> <II = 1> <Delay = 0.99> <FuncUnit> <Opcode : 'and' 'or' 'xor'> <InPorts = 2> <OutPorts = 1>
ST_50 : Operation 1224 [1/1] (0.99ns) (out node of the LUT)   --->   "%state_3_0_V_3 = xor i8 %tmp18, %tmp17" [aes/aes_encrypt.cpp:156->aes/aes_encrypt.cpp:181->aes/aes_encrypt.cpp:219]   --->   Operation 1224 'xor' 'state_3_0_V_3' <Predicate = true> <Delay = 0.99> <Core = "LogicGate">   --->   Core 27 'LogicGate' <Latency = 0> <II = 1> <Delay = 0.99> <FuncUnit> <Opcode : 'and' 'or' 'xor'> <InPorts = 2> <OutPorts = 1>
ST_50 : Operation 1225 [1/1] (0.00ns) (grouped into LUT with out node state_0_1_V_3)   --->   "%tmp21 = xor i8 %state_2_1_V_2, %state_1_1_V_2" [aes/aes_encrypt.cpp:156->aes/aes_encrypt.cpp:181->aes/aes_encrypt.cpp:219]   --->   Operation 1225 'xor' 'tmp21' <Predicate = true> <Delay = 0.00> <Core = "LogicGate">   --->   Core 27 'LogicGate' <Latency = 0> <II = 1> <Delay = 0.99> <FuncUnit> <Opcode : 'and' 'or' 'xor'> <InPorts = 2> <OutPorts = 1>
ST_50 : Operation 1226 [1/1] (0.00ns) (grouped into LUT with out node state_0_1_V_3)   --->   "%tmp20 = xor i8 %tmp21, %roundKeys_4_V_load" [aes/aes_encrypt.cpp:156->aes/aes_encrypt.cpp:181->aes/aes_encrypt.cpp:219]   --->   Operation 1226 'xor' 'tmp20' <Predicate = true> <Delay = 0.00> <Core = "LogicGate">   --->   Core 27 'LogicGate' <Latency = 0> <II = 1> <Delay = 0.99> <FuncUnit> <Opcode : 'and' 'or' 'xor'> <InPorts = 2> <OutPorts = 1>
ST_50 : Operation 1227 [1/1] (0.00ns) (grouped into LUT with out node state_0_1_V_3)   --->   "%tmp23 = xor i8 %agg_result_V_i4, %agg_result_V_i5" [aes/aes_encrypt.cpp:156->aes/aes_encrypt.cpp:181->aes/aes_encrypt.cpp:219]   --->   Operation 1227 'xor' 'tmp23' <Predicate = true> <Delay = 0.00> <Core = "LogicGate">   --->   Core 27 'LogicGate' <Latency = 0> <II = 1> <Delay = 0.99> <FuncUnit> <Opcode : 'and' 'or' 'xor'> <InPorts = 2> <OutPorts = 1>
ST_50 : Operation 1228 [1/1] (0.00ns) (grouped into LUT with out node state_0_1_V_3)   --->   "%tmp22 = xor i8 %tmp23, %state_3_1_V_2" [aes/aes_encrypt.cpp:156->aes/aes_encrypt.cpp:181->aes/aes_encrypt.cpp:219]   --->   Operation 1228 'xor' 'tmp22' <Predicate = true> <Delay = 0.00> <Core = "LogicGate">   --->   Core 27 'LogicGate' <Latency = 0> <II = 1> <Delay = 0.99> <FuncUnit> <Opcode : 'and' 'or' 'xor'> <InPorts = 2> <OutPorts = 1>
ST_50 : Operation 1229 [1/1] (0.99ns) (out node of the LUT)   --->   "%state_0_1_V_3 = xor i8 %tmp22, %tmp20" [aes/aes_encrypt.cpp:156->aes/aes_encrypt.cpp:181->aes/aes_encrypt.cpp:219]   --->   Operation 1229 'xor' 'state_0_1_V_3' <Predicate = true> <Delay = 0.99> <Core = "LogicGate">   --->   Core 27 'LogicGate' <Latency = 0> <II = 1> <Delay = 0.99> <FuncUnit> <Opcode : 'and' 'or' 'xor'> <InPorts = 2> <OutPorts = 1>
ST_50 : Operation 1230 [1/1] (0.00ns) (grouped into LUT with out node state_1_1_V_3)   --->   "%tmp25 = xor i8 %state_2_1_V_2, %state_0_1_V_1" [aes/aes_encrypt.cpp:156->aes/aes_encrypt.cpp:181->aes/aes_encrypt.cpp:219]   --->   Operation 1230 'xor' 'tmp25' <Predicate = true> <Delay = 0.00> <Core = "LogicGate">   --->   Core 27 'LogicGate' <Latency = 0> <II = 1> <Delay = 0.99> <FuncUnit> <Opcode : 'and' 'or' 'xor'> <InPorts = 2> <OutPorts = 1>
ST_50 : Operation 1231 [1/1] (0.00ns) (grouped into LUT with out node state_1_1_V_3)   --->   "%tmp24 = xor i8 %tmp25, %roundKeys_5_V_load" [aes/aes_encrypt.cpp:156->aes/aes_encrypt.cpp:181->aes/aes_encrypt.cpp:219]   --->   Operation 1231 'xor' 'tmp24' <Predicate = true> <Delay = 0.00> <Core = "LogicGate">   --->   Core 27 'LogicGate' <Latency = 0> <II = 1> <Delay = 0.99> <FuncUnit> <Opcode : 'and' 'or' 'xor'> <InPorts = 2> <OutPorts = 1>
ST_50 : Operation 1232 [1/1] (0.00ns) (grouped into LUT with out node state_1_1_V_3)   --->   "%tmp27 = xor i8 %agg_result_V_i5, %agg_result_V_i6" [aes/aes_encrypt.cpp:156->aes/aes_encrypt.cpp:181->aes/aes_encrypt.cpp:219]   --->   Operation 1232 'xor' 'tmp27' <Predicate = true> <Delay = 0.00> <Core = "LogicGate">   --->   Core 27 'LogicGate' <Latency = 0> <II = 1> <Delay = 0.99> <FuncUnit> <Opcode : 'and' 'or' 'xor'> <InPorts = 2> <OutPorts = 1>
ST_50 : Operation 1233 [1/1] (0.00ns) (grouped into LUT with out node state_1_1_V_3)   --->   "%tmp26 = xor i8 %tmp27, %state_3_1_V_2" [aes/aes_encrypt.cpp:156->aes/aes_encrypt.cpp:181->aes/aes_encrypt.cpp:219]   --->   Operation 1233 'xor' 'tmp26' <Predicate = true> <Delay = 0.00> <Core = "LogicGate">   --->   Core 27 'LogicGate' <Latency = 0> <II = 1> <Delay = 0.99> <FuncUnit> <Opcode : 'and' 'or' 'xor'> <InPorts = 2> <OutPorts = 1>
ST_50 : Operation 1234 [1/1] (0.99ns) (out node of the LUT)   --->   "%state_1_1_V_3 = xor i8 %tmp26, %tmp24" [aes/aes_encrypt.cpp:156->aes/aes_encrypt.cpp:181->aes/aes_encrypt.cpp:219]   --->   Operation 1234 'xor' 'state_1_1_V_3' <Predicate = true> <Delay = 0.99> <Core = "LogicGate">   --->   Core 27 'LogicGate' <Latency = 0> <II = 1> <Delay = 0.99> <FuncUnit> <Opcode : 'and' 'or' 'xor'> <InPorts = 2> <OutPorts = 1>
ST_50 : Operation 1235 [1/1] (0.00ns) (grouped into LUT with out node state_2_1_V_3)   --->   "%tmp28 = xor i8 %roundKeys_6_V_load, %state_3_1_V_2" [aes/aes_encrypt.cpp:156->aes/aes_encrypt.cpp:181->aes/aes_encrypt.cpp:219]   --->   Operation 1235 'xor' 'tmp28' <Predicate = true> <Delay = 0.00> <Core = "LogicGate">   --->   Core 27 'LogicGate' <Latency = 0> <II = 1> <Delay = 0.99> <FuncUnit> <Opcode : 'and' 'or' 'xor'> <InPorts = 2> <OutPorts = 1>
ST_50 : Operation 1236 [1/1] (0.00ns) (grouped into LUT with out node state_2_1_V_3)   --->   "%tmp30 = xor i8 %agg_result_V_i6, %agg_result_V_i7" [aes/aes_encrypt.cpp:156->aes/aes_encrypt.cpp:181->aes/aes_encrypt.cpp:219]   --->   Operation 1236 'xor' 'tmp30' <Predicate = true> <Delay = 0.00> <Core = "LogicGate">   --->   Core 27 'LogicGate' <Latency = 0> <II = 1> <Delay = 0.99> <FuncUnit> <Opcode : 'and' 'or' 'xor'> <InPorts = 2> <OutPorts = 1>
ST_50 : Operation 1237 [1/1] (0.00ns) (grouped into LUT with out node state_2_1_V_3)   --->   "%tmp29 = xor i8 %tmp30, %tmp_45_1" [aes/aes_encrypt.cpp:156->aes/aes_encrypt.cpp:181->aes/aes_encrypt.cpp:219]   --->   Operation 1237 'xor' 'tmp29' <Predicate = true> <Delay = 0.00> <Core = "LogicGate">   --->   Core 27 'LogicGate' <Latency = 0> <II = 1> <Delay = 0.99> <FuncUnit> <Opcode : 'and' 'or' 'xor'> <InPorts = 2> <OutPorts = 1>
ST_50 : Operation 1238 [1/1] (0.99ns) (out node of the LUT)   --->   "%state_2_1_V_3 = xor i8 %tmp29, %tmp28" [aes/aes_encrypt.cpp:156->aes/aes_encrypt.cpp:181->aes/aes_encrypt.cpp:219]   --->   Operation 1238 'xor' 'state_2_1_V_3' <Predicate = true> <Delay = 0.99> <Core = "LogicGate">   --->   Core 27 'LogicGate' <Latency = 0> <II = 1> <Delay = 0.99> <FuncUnit> <Opcode : 'and' 'or' 'xor'> <InPorts = 2> <OutPorts = 1>
ST_50 : Operation 1239 [1/1] (0.00ns) (grouped into LUT with out node state_3_1_V_3)   --->   "%tmp31 = xor i8 %roundKeys_7_V_load, %state_2_1_V_2" [aes/aes_encrypt.cpp:156->aes/aes_encrypt.cpp:181->aes/aes_encrypt.cpp:219]   --->   Operation 1239 'xor' 'tmp31' <Predicate = true> <Delay = 0.00> <Core = "LogicGate">   --->   Core 27 'LogicGate' <Latency = 0> <II = 1> <Delay = 0.99> <FuncUnit> <Opcode : 'and' 'or' 'xor'> <InPorts = 2> <OutPorts = 1>
ST_50 : Operation 1240 [1/1] (0.00ns) (grouped into LUT with out node state_3_1_V_3)   --->   "%tmp33 = xor i8 %agg_result_V_i4, %agg_result_V_i7" [aes/aes_encrypt.cpp:156->aes/aes_encrypt.cpp:181->aes/aes_encrypt.cpp:219]   --->   Operation 1240 'xor' 'tmp33' <Predicate = true> <Delay = 0.00> <Core = "LogicGate">   --->   Core 27 'LogicGate' <Latency = 0> <II = 1> <Delay = 0.99> <FuncUnit> <Opcode : 'and' 'or' 'xor'> <InPorts = 2> <OutPorts = 1>
ST_50 : Operation 1241 [1/1] (0.00ns) (grouped into LUT with out node state_3_1_V_3)   --->   "%tmp32 = xor i8 %tmp33, %tmp_45_1" [aes/aes_encrypt.cpp:156->aes/aes_encrypt.cpp:181->aes/aes_encrypt.cpp:219]   --->   Operation 1241 'xor' 'tmp32' <Predicate = true> <Delay = 0.00> <Core = "LogicGate">   --->   Core 27 'LogicGate' <Latency = 0> <II = 1> <Delay = 0.99> <FuncUnit> <Opcode : 'and' 'or' 'xor'> <InPorts = 2> <OutPorts = 1>
ST_50 : Operation 1242 [1/1] (0.99ns) (out node of the LUT)   --->   "%state_3_1_V_3 = xor i8 %tmp32, %tmp31" [aes/aes_encrypt.cpp:156->aes/aes_encrypt.cpp:181->aes/aes_encrypt.cpp:219]   --->   Operation 1242 'xor' 'state_3_1_V_3' <Predicate = true> <Delay = 0.99> <Core = "LogicGate">   --->   Core 27 'LogicGate' <Latency = 0> <II = 1> <Delay = 0.99> <FuncUnit> <Opcode : 'and' 'or' 'xor'> <InPorts = 2> <OutPorts = 1>
ST_50 : Operation 1243 [1/1] (0.00ns) (grouped into LUT with out node state_0_2_V_3)   --->   "%tmp35 = xor i8 %temp_V_7, %state_1_2_V_2" [aes/aes_encrypt.cpp:156->aes/aes_encrypt.cpp:181->aes/aes_encrypt.cpp:219]   --->   Operation 1243 'xor' 'tmp35' <Predicate = true> <Delay = 0.00> <Core = "LogicGate">   --->   Core 27 'LogicGate' <Latency = 0> <II = 1> <Delay = 0.99> <FuncUnit> <Opcode : 'and' 'or' 'xor'> <InPorts = 2> <OutPorts = 1>
ST_50 : Operation 1244 [1/1] (0.00ns) (grouped into LUT with out node state_0_2_V_3)   --->   "%tmp34 = xor i8 %tmp35, %roundKeys_8_V_load" [aes/aes_encrypt.cpp:156->aes/aes_encrypt.cpp:181->aes/aes_encrypt.cpp:219]   --->   Operation 1244 'xor' 'tmp34' <Predicate = true> <Delay = 0.00> <Core = "LogicGate">   --->   Core 27 'LogicGate' <Latency = 0> <II = 1> <Delay = 0.99> <FuncUnit> <Opcode : 'and' 'or' 'xor'> <InPorts = 2> <OutPorts = 1>
ST_50 : Operation 1245 [1/1] (0.00ns) (grouped into LUT with out node state_0_2_V_3)   --->   "%tmp37 = xor i8 %agg_result_V_i8, %agg_result_V_i9" [aes/aes_encrypt.cpp:156->aes/aes_encrypt.cpp:181->aes/aes_encrypt.cpp:219]   --->   Operation 1245 'xor' 'tmp37' <Predicate = true> <Delay = 0.00> <Core = "LogicGate">   --->   Core 27 'LogicGate' <Latency = 0> <II = 1> <Delay = 0.99> <FuncUnit> <Opcode : 'and' 'or' 'xor'> <InPorts = 2> <OutPorts = 1>
ST_50 : Operation 1246 [1/1] (0.00ns) (grouped into LUT with out node state_0_2_V_3)   --->   "%tmp36 = xor i8 %tmp37, %state_3_2_V_2" [aes/aes_encrypt.cpp:156->aes/aes_encrypt.cpp:181->aes/aes_encrypt.cpp:219]   --->   Operation 1246 'xor' 'tmp36' <Predicate = true> <Delay = 0.00> <Core = "LogicGate">   --->   Core 27 'LogicGate' <Latency = 0> <II = 1> <Delay = 0.99> <FuncUnit> <Opcode : 'and' 'or' 'xor'> <InPorts = 2> <OutPorts = 1>
ST_50 : Operation 1247 [1/1] (0.99ns) (out node of the LUT)   --->   "%state_0_2_V_3 = xor i8 %tmp36, %tmp34" [aes/aes_encrypt.cpp:156->aes/aes_encrypt.cpp:181->aes/aes_encrypt.cpp:219]   --->   Operation 1247 'xor' 'state_0_2_V_3' <Predicate = true> <Delay = 0.99> <Core = "LogicGate">   --->   Core 27 'LogicGate' <Latency = 0> <II = 1> <Delay = 0.99> <FuncUnit> <Opcode : 'and' 'or' 'xor'> <InPorts = 2> <OutPorts = 1>
ST_50 : Operation 1248 [1/1] (0.00ns) (grouped into LUT with out node state_1_2_V_3)   --->   "%tmp39 = xor i8 %temp_V_7, %state_0_2_V_1" [aes/aes_encrypt.cpp:156->aes/aes_encrypt.cpp:181->aes/aes_encrypt.cpp:219]   --->   Operation 1248 'xor' 'tmp39' <Predicate = true> <Delay = 0.00> <Core = "LogicGate">   --->   Core 27 'LogicGate' <Latency = 0> <II = 1> <Delay = 0.99> <FuncUnit> <Opcode : 'and' 'or' 'xor'> <InPorts = 2> <OutPorts = 1>
ST_50 : Operation 1249 [1/1] (0.00ns) (grouped into LUT with out node state_1_2_V_3)   --->   "%tmp38 = xor i8 %tmp39, %roundKeys_9_V_load" [aes/aes_encrypt.cpp:156->aes/aes_encrypt.cpp:181->aes/aes_encrypt.cpp:219]   --->   Operation 1249 'xor' 'tmp38' <Predicate = true> <Delay = 0.00> <Core = "LogicGate">   --->   Core 27 'LogicGate' <Latency = 0> <II = 1> <Delay = 0.99> <FuncUnit> <Opcode : 'and' 'or' 'xor'> <InPorts = 2> <OutPorts = 1>
ST_50 : Operation 1250 [1/1] (0.00ns) (grouped into LUT with out node state_1_2_V_3)   --->   "%tmp41 = xor i8 %agg_result_V_i9, %agg_result_V_i10" [aes/aes_encrypt.cpp:156->aes/aes_encrypt.cpp:181->aes/aes_encrypt.cpp:219]   --->   Operation 1250 'xor' 'tmp41' <Predicate = true> <Delay = 0.00> <Core = "LogicGate">   --->   Core 27 'LogicGate' <Latency = 0> <II = 1> <Delay = 0.99> <FuncUnit> <Opcode : 'and' 'or' 'xor'> <InPorts = 2> <OutPorts = 1>
ST_50 : Operation 1251 [1/1] (0.00ns) (grouped into LUT with out node state_1_2_V_3)   --->   "%tmp40 = xor i8 %tmp41, %state_3_2_V_2" [aes/aes_encrypt.cpp:156->aes/aes_encrypt.cpp:181->aes/aes_encrypt.cpp:219]   --->   Operation 1251 'xor' 'tmp40' <Predicate = true> <Delay = 0.00> <Core = "LogicGate">   --->   Core 27 'LogicGate' <Latency = 0> <II = 1> <Delay = 0.99> <FuncUnit> <Opcode : 'and' 'or' 'xor'> <InPorts = 2> <OutPorts = 1>
ST_50 : Operation 1252 [1/1] (0.99ns) (out node of the LUT)   --->   "%state_1_2_V_3 = xor i8 %tmp40, %tmp38" [aes/aes_encrypt.cpp:156->aes/aes_encrypt.cpp:181->aes/aes_encrypt.cpp:219]   --->   Operation 1252 'xor' 'state_1_2_V_3' <Predicate = true> <Delay = 0.99> <Core = "LogicGate">   --->   Core 27 'LogicGate' <Latency = 0> <II = 1> <Delay = 0.99> <FuncUnit> <Opcode : 'and' 'or' 'xor'> <InPorts = 2> <OutPorts = 1>
ST_50 : Operation 1253 [1/1] (0.00ns) (grouped into LUT with out node state_2_2_V_3)   --->   "%tmp42 = xor i8 %roundKeys_10_V_load, %state_3_2_V_2" [aes/aes_encrypt.cpp:156->aes/aes_encrypt.cpp:181->aes/aes_encrypt.cpp:219]   --->   Operation 1253 'xor' 'tmp42' <Predicate = true> <Delay = 0.00> <Core = "LogicGate">   --->   Core 27 'LogicGate' <Latency = 0> <II = 1> <Delay = 0.99> <FuncUnit> <Opcode : 'and' 'or' 'xor'> <InPorts = 2> <OutPorts = 1>
ST_50 : Operation 1254 [1/1] (0.00ns) (grouped into LUT with out node state_2_2_V_3)   --->   "%tmp44 = xor i8 %agg_result_V_i10, %agg_result_V_i11" [aes/aes_encrypt.cpp:156->aes/aes_encrypt.cpp:181->aes/aes_encrypt.cpp:219]   --->   Operation 1254 'xor' 'tmp44' <Predicate = true> <Delay = 0.00> <Core = "LogicGate">   --->   Core 27 'LogicGate' <Latency = 0> <II = 1> <Delay = 0.99> <FuncUnit> <Opcode : 'and' 'or' 'xor'> <InPorts = 2> <OutPorts = 1>
ST_50 : Operation 1255 [1/1] (0.00ns) (grouped into LUT with out node state_2_2_V_3)   --->   "%tmp43 = xor i8 %tmp44, %tmp_45_2" [aes/aes_encrypt.cpp:156->aes/aes_encrypt.cpp:181->aes/aes_encrypt.cpp:219]   --->   Operation 1255 'xor' 'tmp43' <Predicate = true> <Delay = 0.00> <Core = "LogicGate">   --->   Core 27 'LogicGate' <Latency = 0> <II = 1> <Delay = 0.99> <FuncUnit> <Opcode : 'and' 'or' 'xor'> <InPorts = 2> <OutPorts = 1>
ST_50 : Operation 1256 [1/1] (0.99ns) (out node of the LUT)   --->   "%state_2_2_V_3 = xor i8 %tmp43, %tmp42" [aes/aes_encrypt.cpp:156->aes/aes_encrypt.cpp:181->aes/aes_encrypt.cpp:219]   --->   Operation 1256 'xor' 'state_2_2_V_3' <Predicate = true> <Delay = 0.99> <Core = "LogicGate">   --->   Core 27 'LogicGate' <Latency = 0> <II = 1> <Delay = 0.99> <FuncUnit> <Opcode : 'and' 'or' 'xor'> <InPorts = 2> <OutPorts = 1>
ST_50 : Operation 1257 [1/1] (0.00ns) (grouped into LUT with out node state_3_2_V_3)   --->   "%tmp45 = xor i8 %roundKeys_11_V_load, %temp_V_7" [aes/aes_encrypt.cpp:156->aes/aes_encrypt.cpp:181->aes/aes_encrypt.cpp:219]   --->   Operation 1257 'xor' 'tmp45' <Predicate = true> <Delay = 0.00> <Core = "LogicGate">   --->   Core 27 'LogicGate' <Latency = 0> <II = 1> <Delay = 0.99> <FuncUnit> <Opcode : 'and' 'or' 'xor'> <InPorts = 2> <OutPorts = 1>
ST_50 : Operation 1258 [1/1] (0.00ns) (grouped into LUT with out node state_3_2_V_3)   --->   "%tmp47 = xor i8 %agg_result_V_i8, %agg_result_V_i11" [aes/aes_encrypt.cpp:156->aes/aes_encrypt.cpp:181->aes/aes_encrypt.cpp:219]   --->   Operation 1258 'xor' 'tmp47' <Predicate = true> <Delay = 0.00> <Core = "LogicGate">   --->   Core 27 'LogicGate' <Latency = 0> <II = 1> <Delay = 0.99> <FuncUnit> <Opcode : 'and' 'or' 'xor'> <InPorts = 2> <OutPorts = 1>
ST_50 : Operation 1259 [1/1] (0.00ns) (grouped into LUT with out node state_3_2_V_3)   --->   "%tmp46 = xor i8 %tmp47, %tmp_45_2" [aes/aes_encrypt.cpp:156->aes/aes_encrypt.cpp:181->aes/aes_encrypt.cpp:219]   --->   Operation 1259 'xor' 'tmp46' <Predicate = true> <Delay = 0.00> <Core = "LogicGate">   --->   Core 27 'LogicGate' <Latency = 0> <II = 1> <Delay = 0.99> <FuncUnit> <Opcode : 'and' 'or' 'xor'> <InPorts = 2> <OutPorts = 1>
ST_50 : Operation 1260 [1/1] (0.99ns) (out node of the LUT)   --->   "%state_3_2_V_3 = xor i8 %tmp46, %tmp45" [aes/aes_encrypt.cpp:156->aes/aes_encrypt.cpp:181->aes/aes_encrypt.cpp:219]   --->   Operation 1260 'xor' 'state_3_2_V_3' <Predicate = true> <Delay = 0.99> <Core = "LogicGate">   --->   Core 27 'LogicGate' <Latency = 0> <II = 1> <Delay = 0.99> <FuncUnit> <Opcode : 'and' 'or' 'xor'> <InPorts = 2> <OutPorts = 1>
ST_50 : Operation 1261 [1/1] (0.00ns) (grouped into LUT with out node state_0_3_V_3)   --->   "%tmp49 = xor i8 %temp1_V_2, %temp_V_6" [aes/aes_encrypt.cpp:156->aes/aes_encrypt.cpp:181->aes/aes_encrypt.cpp:219]   --->   Operation 1261 'xor' 'tmp49' <Predicate = true> <Delay = 0.00> <Core = "LogicGate">   --->   Core 27 'LogicGate' <Latency = 0> <II = 1> <Delay = 0.99> <FuncUnit> <Opcode : 'and' 'or' 'xor'> <InPorts = 2> <OutPorts = 1>
ST_50 : Operation 1262 [1/1] (0.00ns) (grouped into LUT with out node state_0_3_V_3)   --->   "%tmp48 = xor i8 %tmp49, %roundKeys_12_V_load" [aes/aes_encrypt.cpp:156->aes/aes_encrypt.cpp:181->aes/aes_encrypt.cpp:219]   --->   Operation 1262 'xor' 'tmp48' <Predicate = true> <Delay = 0.00> <Core = "LogicGate">   --->   Core 27 'LogicGate' <Latency = 0> <II = 1> <Delay = 0.99> <FuncUnit> <Opcode : 'and' 'or' 'xor'> <InPorts = 2> <OutPorts = 1>
ST_50 : Operation 1263 [1/1] (0.00ns) (grouped into LUT with out node state_0_3_V_3)   --->   "%tmp51 = xor i8 %agg_result_V_i12, %agg_result_V_i13" [aes/aes_encrypt.cpp:156->aes/aes_encrypt.cpp:181->aes/aes_encrypt.cpp:219]   --->   Operation 1263 'xor' 'tmp51' <Predicate = true> <Delay = 0.00> <Core = "LogicGate">   --->   Core 27 'LogicGate' <Latency = 0> <II = 1> <Delay = 0.99> <FuncUnit> <Opcode : 'and' 'or' 'xor'> <InPorts = 2> <OutPorts = 1>
ST_50 : Operation 1264 [1/1] (0.00ns) (grouped into LUT with out node state_0_3_V_3)   --->   "%tmp50 = xor i8 %tmp51, %state_3_3_V_2" [aes/aes_encrypt.cpp:156->aes/aes_encrypt.cpp:181->aes/aes_encrypt.cpp:219]   --->   Operation 1264 'xor' 'tmp50' <Predicate = true> <Delay = 0.00> <Core = "LogicGate">   --->   Core 27 'LogicGate' <Latency = 0> <II = 1> <Delay = 0.99> <FuncUnit> <Opcode : 'and' 'or' 'xor'> <InPorts = 2> <OutPorts = 1>
ST_50 : Operation 1265 [1/1] (0.99ns) (out node of the LUT)   --->   "%state_0_3_V_3 = xor i8 %tmp50, %tmp48" [aes/aes_encrypt.cpp:156->aes/aes_encrypt.cpp:181->aes/aes_encrypt.cpp:219]   --->   Operation 1265 'xor' 'state_0_3_V_3' <Predicate = true> <Delay = 0.99> <Core = "LogicGate">   --->   Core 27 'LogicGate' <Latency = 0> <II = 1> <Delay = 0.99> <FuncUnit> <Opcode : 'and' 'or' 'xor'> <InPorts = 2> <OutPorts = 1>
ST_50 : Operation 1266 [1/1] (0.00ns) (grouped into LUT with out node state_1_3_V_3)   --->   "%tmp53 = xor i8 %temp1_V_2, %state_0_3_V_1" [aes/aes_encrypt.cpp:156->aes/aes_encrypt.cpp:181->aes/aes_encrypt.cpp:219]   --->   Operation 1266 'xor' 'tmp53' <Predicate = true> <Delay = 0.00> <Core = "LogicGate">   --->   Core 27 'LogicGate' <Latency = 0> <II = 1> <Delay = 0.99> <FuncUnit> <Opcode : 'and' 'or' 'xor'> <InPorts = 2> <OutPorts = 1>
ST_50 : Operation 1267 [1/1] (0.00ns) (grouped into LUT with out node state_1_3_V_3)   --->   "%tmp52 = xor i8 %tmp53, %roundKeys_13_V_load" [aes/aes_encrypt.cpp:156->aes/aes_encrypt.cpp:181->aes/aes_encrypt.cpp:219]   --->   Operation 1267 'xor' 'tmp52' <Predicate = true> <Delay = 0.00> <Core = "LogicGate">   --->   Core 27 'LogicGate' <Latency = 0> <II = 1> <Delay = 0.99> <FuncUnit> <Opcode : 'and' 'or' 'xor'> <InPorts = 2> <OutPorts = 1>
ST_50 : Operation 1268 [1/1] (0.00ns) (grouped into LUT with out node state_1_3_V_3)   --->   "%tmp55 = xor i8 %agg_result_V_i13, %agg_result_V_i14" [aes/aes_encrypt.cpp:156->aes/aes_encrypt.cpp:181->aes/aes_encrypt.cpp:219]   --->   Operation 1268 'xor' 'tmp55' <Predicate = true> <Delay = 0.00> <Core = "LogicGate">   --->   Core 27 'LogicGate' <Latency = 0> <II = 1> <Delay = 0.99> <FuncUnit> <Opcode : 'and' 'or' 'xor'> <InPorts = 2> <OutPorts = 1>
ST_50 : Operation 1269 [1/1] (0.00ns) (grouped into LUT with out node state_1_3_V_3)   --->   "%tmp54 = xor i8 %tmp55, %state_3_3_V_2" [aes/aes_encrypt.cpp:156->aes/aes_encrypt.cpp:181->aes/aes_encrypt.cpp:219]   --->   Operation 1269 'xor' 'tmp54' <Predicate = true> <Delay = 0.00> <Core = "LogicGate">   --->   Core 27 'LogicGate' <Latency = 0> <II = 1> <Delay = 0.99> <FuncUnit> <Opcode : 'and' 'or' 'xor'> <InPorts = 2> <OutPorts = 1>
ST_50 : Operation 1270 [1/1] (0.99ns) (out node of the LUT)   --->   "%state_1_3_V_3 = xor i8 %tmp54, %tmp52" [aes/aes_encrypt.cpp:156->aes/aes_encrypt.cpp:181->aes/aes_encrypt.cpp:219]   --->   Operation 1270 'xor' 'state_1_3_V_3' <Predicate = true> <Delay = 0.99> <Core = "LogicGate">   --->   Core 27 'LogicGate' <Latency = 0> <II = 1> <Delay = 0.99> <FuncUnit> <Opcode : 'and' 'or' 'xor'> <InPorts = 2> <OutPorts = 1>
ST_50 : Operation 1271 [1/1] (0.00ns) (grouped into LUT with out node state_2_3_V_3)   --->   "%tmp56 = xor i8 %roundKeys_14_V_load, %state_3_3_V_2" [aes/aes_encrypt.cpp:156->aes/aes_encrypt.cpp:181->aes/aes_encrypt.cpp:219]   --->   Operation 1271 'xor' 'tmp56' <Predicate = true> <Delay = 0.00> <Core = "LogicGate">   --->   Core 27 'LogicGate' <Latency = 0> <II = 1> <Delay = 0.99> <FuncUnit> <Opcode : 'and' 'or' 'xor'> <InPorts = 2> <OutPorts = 1>
ST_50 : Operation 1272 [1/1] (0.00ns) (grouped into LUT with out node state_2_3_V_3)   --->   "%tmp58 = xor i8 %agg_result_V_i14, %agg_result_V_i15" [aes/aes_encrypt.cpp:156->aes/aes_encrypt.cpp:181->aes/aes_encrypt.cpp:219]   --->   Operation 1272 'xor' 'tmp58' <Predicate = true> <Delay = 0.00> <Core = "LogicGate">   --->   Core 27 'LogicGate' <Latency = 0> <II = 1> <Delay = 0.99> <FuncUnit> <Opcode : 'and' 'or' 'xor'> <InPorts = 2> <OutPorts = 1>
ST_50 : Operation 1273 [1/1] (0.00ns) (grouped into LUT with out node state_2_3_V_3)   --->   "%tmp57 = xor i8 %tmp58, %tmp_45_3" [aes/aes_encrypt.cpp:156->aes/aes_encrypt.cpp:181->aes/aes_encrypt.cpp:219]   --->   Operation 1273 'xor' 'tmp57' <Predicate = true> <Delay = 0.00> <Core = "LogicGate">   --->   Core 27 'LogicGate' <Latency = 0> <II = 1> <Delay = 0.99> <FuncUnit> <Opcode : 'and' 'or' 'xor'> <InPorts = 2> <OutPorts = 1>
ST_50 : Operation 1274 [1/1] (0.99ns) (out node of the LUT)   --->   "%state_2_3_V_3 = xor i8 %tmp57, %tmp56" [aes/aes_encrypt.cpp:156->aes/aes_encrypt.cpp:181->aes/aes_encrypt.cpp:219]   --->   Operation 1274 'xor' 'state_2_3_V_3' <Predicate = true> <Delay = 0.99> <Core = "LogicGate">   --->   Core 27 'LogicGate' <Latency = 0> <II = 1> <Delay = 0.99> <FuncUnit> <Opcode : 'and' 'or' 'xor'> <InPorts = 2> <OutPorts = 1>
ST_50 : Operation 1275 [1/1] (0.00ns) (grouped into LUT with out node state_3_3_V_3)   --->   "%tmp59 = xor i8 %roundKeys_15_V_load, %temp1_V_2" [aes/aes_encrypt.cpp:156->aes/aes_encrypt.cpp:181->aes/aes_encrypt.cpp:219]   --->   Operation 1275 'xor' 'tmp59' <Predicate = true> <Delay = 0.00> <Core = "LogicGate">   --->   Core 27 'LogicGate' <Latency = 0> <II = 1> <Delay = 0.99> <FuncUnit> <Opcode : 'and' 'or' 'xor'> <InPorts = 2> <OutPorts = 1>
ST_50 : Operation 1276 [1/1] (0.00ns) (grouped into LUT with out node state_3_3_V_3)   --->   "%tmp61 = xor i8 %agg_result_V_i12, %agg_result_V_i15" [aes/aes_encrypt.cpp:156->aes/aes_encrypt.cpp:181->aes/aes_encrypt.cpp:219]   --->   Operation 1276 'xor' 'tmp61' <Predicate = true> <Delay = 0.00> <Core = "LogicGate">   --->   Core 27 'LogicGate' <Latency = 0> <II = 1> <Delay = 0.99> <FuncUnit> <Opcode : 'and' 'or' 'xor'> <InPorts = 2> <OutPorts = 1>
ST_50 : Operation 1277 [1/1] (0.00ns) (grouped into LUT with out node state_3_3_V_3)   --->   "%tmp60 = xor i8 %tmp61, %tmp_45_3" [aes/aes_encrypt.cpp:156->aes/aes_encrypt.cpp:181->aes/aes_encrypt.cpp:219]   --->   Operation 1277 'xor' 'tmp60' <Predicate = true> <Delay = 0.00> <Core = "LogicGate">   --->   Core 27 'LogicGate' <Latency = 0> <II = 1> <Delay = 0.99> <FuncUnit> <Opcode : 'and' 'or' 'xor'> <InPorts = 2> <OutPorts = 1>
ST_50 : Operation 1278 [1/1] (0.99ns) (out node of the LUT)   --->   "%state_3_3_V_3 = xor i8 %tmp60, %tmp59" [aes/aes_encrypt.cpp:156->aes/aes_encrypt.cpp:181->aes/aes_encrypt.cpp:219]   --->   Operation 1278 'xor' 'state_3_3_V_3' <Predicate = true> <Delay = 0.99> <Core = "LogicGate">   --->   Core 27 'LogicGate' <Latency = 0> <II = 1> <Delay = 0.99> <FuncUnit> <Opcode : 'and' 'or' 'xor'> <InPorts = 2> <OutPorts = 1>
ST_50 : Operation 1279 [1/1] (0.00ns)   --->   "%empty_8 = call i32 (...)* @_ssdm_op_SpecRegionEnd([13 x i8]* @p_str14, i32 %tmp_2)" [aes/aes_encrypt.cpp:182->aes/aes_encrypt.cpp:219]   --->   Operation 1279 'specregionend' 'empty_8' <Predicate = true> <Delay = 0.00>
ST_50 : Operation 1280 [1/1] (1.73ns)   --->   "%round = add i4 1, %round_assign" [aes/aes_encrypt.cpp:176->aes/aes_encrypt.cpp:219]   --->   Operation 1280 'add' 'round' <Predicate = true> <Delay = 1.73> <Core = "AddSub">   --->   Core 14 'AddSub' <Latency = 0> <II = 1> <Delay = 1.78> <FuncUnit> <Opcode : 'add' 'sub'> <InPorts = 2> <OutPorts = 1>
ST_50 : Operation 1281 [1/1] (0.00ns)   --->   "br label %AddRoundKey.exit31.i" [aes/aes_encrypt.cpp:176->aes/aes_encrypt.cpp:219]   --->   Operation 1281 'br' <Predicate = true> <Delay = 0.00>

State 51 <SV = 46> <Delay = 3.25>
ST_51 : Operation 1282 [1/1] (0.00ns)   --->   "%newIndex = call i7 @_ssdm_op_PartSelect.i7.i8.i32.i32(i8 %state_V, i32 1, i32 7)" [aes/aes_encrypt.cpp:101->aes/aes_encrypt.cpp:184->aes/aes_encrypt.cpp:219]   --->   Operation 1282 'partselect' 'newIndex' <Predicate = true> <Delay = 0.00>
ST_51 : Operation 1283 [1/1] (0.00ns)   --->   "%newIndex1 = zext i7 %newIndex to i64" [aes/aes_encrypt.cpp:101->aes/aes_encrypt.cpp:184->aes/aes_encrypt.cpp:219]   --->   Operation 1283 'zext' 'newIndex1' <Predicate = true> <Delay = 0.00>
ST_51 : Operation 1284 [1/1] (0.00ns)   --->   "%sboxSub_V_0_addr = getelementptr [128 x i8]* @sboxSub_V_0, i64 0, i64 %newIndex1" [aes/aes_encrypt.cpp:101->aes/aes_encrypt.cpp:184->aes/aes_encrypt.cpp:219]   --->   Operation 1284 'getelementptr' 'sboxSub_V_0_addr' <Predicate = true> <Delay = 0.00>
ST_51 : Operation 1285 [1/1] (0.00ns)   --->   "%sboxSub_V_1_addr = getelementptr [128 x i8]* @sboxSub_V_1, i64 0, i64 %newIndex1" [aes/aes_encrypt.cpp:101->aes/aes_encrypt.cpp:184->aes/aes_encrypt.cpp:219]   --->   Operation 1285 'getelementptr' 'sboxSub_V_1_addr' <Predicate = true> <Delay = 0.00>
ST_51 : Operation 1286 [2/2] (3.25ns)   --->   "%sboxSub_V_1_load = load i8* %sboxSub_V_1_addr, align 1" [aes/aes_encrypt.cpp:101->aes/aes_encrypt.cpp:184->aes/aes_encrypt.cpp:219]   --->   Operation 1286 'load' 'sboxSub_V_1_load' <Predicate = true> <Delay = 3.25> <Core = "ROM_nP">   --->   Core 52 'ROM_nP' <Latency = 1> <II = 1> <Delay = 3.25> <Storage> <Opcode : 'load'> <Ports = 0> <Width = 8> <Depth = 128> <ROM>
ST_51 : Operation 1287 [2/2] (3.25ns)   --->   "%sboxSub_V_0_load = load i8* %sboxSub_V_0_addr, align 1" [aes/aes_encrypt.cpp:101->aes/aes_encrypt.cpp:184->aes/aes_encrypt.cpp:219]   --->   Operation 1287 'load' 'sboxSub_V_0_load' <Predicate = true> <Delay = 3.25> <Core = "ROM_nP">   --->   Core 52 'ROM_nP' <Latency = 1> <II = 1> <Delay = 3.25> <Storage> <Opcode : 'load'> <Ports = 0> <Width = 8> <Depth = 128> <ROM>
ST_51 : Operation 1288 [1/1] (0.00ns)   --->   "%newIndex4 = call i7 @_ssdm_op_PartSelect.i7.i8.i32.i32(i8 %state_V_0_1, i32 1, i32 7)" [aes/aes_encrypt.cpp:101->aes/aes_encrypt.cpp:184->aes/aes_encrypt.cpp:219]   --->   Operation 1288 'partselect' 'newIndex4' <Predicate = true> <Delay = 0.00>
ST_51 : Operation 1289 [1/1] (0.00ns)   --->   "%newIndex5 = zext i7 %newIndex4 to i64" [aes/aes_encrypt.cpp:101->aes/aes_encrypt.cpp:184->aes/aes_encrypt.cpp:219]   --->   Operation 1289 'zext' 'newIndex5' <Predicate = true> <Delay = 0.00>
ST_51 : Operation 1290 [1/1] (0.00ns)   --->   "%sboxSub_V_0_addr_2 = getelementptr [128 x i8]* @sboxSub_V_0, i64 0, i64 %newIndex5" [aes/aes_encrypt.cpp:101->aes/aes_encrypt.cpp:184->aes/aes_encrypt.cpp:219]   --->   Operation 1290 'getelementptr' 'sboxSub_V_0_addr_2' <Predicate = true> <Delay = 0.00>
ST_51 : Operation 1291 [1/1] (0.00ns)   --->   "%sboxSub_V_1_addr_2 = getelementptr [128 x i8]* @sboxSub_V_1, i64 0, i64 %newIndex5" [aes/aes_encrypt.cpp:101->aes/aes_encrypt.cpp:184->aes/aes_encrypt.cpp:219]   --->   Operation 1291 'getelementptr' 'sboxSub_V_1_addr_2' <Predicate = true> <Delay = 0.00>
ST_51 : Operation 1292 [2/2] (3.25ns)   --->   "%sboxSub_V_1_load_2 = load i8* %sboxSub_V_1_addr_2, align 1" [aes/aes_encrypt.cpp:101->aes/aes_encrypt.cpp:184->aes/aes_encrypt.cpp:219]   --->   Operation 1292 'load' 'sboxSub_V_1_load_2' <Predicate = true> <Delay = 3.25> <Core = "ROM_nP">   --->   Core 52 'ROM_nP' <Latency = 1> <II = 1> <Delay = 3.25> <Storage> <Opcode : 'load'> <Ports = 0> <Width = 8> <Depth = 128> <ROM>
ST_51 : Operation 1293 [2/2] (3.25ns)   --->   "%sboxSub_V_0_load_2 = load i8* %sboxSub_V_0_addr_2, align 1" [aes/aes_encrypt.cpp:101->aes/aes_encrypt.cpp:184->aes/aes_encrypt.cpp:219]   --->   Operation 1293 'load' 'sboxSub_V_0_load_2' <Predicate = true> <Delay = 3.25> <Core = "ROM_nP">   --->   Core 52 'ROM_nP' <Latency = 1> <II = 1> <Delay = 3.25> <Storage> <Opcode : 'load'> <Ports = 0> <Width = 8> <Depth = 128> <ROM>
ST_51 : Operation 1294 [1/1] (0.00ns)   --->   "%newIndex8 = call i7 @_ssdm_op_PartSelect.i7.i8.i32.i32(i8 %state_V_0_2, i32 1, i32 7)" [aes/aes_encrypt.cpp:101->aes/aes_encrypt.cpp:184->aes/aes_encrypt.cpp:219]   --->   Operation 1294 'partselect' 'newIndex8' <Predicate = true> <Delay = 0.00>
ST_51 : Operation 1295 [1/1] (0.00ns)   --->   "%newIndex9 = zext i7 %newIndex8 to i64" [aes/aes_encrypt.cpp:101->aes/aes_encrypt.cpp:184->aes/aes_encrypt.cpp:219]   --->   Operation 1295 'zext' 'newIndex9' <Predicate = true> <Delay = 0.00>
ST_51 : Operation 1296 [1/1] (0.00ns)   --->   "%sboxSub_V_0_addr_4 = getelementptr [128 x i8]* @sboxSub_V_0, i64 0, i64 %newIndex9" [aes/aes_encrypt.cpp:101->aes/aes_encrypt.cpp:184->aes/aes_encrypt.cpp:219]   --->   Operation 1296 'getelementptr' 'sboxSub_V_0_addr_4' <Predicate = true> <Delay = 0.00>
ST_51 : Operation 1297 [1/1] (0.00ns)   --->   "%sboxSub_V_1_addr_4 = getelementptr [128 x i8]* @sboxSub_V_1, i64 0, i64 %newIndex9" [aes/aes_encrypt.cpp:101->aes/aes_encrypt.cpp:184->aes/aes_encrypt.cpp:219]   --->   Operation 1297 'getelementptr' 'sboxSub_V_1_addr_4' <Predicate = true> <Delay = 0.00>
ST_51 : Operation 1298 [2/2] (3.25ns)   --->   "%sboxSub_V_1_load_4 = load i8* %sboxSub_V_1_addr_4, align 1" [aes/aes_encrypt.cpp:101->aes/aes_encrypt.cpp:184->aes/aes_encrypt.cpp:219]   --->   Operation 1298 'load' 'sboxSub_V_1_load_4' <Predicate = true> <Delay = 3.25> <Core = "ROM_nP">   --->   Core 52 'ROM_nP' <Latency = 1> <II = 1> <Delay = 3.25> <Storage> <Opcode : 'load'> <Ports = 0> <Width = 8> <Depth = 128> <ROM>
ST_51 : Operation 1299 [2/2] (3.25ns)   --->   "%sboxSub_V_0_load_4 = load i8* %sboxSub_V_0_addr_4, align 1" [aes/aes_encrypt.cpp:101->aes/aes_encrypt.cpp:184->aes/aes_encrypt.cpp:219]   --->   Operation 1299 'load' 'sboxSub_V_0_load_4' <Predicate = true> <Delay = 3.25> <Core = "ROM_nP">   --->   Core 52 'ROM_nP' <Latency = 1> <II = 1> <Delay = 3.25> <Storage> <Opcode : 'load'> <Ports = 0> <Width = 8> <Depth = 128> <ROM>
ST_51 : Operation 1300 [1/1] (0.00ns)   --->   "%newIndex12 = call i7 @_ssdm_op_PartSelect.i7.i8.i32.i32(i8 %state_V_0_3, i32 1, i32 7)" [aes/aes_encrypt.cpp:101->aes/aes_encrypt.cpp:184->aes/aes_encrypt.cpp:219]   --->   Operation 1300 'partselect' 'newIndex12' <Predicate = true> <Delay = 0.00>
ST_51 : Operation 1301 [1/1] (0.00ns)   --->   "%newIndex13 = zext i7 %newIndex12 to i64" [aes/aes_encrypt.cpp:101->aes/aes_encrypt.cpp:184->aes/aes_encrypt.cpp:219]   --->   Operation 1301 'zext' 'newIndex13' <Predicate = true> <Delay = 0.00>
ST_51 : Operation 1302 [1/1] (0.00ns)   --->   "%sboxSub_V_0_addr_6 = getelementptr [128 x i8]* @sboxSub_V_0, i64 0, i64 %newIndex13" [aes/aes_encrypt.cpp:101->aes/aes_encrypt.cpp:184->aes/aes_encrypt.cpp:219]   --->   Operation 1302 'getelementptr' 'sboxSub_V_0_addr_6' <Predicate = true> <Delay = 0.00>
ST_51 : Operation 1303 [1/1] (0.00ns)   --->   "%sboxSub_V_1_addr_6 = getelementptr [128 x i8]* @sboxSub_V_1, i64 0, i64 %newIndex13" [aes/aes_encrypt.cpp:101->aes/aes_encrypt.cpp:184->aes/aes_encrypt.cpp:219]   --->   Operation 1303 'getelementptr' 'sboxSub_V_1_addr_6' <Predicate = true> <Delay = 0.00>
ST_51 : Operation 1304 [2/2] (3.25ns)   --->   "%sboxSub_V_1_load_6 = load i8* %sboxSub_V_1_addr_6, align 1" [aes/aes_encrypt.cpp:101->aes/aes_encrypt.cpp:184->aes/aes_encrypt.cpp:219]   --->   Operation 1304 'load' 'sboxSub_V_1_load_6' <Predicate = true> <Delay = 3.25> <Core = "ROM_nP">   --->   Core 52 'ROM_nP' <Latency = 1> <II = 1> <Delay = 3.25> <Storage> <Opcode : 'load'> <Ports = 0> <Width = 8> <Depth = 128> <ROM>
ST_51 : Operation 1305 [2/2] (3.25ns)   --->   "%sboxSub_V_0_load_6 = load i8* %sboxSub_V_0_addr_6, align 1" [aes/aes_encrypt.cpp:101->aes/aes_encrypt.cpp:184->aes/aes_encrypt.cpp:219]   --->   Operation 1305 'load' 'sboxSub_V_0_load_6' <Predicate = true> <Delay = 3.25> <Core = "ROM_nP">   --->   Core 52 'ROM_nP' <Latency = 1> <II = 1> <Delay = 3.25> <Storage> <Opcode : 'load'> <Ports = 0> <Width = 8> <Depth = 128> <ROM>
ST_51 : Operation 1306 [1/1] (0.00ns)   --->   "%newIndex16 = call i7 @_ssdm_op_PartSelect.i7.i8.i32.i32(i8 %state_V_1, i32 1, i32 7)" [aes/aes_encrypt.cpp:101->aes/aes_encrypt.cpp:184->aes/aes_encrypt.cpp:219]   --->   Operation 1306 'partselect' 'newIndex16' <Predicate = true> <Delay = 0.00>
ST_51 : Operation 1307 [1/1] (0.00ns)   --->   "%newIndex17 = zext i7 %newIndex16 to i64" [aes/aes_encrypt.cpp:101->aes/aes_encrypt.cpp:184->aes/aes_encrypt.cpp:219]   --->   Operation 1307 'zext' 'newIndex17' <Predicate = true> <Delay = 0.00>
ST_51 : Operation 1308 [1/1] (0.00ns)   --->   "%sboxSub_V_0_addr_8 = getelementptr [128 x i8]* @sboxSub_V_0, i64 0, i64 %newIndex17" [aes/aes_encrypt.cpp:101->aes/aes_encrypt.cpp:184->aes/aes_encrypt.cpp:219]   --->   Operation 1308 'getelementptr' 'sboxSub_V_0_addr_8' <Predicate = true> <Delay = 0.00>
ST_51 : Operation 1309 [1/1] (0.00ns)   --->   "%sboxSub_V_1_addr_8 = getelementptr [128 x i8]* @sboxSub_V_1, i64 0, i64 %newIndex17" [aes/aes_encrypt.cpp:101->aes/aes_encrypt.cpp:184->aes/aes_encrypt.cpp:219]   --->   Operation 1309 'getelementptr' 'sboxSub_V_1_addr_8' <Predicate = true> <Delay = 0.00>
ST_51 : Operation 1310 [2/2] (3.25ns)   --->   "%sboxSub_V_1_load_8 = load i8* %sboxSub_V_1_addr_8, align 1" [aes/aes_encrypt.cpp:101->aes/aes_encrypt.cpp:184->aes/aes_encrypt.cpp:219]   --->   Operation 1310 'load' 'sboxSub_V_1_load_8' <Predicate = true> <Delay = 3.25> <Core = "ROM_nP">   --->   Core 52 'ROM_nP' <Latency = 1> <II = 1> <Delay = 3.25> <Storage> <Opcode : 'load'> <Ports = 0> <Width = 8> <Depth = 128> <ROM>
ST_51 : Operation 1311 [2/2] (3.25ns)   --->   "%sboxSub_V_0_load_8 = load i8* %sboxSub_V_0_addr_8, align 1" [aes/aes_encrypt.cpp:101->aes/aes_encrypt.cpp:184->aes/aes_encrypt.cpp:219]   --->   Operation 1311 'load' 'sboxSub_V_0_load_8' <Predicate = true> <Delay = 3.25> <Core = "ROM_nP">   --->   Core 52 'ROM_nP' <Latency = 1> <II = 1> <Delay = 3.25> <Storage> <Opcode : 'load'> <Ports = 0> <Width = 8> <Depth = 128> <ROM>
ST_51 : Operation 1312 [1/1] (0.00ns)   --->   "%newIndex20 = call i7 @_ssdm_op_PartSelect.i7.i8.i32.i32(i8 %state_V_1_1, i32 1, i32 7)" [aes/aes_encrypt.cpp:101->aes/aes_encrypt.cpp:184->aes/aes_encrypt.cpp:219]   --->   Operation 1312 'partselect' 'newIndex20' <Predicate = true> <Delay = 0.00>
ST_51 : Operation 1313 [1/1] (0.00ns)   --->   "%newIndex21 = zext i7 %newIndex20 to i64" [aes/aes_encrypt.cpp:101->aes/aes_encrypt.cpp:184->aes/aes_encrypt.cpp:219]   --->   Operation 1313 'zext' 'newIndex21' <Predicate = true> <Delay = 0.00>
ST_51 : Operation 1314 [1/1] (0.00ns)   --->   "%sboxSub_V_0_addr_10 = getelementptr [128 x i8]* @sboxSub_V_0, i64 0, i64 %newIndex21" [aes/aes_encrypt.cpp:101->aes/aes_encrypt.cpp:184->aes/aes_encrypt.cpp:219]   --->   Operation 1314 'getelementptr' 'sboxSub_V_0_addr_10' <Predicate = true> <Delay = 0.00>
ST_51 : Operation 1315 [1/1] (0.00ns)   --->   "%sboxSub_V_1_addr_10 = getelementptr [128 x i8]* @sboxSub_V_1, i64 0, i64 %newIndex21" [aes/aes_encrypt.cpp:101->aes/aes_encrypt.cpp:184->aes/aes_encrypt.cpp:219]   --->   Operation 1315 'getelementptr' 'sboxSub_V_1_addr_10' <Predicate = true> <Delay = 0.00>
ST_51 : Operation 1316 [2/2] (3.25ns)   --->   "%sboxSub_V_1_load_10 = load i8* %sboxSub_V_1_addr_10, align 1" [aes/aes_encrypt.cpp:101->aes/aes_encrypt.cpp:184->aes/aes_encrypt.cpp:219]   --->   Operation 1316 'load' 'sboxSub_V_1_load_10' <Predicate = true> <Delay = 3.25> <Core = "ROM_nP">   --->   Core 52 'ROM_nP' <Latency = 1> <II = 1> <Delay = 3.25> <Storage> <Opcode : 'load'> <Ports = 0> <Width = 8> <Depth = 128> <ROM>
ST_51 : Operation 1317 [2/2] (3.25ns)   --->   "%sboxSub_V_0_load_10 = load i8* %sboxSub_V_0_addr_10, align 1" [aes/aes_encrypt.cpp:101->aes/aes_encrypt.cpp:184->aes/aes_encrypt.cpp:219]   --->   Operation 1317 'load' 'sboxSub_V_0_load_10' <Predicate = true> <Delay = 3.25> <Core = "ROM_nP">   --->   Core 52 'ROM_nP' <Latency = 1> <II = 1> <Delay = 3.25> <Storage> <Opcode : 'load'> <Ports = 0> <Width = 8> <Depth = 128> <ROM>
ST_51 : Operation 1318 [1/1] (0.00ns)   --->   "%newIndex24 = call i7 @_ssdm_op_PartSelect.i7.i8.i32.i32(i8 %state_V_1_2, i32 1, i32 7)" [aes/aes_encrypt.cpp:101->aes/aes_encrypt.cpp:184->aes/aes_encrypt.cpp:219]   --->   Operation 1318 'partselect' 'newIndex24' <Predicate = true> <Delay = 0.00>
ST_51 : Operation 1319 [1/1] (0.00ns)   --->   "%newIndex25 = zext i7 %newIndex24 to i64" [aes/aes_encrypt.cpp:101->aes/aes_encrypt.cpp:184->aes/aes_encrypt.cpp:219]   --->   Operation 1319 'zext' 'newIndex25' <Predicate = true> <Delay = 0.00>
ST_51 : Operation 1320 [1/1] (0.00ns)   --->   "%sboxSub_V_0_addr_12 = getelementptr [128 x i8]* @sboxSub_V_0, i64 0, i64 %newIndex25" [aes/aes_encrypt.cpp:101->aes/aes_encrypt.cpp:184->aes/aes_encrypt.cpp:219]   --->   Operation 1320 'getelementptr' 'sboxSub_V_0_addr_12' <Predicate = true> <Delay = 0.00>
ST_51 : Operation 1321 [1/1] (0.00ns)   --->   "%sboxSub_V_1_addr_12 = getelementptr [128 x i8]* @sboxSub_V_1, i64 0, i64 %newIndex25" [aes/aes_encrypt.cpp:101->aes/aes_encrypt.cpp:184->aes/aes_encrypt.cpp:219]   --->   Operation 1321 'getelementptr' 'sboxSub_V_1_addr_12' <Predicate = true> <Delay = 0.00>
ST_51 : Operation 1322 [2/2] (3.25ns)   --->   "%sboxSub_V_1_load_12 = load i8* %sboxSub_V_1_addr_12, align 1" [aes/aes_encrypt.cpp:101->aes/aes_encrypt.cpp:184->aes/aes_encrypt.cpp:219]   --->   Operation 1322 'load' 'sboxSub_V_1_load_12' <Predicate = true> <Delay = 3.25> <Core = "ROM_nP">   --->   Core 52 'ROM_nP' <Latency = 1> <II = 1> <Delay = 3.25> <Storage> <Opcode : 'load'> <Ports = 0> <Width = 8> <Depth = 128> <ROM>
ST_51 : Operation 1323 [2/2] (3.25ns)   --->   "%sboxSub_V_0_load_12 = load i8* %sboxSub_V_0_addr_12, align 1" [aes/aes_encrypt.cpp:101->aes/aes_encrypt.cpp:184->aes/aes_encrypt.cpp:219]   --->   Operation 1323 'load' 'sboxSub_V_0_load_12' <Predicate = true> <Delay = 3.25> <Core = "ROM_nP">   --->   Core 52 'ROM_nP' <Latency = 1> <II = 1> <Delay = 3.25> <Storage> <Opcode : 'load'> <Ports = 0> <Width = 8> <Depth = 128> <ROM>
ST_51 : Operation 1324 [1/1] (0.00ns)   --->   "%newIndex28 = call i7 @_ssdm_op_PartSelect.i7.i8.i32.i32(i8 %state_V_1_3, i32 1, i32 7)" [aes/aes_encrypt.cpp:101->aes/aes_encrypt.cpp:184->aes/aes_encrypt.cpp:219]   --->   Operation 1324 'partselect' 'newIndex28' <Predicate = true> <Delay = 0.00>
ST_51 : Operation 1325 [1/1] (0.00ns)   --->   "%newIndex29 = zext i7 %newIndex28 to i64" [aes/aes_encrypt.cpp:101->aes/aes_encrypt.cpp:184->aes/aes_encrypt.cpp:219]   --->   Operation 1325 'zext' 'newIndex29' <Predicate = true> <Delay = 0.00>
ST_51 : Operation 1326 [1/1] (0.00ns)   --->   "%sboxSub_V_0_addr_14 = getelementptr [128 x i8]* @sboxSub_V_0, i64 0, i64 %newIndex29" [aes/aes_encrypt.cpp:101->aes/aes_encrypt.cpp:184->aes/aes_encrypt.cpp:219]   --->   Operation 1326 'getelementptr' 'sboxSub_V_0_addr_14' <Predicate = true> <Delay = 0.00>
ST_51 : Operation 1327 [1/1] (0.00ns)   --->   "%sboxSub_V_1_addr_14 = getelementptr [128 x i8]* @sboxSub_V_1, i64 0, i64 %newIndex29" [aes/aes_encrypt.cpp:101->aes/aes_encrypt.cpp:184->aes/aes_encrypt.cpp:219]   --->   Operation 1327 'getelementptr' 'sboxSub_V_1_addr_14' <Predicate = true> <Delay = 0.00>
ST_51 : Operation 1328 [2/2] (3.25ns)   --->   "%sboxSub_V_1_load_14 = load i8* %sboxSub_V_1_addr_14, align 1" [aes/aes_encrypt.cpp:101->aes/aes_encrypt.cpp:184->aes/aes_encrypt.cpp:219]   --->   Operation 1328 'load' 'sboxSub_V_1_load_14' <Predicate = true> <Delay = 3.25> <Core = "ROM_nP">   --->   Core 52 'ROM_nP' <Latency = 1> <II = 1> <Delay = 3.25> <Storage> <Opcode : 'load'> <Ports = 0> <Width = 8> <Depth = 128> <ROM>
ST_51 : Operation 1329 [2/2] (3.25ns)   --->   "%sboxSub_V_0_load_14 = load i8* %sboxSub_V_0_addr_14, align 1" [aes/aes_encrypt.cpp:101->aes/aes_encrypt.cpp:184->aes/aes_encrypt.cpp:219]   --->   Operation 1329 'load' 'sboxSub_V_0_load_14' <Predicate = true> <Delay = 3.25> <Core = "ROM_nP">   --->   Core 52 'ROM_nP' <Latency = 1> <II = 1> <Delay = 3.25> <Storage> <Opcode : 'load'> <Ports = 0> <Width = 8> <Depth = 128> <ROM>
ST_51 : Operation 1330 [1/1] (0.00ns)   --->   "%newIndex32 = call i7 @_ssdm_op_PartSelect.i7.i8.i32.i32(i8 %state_V_2, i32 1, i32 7)" [aes/aes_encrypt.cpp:101->aes/aes_encrypt.cpp:184->aes/aes_encrypt.cpp:219]   --->   Operation 1330 'partselect' 'newIndex32' <Predicate = true> <Delay = 0.00>
ST_51 : Operation 1331 [1/1] (0.00ns)   --->   "%newIndex33 = zext i7 %newIndex32 to i64" [aes/aes_encrypt.cpp:101->aes/aes_encrypt.cpp:184->aes/aes_encrypt.cpp:219]   --->   Operation 1331 'zext' 'newIndex33' <Predicate = true> <Delay = 0.00>
ST_51 : Operation 1332 [1/1] (0.00ns)   --->   "%sboxSub_V_0_addr_16 = getelementptr [128 x i8]* @sboxSub_V_0, i64 0, i64 %newIndex33" [aes/aes_encrypt.cpp:101->aes/aes_encrypt.cpp:184->aes/aes_encrypt.cpp:219]   --->   Operation 1332 'getelementptr' 'sboxSub_V_0_addr_16' <Predicate = true> <Delay = 0.00>
ST_51 : Operation 1333 [1/1] (0.00ns)   --->   "%sboxSub_V_1_addr_16 = getelementptr [128 x i8]* @sboxSub_V_1, i64 0, i64 %newIndex33" [aes/aes_encrypt.cpp:101->aes/aes_encrypt.cpp:184->aes/aes_encrypt.cpp:219]   --->   Operation 1333 'getelementptr' 'sboxSub_V_1_addr_16' <Predicate = true> <Delay = 0.00>
ST_51 : Operation 1334 [2/2] (3.25ns)   --->   "%sboxSub_V_1_load_16 = load i8* %sboxSub_V_1_addr_16, align 1" [aes/aes_encrypt.cpp:101->aes/aes_encrypt.cpp:184->aes/aes_encrypt.cpp:219]   --->   Operation 1334 'load' 'sboxSub_V_1_load_16' <Predicate = true> <Delay = 3.25> <Core = "ROM_nP">   --->   Core 52 'ROM_nP' <Latency = 1> <II = 1> <Delay = 3.25> <Storage> <Opcode : 'load'> <Ports = 0> <Width = 8> <Depth = 128> <ROM>
ST_51 : Operation 1335 [2/2] (3.25ns)   --->   "%sboxSub_V_0_load_16 = load i8* %sboxSub_V_0_addr_16, align 1" [aes/aes_encrypt.cpp:101->aes/aes_encrypt.cpp:184->aes/aes_encrypt.cpp:219]   --->   Operation 1335 'load' 'sboxSub_V_0_load_16' <Predicate = true> <Delay = 3.25> <Core = "ROM_nP">   --->   Core 52 'ROM_nP' <Latency = 1> <II = 1> <Delay = 3.25> <Storage> <Opcode : 'load'> <Ports = 0> <Width = 8> <Depth = 128> <ROM>
ST_51 : Operation 1336 [1/1] (0.00ns)   --->   "%newIndex36 = call i7 @_ssdm_op_PartSelect.i7.i8.i32.i32(i8 %state_V_2_1, i32 1, i32 7)" [aes/aes_encrypt.cpp:101->aes/aes_encrypt.cpp:184->aes/aes_encrypt.cpp:219]   --->   Operation 1336 'partselect' 'newIndex36' <Predicate = true> <Delay = 0.00>
ST_51 : Operation 1337 [1/1] (0.00ns)   --->   "%newIndex37 = zext i7 %newIndex36 to i64" [aes/aes_encrypt.cpp:101->aes/aes_encrypt.cpp:184->aes/aes_encrypt.cpp:219]   --->   Operation 1337 'zext' 'newIndex37' <Predicate = true> <Delay = 0.00>
ST_51 : Operation 1338 [1/1] (0.00ns)   --->   "%sboxSub_V_0_addr_18 = getelementptr [128 x i8]* @sboxSub_V_0, i64 0, i64 %newIndex37" [aes/aes_encrypt.cpp:101->aes/aes_encrypt.cpp:184->aes/aes_encrypt.cpp:219]   --->   Operation 1338 'getelementptr' 'sboxSub_V_0_addr_18' <Predicate = true> <Delay = 0.00>
ST_51 : Operation 1339 [1/1] (0.00ns)   --->   "%sboxSub_V_1_addr_18 = getelementptr [128 x i8]* @sboxSub_V_1, i64 0, i64 %newIndex37" [aes/aes_encrypt.cpp:101->aes/aes_encrypt.cpp:184->aes/aes_encrypt.cpp:219]   --->   Operation 1339 'getelementptr' 'sboxSub_V_1_addr_18' <Predicate = true> <Delay = 0.00>
ST_51 : Operation 1340 [2/2] (3.25ns)   --->   "%sboxSub_V_1_load_18 = load i8* %sboxSub_V_1_addr_18, align 1" [aes/aes_encrypt.cpp:101->aes/aes_encrypt.cpp:184->aes/aes_encrypt.cpp:219]   --->   Operation 1340 'load' 'sboxSub_V_1_load_18' <Predicate = true> <Delay = 3.25> <Core = "ROM_nP">   --->   Core 52 'ROM_nP' <Latency = 1> <II = 1> <Delay = 3.25> <Storage> <Opcode : 'load'> <Ports = 0> <Width = 8> <Depth = 128> <ROM>
ST_51 : Operation 1341 [2/2] (3.25ns)   --->   "%sboxSub_V_0_load_18 = load i8* %sboxSub_V_0_addr_18, align 1" [aes/aes_encrypt.cpp:101->aes/aes_encrypt.cpp:184->aes/aes_encrypt.cpp:219]   --->   Operation 1341 'load' 'sboxSub_V_0_load_18' <Predicate = true> <Delay = 3.25> <Core = "ROM_nP">   --->   Core 52 'ROM_nP' <Latency = 1> <II = 1> <Delay = 3.25> <Storage> <Opcode : 'load'> <Ports = 0> <Width = 8> <Depth = 128> <ROM>
ST_51 : Operation 1342 [1/1] (0.00ns)   --->   "%newIndex40 = call i7 @_ssdm_op_PartSelect.i7.i8.i32.i32(i8 %state_V_2_2, i32 1, i32 7)" [aes/aes_encrypt.cpp:101->aes/aes_encrypt.cpp:184->aes/aes_encrypt.cpp:219]   --->   Operation 1342 'partselect' 'newIndex40' <Predicate = true> <Delay = 0.00>
ST_51 : Operation 1343 [1/1] (0.00ns)   --->   "%newIndex41 = zext i7 %newIndex40 to i64" [aes/aes_encrypt.cpp:101->aes/aes_encrypt.cpp:184->aes/aes_encrypt.cpp:219]   --->   Operation 1343 'zext' 'newIndex41' <Predicate = true> <Delay = 0.00>
ST_51 : Operation 1344 [1/1] (0.00ns)   --->   "%sboxSub_V_0_addr_20 = getelementptr [128 x i8]* @sboxSub_V_0, i64 0, i64 %newIndex41" [aes/aes_encrypt.cpp:101->aes/aes_encrypt.cpp:184->aes/aes_encrypt.cpp:219]   --->   Operation 1344 'getelementptr' 'sboxSub_V_0_addr_20' <Predicate = true> <Delay = 0.00>
ST_51 : Operation 1345 [1/1] (0.00ns)   --->   "%sboxSub_V_1_addr_20 = getelementptr [128 x i8]* @sboxSub_V_1, i64 0, i64 %newIndex41" [aes/aes_encrypt.cpp:101->aes/aes_encrypt.cpp:184->aes/aes_encrypt.cpp:219]   --->   Operation 1345 'getelementptr' 'sboxSub_V_1_addr_20' <Predicate = true> <Delay = 0.00>
ST_51 : Operation 1346 [2/2] (3.25ns)   --->   "%sboxSub_V_1_load_20 = load i8* %sboxSub_V_1_addr_20, align 1" [aes/aes_encrypt.cpp:101->aes/aes_encrypt.cpp:184->aes/aes_encrypt.cpp:219]   --->   Operation 1346 'load' 'sboxSub_V_1_load_20' <Predicate = true> <Delay = 3.25> <Core = "ROM_nP">   --->   Core 52 'ROM_nP' <Latency = 1> <II = 1> <Delay = 3.25> <Storage> <Opcode : 'load'> <Ports = 0> <Width = 8> <Depth = 128> <ROM>
ST_51 : Operation 1347 [2/2] (3.25ns)   --->   "%sboxSub_V_0_load_20 = load i8* %sboxSub_V_0_addr_20, align 1" [aes/aes_encrypt.cpp:101->aes/aes_encrypt.cpp:184->aes/aes_encrypt.cpp:219]   --->   Operation 1347 'load' 'sboxSub_V_0_load_20' <Predicate = true> <Delay = 3.25> <Core = "ROM_nP">   --->   Core 52 'ROM_nP' <Latency = 1> <II = 1> <Delay = 3.25> <Storage> <Opcode : 'load'> <Ports = 0> <Width = 8> <Depth = 128> <ROM>
ST_51 : Operation 1348 [1/1] (0.00ns)   --->   "%newIndex44 = call i7 @_ssdm_op_PartSelect.i7.i8.i32.i32(i8 %state_V_2_3, i32 1, i32 7)" [aes/aes_encrypt.cpp:101->aes/aes_encrypt.cpp:184->aes/aes_encrypt.cpp:219]   --->   Operation 1348 'partselect' 'newIndex44' <Predicate = true> <Delay = 0.00>
ST_51 : Operation 1349 [1/1] (0.00ns)   --->   "%newIndex45 = zext i7 %newIndex44 to i64" [aes/aes_encrypt.cpp:101->aes/aes_encrypt.cpp:184->aes/aes_encrypt.cpp:219]   --->   Operation 1349 'zext' 'newIndex45' <Predicate = true> <Delay = 0.00>
ST_51 : Operation 1350 [1/1] (0.00ns)   --->   "%sboxSub_V_0_addr_22 = getelementptr [128 x i8]* @sboxSub_V_0, i64 0, i64 %newIndex45" [aes/aes_encrypt.cpp:101->aes/aes_encrypt.cpp:184->aes/aes_encrypt.cpp:219]   --->   Operation 1350 'getelementptr' 'sboxSub_V_0_addr_22' <Predicate = true> <Delay = 0.00>
ST_51 : Operation 1351 [1/1] (0.00ns)   --->   "%sboxSub_V_1_addr_22 = getelementptr [128 x i8]* @sboxSub_V_1, i64 0, i64 %newIndex45" [aes/aes_encrypt.cpp:101->aes/aes_encrypt.cpp:184->aes/aes_encrypt.cpp:219]   --->   Operation 1351 'getelementptr' 'sboxSub_V_1_addr_22' <Predicate = true> <Delay = 0.00>
ST_51 : Operation 1352 [2/2] (3.25ns)   --->   "%sboxSub_V_1_load_22 = load i8* %sboxSub_V_1_addr_22, align 1" [aes/aes_encrypt.cpp:101->aes/aes_encrypt.cpp:184->aes/aes_encrypt.cpp:219]   --->   Operation 1352 'load' 'sboxSub_V_1_load_22' <Predicate = true> <Delay = 3.25> <Core = "ROM_nP">   --->   Core 52 'ROM_nP' <Latency = 1> <II = 1> <Delay = 3.25> <Storage> <Opcode : 'load'> <Ports = 0> <Width = 8> <Depth = 128> <ROM>
ST_51 : Operation 1353 [2/2] (3.25ns)   --->   "%sboxSub_V_0_load_22 = load i8* %sboxSub_V_0_addr_22, align 1" [aes/aes_encrypt.cpp:101->aes/aes_encrypt.cpp:184->aes/aes_encrypt.cpp:219]   --->   Operation 1353 'load' 'sboxSub_V_0_load_22' <Predicate = true> <Delay = 3.25> <Core = "ROM_nP">   --->   Core 52 'ROM_nP' <Latency = 1> <II = 1> <Delay = 3.25> <Storage> <Opcode : 'load'> <Ports = 0> <Width = 8> <Depth = 128> <ROM>
ST_51 : Operation 1354 [1/1] (0.00ns)   --->   "%newIndex48 = call i7 @_ssdm_op_PartSelect.i7.i8.i32.i32(i8 %state_V_3, i32 1, i32 7)" [aes/aes_encrypt.cpp:101->aes/aes_encrypt.cpp:184->aes/aes_encrypt.cpp:219]   --->   Operation 1354 'partselect' 'newIndex48' <Predicate = true> <Delay = 0.00>
ST_51 : Operation 1355 [1/1] (0.00ns)   --->   "%newIndex49 = zext i7 %newIndex48 to i64" [aes/aes_encrypt.cpp:101->aes/aes_encrypt.cpp:184->aes/aes_encrypt.cpp:219]   --->   Operation 1355 'zext' 'newIndex49' <Predicate = true> <Delay = 0.00>
ST_51 : Operation 1356 [1/1] (0.00ns)   --->   "%sboxSub_V_0_addr_24 = getelementptr [128 x i8]* @sboxSub_V_0, i64 0, i64 %newIndex49" [aes/aes_encrypt.cpp:101->aes/aes_encrypt.cpp:184->aes/aes_encrypt.cpp:219]   --->   Operation 1356 'getelementptr' 'sboxSub_V_0_addr_24' <Predicate = true> <Delay = 0.00>
ST_51 : Operation 1357 [1/1] (0.00ns)   --->   "%sboxSub_V_1_addr_24 = getelementptr [128 x i8]* @sboxSub_V_1, i64 0, i64 %newIndex49" [aes/aes_encrypt.cpp:101->aes/aes_encrypt.cpp:184->aes/aes_encrypt.cpp:219]   --->   Operation 1357 'getelementptr' 'sboxSub_V_1_addr_24' <Predicate = true> <Delay = 0.00>
ST_51 : Operation 1358 [2/2] (3.25ns)   --->   "%sboxSub_V_1_load_24 = load i8* %sboxSub_V_1_addr_24, align 1" [aes/aes_encrypt.cpp:101->aes/aes_encrypt.cpp:184->aes/aes_encrypt.cpp:219]   --->   Operation 1358 'load' 'sboxSub_V_1_load_24' <Predicate = true> <Delay = 3.25> <Core = "ROM_nP">   --->   Core 52 'ROM_nP' <Latency = 1> <II = 1> <Delay = 3.25> <Storage> <Opcode : 'load'> <Ports = 0> <Width = 8> <Depth = 128> <ROM>
ST_51 : Operation 1359 [2/2] (3.25ns)   --->   "%sboxSub_V_0_load_24 = load i8* %sboxSub_V_0_addr_24, align 1" [aes/aes_encrypt.cpp:101->aes/aes_encrypt.cpp:184->aes/aes_encrypt.cpp:219]   --->   Operation 1359 'load' 'sboxSub_V_0_load_24' <Predicate = true> <Delay = 3.25> <Core = "ROM_nP">   --->   Core 52 'ROM_nP' <Latency = 1> <II = 1> <Delay = 3.25> <Storage> <Opcode : 'load'> <Ports = 0> <Width = 8> <Depth = 128> <ROM>
ST_51 : Operation 1360 [1/1] (0.00ns)   --->   "%newIndex52 = call i7 @_ssdm_op_PartSelect.i7.i8.i32.i32(i8 %state_V_3_1, i32 1, i32 7)" [aes/aes_encrypt.cpp:101->aes/aes_encrypt.cpp:184->aes/aes_encrypt.cpp:219]   --->   Operation 1360 'partselect' 'newIndex52' <Predicate = true> <Delay = 0.00>
ST_51 : Operation 1361 [1/1] (0.00ns)   --->   "%newIndex53 = zext i7 %newIndex52 to i64" [aes/aes_encrypt.cpp:101->aes/aes_encrypt.cpp:184->aes/aes_encrypt.cpp:219]   --->   Operation 1361 'zext' 'newIndex53' <Predicate = true> <Delay = 0.00>
ST_51 : Operation 1362 [1/1] (0.00ns)   --->   "%sboxSub_V_0_addr_26 = getelementptr [128 x i8]* @sboxSub_V_0, i64 0, i64 %newIndex53" [aes/aes_encrypt.cpp:101->aes/aes_encrypt.cpp:184->aes/aes_encrypt.cpp:219]   --->   Operation 1362 'getelementptr' 'sboxSub_V_0_addr_26' <Predicate = true> <Delay = 0.00>
ST_51 : Operation 1363 [1/1] (0.00ns)   --->   "%sboxSub_V_1_addr_26 = getelementptr [128 x i8]* @sboxSub_V_1, i64 0, i64 %newIndex53" [aes/aes_encrypt.cpp:101->aes/aes_encrypt.cpp:184->aes/aes_encrypt.cpp:219]   --->   Operation 1363 'getelementptr' 'sboxSub_V_1_addr_26' <Predicate = true> <Delay = 0.00>
ST_51 : Operation 1364 [2/2] (3.25ns)   --->   "%sboxSub_V_1_load_26 = load i8* %sboxSub_V_1_addr_26, align 1" [aes/aes_encrypt.cpp:101->aes/aes_encrypt.cpp:184->aes/aes_encrypt.cpp:219]   --->   Operation 1364 'load' 'sboxSub_V_1_load_26' <Predicate = true> <Delay = 3.25> <Core = "ROM_nP">   --->   Core 52 'ROM_nP' <Latency = 1> <II = 1> <Delay = 3.25> <Storage> <Opcode : 'load'> <Ports = 0> <Width = 8> <Depth = 128> <ROM>
ST_51 : Operation 1365 [2/2] (3.25ns)   --->   "%sboxSub_V_0_load_26 = load i8* %sboxSub_V_0_addr_26, align 1" [aes/aes_encrypt.cpp:101->aes/aes_encrypt.cpp:184->aes/aes_encrypt.cpp:219]   --->   Operation 1365 'load' 'sboxSub_V_0_load_26' <Predicate = true> <Delay = 3.25> <Core = "ROM_nP">   --->   Core 52 'ROM_nP' <Latency = 1> <II = 1> <Delay = 3.25> <Storage> <Opcode : 'load'> <Ports = 0> <Width = 8> <Depth = 128> <ROM>
ST_51 : Operation 1366 [1/1] (0.00ns)   --->   "%newIndex56 = call i7 @_ssdm_op_PartSelect.i7.i8.i32.i32(i8 %state_V_3_2, i32 1, i32 7)" [aes/aes_encrypt.cpp:101->aes/aes_encrypt.cpp:184->aes/aes_encrypt.cpp:219]   --->   Operation 1366 'partselect' 'newIndex56' <Predicate = true> <Delay = 0.00>
ST_51 : Operation 1367 [1/1] (0.00ns)   --->   "%newIndex57 = zext i7 %newIndex56 to i64" [aes/aes_encrypt.cpp:101->aes/aes_encrypt.cpp:184->aes/aes_encrypt.cpp:219]   --->   Operation 1367 'zext' 'newIndex57' <Predicate = true> <Delay = 0.00>
ST_51 : Operation 1368 [1/1] (0.00ns)   --->   "%sboxSub_V_0_addr_28 = getelementptr [128 x i8]* @sboxSub_V_0, i64 0, i64 %newIndex57" [aes/aes_encrypt.cpp:101->aes/aes_encrypt.cpp:184->aes/aes_encrypt.cpp:219]   --->   Operation 1368 'getelementptr' 'sboxSub_V_0_addr_28' <Predicate = true> <Delay = 0.00>
ST_51 : Operation 1369 [1/1] (0.00ns)   --->   "%sboxSub_V_1_addr_28 = getelementptr [128 x i8]* @sboxSub_V_1, i64 0, i64 %newIndex57" [aes/aes_encrypt.cpp:101->aes/aes_encrypt.cpp:184->aes/aes_encrypt.cpp:219]   --->   Operation 1369 'getelementptr' 'sboxSub_V_1_addr_28' <Predicate = true> <Delay = 0.00>
ST_51 : Operation 1370 [2/2] (3.25ns)   --->   "%sboxSub_V_1_load_28 = load i8* %sboxSub_V_1_addr_28, align 1" [aes/aes_encrypt.cpp:101->aes/aes_encrypt.cpp:184->aes/aes_encrypt.cpp:219]   --->   Operation 1370 'load' 'sboxSub_V_1_load_28' <Predicate = true> <Delay = 3.25> <Core = "ROM_nP">   --->   Core 52 'ROM_nP' <Latency = 1> <II = 1> <Delay = 3.25> <Storage> <Opcode : 'load'> <Ports = 0> <Width = 8> <Depth = 128> <ROM>
ST_51 : Operation 1371 [2/2] (3.25ns)   --->   "%sboxSub_V_0_load_28 = load i8* %sboxSub_V_0_addr_28, align 1" [aes/aes_encrypt.cpp:101->aes/aes_encrypt.cpp:184->aes/aes_encrypt.cpp:219]   --->   Operation 1371 'load' 'sboxSub_V_0_load_28' <Predicate = true> <Delay = 3.25> <Core = "ROM_nP">   --->   Core 52 'ROM_nP' <Latency = 1> <II = 1> <Delay = 3.25> <Storage> <Opcode : 'load'> <Ports = 0> <Width = 8> <Depth = 128> <ROM>
ST_51 : Operation 1372 [1/1] (0.00ns)   --->   "%newIndex60 = call i7 @_ssdm_op_PartSelect.i7.i8.i32.i32(i8 %state_V_3_3, i32 1, i32 7)" [aes/aes_encrypt.cpp:101->aes/aes_encrypt.cpp:184->aes/aes_encrypt.cpp:219]   --->   Operation 1372 'partselect' 'newIndex60' <Predicate = true> <Delay = 0.00>
ST_51 : Operation 1373 [1/1] (0.00ns)   --->   "%newIndex61 = zext i7 %newIndex60 to i64" [aes/aes_encrypt.cpp:101->aes/aes_encrypt.cpp:184->aes/aes_encrypt.cpp:219]   --->   Operation 1373 'zext' 'newIndex61' <Predicate = true> <Delay = 0.00>
ST_51 : Operation 1374 [1/1] (0.00ns)   --->   "%sboxSub_V_0_addr_30 = getelementptr [128 x i8]* @sboxSub_V_0, i64 0, i64 %newIndex61" [aes/aes_encrypt.cpp:101->aes/aes_encrypt.cpp:184->aes/aes_encrypt.cpp:219]   --->   Operation 1374 'getelementptr' 'sboxSub_V_0_addr_30' <Predicate = true> <Delay = 0.00>
ST_51 : Operation 1375 [1/1] (0.00ns)   --->   "%sboxSub_V_1_addr_30 = getelementptr [128 x i8]* @sboxSub_V_1, i64 0, i64 %newIndex61" [aes/aes_encrypt.cpp:101->aes/aes_encrypt.cpp:184->aes/aes_encrypt.cpp:219]   --->   Operation 1375 'getelementptr' 'sboxSub_V_1_addr_30' <Predicate = true> <Delay = 0.00>
ST_51 : Operation 1376 [2/2] (3.25ns)   --->   "%sboxSub_V_1_load_30 = load i8* %sboxSub_V_1_addr_30, align 1" [aes/aes_encrypt.cpp:101->aes/aes_encrypt.cpp:184->aes/aes_encrypt.cpp:219]   --->   Operation 1376 'load' 'sboxSub_V_1_load_30' <Predicate = true> <Delay = 3.25> <Core = "ROM_nP">   --->   Core 52 'ROM_nP' <Latency = 1> <II = 1> <Delay = 3.25> <Storage> <Opcode : 'load'> <Ports = 0> <Width = 8> <Depth = 128> <ROM>
ST_51 : Operation 1377 [2/2] (3.25ns)   --->   "%sboxSub_V_0_load_30 = load i8* %sboxSub_V_0_addr_30, align 1" [aes/aes_encrypt.cpp:101->aes/aes_encrypt.cpp:184->aes/aes_encrypt.cpp:219]   --->   Operation 1377 'load' 'sboxSub_V_0_load_30' <Predicate = true> <Delay = 3.25> <Core = "ROM_nP">   --->   Core 52 'ROM_nP' <Latency = 1> <II = 1> <Delay = 3.25> <Storage> <Opcode : 'load'> <Ports = 0> <Width = 8> <Depth = 128> <ROM>

State 52 <SV = 47> <Delay = 6.82>
ST_52 : Operation 1378 [1/1] (0.00ns) (grouped into LUT with out node state_0_0_V_2)   --->   "%tmp_9 = trunc i8 %state_V to i1" [aes/aes_encrypt.cpp:101->aes/aes_encrypt.cpp:184->aes/aes_encrypt.cpp:219]   --->   Operation 1378 'trunc' 'tmp_9' <Predicate = true> <Delay = 0.00>
ST_52 : Operation 1379 [1/2] (3.25ns)   --->   "%sboxSub_V_1_load = load i8* %sboxSub_V_1_addr, align 1" [aes/aes_encrypt.cpp:101->aes/aes_encrypt.cpp:184->aes/aes_encrypt.cpp:219]   --->   Operation 1379 'load' 'sboxSub_V_1_load' <Predicate = true> <Delay = 3.25> <Core = "ROM_nP">   --->   Core 52 'ROM_nP' <Latency = 1> <II = 1> <Delay = 3.25> <Storage> <Opcode : 'load'> <Ports = 0> <Width = 8> <Depth = 128> <ROM>
ST_52 : Operation 1380 [1/2] (3.25ns)   --->   "%sboxSub_V_0_load = load i8* %sboxSub_V_0_addr, align 1" [aes/aes_encrypt.cpp:101->aes/aes_encrypt.cpp:184->aes/aes_encrypt.cpp:219]   --->   Operation 1380 'load' 'sboxSub_V_0_load' <Predicate = true> <Delay = 3.25> <Core = "ROM_nP">   --->   Core 52 'ROM_nP' <Latency = 1> <II = 1> <Delay = 3.25> <Storage> <Opcode : 'load'> <Ports = 0> <Width = 8> <Depth = 128> <ROM>
ST_52 : Operation 1381 [1/1] (0.00ns) (grouped into LUT with out node state_0_0_V_2)   --->   "%sboxSub_V_load_0_0_p = select i1 %tmp_9, i8 %sboxSub_V_1_load, i8 %sboxSub_V_0_load" [aes/aes_encrypt.cpp:101->aes/aes_encrypt.cpp:184->aes/aes_encrypt.cpp:219]   --->   Operation 1381 'select' 'sboxSub_V_load_0_0_p' <Predicate = true> <Delay = 0.00> <Core = "Sel">   --->   Core 26 'Sel' <Latency = 0> <II = 1> <Delay = 1.24> <FuncUnit> <Opcode : 'select'> <InPorts = 3> <OutPorts = 1>
ST_52 : Operation 1382 [1/1] (0.00ns) (grouped into LUT with out node state_0_1_V_2)   --->   "%tmp_10 = trunc i8 %state_V_0_1 to i1" [aes/aes_encrypt.cpp:101->aes/aes_encrypt.cpp:184->aes/aes_encrypt.cpp:219]   --->   Operation 1382 'trunc' 'tmp_10' <Predicate = true> <Delay = 0.00>
ST_52 : Operation 1383 [1/2] (3.25ns)   --->   "%sboxSub_V_1_load_2 = load i8* %sboxSub_V_1_addr_2, align 1" [aes/aes_encrypt.cpp:101->aes/aes_encrypt.cpp:184->aes/aes_encrypt.cpp:219]   --->   Operation 1383 'load' 'sboxSub_V_1_load_2' <Predicate = true> <Delay = 3.25> <Core = "ROM_nP">   --->   Core 52 'ROM_nP' <Latency = 1> <II = 1> <Delay = 3.25> <Storage> <Opcode : 'load'> <Ports = 0> <Width = 8> <Depth = 128> <ROM>
ST_52 : Operation 1384 [1/2] (3.25ns)   --->   "%sboxSub_V_0_load_2 = load i8* %sboxSub_V_0_addr_2, align 1" [aes/aes_encrypt.cpp:101->aes/aes_encrypt.cpp:184->aes/aes_encrypt.cpp:219]   --->   Operation 1384 'load' 'sboxSub_V_0_load_2' <Predicate = true> <Delay = 3.25> <Core = "ROM_nP">   --->   Core 52 'ROM_nP' <Latency = 1> <II = 1> <Delay = 3.25> <Storage> <Opcode : 'load'> <Ports = 0> <Width = 8> <Depth = 128> <ROM>
ST_52 : Operation 1385 [1/1] (0.00ns) (grouped into LUT with out node state_0_1_V_2)   --->   "%sboxSub_V_load_0_1_p = select i1 %tmp_10, i8 %sboxSub_V_1_load_2, i8 %sboxSub_V_0_load_2" [aes/aes_encrypt.cpp:101->aes/aes_encrypt.cpp:184->aes/aes_encrypt.cpp:219]   --->   Operation 1385 'select' 'sboxSub_V_load_0_1_p' <Predicate = true> <Delay = 0.00> <Core = "Sel">   --->   Core 26 'Sel' <Latency = 0> <II = 1> <Delay = 1.24> <FuncUnit> <Opcode : 'select'> <InPorts = 3> <OutPorts = 1>
ST_52 : Operation 1386 [1/1] (0.00ns) (grouped into LUT with out node state_0_2_V_2)   --->   "%tmp_11 = trunc i8 %state_V_0_2 to i1" [aes/aes_encrypt.cpp:101->aes/aes_encrypt.cpp:184->aes/aes_encrypt.cpp:219]   --->   Operation 1386 'trunc' 'tmp_11' <Predicate = true> <Delay = 0.00>
ST_52 : Operation 1387 [1/2] (3.25ns)   --->   "%sboxSub_V_1_load_4 = load i8* %sboxSub_V_1_addr_4, align 1" [aes/aes_encrypt.cpp:101->aes/aes_encrypt.cpp:184->aes/aes_encrypt.cpp:219]   --->   Operation 1387 'load' 'sboxSub_V_1_load_4' <Predicate = true> <Delay = 3.25> <Core = "ROM_nP">   --->   Core 52 'ROM_nP' <Latency = 1> <II = 1> <Delay = 3.25> <Storage> <Opcode : 'load'> <Ports = 0> <Width = 8> <Depth = 128> <ROM>
ST_52 : Operation 1388 [1/2] (3.25ns)   --->   "%sboxSub_V_0_load_4 = load i8* %sboxSub_V_0_addr_4, align 1" [aes/aes_encrypt.cpp:101->aes/aes_encrypt.cpp:184->aes/aes_encrypt.cpp:219]   --->   Operation 1388 'load' 'sboxSub_V_0_load_4' <Predicate = true> <Delay = 3.25> <Core = "ROM_nP">   --->   Core 52 'ROM_nP' <Latency = 1> <II = 1> <Delay = 3.25> <Storage> <Opcode : 'load'> <Ports = 0> <Width = 8> <Depth = 128> <ROM>
ST_52 : Operation 1389 [1/1] (0.00ns) (grouped into LUT with out node state_0_2_V_2)   --->   "%sboxSub_V_load_0_2_p = select i1 %tmp_11, i8 %sboxSub_V_1_load_4, i8 %sboxSub_V_0_load_4" [aes/aes_encrypt.cpp:101->aes/aes_encrypt.cpp:184->aes/aes_encrypt.cpp:219]   --->   Operation 1389 'select' 'sboxSub_V_load_0_2_p' <Predicate = true> <Delay = 0.00> <Core = "Sel">   --->   Core 26 'Sel' <Latency = 0> <II = 1> <Delay = 1.24> <FuncUnit> <Opcode : 'select'> <InPorts = 3> <OutPorts = 1>
ST_52 : Operation 1390 [1/1] (0.00ns) (grouped into LUT with out node state_0_3_V_2)   --->   "%tmp_12 = trunc i8 %state_V_0_3 to i1" [aes/aes_encrypt.cpp:101->aes/aes_encrypt.cpp:184->aes/aes_encrypt.cpp:219]   --->   Operation 1390 'trunc' 'tmp_12' <Predicate = true> <Delay = 0.00>
ST_52 : Operation 1391 [1/2] (3.25ns)   --->   "%sboxSub_V_1_load_6 = load i8* %sboxSub_V_1_addr_6, align 1" [aes/aes_encrypt.cpp:101->aes/aes_encrypt.cpp:184->aes/aes_encrypt.cpp:219]   --->   Operation 1391 'load' 'sboxSub_V_1_load_6' <Predicate = true> <Delay = 3.25> <Core = "ROM_nP">   --->   Core 52 'ROM_nP' <Latency = 1> <II = 1> <Delay = 3.25> <Storage> <Opcode : 'load'> <Ports = 0> <Width = 8> <Depth = 128> <ROM>
ST_52 : Operation 1392 [1/2] (3.25ns)   --->   "%sboxSub_V_0_load_6 = load i8* %sboxSub_V_0_addr_6, align 1" [aes/aes_encrypt.cpp:101->aes/aes_encrypt.cpp:184->aes/aes_encrypt.cpp:219]   --->   Operation 1392 'load' 'sboxSub_V_0_load_6' <Predicate = true> <Delay = 3.25> <Core = "ROM_nP">   --->   Core 52 'ROM_nP' <Latency = 1> <II = 1> <Delay = 3.25> <Storage> <Opcode : 'load'> <Ports = 0> <Width = 8> <Depth = 128> <ROM>
ST_52 : Operation 1393 [1/1] (0.00ns) (grouped into LUT with out node state_0_3_V_2)   --->   "%sboxSub_V_load_0_3_p = select i1 %tmp_12, i8 %sboxSub_V_1_load_6, i8 %sboxSub_V_0_load_6" [aes/aes_encrypt.cpp:101->aes/aes_encrypt.cpp:184->aes/aes_encrypt.cpp:219]   --->   Operation 1393 'select' 'sboxSub_V_load_0_3_p' <Predicate = true> <Delay = 0.00> <Core = "Sel">   --->   Core 26 'Sel' <Latency = 0> <II = 1> <Delay = 1.24> <FuncUnit> <Opcode : 'select'> <InPorts = 3> <OutPorts = 1>
ST_52 : Operation 1394 [1/1] (0.00ns) (grouped into LUT with out node state_1_3_V_1)   --->   "%tmp_13 = trunc i8 %state_V_1 to i1" [aes/aes_encrypt.cpp:101->aes/aes_encrypt.cpp:184->aes/aes_encrypt.cpp:219]   --->   Operation 1394 'trunc' 'tmp_13' <Predicate = true> <Delay = 0.00>
ST_52 : Operation 1395 [1/2] (3.25ns)   --->   "%sboxSub_V_1_load_8 = load i8* %sboxSub_V_1_addr_8, align 1" [aes/aes_encrypt.cpp:101->aes/aes_encrypt.cpp:184->aes/aes_encrypt.cpp:219]   --->   Operation 1395 'load' 'sboxSub_V_1_load_8' <Predicate = true> <Delay = 3.25> <Core = "ROM_nP">   --->   Core 52 'ROM_nP' <Latency = 1> <II = 1> <Delay = 3.25> <Storage> <Opcode : 'load'> <Ports = 0> <Width = 8> <Depth = 128> <ROM>
ST_52 : Operation 1396 [1/2] (3.25ns)   --->   "%sboxSub_V_0_load_8 = load i8* %sboxSub_V_0_addr_8, align 1" [aes/aes_encrypt.cpp:101->aes/aes_encrypt.cpp:184->aes/aes_encrypt.cpp:219]   --->   Operation 1396 'load' 'sboxSub_V_0_load_8' <Predicate = true> <Delay = 3.25> <Core = "ROM_nP">   --->   Core 52 'ROM_nP' <Latency = 1> <II = 1> <Delay = 3.25> <Storage> <Opcode : 'load'> <Ports = 0> <Width = 8> <Depth = 128> <ROM>
ST_52 : Operation 1397 [1/1] (0.00ns) (grouped into LUT with out node state_1_3_V_1)   --->   "%temp_V = select i1 %tmp_13, i8 %sboxSub_V_1_load_8, i8 %sboxSub_V_0_load_8" [aes/aes_encrypt.cpp:101->aes/aes_encrypt.cpp:184->aes/aes_encrypt.cpp:219]   --->   Operation 1397 'select' 'temp_V' <Predicate = true> <Delay = 0.00> <Core = "Sel">   --->   Core 26 'Sel' <Latency = 0> <II = 1> <Delay = 1.24> <FuncUnit> <Opcode : 'select'> <InPorts = 3> <OutPorts = 1>
ST_52 : Operation 1398 [1/1] (0.00ns) (grouped into LUT with out node state_1_0_V_1)   --->   "%tmp_14 = trunc i8 %state_V_1_1 to i1" [aes/aes_encrypt.cpp:101->aes/aes_encrypt.cpp:184->aes/aes_encrypt.cpp:219]   --->   Operation 1398 'trunc' 'tmp_14' <Predicate = true> <Delay = 0.00>
ST_52 : Operation 1399 [1/2] (3.25ns)   --->   "%sboxSub_V_1_load_10 = load i8* %sboxSub_V_1_addr_10, align 1" [aes/aes_encrypt.cpp:101->aes/aes_encrypt.cpp:184->aes/aes_encrypt.cpp:219]   --->   Operation 1399 'load' 'sboxSub_V_1_load_10' <Predicate = true> <Delay = 3.25> <Core = "ROM_nP">   --->   Core 52 'ROM_nP' <Latency = 1> <II = 1> <Delay = 3.25> <Storage> <Opcode : 'load'> <Ports = 0> <Width = 8> <Depth = 128> <ROM>
ST_52 : Operation 1400 [1/2] (3.25ns)   --->   "%sboxSub_V_0_load_10 = load i8* %sboxSub_V_0_addr_10, align 1" [aes/aes_encrypt.cpp:101->aes/aes_encrypt.cpp:184->aes/aes_encrypt.cpp:219]   --->   Operation 1400 'load' 'sboxSub_V_0_load_10' <Predicate = true> <Delay = 3.25> <Core = "ROM_nP">   --->   Core 52 'ROM_nP' <Latency = 1> <II = 1> <Delay = 3.25> <Storage> <Opcode : 'load'> <Ports = 0> <Width = 8> <Depth = 128> <ROM>
ST_52 : Operation 1401 [1/1] (0.00ns) (grouped into LUT with out node state_1_0_V_1)   --->   "%sboxSub_V_load_1_1_p = select i1 %tmp_14, i8 %sboxSub_V_1_load_10, i8 %sboxSub_V_0_load_10" [aes/aes_encrypt.cpp:101->aes/aes_encrypt.cpp:184->aes/aes_encrypt.cpp:219]   --->   Operation 1401 'select' 'sboxSub_V_load_1_1_p' <Predicate = true> <Delay = 0.00> <Core = "Sel">   --->   Core 26 'Sel' <Latency = 0> <II = 1> <Delay = 1.24> <FuncUnit> <Opcode : 'select'> <InPorts = 3> <OutPorts = 1>
ST_52 : Operation 1402 [1/1] (0.00ns) (grouped into LUT with out node state_1_1_V_1)   --->   "%tmp_15 = trunc i8 %state_V_1_2 to i1" [aes/aes_encrypt.cpp:101->aes/aes_encrypt.cpp:184->aes/aes_encrypt.cpp:219]   --->   Operation 1402 'trunc' 'tmp_15' <Predicate = true> <Delay = 0.00>
ST_52 : Operation 1403 [1/2] (3.25ns)   --->   "%sboxSub_V_1_load_12 = load i8* %sboxSub_V_1_addr_12, align 1" [aes/aes_encrypt.cpp:101->aes/aes_encrypt.cpp:184->aes/aes_encrypt.cpp:219]   --->   Operation 1403 'load' 'sboxSub_V_1_load_12' <Predicate = true> <Delay = 3.25> <Core = "ROM_nP">   --->   Core 52 'ROM_nP' <Latency = 1> <II = 1> <Delay = 3.25> <Storage> <Opcode : 'load'> <Ports = 0> <Width = 8> <Depth = 128> <ROM>
ST_52 : Operation 1404 [1/2] (3.25ns)   --->   "%sboxSub_V_0_load_12 = load i8* %sboxSub_V_0_addr_12, align 1" [aes/aes_encrypt.cpp:101->aes/aes_encrypt.cpp:184->aes/aes_encrypt.cpp:219]   --->   Operation 1404 'load' 'sboxSub_V_0_load_12' <Predicate = true> <Delay = 3.25> <Core = "ROM_nP">   --->   Core 52 'ROM_nP' <Latency = 1> <II = 1> <Delay = 3.25> <Storage> <Opcode : 'load'> <Ports = 0> <Width = 8> <Depth = 128> <ROM>
ST_52 : Operation 1405 [1/1] (0.00ns) (grouped into LUT with out node state_1_1_V_1)   --->   "%sboxSub_V_load_1_2_p = select i1 %tmp_15, i8 %sboxSub_V_1_load_12, i8 %sboxSub_V_0_load_12" [aes/aes_encrypt.cpp:101->aes/aes_encrypt.cpp:184->aes/aes_encrypt.cpp:219]   --->   Operation 1405 'select' 'sboxSub_V_load_1_2_p' <Predicate = true> <Delay = 0.00> <Core = "Sel">   --->   Core 26 'Sel' <Latency = 0> <II = 1> <Delay = 1.24> <FuncUnit> <Opcode : 'select'> <InPorts = 3> <OutPorts = 1>
ST_52 : Operation 1406 [1/1] (0.00ns) (grouped into LUT with out node state_1_2_V_1)   --->   "%tmp_16 = trunc i8 %state_V_1_3 to i1" [aes/aes_encrypt.cpp:101->aes/aes_encrypt.cpp:184->aes/aes_encrypt.cpp:219]   --->   Operation 1406 'trunc' 'tmp_16' <Predicate = true> <Delay = 0.00>
ST_52 : Operation 1407 [1/2] (3.25ns)   --->   "%sboxSub_V_1_load_14 = load i8* %sboxSub_V_1_addr_14, align 1" [aes/aes_encrypt.cpp:101->aes/aes_encrypt.cpp:184->aes/aes_encrypt.cpp:219]   --->   Operation 1407 'load' 'sboxSub_V_1_load_14' <Predicate = true> <Delay = 3.25> <Core = "ROM_nP">   --->   Core 52 'ROM_nP' <Latency = 1> <II = 1> <Delay = 3.25> <Storage> <Opcode : 'load'> <Ports = 0> <Width = 8> <Depth = 128> <ROM>
ST_52 : Operation 1408 [1/2] (3.25ns)   --->   "%sboxSub_V_0_load_14 = load i8* %sboxSub_V_0_addr_14, align 1" [aes/aes_encrypt.cpp:101->aes/aes_encrypt.cpp:184->aes/aes_encrypt.cpp:219]   --->   Operation 1408 'load' 'sboxSub_V_0_load_14' <Predicate = true> <Delay = 3.25> <Core = "ROM_nP">   --->   Core 52 'ROM_nP' <Latency = 1> <II = 1> <Delay = 3.25> <Storage> <Opcode : 'load'> <Ports = 0> <Width = 8> <Depth = 128> <ROM>
ST_52 : Operation 1409 [1/1] (0.00ns) (grouped into LUT with out node state_1_2_V_1)   --->   "%sboxSub_V_load_1_3_p = select i1 %tmp_16, i8 %sboxSub_V_1_load_14, i8 %sboxSub_V_0_load_14" [aes/aes_encrypt.cpp:101->aes/aes_encrypt.cpp:184->aes/aes_encrypt.cpp:219]   --->   Operation 1409 'select' 'sboxSub_V_load_1_3_p' <Predicate = true> <Delay = 0.00> <Core = "Sel">   --->   Core 26 'Sel' <Latency = 0> <II = 1> <Delay = 1.24> <FuncUnit> <Opcode : 'select'> <InPorts = 3> <OutPorts = 1>
ST_52 : Operation 1410 [1/1] (0.00ns) (grouped into LUT with out node state_2_2_V_1)   --->   "%tmp_17 = trunc i8 %state_V_2 to i1" [aes/aes_encrypt.cpp:101->aes/aes_encrypt.cpp:184->aes/aes_encrypt.cpp:219]   --->   Operation 1410 'trunc' 'tmp_17' <Predicate = true> <Delay = 0.00>
ST_52 : Operation 1411 [1/2] (3.25ns)   --->   "%sboxSub_V_1_load_16 = load i8* %sboxSub_V_1_addr_16, align 1" [aes/aes_encrypt.cpp:101->aes/aes_encrypt.cpp:184->aes/aes_encrypt.cpp:219]   --->   Operation 1411 'load' 'sboxSub_V_1_load_16' <Predicate = true> <Delay = 3.25> <Core = "ROM_nP">   --->   Core 52 'ROM_nP' <Latency = 1> <II = 1> <Delay = 3.25> <Storage> <Opcode : 'load'> <Ports = 0> <Width = 8> <Depth = 128> <ROM>
ST_52 : Operation 1412 [1/2] (3.25ns)   --->   "%sboxSub_V_0_load_16 = load i8* %sboxSub_V_0_addr_16, align 1" [aes/aes_encrypt.cpp:101->aes/aes_encrypt.cpp:184->aes/aes_encrypt.cpp:219]   --->   Operation 1412 'load' 'sboxSub_V_0_load_16' <Predicate = true> <Delay = 3.25> <Core = "ROM_nP">   --->   Core 52 'ROM_nP' <Latency = 1> <II = 1> <Delay = 3.25> <Storage> <Opcode : 'load'> <Ports = 0> <Width = 8> <Depth = 128> <ROM>
ST_52 : Operation 1413 [1/1] (0.00ns) (grouped into LUT with out node state_2_2_V_1)   --->   "%temp_V_1 = select i1 %tmp_17, i8 %sboxSub_V_1_load_16, i8 %sboxSub_V_0_load_16" [aes/aes_encrypt.cpp:101->aes/aes_encrypt.cpp:184->aes/aes_encrypt.cpp:219]   --->   Operation 1413 'select' 'temp_V_1' <Predicate = true> <Delay = 0.00> <Core = "Sel">   --->   Core 26 'Sel' <Latency = 0> <II = 1> <Delay = 1.24> <FuncUnit> <Opcode : 'select'> <InPorts = 3> <OutPorts = 1>
ST_52 : Operation 1414 [1/1] (0.00ns) (grouped into LUT with out node state_2_3_V_1)   --->   "%tmp_18 = trunc i8 %state_V_2_1 to i1" [aes/aes_encrypt.cpp:101->aes/aes_encrypt.cpp:184->aes/aes_encrypt.cpp:219]   --->   Operation 1414 'trunc' 'tmp_18' <Predicate = true> <Delay = 0.00>
ST_52 : Operation 1415 [1/2] (3.25ns)   --->   "%sboxSub_V_1_load_18 = load i8* %sboxSub_V_1_addr_18, align 1" [aes/aes_encrypt.cpp:101->aes/aes_encrypt.cpp:184->aes/aes_encrypt.cpp:219]   --->   Operation 1415 'load' 'sboxSub_V_1_load_18' <Predicate = true> <Delay = 3.25> <Core = "ROM_nP">   --->   Core 52 'ROM_nP' <Latency = 1> <II = 1> <Delay = 3.25> <Storage> <Opcode : 'load'> <Ports = 0> <Width = 8> <Depth = 128> <ROM>
ST_52 : Operation 1416 [1/2] (3.25ns)   --->   "%sboxSub_V_0_load_18 = load i8* %sboxSub_V_0_addr_18, align 1" [aes/aes_encrypt.cpp:101->aes/aes_encrypt.cpp:184->aes/aes_encrypt.cpp:219]   --->   Operation 1416 'load' 'sboxSub_V_0_load_18' <Predicate = true> <Delay = 3.25> <Core = "ROM_nP">   --->   Core 52 'ROM_nP' <Latency = 1> <II = 1> <Delay = 3.25> <Storage> <Opcode : 'load'> <Ports = 0> <Width = 8> <Depth = 128> <ROM>
ST_52 : Operation 1417 [1/1] (0.00ns) (grouped into LUT with out node state_2_3_V_1)   --->   "%temp1_V = select i1 %tmp_18, i8 %sboxSub_V_1_load_18, i8 %sboxSub_V_0_load_18" [aes/aes_encrypt.cpp:101->aes/aes_encrypt.cpp:184->aes/aes_encrypt.cpp:219]   --->   Operation 1417 'select' 'temp1_V' <Predicate = true> <Delay = 0.00> <Core = "Sel">   --->   Core 26 'Sel' <Latency = 0> <II = 1> <Delay = 1.24> <FuncUnit> <Opcode : 'select'> <InPorts = 3> <OutPorts = 1>
ST_52 : Operation 1418 [1/1] (0.00ns) (grouped into LUT with out node state_2_0_V_1)   --->   "%tmp_19 = trunc i8 %state_V_2_2 to i1" [aes/aes_encrypt.cpp:101->aes/aes_encrypt.cpp:184->aes/aes_encrypt.cpp:219]   --->   Operation 1418 'trunc' 'tmp_19' <Predicate = true> <Delay = 0.00>
ST_52 : Operation 1419 [1/2] (3.25ns)   --->   "%sboxSub_V_1_load_20 = load i8* %sboxSub_V_1_addr_20, align 1" [aes/aes_encrypt.cpp:101->aes/aes_encrypt.cpp:184->aes/aes_encrypt.cpp:219]   --->   Operation 1419 'load' 'sboxSub_V_1_load_20' <Predicate = true> <Delay = 3.25> <Core = "ROM_nP">   --->   Core 52 'ROM_nP' <Latency = 1> <II = 1> <Delay = 3.25> <Storage> <Opcode : 'load'> <Ports = 0> <Width = 8> <Depth = 128> <ROM>
ST_52 : Operation 1420 [1/2] (3.25ns)   --->   "%sboxSub_V_0_load_20 = load i8* %sboxSub_V_0_addr_20, align 1" [aes/aes_encrypt.cpp:101->aes/aes_encrypt.cpp:184->aes/aes_encrypt.cpp:219]   --->   Operation 1420 'load' 'sboxSub_V_0_load_20' <Predicate = true> <Delay = 3.25> <Core = "ROM_nP">   --->   Core 52 'ROM_nP' <Latency = 1> <II = 1> <Delay = 3.25> <Storage> <Opcode : 'load'> <Ports = 0> <Width = 8> <Depth = 128> <ROM>
ST_52 : Operation 1421 [1/1] (0.00ns) (grouped into LUT with out node state_2_0_V_1)   --->   "%sboxSub_V_load_2_2_p = select i1 %tmp_19, i8 %sboxSub_V_1_load_20, i8 %sboxSub_V_0_load_20" [aes/aes_encrypt.cpp:101->aes/aes_encrypt.cpp:184->aes/aes_encrypt.cpp:219]   --->   Operation 1421 'select' 'sboxSub_V_load_2_2_p' <Predicate = true> <Delay = 0.00> <Core = "Sel">   --->   Core 26 'Sel' <Latency = 0> <II = 1> <Delay = 1.24> <FuncUnit> <Opcode : 'select'> <InPorts = 3> <OutPorts = 1>
ST_52 : Operation 1422 [1/1] (0.00ns) (grouped into LUT with out node state_2_1_V_1)   --->   "%tmp_20 = trunc i8 %state_V_2_3 to i1" [aes/aes_encrypt.cpp:101->aes/aes_encrypt.cpp:184->aes/aes_encrypt.cpp:219]   --->   Operation 1422 'trunc' 'tmp_20' <Predicate = true> <Delay = 0.00>
ST_52 : Operation 1423 [1/2] (3.25ns)   --->   "%sboxSub_V_1_load_22 = load i8* %sboxSub_V_1_addr_22, align 1" [aes/aes_encrypt.cpp:101->aes/aes_encrypt.cpp:184->aes/aes_encrypt.cpp:219]   --->   Operation 1423 'load' 'sboxSub_V_1_load_22' <Predicate = true> <Delay = 3.25> <Core = "ROM_nP">   --->   Core 52 'ROM_nP' <Latency = 1> <II = 1> <Delay = 3.25> <Storage> <Opcode : 'load'> <Ports = 0> <Width = 8> <Depth = 128> <ROM>
ST_52 : Operation 1424 [1/2] (3.25ns)   --->   "%sboxSub_V_0_load_22 = load i8* %sboxSub_V_0_addr_22, align 1" [aes/aes_encrypt.cpp:101->aes/aes_encrypt.cpp:184->aes/aes_encrypt.cpp:219]   --->   Operation 1424 'load' 'sboxSub_V_0_load_22' <Predicate = true> <Delay = 3.25> <Core = "ROM_nP">   --->   Core 52 'ROM_nP' <Latency = 1> <II = 1> <Delay = 3.25> <Storage> <Opcode : 'load'> <Ports = 0> <Width = 8> <Depth = 128> <ROM>
ST_52 : Operation 1425 [1/1] (0.00ns) (grouped into LUT with out node state_2_1_V_1)   --->   "%sboxSub_V_load_2_3_p = select i1 %tmp_20, i8 %sboxSub_V_1_load_22, i8 %sboxSub_V_0_load_22" [aes/aes_encrypt.cpp:101->aes/aes_encrypt.cpp:184->aes/aes_encrypt.cpp:219]   --->   Operation 1425 'select' 'sboxSub_V_load_2_3_p' <Predicate = true> <Delay = 0.00> <Core = "Sel">   --->   Core 26 'Sel' <Latency = 0> <II = 1> <Delay = 1.24> <FuncUnit> <Opcode : 'select'> <InPorts = 3> <OutPorts = 1>
ST_52 : Operation 1426 [1/1] (0.00ns) (grouped into LUT with out node state_3_1_V_1)   --->   "%tmp_21 = trunc i8 %state_V_3 to i1" [aes/aes_encrypt.cpp:101->aes/aes_encrypt.cpp:184->aes/aes_encrypt.cpp:219]   --->   Operation 1426 'trunc' 'tmp_21' <Predicate = true> <Delay = 0.00>
ST_52 : Operation 1427 [1/2] (3.25ns)   --->   "%sboxSub_V_1_load_24 = load i8* %sboxSub_V_1_addr_24, align 1" [aes/aes_encrypt.cpp:101->aes/aes_encrypt.cpp:184->aes/aes_encrypt.cpp:219]   --->   Operation 1427 'load' 'sboxSub_V_1_load_24' <Predicate = true> <Delay = 3.25> <Core = "ROM_nP">   --->   Core 52 'ROM_nP' <Latency = 1> <II = 1> <Delay = 3.25> <Storage> <Opcode : 'load'> <Ports = 0> <Width = 8> <Depth = 128> <ROM>
ST_52 : Operation 1428 [1/2] (3.25ns)   --->   "%sboxSub_V_0_load_24 = load i8* %sboxSub_V_0_addr_24, align 1" [aes/aes_encrypt.cpp:101->aes/aes_encrypt.cpp:184->aes/aes_encrypt.cpp:219]   --->   Operation 1428 'load' 'sboxSub_V_0_load_24' <Predicate = true> <Delay = 3.25> <Core = "ROM_nP">   --->   Core 52 'ROM_nP' <Latency = 1> <II = 1> <Delay = 3.25> <Storage> <Opcode : 'load'> <Ports = 0> <Width = 8> <Depth = 128> <ROM>
ST_52 : Operation 1429 [1/1] (0.00ns) (grouped into LUT with out node state_3_1_V_1)   --->   "%sboxSub_V_load_3_0_p = select i1 %tmp_21, i8 %sboxSub_V_1_load_24, i8 %sboxSub_V_0_load_24" [aes/aes_encrypt.cpp:101->aes/aes_encrypt.cpp:184->aes/aes_encrypt.cpp:219]   --->   Operation 1429 'select' 'sboxSub_V_load_3_0_p' <Predicate = true> <Delay = 0.00> <Core = "Sel">   --->   Core 26 'Sel' <Latency = 0> <II = 1> <Delay = 1.24> <FuncUnit> <Opcode : 'select'> <InPorts = 3> <OutPorts = 1>
ST_52 : Operation 1430 [1/1] (0.00ns) (grouped into LUT with out node state_3_2_V_1)   --->   "%tmp_22 = trunc i8 %state_V_3_1 to i1" [aes/aes_encrypt.cpp:101->aes/aes_encrypt.cpp:184->aes/aes_encrypt.cpp:219]   --->   Operation 1430 'trunc' 'tmp_22' <Predicate = true> <Delay = 0.00>
ST_52 : Operation 1431 [1/2] (3.25ns)   --->   "%sboxSub_V_1_load_26 = load i8* %sboxSub_V_1_addr_26, align 1" [aes/aes_encrypt.cpp:101->aes/aes_encrypt.cpp:184->aes/aes_encrypt.cpp:219]   --->   Operation 1431 'load' 'sboxSub_V_1_load_26' <Predicate = true> <Delay = 3.25> <Core = "ROM_nP">   --->   Core 52 'ROM_nP' <Latency = 1> <II = 1> <Delay = 3.25> <Storage> <Opcode : 'load'> <Ports = 0> <Width = 8> <Depth = 128> <ROM>
ST_52 : Operation 1432 [1/2] (3.25ns)   --->   "%sboxSub_V_0_load_26 = load i8* %sboxSub_V_0_addr_26, align 1" [aes/aes_encrypt.cpp:101->aes/aes_encrypt.cpp:184->aes/aes_encrypt.cpp:219]   --->   Operation 1432 'load' 'sboxSub_V_0_load_26' <Predicate = true> <Delay = 3.25> <Core = "ROM_nP">   --->   Core 52 'ROM_nP' <Latency = 1> <II = 1> <Delay = 3.25> <Storage> <Opcode : 'load'> <Ports = 0> <Width = 8> <Depth = 128> <ROM>
ST_52 : Operation 1433 [1/1] (0.00ns) (grouped into LUT with out node state_3_2_V_1)   --->   "%sboxSub_V_load_3_1_p = select i1 %tmp_22, i8 %sboxSub_V_1_load_26, i8 %sboxSub_V_0_load_26" [aes/aes_encrypt.cpp:101->aes/aes_encrypt.cpp:184->aes/aes_encrypt.cpp:219]   --->   Operation 1433 'select' 'sboxSub_V_load_3_1_p' <Predicate = true> <Delay = 0.00> <Core = "Sel">   --->   Core 26 'Sel' <Latency = 0> <II = 1> <Delay = 1.24> <FuncUnit> <Opcode : 'select'> <InPorts = 3> <OutPorts = 1>
ST_52 : Operation 1434 [1/1] (0.00ns) (grouped into LUT with out node state_3_3_V_1)   --->   "%tmp_23 = trunc i8 %state_V_3_2 to i1" [aes/aes_encrypt.cpp:101->aes/aes_encrypt.cpp:184->aes/aes_encrypt.cpp:219]   --->   Operation 1434 'trunc' 'tmp_23' <Predicate = true> <Delay = 0.00>
ST_52 : Operation 1435 [1/2] (3.25ns)   --->   "%sboxSub_V_1_load_28 = load i8* %sboxSub_V_1_addr_28, align 1" [aes/aes_encrypt.cpp:101->aes/aes_encrypt.cpp:184->aes/aes_encrypt.cpp:219]   --->   Operation 1435 'load' 'sboxSub_V_1_load_28' <Predicate = true> <Delay = 3.25> <Core = "ROM_nP">   --->   Core 52 'ROM_nP' <Latency = 1> <II = 1> <Delay = 3.25> <Storage> <Opcode : 'load'> <Ports = 0> <Width = 8> <Depth = 128> <ROM>
ST_52 : Operation 1436 [1/2] (3.25ns)   --->   "%sboxSub_V_0_load_28 = load i8* %sboxSub_V_0_addr_28, align 1" [aes/aes_encrypt.cpp:101->aes/aes_encrypt.cpp:184->aes/aes_encrypt.cpp:219]   --->   Operation 1436 'load' 'sboxSub_V_0_load_28' <Predicate = true> <Delay = 3.25> <Core = "ROM_nP">   --->   Core 52 'ROM_nP' <Latency = 1> <II = 1> <Delay = 3.25> <Storage> <Opcode : 'load'> <Ports = 0> <Width = 8> <Depth = 128> <ROM>
ST_52 : Operation 1437 [1/1] (0.00ns) (grouped into LUT with out node state_3_3_V_1)   --->   "%sboxSub_V_load_3_2_p = select i1 %tmp_23, i8 %sboxSub_V_1_load_28, i8 %sboxSub_V_0_load_28" [aes/aes_encrypt.cpp:101->aes/aes_encrypt.cpp:184->aes/aes_encrypt.cpp:219]   --->   Operation 1437 'select' 'sboxSub_V_load_3_2_p' <Predicate = true> <Delay = 0.00> <Core = "Sel">   --->   Core 26 'Sel' <Latency = 0> <II = 1> <Delay = 1.24> <FuncUnit> <Opcode : 'select'> <InPorts = 3> <OutPorts = 1>
ST_52 : Operation 1438 [1/1] (0.00ns) (grouped into LUT with out node state_3_0_V_1)   --->   "%tmp_24 = trunc i8 %state_V_3_3 to i1" [aes/aes_encrypt.cpp:101->aes/aes_encrypt.cpp:184->aes/aes_encrypt.cpp:219]   --->   Operation 1438 'trunc' 'tmp_24' <Predicate = true> <Delay = 0.00>
ST_52 : Operation 1439 [1/2] (3.25ns)   --->   "%sboxSub_V_1_load_30 = load i8* %sboxSub_V_1_addr_30, align 1" [aes/aes_encrypt.cpp:101->aes/aes_encrypt.cpp:184->aes/aes_encrypt.cpp:219]   --->   Operation 1439 'load' 'sboxSub_V_1_load_30' <Predicate = true> <Delay = 3.25> <Core = "ROM_nP">   --->   Core 52 'ROM_nP' <Latency = 1> <II = 1> <Delay = 3.25> <Storage> <Opcode : 'load'> <Ports = 0> <Width = 8> <Depth = 128> <ROM>
ST_52 : Operation 1440 [1/2] (3.25ns)   --->   "%sboxSub_V_0_load_30 = load i8* %sboxSub_V_0_addr_30, align 1" [aes/aes_encrypt.cpp:101->aes/aes_encrypt.cpp:184->aes/aes_encrypt.cpp:219]   --->   Operation 1440 'load' 'sboxSub_V_0_load_30' <Predicate = true> <Delay = 3.25> <Core = "ROM_nP">   --->   Core 52 'ROM_nP' <Latency = 1> <II = 1> <Delay = 3.25> <Storage> <Opcode : 'load'> <Ports = 0> <Width = 8> <Depth = 128> <ROM>
ST_52 : Operation 1441 [1/1] (0.00ns) (grouped into LUT with out node state_3_0_V_1)   --->   "%temp_V_2 = select i1 %tmp_24, i8 %sboxSub_V_1_load_30, i8 %sboxSub_V_0_load_30" [aes/aes_encrypt.cpp:101->aes/aes_encrypt.cpp:184->aes/aes_encrypt.cpp:219]   --->   Operation 1441 'select' 'temp_V_2' <Predicate = true> <Delay = 0.00> <Core = "Sel">   --->   Core 26 'Sel' <Latency = 0> <II = 1> <Delay = 1.24> <FuncUnit> <Opcode : 'select'> <InPorts = 3> <OutPorts = 1>
ST_52 : Operation 1442 [1/1] (1.24ns) (out node of the LUT)   --->   "%state_0_0_V_2 = xor i8 %sboxSub_V_load_0_0_p, %ret_V_1_35" [aes/aes_encrypt.cpp:156->aes/aes_encrypt.cpp:186->aes/aes_encrypt.cpp:219]   --->   Operation 1442 'xor' 'state_0_0_V_2' <Predicate = true> <Delay = 1.24> <Core = "LogicGate">   --->   Core 27 'LogicGate' <Latency = 0> <II = 1> <Delay = 0.99> <FuncUnit> <Opcode : 'and' 'or' 'xor'> <InPorts = 2> <OutPorts = 1>
ST_52 : Operation 1443 [1/1] (1.24ns) (out node of the LUT)   --->   "%state_1_0_V_1 = xor i8 %sboxSub_V_load_1_1_p, %ret_V_1_36_1" [aes/aes_encrypt.cpp:156->aes/aes_encrypt.cpp:186->aes/aes_encrypt.cpp:219]   --->   Operation 1443 'xor' 'state_1_0_V_1' <Predicate = true> <Delay = 1.24> <Core = "LogicGate">   --->   Core 27 'LogicGate' <Latency = 0> <II = 1> <Delay = 0.99> <FuncUnit> <Opcode : 'and' 'or' 'xor'> <InPorts = 2> <OutPorts = 1>
ST_52 : Operation 1444 [1/1] (1.24ns) (out node of the LUT)   --->   "%state_2_0_V_1 = xor i8 %sboxSub_V_load_2_2_p, %ret_V_1_36_2" [aes/aes_encrypt.cpp:156->aes/aes_encrypt.cpp:186->aes/aes_encrypt.cpp:219]   --->   Operation 1444 'xor' 'state_2_0_V_1' <Predicate = true> <Delay = 1.24> <Core = "LogicGate">   --->   Core 27 'LogicGate' <Latency = 0> <II = 1> <Delay = 0.99> <FuncUnit> <Opcode : 'and' 'or' 'xor'> <InPorts = 2> <OutPorts = 1>
ST_52 : Operation 1445 [1/1] (1.24ns) (out node of the LUT)   --->   "%state_3_0_V_1 = xor i8 %temp_V_2, %ret_V_1_36_3" [aes/aes_encrypt.cpp:156->aes/aes_encrypt.cpp:186->aes/aes_encrypt.cpp:219]   --->   Operation 1445 'xor' 'state_3_0_V_1' <Predicate = true> <Delay = 1.24> <Core = "LogicGate">   --->   Core 27 'LogicGate' <Latency = 0> <II = 1> <Delay = 0.99> <FuncUnit> <Opcode : 'and' 'or' 'xor'> <InPorts = 2> <OutPorts = 1>
ST_52 : Operation 1446 [1/1] (1.24ns) (out node of the LUT)   --->   "%state_0_1_V_2 = xor i8 %sboxSub_V_load_0_1_p, %ret_V_1_36" [aes/aes_encrypt.cpp:156->aes/aes_encrypt.cpp:186->aes/aes_encrypt.cpp:219]   --->   Operation 1446 'xor' 'state_0_1_V_2' <Predicate = true> <Delay = 1.24> <Core = "LogicGate">   --->   Core 27 'LogicGate' <Latency = 0> <II = 1> <Delay = 0.99> <FuncUnit> <Opcode : 'and' 'or' 'xor'> <InPorts = 2> <OutPorts = 1>
ST_52 : Operation 1447 [1/1] (1.24ns) (out node of the LUT)   --->   "%state_1_1_V_1 = xor i8 %sboxSub_V_load_1_2_p, %ret_V_1_37_1" [aes/aes_encrypt.cpp:156->aes/aes_encrypt.cpp:186->aes/aes_encrypt.cpp:219]   --->   Operation 1447 'xor' 'state_1_1_V_1' <Predicate = true> <Delay = 1.24> <Core = "LogicGate">   --->   Core 27 'LogicGate' <Latency = 0> <II = 1> <Delay = 0.99> <FuncUnit> <Opcode : 'and' 'or' 'xor'> <InPorts = 2> <OutPorts = 1>
ST_52 : Operation 1448 [1/1] (1.24ns) (out node of the LUT)   --->   "%state_2_1_V_1 = xor i8 %sboxSub_V_load_2_3_p, %ret_V_1_37_2" [aes/aes_encrypt.cpp:156->aes/aes_encrypt.cpp:186->aes/aes_encrypt.cpp:219]   --->   Operation 1448 'xor' 'state_2_1_V_1' <Predicate = true> <Delay = 1.24> <Core = "LogicGate">   --->   Core 27 'LogicGate' <Latency = 0> <II = 1> <Delay = 0.99> <FuncUnit> <Opcode : 'and' 'or' 'xor'> <InPorts = 2> <OutPorts = 1>
ST_52 : Operation 1449 [1/1] (1.24ns) (out node of the LUT)   --->   "%state_3_1_V_1 = xor i8 %sboxSub_V_load_3_0_p, %ret_V_1_37_3" [aes/aes_encrypt.cpp:156->aes/aes_encrypt.cpp:186->aes/aes_encrypt.cpp:219]   --->   Operation 1449 'xor' 'state_3_1_V_1' <Predicate = true> <Delay = 1.24> <Core = "LogicGate">   --->   Core 27 'LogicGate' <Latency = 0> <II = 1> <Delay = 0.99> <FuncUnit> <Opcode : 'and' 'or' 'xor'> <InPorts = 2> <OutPorts = 1>
ST_52 : Operation 1450 [1/1] (1.24ns) (out node of the LUT)   --->   "%state_0_2_V_2 = xor i8 %sboxSub_V_load_0_2_p, %ret_V_1_37" [aes/aes_encrypt.cpp:156->aes/aes_encrypt.cpp:186->aes/aes_encrypt.cpp:219]   --->   Operation 1450 'xor' 'state_0_2_V_2' <Predicate = true> <Delay = 1.24> <Core = "LogicGate">   --->   Core 27 'LogicGate' <Latency = 0> <II = 1> <Delay = 0.99> <FuncUnit> <Opcode : 'and' 'or' 'xor'> <InPorts = 2> <OutPorts = 1>
ST_52 : Operation 1451 [1/1] (1.24ns) (out node of the LUT)   --->   "%state_1_2_V_1 = xor i8 %sboxSub_V_load_1_3_p, %ret_V_1_38_1" [aes/aes_encrypt.cpp:156->aes/aes_encrypt.cpp:186->aes/aes_encrypt.cpp:219]   --->   Operation 1451 'xor' 'state_1_2_V_1' <Predicate = true> <Delay = 1.24> <Core = "LogicGate">   --->   Core 27 'LogicGate' <Latency = 0> <II = 1> <Delay = 0.99> <FuncUnit> <Opcode : 'and' 'or' 'xor'> <InPorts = 2> <OutPorts = 1>
ST_52 : Operation 1452 [1/1] (1.24ns) (out node of the LUT)   --->   "%state_2_2_V_1 = xor i8 %temp_V_1, %ret_V_1_38_2" [aes/aes_encrypt.cpp:156->aes/aes_encrypt.cpp:186->aes/aes_encrypt.cpp:219]   --->   Operation 1452 'xor' 'state_2_2_V_1' <Predicate = true> <Delay = 1.24> <Core = "LogicGate">   --->   Core 27 'LogicGate' <Latency = 0> <II = 1> <Delay = 0.99> <FuncUnit> <Opcode : 'and' 'or' 'xor'> <InPorts = 2> <OutPorts = 1>
ST_52 : Operation 1453 [1/1] (1.24ns) (out node of the LUT)   --->   "%state_3_2_V_1 = xor i8 %sboxSub_V_load_3_1_p, %ret_V_1_38_3" [aes/aes_encrypt.cpp:156->aes/aes_encrypt.cpp:186->aes/aes_encrypt.cpp:219]   --->   Operation 1453 'xor' 'state_3_2_V_1' <Predicate = true> <Delay = 1.24> <Core = "LogicGate">   --->   Core 27 'LogicGate' <Latency = 0> <II = 1> <Delay = 0.99> <FuncUnit> <Opcode : 'and' 'or' 'xor'> <InPorts = 2> <OutPorts = 1>
ST_52 : Operation 1454 [1/1] (1.24ns) (out node of the LUT)   --->   "%state_0_3_V_2 = xor i8 %sboxSub_V_load_0_3_p, %ret_V_1_38" [aes/aes_encrypt.cpp:156->aes/aes_encrypt.cpp:186->aes/aes_encrypt.cpp:219]   --->   Operation 1454 'xor' 'state_0_3_V_2' <Predicate = true> <Delay = 1.24> <Core = "LogicGate">   --->   Core 27 'LogicGate' <Latency = 0> <II = 1> <Delay = 0.99> <FuncUnit> <Opcode : 'and' 'or' 'xor'> <InPorts = 2> <OutPorts = 1>
ST_52 : Operation 1455 [1/1] (1.24ns) (out node of the LUT)   --->   "%state_1_3_V_1 = xor i8 %temp_V, %ret_V_1_39_1" [aes/aes_encrypt.cpp:156->aes/aes_encrypt.cpp:186->aes/aes_encrypt.cpp:219]   --->   Operation 1455 'xor' 'state_1_3_V_1' <Predicate = true> <Delay = 1.24> <Core = "LogicGate">   --->   Core 27 'LogicGate' <Latency = 0> <II = 1> <Delay = 0.99> <FuncUnit> <Opcode : 'and' 'or' 'xor'> <InPorts = 2> <OutPorts = 1>
ST_52 : Operation 1456 [1/1] (1.24ns) (out node of the LUT)   --->   "%state_2_3_V_1 = xor i8 %temp1_V, %ret_V_1_39_2" [aes/aes_encrypt.cpp:156->aes/aes_encrypt.cpp:186->aes/aes_encrypt.cpp:219]   --->   Operation 1456 'xor' 'state_2_3_V_1' <Predicate = true> <Delay = 1.24> <Core = "LogicGate">   --->   Core 27 'LogicGate' <Latency = 0> <II = 1> <Delay = 0.99> <FuncUnit> <Opcode : 'and' 'or' 'xor'> <InPorts = 2> <OutPorts = 1>
ST_52 : Operation 1457 [1/1] (1.24ns) (out node of the LUT)   --->   "%state_3_3_V_1 = xor i8 %sboxSub_V_load_3_2_p, %ret_V_1_39_3" [aes/aes_encrypt.cpp:156->aes/aes_encrypt.cpp:186->aes/aes_encrypt.cpp:219]   --->   Operation 1457 'xor' 'state_3_3_V_1' <Predicate = true> <Delay = 1.24> <Core = "LogicGate">   --->   Core 27 'LogicGate' <Latency = 0> <II = 1> <Delay = 0.99> <FuncUnit> <Opcode : 'and' 'or' 'xor'> <InPorts = 2> <OutPorts = 1>
ST_52 : Operation 1458 [1/1] (0.00ns)   --->   "%output_addr = getelementptr [16 x i8]* %output, i64 0, i64 0" [aes/aes_encrypt.cpp:190->aes/aes_encrypt.cpp:219]   --->   Operation 1458 'getelementptr' 'output_addr' <Predicate = true> <Delay = 0.00>
ST_52 : Operation 1459 [1/1] (2.32ns)   --->   "store i8 %state_0_0_V_2, i8* %output_addr, align 1" [aes/aes_encrypt.cpp:190->aes/aes_encrypt.cpp:219]   --->   Operation 1459 'store' <Predicate = true> <Delay = 2.32> <Core = "RAM">   --->   Core 37 'RAM' <Latency = 1> <II = 1> <Delay = 2.32> <Storage> <Opcode : 'load' 'store'> <Ports = 2> <Width = 8> <Depth = 16> <RAM>
ST_52 : Operation 1460 [1/1] (0.00ns)   --->   "%output_addr_16 = getelementptr [16 x i8]* %output, i64 0, i64 1" [aes/aes_encrypt.cpp:190->aes/aes_encrypt.cpp:219]   --->   Operation 1460 'getelementptr' 'output_addr_16' <Predicate = true> <Delay = 0.00>
ST_52 : Operation 1461 [1/1] (2.32ns)   --->   "store i8 %state_1_0_V_1, i8* %output_addr_16, align 1" [aes/aes_encrypt.cpp:190->aes/aes_encrypt.cpp:219]   --->   Operation 1461 'store' <Predicate = true> <Delay = 2.32> <Core = "RAM">   --->   Core 37 'RAM' <Latency = 1> <II = 1> <Delay = 2.32> <Storage> <Opcode : 'load' 'store'> <Ports = 2> <Width = 8> <Depth = 16> <RAM>

State 53 <SV = 48> <Delay = 2.32>
ST_53 : Operation 1462 [1/1] (0.00ns)   --->   "%output_addr_2 = getelementptr [16 x i8]* %output, i64 0, i64 2" [aes/aes_encrypt.cpp:190->aes/aes_encrypt.cpp:219]   --->   Operation 1462 'getelementptr' 'output_addr_2' <Predicate = true> <Delay = 0.00>
ST_53 : Operation 1463 [1/1] (2.32ns)   --->   "store i8 %state_2_0_V_1, i8* %output_addr_2, align 1" [aes/aes_encrypt.cpp:190->aes/aes_encrypt.cpp:219]   --->   Operation 1463 'store' <Predicate = true> <Delay = 2.32> <Core = "RAM">   --->   Core 37 'RAM' <Latency = 1> <II = 1> <Delay = 2.32> <Storage> <Opcode : 'load' 'store'> <Ports = 2> <Width = 8> <Depth = 16> <RAM>
ST_53 : Operation 1464 [1/1] (0.00ns)   --->   "%output_addr_3 = getelementptr [16 x i8]* %output, i64 0, i64 3" [aes/aes_encrypt.cpp:190->aes/aes_encrypt.cpp:219]   --->   Operation 1464 'getelementptr' 'output_addr_3' <Predicate = true> <Delay = 0.00>
ST_53 : Operation 1465 [1/1] (2.32ns)   --->   "store i8 %state_3_0_V_1, i8* %output_addr_3, align 1" [aes/aes_encrypt.cpp:190->aes/aes_encrypt.cpp:219]   --->   Operation 1465 'store' <Predicate = true> <Delay = 2.32> <Core = "RAM">   --->   Core 37 'RAM' <Latency = 1> <II = 1> <Delay = 2.32> <Storage> <Opcode : 'load' 'store'> <Ports = 2> <Width = 8> <Depth = 16> <RAM>

State 54 <SV = 49> <Delay = 2.32>
ST_54 : Operation 1466 [1/1] (0.00ns)   --->   "%output_addr_4 = getelementptr [16 x i8]* %output, i64 0, i64 4" [aes/aes_encrypt.cpp:190->aes/aes_encrypt.cpp:219]   --->   Operation 1466 'getelementptr' 'output_addr_4' <Predicate = true> <Delay = 0.00>
ST_54 : Operation 1467 [1/1] (2.32ns)   --->   "store i8 %state_0_1_V_2, i8* %output_addr_4, align 1" [aes/aes_encrypt.cpp:190->aes/aes_encrypt.cpp:219]   --->   Operation 1467 'store' <Predicate = true> <Delay = 2.32> <Core = "RAM">   --->   Core 37 'RAM' <Latency = 1> <II = 1> <Delay = 2.32> <Storage> <Opcode : 'load' 'store'> <Ports = 2> <Width = 8> <Depth = 16> <RAM>
ST_54 : Operation 1468 [1/1] (0.00ns)   --->   "%output_addr_5 = getelementptr [16 x i8]* %output, i64 0, i64 5" [aes/aes_encrypt.cpp:190->aes/aes_encrypt.cpp:219]   --->   Operation 1468 'getelementptr' 'output_addr_5' <Predicate = true> <Delay = 0.00>
ST_54 : Operation 1469 [1/1] (2.32ns)   --->   "store i8 %state_1_1_V_1, i8* %output_addr_5, align 1" [aes/aes_encrypt.cpp:190->aes/aes_encrypt.cpp:219]   --->   Operation 1469 'store' <Predicate = true> <Delay = 2.32> <Core = "RAM">   --->   Core 37 'RAM' <Latency = 1> <II = 1> <Delay = 2.32> <Storage> <Opcode : 'load' 'store'> <Ports = 2> <Width = 8> <Depth = 16> <RAM>

State 55 <SV = 50> <Delay = 2.32>
ST_55 : Operation 1470 [1/1] (0.00ns)   --->   "%output_addr_6 = getelementptr [16 x i8]* %output, i64 0, i64 6" [aes/aes_encrypt.cpp:190->aes/aes_encrypt.cpp:219]   --->   Operation 1470 'getelementptr' 'output_addr_6' <Predicate = true> <Delay = 0.00>
ST_55 : Operation 1471 [1/1] (2.32ns)   --->   "store i8 %state_2_1_V_1, i8* %output_addr_6, align 1" [aes/aes_encrypt.cpp:190->aes/aes_encrypt.cpp:219]   --->   Operation 1471 'store' <Predicate = true> <Delay = 2.32> <Core = "RAM">   --->   Core 37 'RAM' <Latency = 1> <II = 1> <Delay = 2.32> <Storage> <Opcode : 'load' 'store'> <Ports = 2> <Width = 8> <Depth = 16> <RAM>
ST_55 : Operation 1472 [1/1] (0.00ns)   --->   "%output_addr_7 = getelementptr [16 x i8]* %output, i64 0, i64 7" [aes/aes_encrypt.cpp:190->aes/aes_encrypt.cpp:219]   --->   Operation 1472 'getelementptr' 'output_addr_7' <Predicate = true> <Delay = 0.00>
ST_55 : Operation 1473 [1/1] (2.32ns)   --->   "store i8 %state_3_1_V_1, i8* %output_addr_7, align 1" [aes/aes_encrypt.cpp:190->aes/aes_encrypt.cpp:219]   --->   Operation 1473 'store' <Predicate = true> <Delay = 2.32> <Core = "RAM">   --->   Core 37 'RAM' <Latency = 1> <II = 1> <Delay = 2.32> <Storage> <Opcode : 'load' 'store'> <Ports = 2> <Width = 8> <Depth = 16> <RAM>

State 56 <SV = 51> <Delay = 2.32>
ST_56 : Operation 1474 [1/1] (0.00ns)   --->   "%output_addr_8 = getelementptr [16 x i8]* %output, i64 0, i64 8" [aes/aes_encrypt.cpp:190->aes/aes_encrypt.cpp:219]   --->   Operation 1474 'getelementptr' 'output_addr_8' <Predicate = true> <Delay = 0.00>
ST_56 : Operation 1475 [1/1] (2.32ns)   --->   "store i8 %state_0_2_V_2, i8* %output_addr_8, align 1" [aes/aes_encrypt.cpp:190->aes/aes_encrypt.cpp:219]   --->   Operation 1475 'store' <Predicate = true> <Delay = 2.32> <Core = "RAM">   --->   Core 37 'RAM' <Latency = 1> <II = 1> <Delay = 2.32> <Storage> <Opcode : 'load' 'store'> <Ports = 2> <Width = 8> <Depth = 16> <RAM>
ST_56 : Operation 1476 [1/1] (0.00ns)   --->   "%output_addr_9 = getelementptr [16 x i8]* %output, i64 0, i64 9" [aes/aes_encrypt.cpp:190->aes/aes_encrypt.cpp:219]   --->   Operation 1476 'getelementptr' 'output_addr_9' <Predicate = true> <Delay = 0.00>
ST_56 : Operation 1477 [1/1] (2.32ns)   --->   "store i8 %state_1_2_V_1, i8* %output_addr_9, align 1" [aes/aes_encrypt.cpp:190->aes/aes_encrypt.cpp:219]   --->   Operation 1477 'store' <Predicate = true> <Delay = 2.32> <Core = "RAM">   --->   Core 37 'RAM' <Latency = 1> <II = 1> <Delay = 2.32> <Storage> <Opcode : 'load' 'store'> <Ports = 2> <Width = 8> <Depth = 16> <RAM>

State 57 <SV = 52> <Delay = 2.32>
ST_57 : Operation 1478 [1/1] (0.00ns)   --->   "%output_addr_10 = getelementptr [16 x i8]* %output, i64 0, i64 10" [aes/aes_encrypt.cpp:190->aes/aes_encrypt.cpp:219]   --->   Operation 1478 'getelementptr' 'output_addr_10' <Predicate = true> <Delay = 0.00>
ST_57 : Operation 1479 [1/1] (2.32ns)   --->   "store i8 %state_2_2_V_1, i8* %output_addr_10, align 1" [aes/aes_encrypt.cpp:190->aes/aes_encrypt.cpp:219]   --->   Operation 1479 'store' <Predicate = true> <Delay = 2.32> <Core = "RAM">   --->   Core 37 'RAM' <Latency = 1> <II = 1> <Delay = 2.32> <Storage> <Opcode : 'load' 'store'> <Ports = 2> <Width = 8> <Depth = 16> <RAM>
ST_57 : Operation 1480 [1/1] (0.00ns)   --->   "%output_addr_11 = getelementptr [16 x i8]* %output, i64 0, i64 11" [aes/aes_encrypt.cpp:190->aes/aes_encrypt.cpp:219]   --->   Operation 1480 'getelementptr' 'output_addr_11' <Predicate = true> <Delay = 0.00>
ST_57 : Operation 1481 [1/1] (2.32ns)   --->   "store i8 %state_3_2_V_1, i8* %output_addr_11, align 1" [aes/aes_encrypt.cpp:190->aes/aes_encrypt.cpp:219]   --->   Operation 1481 'store' <Predicate = true> <Delay = 2.32> <Core = "RAM">   --->   Core 37 'RAM' <Latency = 1> <II = 1> <Delay = 2.32> <Storage> <Opcode : 'load' 'store'> <Ports = 2> <Width = 8> <Depth = 16> <RAM>

State 58 <SV = 53> <Delay = 2.32>
ST_58 : Operation 1482 [1/1] (0.00ns)   --->   "%output_addr_12 = getelementptr [16 x i8]* %output, i64 0, i64 12" [aes/aes_encrypt.cpp:190->aes/aes_encrypt.cpp:219]   --->   Operation 1482 'getelementptr' 'output_addr_12' <Predicate = true> <Delay = 0.00>
ST_58 : Operation 1483 [1/1] (2.32ns)   --->   "store i8 %state_0_3_V_2, i8* %output_addr_12, align 1" [aes/aes_encrypt.cpp:190->aes/aes_encrypt.cpp:219]   --->   Operation 1483 'store' <Predicate = true> <Delay = 2.32> <Core = "RAM">   --->   Core 37 'RAM' <Latency = 1> <II = 1> <Delay = 2.32> <Storage> <Opcode : 'load' 'store'> <Ports = 2> <Width = 8> <Depth = 16> <RAM>
ST_58 : Operation 1484 [1/1] (0.00ns)   --->   "%output_addr_13 = getelementptr [16 x i8]* %output, i64 0, i64 13" [aes/aes_encrypt.cpp:190->aes/aes_encrypt.cpp:219]   --->   Operation 1484 'getelementptr' 'output_addr_13' <Predicate = true> <Delay = 0.00>
ST_58 : Operation 1485 [1/1] (2.32ns)   --->   "store i8 %state_1_3_V_1, i8* %output_addr_13, align 1" [aes/aes_encrypt.cpp:190->aes/aes_encrypt.cpp:219]   --->   Operation 1485 'store' <Predicate = true> <Delay = 2.32> <Core = "RAM">   --->   Core 37 'RAM' <Latency = 1> <II = 1> <Delay = 2.32> <Storage> <Opcode : 'load' 'store'> <Ports = 2> <Width = 8> <Depth = 16> <RAM>

State 59 <SV = 54> <Delay = 2.32>
ST_59 : Operation 1486 [1/1] (0.00ns)   --->   "%output_addr_14 = getelementptr [16 x i8]* %output, i64 0, i64 14" [aes/aes_encrypt.cpp:190->aes/aes_encrypt.cpp:219]   --->   Operation 1486 'getelementptr' 'output_addr_14' <Predicate = true> <Delay = 0.00>
ST_59 : Operation 1487 [1/1] (2.32ns)   --->   "store i8 %state_2_3_V_1, i8* %output_addr_14, align 1" [aes/aes_encrypt.cpp:190->aes/aes_encrypt.cpp:219]   --->   Operation 1487 'store' <Predicate = true> <Delay = 2.32> <Core = "RAM">   --->   Core 37 'RAM' <Latency = 1> <II = 1> <Delay = 2.32> <Storage> <Opcode : 'load' 'store'> <Ports = 2> <Width = 8> <Depth = 16> <RAM>
ST_59 : Operation 1488 [1/1] (0.00ns)   --->   "%output_addr_15 = getelementptr [16 x i8]* %output, i64 0, i64 15" [aes/aes_encrypt.cpp:190->aes/aes_encrypt.cpp:219]   --->   Operation 1488 'getelementptr' 'output_addr_15' <Predicate = true> <Delay = 0.00>
ST_59 : Operation 1489 [1/1] (2.32ns)   --->   "store i8 %state_3_3_V_1, i8* %output_addr_15, align 1" [aes/aes_encrypt.cpp:190->aes/aes_encrypt.cpp:219]   --->   Operation 1489 'store' <Predicate = true> <Delay = 2.32> <Core = "RAM">   --->   Core 37 'RAM' <Latency = 1> <II = 1> <Delay = 2.32> <Storage> <Opcode : 'load' 'store'> <Ports = 2> <Width = 8> <Depth = 16> <RAM>
ST_59 : Operation 1490 [1/1] (1.76ns)   --->   "br label %AES_encrypt.exit" [aes/aes_encrypt.cpp:222]   --->   Operation 1490 'br' <Predicate = true> <Delay = 1.76>

State 60 <SV = 55> <Delay = 2.35>
ST_60 : Operation 1491 [1/1] (0.00ns)   --->   "%i3 = phi i5 [ %i_1, %1 ], [ 0, %.preheader.0_ifconv ]"   --->   Operation 1491 'phi' 'i3' <Predicate = true> <Delay = 0.00>
ST_60 : Operation 1492 [1/1] (1.36ns)   --->   "%exitcond = icmp eq i5 %i3, -16" [aes/aes_encrypt.cpp:222]   --->   Operation 1492 'icmp' 'exitcond' <Predicate = true> <Delay = 1.36> <Core = "Cmp">   --->   Core 25 'Cmp' <Latency = 0> <II = 1> <Delay = 1.36> <FuncUnit> <Opcode : 'icmp'> <InPorts = 2> <OutPorts = 1>
ST_60 : Operation 1493 [1/1] (0.00ns)   --->   "%empty_9 = call i32 (...)* @_ssdm_op_SpecLoopTripCount(i64 16, i64 16, i64 16)"   --->   Operation 1493 'speclooptripcount' 'empty_9' <Predicate = true> <Delay = 0.00>
ST_60 : Operation 1494 [1/1] (1.78ns)   --->   "%i_1 = add i5 %i3, 1" [aes/aes_encrypt.cpp:222]   --->   Operation 1494 'add' 'i_1' <Predicate = true> <Delay = 1.78> <Core = "AddSub">   --->   Core 14 'AddSub' <Latency = 0> <II = 1> <Delay = 1.78> <FuncUnit> <Opcode : 'add' 'sub'> <InPorts = 2> <OutPorts = 1>
ST_60 : Operation 1495 [1/1] (0.00ns)   --->   "br i1 %exitcond, label %2, label %1" [aes/aes_encrypt.cpp:222]   --->   Operation 1495 'br' <Predicate = true> <Delay = 0.00>
ST_60 : Operation 1496 [1/1] (0.00ns)   --->   "%tmp_s = zext i5 %i3 to i64" [aes/aes_encrypt.cpp:225]   --->   Operation 1496 'zext' 'tmp_s' <Predicate = (!exitcond)> <Delay = 0.00>
ST_60 : Operation 1497 [1/1] (0.00ns)   --->   "%output_addr_1 = getelementptr [16 x i8]* %output, i64 0, i64 %tmp_s" [aes/aes_encrypt.cpp:225]   --->   Operation 1497 'getelementptr' 'output_addr_1' <Predicate = (!exitcond)> <Delay = 0.00>
ST_60 : Operation 1498 [2/2] (2.32ns)   --->   "%val_data_V = load i8* %output_addr_1, align 1" [aes/aes_encrypt.cpp:225]   --->   Operation 1498 'load' 'val_data_V' <Predicate = (!exitcond)> <Delay = 2.32> <Core = "RAM">   --->   Core 37 'RAM' <Latency = 1> <II = 1> <Delay = 2.32> <Storage> <Opcode : 'load' 'store'> <Ports = 2> <Width = 8> <Depth = 16> <RAM>
ST_60 : Operation 1499 [1/1] (1.36ns)   --->   "%val_last_V = icmp eq i5 %i3, 15" [aes/aes_encrypt.cpp:228]   --->   Operation 1499 'icmp' 'val_last_V' <Predicate = (!exitcond)> <Delay = 1.36> <Core = "Cmp">   --->   Core 25 'Cmp' <Latency = 0> <II = 1> <Delay = 1.36> <FuncUnit> <Opcode : 'icmp'> <InPorts = 2> <OutPorts = 1>

State 61 <SV = 56> <Delay = 2.32>
ST_61 : Operation 1500 [1/2] (2.32ns)   --->   "%val_data_V = load i8* %output_addr_1, align 1" [aes/aes_encrypt.cpp:225]   --->   Operation 1500 'load' 'val_data_V' <Predicate = (!exitcond)> <Delay = 2.32> <Core = "RAM">   --->   Core 37 'RAM' <Latency = 1> <II = 1> <Delay = 2.32> <Storage> <Opcode : 'load' 'store'> <Ports = 2> <Width = 8> <Depth = 16> <RAM>
ST_61 : Operation 1501 [2/2] (0.00ns)   --->   "call void @_ssdm_op_Write.axis.volatile.i8P.i1P.i1P.i1P(i8* %outStream_V_data_V, i1* %outStream_V_keep_V, i1* %outStream_V_strb_V, i1* %outStream_V_last_V, i8 %val_data_V, i1 true, i1 true, i1 %val_last_V)" [aes/aes_encrypt.cpp:229]   --->   Operation 1501 'write' <Predicate = (!exitcond)> <Delay = 0.00> <Core = "AXI4Stream">   --->   Core 5 'AXI4Stream' <Latency = 0> <II = 1> <Delay = 1.00> <Adapter> <Opcode : >

State 62 <SV = 57> <Delay = 0.00>
ST_62 : Operation 1502 [1/1] (0.00ns)   --->   "%tmp_5 = call i32 (...)* @_ssdm_op_SpecRegionBegin([13 x i8]* @p_str22)" [aes/aes_encrypt.cpp:222]   --->   Operation 1502 'specregionbegin' 'tmp_5' <Predicate = (!exitcond)> <Delay = 0.00>
ST_62 : Operation 1503 [1/1] (0.00ns)   --->   "call void (...)* @_ssdm_op_SpecPipeline(i32 1, i32 1, i32 1, i32 0, [1 x i8]* @p_str) nounwind" [aes/aes_encrypt.cpp:223]   --->   Operation 1503 'specpipeline' <Predicate = (!exitcond)> <Delay = 0.00>
ST_62 : Operation 1504 [1/2] (0.00ns)   --->   "call void @_ssdm_op_Write.axis.volatile.i8P.i1P.i1P.i1P(i8* %outStream_V_data_V, i1* %outStream_V_keep_V, i1* %outStream_V_strb_V, i1* %outStream_V_last_V, i8 %val_data_V, i1 true, i1 true, i1 %val_last_V)" [aes/aes_encrypt.cpp:229]   --->   Operation 1504 'write' <Predicate = (!exitcond)> <Delay = 0.00> <Core = "AXI4Stream">   --->   Core 5 'AXI4Stream' <Latency = 0> <II = 1> <Delay = 1.00> <Adapter> <Opcode : >
ST_62 : Operation 1505 [1/1] (0.00ns)   --->   "%empty_10 = call i32 (...)* @_ssdm_op_SpecRegionEnd([13 x i8]* @p_str22, i32 %tmp_5)" [aes/aes_encrypt.cpp:230]   --->   Operation 1505 'specregionend' 'empty_10' <Predicate = (!exitcond)> <Delay = 0.00>
ST_62 : Operation 1506 [1/1] (0.00ns)   --->   "br label %AES_encrypt.exit" [aes/aes_encrypt.cpp:222]   --->   Operation 1506 'br' <Predicate = (!exitcond)> <Delay = 0.00>

State 63 <SV = 56> <Delay = 0.00>
ST_63 : Operation 1507 [1/1] (0.00ns)   --->   "ret void" [aes/aes_encrypt.cpp:231]   --->   Operation 1507 'ret' <Predicate = true> <Delay = 0.00>


============================================================
+ Verbose Summary: Timing violations
============================================================
Target clock period: 10ns, clock uncertainty: 1.25ns.

 <State 1>: 2.32ns
The critical path consists of the following:
	'getelementptr' operation ('key_V_addr_12', aes/aes_encrypt.cpp:69->aes/aes_encrypt.cpp:209) [95]  (0 ns)
	'load' operation ('key_V_load_12', aes/aes_encrypt.cpp:69->aes/aes_encrypt.cpp:209) on array 'key_V' [96]  (2.32 ns)

 <State 2>: 2.32ns
The critical path consists of the following:
	'load' operation ('key_V_load_12', aes/aes_encrypt.cpp:69->aes/aes_encrypt.cpp:209) on array 'key_V' [96]  (2.32 ns)

 <State 3>: 2.32ns
The critical path consists of the following:
	'load' operation ('key_V_load_13', aes/aes_encrypt.cpp:69->aes/aes_encrypt.cpp:209) on array 'key_V' [100]  (2.32 ns)

 <State 4>: 2.32ns
The critical path consists of the following:
	'load' operation ('key_V_load_14', aes/aes_encrypt.cpp:69->aes/aes_encrypt.cpp:209) on array 'key_V' [104]  (2.32 ns)

 <State 5>: 2.32ns
The critical path consists of the following:
	'getelementptr' operation ('key_V_addr', aes/aes_encrypt.cpp:69->aes/aes_encrypt.cpp:209) [47]  (0 ns)
	'load' operation ('key_V_load', aes/aes_encrypt.cpp:69->aes/aes_encrypt.cpp:209) on array 'key_V' [48]  (2.32 ns)

 <State 6>: 2.32ns
The critical path consists of the following:
	'load' operation ('key_V_load', aes/aes_encrypt.cpp:69->aes/aes_encrypt.cpp:209) on array 'key_V' [48]  (2.32 ns)

 <State 7>: 2.32ns
The critical path consists of the following:
	'load' operation ('key_V_load_1', aes/aes_encrypt.cpp:69->aes/aes_encrypt.cpp:209) on array 'key_V' [52]  (2.32 ns)

 <State 8>: 2.32ns
The critical path consists of the following:
	'load' operation ('key_V_load_2', aes/aes_encrypt.cpp:69->aes/aes_encrypt.cpp:209) on array 'key_V' [56]  (2.32 ns)

 <State 9>: 2.32ns
The critical path consists of the following:
	'load' operation ('key_V_load_3', aes/aes_encrypt.cpp:69->aes/aes_encrypt.cpp:209) on array 'key_V' [60]  (2.32 ns)

 <State 10>: 2.32ns
The critical path consists of the following:
	'load' operation ('key_V_load_4', aes/aes_encrypt.cpp:69->aes/aes_encrypt.cpp:209) on array 'key_V' [64]  (2.32 ns)

 <State 11>: 2.32ns
The critical path consists of the following:
	'load' operation ('key_V_load_5', aes/aes_encrypt.cpp:69->aes/aes_encrypt.cpp:209) on array 'key_V' [68]  (2.32 ns)

 <State 12>: 3.25ns
The critical path consists of the following:
	'getelementptr' operation ('sboxExp_V_addr_3', aes/aes_encrypt.cpp:85->aes/aes_encrypt.cpp:209) [121]  (0 ns)
	'load' operation ('sboxExp_V_load_3', aes/aes_encrypt.cpp:85->aes/aes_encrypt.cpp:209) on array 'sboxExp_V' [122]  (3.25 ns)

 <State 13>: 3.25ns
The critical path consists of the following:
	'getelementptr' operation ('sboxExp_V_addr', aes/aes_encrypt.cpp:82->aes/aes_encrypt.cpp:209) [112]  (0 ns)
	'load' operation ('sboxExp_V_load', aes/aes_encrypt.cpp:82->aes/aes_encrypt.cpp:209) on array 'sboxExp_V' [113]  (3.25 ns)

 <State 14>: 3.25ns
The critical path consists of the following:
	'load' operation ('sboxExp_V_load', aes/aes_encrypt.cpp:82->aes/aes_encrypt.cpp:209) on array 'sboxExp_V' [113]  (3.25 ns)

 <State 15>: 7.56ns
The critical path consists of the following:
	'load' operation ('key_V_load_9', aes/aes_encrypt.cpp:69->aes/aes_encrypt.cpp:209) on array 'key_V' [84]  (2.32 ns)
	'xor' operation ('ret_V_1_2_1', aes/aes_encrypt.cpp:90->aes/aes_encrypt.cpp:209) [151]  (0.99 ns)
	'xor' operation ('ret_V_1_3_1', aes/aes_encrypt.cpp:90->aes/aes_encrypt.cpp:209) [163]  (0.99 ns)
	'getelementptr' operation ('sboxExp_V_addr_4', aes/aes_encrypt.cpp:82->aes/aes_encrypt.cpp:209) [173]  (0 ns)
	'load' operation ('sboxExp_V_load_5', aes/aes_encrypt.cpp:82->aes/aes_encrypt.cpp:209) on array 'sboxExp_V' [174]  (3.25 ns)

 <State 16>: 8.49ns
The critical path consists of the following:
	'load' operation ('sboxExp_V_load_7', aes/aes_encrypt.cpp:85->aes/aes_encrypt.cpp:209) on array 'sboxExp_V' [184]  (3.25 ns)
	'xor' operation ('ret_V_1_5_3', aes/aes_encrypt.cpp:90->aes/aes_encrypt.cpp:209) [206]  (0.99 ns)
	'xor' operation ('ret_V_1_7_3', aes/aes_encrypt.cpp:90->aes/aes_encrypt.cpp:209) [230]  (0.99 ns)
	'getelementptr' operation ('sboxExp_V_addr_10', aes/aes_encrypt.cpp:84->aes/aes_encrypt.cpp:209) [240]  (0 ns)
	'load' operation ('sboxExp_V_load_10', aes/aes_encrypt.cpp:84->aes/aes_encrypt.cpp:209) on array 'sboxExp_V' [241]  (3.25 ns)

 <State 17>: 7.56ns
The critical path consists of the following:
	'load' operation ('key_V_load_11', aes/aes_encrypt.cpp:69->aes/aes_encrypt.cpp:209) on array 'key_V' [92]  (2.32 ns)
	'xor' operation ('ret_V_1_2_3', aes/aes_encrypt.cpp:90->aes/aes_encrypt.cpp:209) [157]  (0.99 ns)
	'xor' operation ('ret_V_1_3_3', aes/aes_encrypt.cpp:90->aes/aes_encrypt.cpp:209) [169]  (0.99 ns)
	'getelementptr' operation ('sboxExp_V_addr_6', aes/aes_encrypt.cpp:84->aes/aes_encrypt.cpp:209) [180]  (0 ns)
	'load' operation ('sboxExp_V_load_6', aes/aes_encrypt.cpp:84->aes/aes_encrypt.cpp:209) on array 'sboxExp_V' [181]  (3.25 ns)

 <State 18>: 8.49ns
The critical path consists of the following:
	'load' operation ('sboxExp_V_load_6', aes/aes_encrypt.cpp:84->aes/aes_encrypt.cpp:209) on array 'sboxExp_V' [181]  (3.25 ns)
	'xor' operation ('ret_V_1_5_2', aes/aes_encrypt.cpp:90->aes/aes_encrypt.cpp:209) [203]  (0.99 ns)
	'xor' operation ('ret_V_1_7_2', aes/aes_encrypt.cpp:90->aes/aes_encrypt.cpp:209) [227]  (0.99 ns)
	'getelementptr' operation ('sboxExp_V_addr_9', aes/aes_encrypt.cpp:83->aes/aes_encrypt.cpp:209) [237]  (0 ns)
	'load' operation ('sboxExp_V_load_8', aes/aes_encrypt.cpp:83->aes/aes_encrypt.cpp:209) on array 'sboxExp_V' [238]  (3.25 ns)

 <State 19>: 5.23ns
The critical path consists of the following:
	'xor' operation ('ret_V_1_10_2', aes/aes_encrypt.cpp:90->aes/aes_encrypt.cpp:209) [276]  (0.99 ns)
	'xor' operation ('ret_V_1_11_2', aes/aes_encrypt.cpp:90->aes/aes_encrypt.cpp:209) [288]  (0.99 ns)
	'getelementptr' operation ('sboxExp_V_addr_13', aes/aes_encrypt.cpp:83->aes/aes_encrypt.cpp:209) [299]  (0 ns)
	'load' operation ('sboxExp_V_load_12', aes/aes_encrypt.cpp:83->aes/aes_encrypt.cpp:209) on array 'sboxExp_V' [300]  (3.25 ns)

 <State 20>: 5.23ns
The critical path consists of the following:
	'xor' operation ('ret_V_1_10_1', aes/aes_encrypt.cpp:90->aes/aes_encrypt.cpp:209) [273]  (0.99 ns)
	'xor' operation ('ret_V_1_11_1', aes/aes_encrypt.cpp:90->aes/aes_encrypt.cpp:209) [285]  (0.99 ns)
	'getelementptr' operation ('sboxExp_V_addr_12', aes/aes_encrypt.cpp:82->aes/aes_encrypt.cpp:209) [295]  (0 ns)
	'load' operation ('sboxExp_V_load_13', aes/aes_encrypt.cpp:82->aes/aes_encrypt.cpp:209) on array 'sboxExp_V' [296]  (3.25 ns)

 <State 21>: 5.23ns
The critical path consists of the following:
	'xor' operation ('ret_V_1_s', aes/aes_encrypt.cpp:90->aes/aes_encrypt.cpp:209) [270]  (0.99 ns)
	'xor' operation ('ret_V_1_10', aes/aes_encrypt.cpp:90->aes/aes_encrypt.cpp:209) [282]  (0.99 ns)
	'getelementptr' operation ('sboxExp_V_addr_15', aes/aes_encrypt.cpp:85->aes/aes_encrypt.cpp:209) [305]  (0 ns)
	'load' operation ('sboxExp_V_load_15', aes/aes_encrypt.cpp:85->aes/aes_encrypt.cpp:209) on array 'sboxExp_V' [306]  (3.25 ns)

 <State 22>: 7.5ns
The critical path consists of the following:
	'load' operation ('sboxExp_V_load_15', aes/aes_encrypt.cpp:85->aes/aes_encrypt.cpp:209) on array 'sboxExp_V' [306]  (3.25 ns)
	'xor' operation ('ret_V_1_15_3', aes/aes_encrypt.cpp:90->aes/aes_encrypt.cpp:209) [352]  (0.99 ns)
	'getelementptr' operation ('sboxExp_V_addr_18', aes/aes_encrypt.cpp:84->aes/aes_encrypt.cpp:209) [362]  (0 ns)
	'load' operation ('sboxExp_V_load_18', aes/aes_encrypt.cpp:84->aes/aes_encrypt.cpp:209) on array 'sboxExp_V' [363]  (3.25 ns)

 <State 23>: 4.24ns
The critical path consists of the following:
	'xor' operation ('ret_V_1_14', aes/aes_encrypt.cpp:90->aes/aes_encrypt.cpp:209) [343]  (0.99 ns)
	'getelementptr' operation ('sboxExp_V_addr_19', aes/aes_encrypt.cpp:85->aes/aes_encrypt.cpp:209) [365]  (0 ns)
	'load' operation ('sboxExp_V_load_19', aes/aes_encrypt.cpp:85->aes/aes_encrypt.cpp:209) on array 'sboxExp_V' [366]  (3.25 ns)

 <State 24>: 5.23ns
The critical path consists of the following:
	'xor' operation ('ret_V_1_18_1', aes/aes_encrypt.cpp:90->aes/aes_encrypt.cpp:209) [395]  (0.99 ns)
	'xor' operation ('ret_V_1_19_1', aes/aes_encrypt.cpp:90->aes/aes_encrypt.cpp:209) [407]  (0.99 ns)
	'getelementptr' operation ('sboxExp_V_addr_20', aes/aes_encrypt.cpp:82->aes/aes_encrypt.cpp:209) [417]  (0 ns)
	'load' operation ('sboxExp_V_load_21', aes/aes_encrypt.cpp:82->aes/aes_encrypt.cpp:209) on array 'sboxExp_V' [418]  (3.25 ns)

 <State 25>: 5.23ns
The critical path consists of the following:
	'xor' operation ('ret_V_1_17', aes/aes_encrypt.cpp:90->aes/aes_encrypt.cpp:209) [392]  (0.99 ns)
	'xor' operation ('ret_V_1_18', aes/aes_encrypt.cpp:90->aes/aes_encrypt.cpp:209) [404]  (0.99 ns)
	'getelementptr' operation ('sboxExp_V_addr_23', aes/aes_encrypt.cpp:85->aes/aes_encrypt.cpp:209) [427]  (0 ns)
	'load' operation ('sboxExp_V_load_23', aes/aes_encrypt.cpp:85->aes/aes_encrypt.cpp:209) on array 'sboxExp_V' [428]  (3.25 ns)

 <State 26>: 8.49ns
The critical path consists of the following:
	'load' operation ('sboxExp_V_load_22', aes/aes_encrypt.cpp:84->aes/aes_encrypt.cpp:209) on array 'sboxExp_V' [425]  (3.25 ns)
	'xor' operation ('ret_V_1_21_2', aes/aes_encrypt.cpp:90->aes/aes_encrypt.cpp:209) [447]  (0.99 ns)
	'xor' operation ('ret_V_1_23_2', aes/aes_encrypt.cpp:90->aes/aes_encrypt.cpp:209) [471]  (0.99 ns)
	'getelementptr' operation ('sboxExp_V_addr_25', aes/aes_encrypt.cpp:83->aes/aes_encrypt.cpp:209) [481]  (0 ns)
	'load' operation ('sboxExp_V_load_24', aes/aes_encrypt.cpp:83->aes/aes_encrypt.cpp:209) on array 'sboxExp_V' [482]  (3.25 ns)

 <State 27>: 4.24ns
The critical path consists of the following:
	'xor' operation ('ret_V_1_22', aes/aes_encrypt.cpp:90->aes/aes_encrypt.cpp:209) [465]  (0.99 ns)
	'getelementptr' operation ('sboxExp_V_addr_27', aes/aes_encrypt.cpp:85->aes/aes_encrypt.cpp:209) [487]  (0 ns)
	'load' operation ('sboxExp_V_load_27', aes/aes_encrypt.cpp:85->aes/aes_encrypt.cpp:209) on array 'sboxExp_V' [488]  (3.25 ns)

 <State 28>: 5.23ns
The critical path consists of the following:
	'xor' operation ('ret_V_1_26_1', aes/aes_encrypt.cpp:90->aes/aes_encrypt.cpp:209) [517]  (0.99 ns)
	'xor' operation ('ret_V_1_27_1', aes/aes_encrypt.cpp:90->aes/aes_encrypt.cpp:209) [529]  (0.99 ns)
	'getelementptr' operation ('sboxExp_V_addr_28', aes/aes_encrypt.cpp:82->aes/aes_encrypt.cpp:209) [539]  (0 ns)
	'load' operation ('sboxExp_V_load_29', aes/aes_encrypt.cpp:82->aes/aes_encrypt.cpp:209) on array 'sboxExp_V' [540]  (3.25 ns)

 <State 29>: 5.23ns
The critical path consists of the following:
	'xor' operation ('ret_V_1_26_2', aes/aes_encrypt.cpp:90->aes/aes_encrypt.cpp:209) [520]  (0.99 ns)
	'xor' operation ('ret_V_1_27_2', aes/aes_encrypt.cpp:90->aes/aes_encrypt.cpp:209) [532]  (0.99 ns)
	'getelementptr' operation ('sboxExp_V_addr_29', aes/aes_encrypt.cpp:83->aes/aes_encrypt.cpp:209) [543]  (0 ns)
	'load' operation ('sboxExp_V_load_28', aes/aes_encrypt.cpp:83->aes/aes_encrypt.cpp:209) on array 'sboxExp_V' [544]  (3.25 ns)

 <State 30>: 7.5ns
The critical path consists of the following:
	'load' operation ('sboxExp_V_load_28', aes/aes_encrypt.cpp:83->aes/aes_encrypt.cpp:209) on array 'sboxExp_V' [544]  (3.25 ns)
	'xor' operation ('ret_V_1_31_1', aes/aes_encrypt.cpp:90->aes/aes_encrypt.cpp:209) [590]  (0.99 ns)
	'getelementptr' operation ('sboxExp_V_addr_32', aes/aes_encrypt.cpp:82->aes/aes_encrypt.cpp:209) [600]  (0 ns)
	'load' operation ('sboxExp_V_load_33', aes/aes_encrypt.cpp:82->aes/aes_encrypt.cpp:209) on array 'sboxExp_V' [601]  (3.25 ns)

 <State 31>: 7.5ns
The critical path consists of the following:
	'load' operation ('sboxExp_V_load_31', aes/aes_encrypt.cpp:85->aes/aes_encrypt.cpp:209) on array 'sboxExp_V' [550]  (3.25 ns)
	'xor' operation ('ret_V_1_31_3', aes/aes_encrypt.cpp:90->aes/aes_encrypt.cpp:209) [596]  (0.99 ns)
	'getelementptr' operation ('sboxExp_V_addr_34', aes/aes_encrypt.cpp:84->aes/aes_encrypt.cpp:209) [606]  (0 ns)
	'load' operation ('sboxExp_V_load_34', aes/aes_encrypt.cpp:84->aes/aes_encrypt.cpp:209) on array 'sboxExp_V' [607]  (3.25 ns)

 <State 32>: 4.24ns
The critical path consists of the following:
	'load' operation ('sboxExp_V_load_32', aes/aes_encrypt.cpp:83->aes/aes_encrypt.cpp:209) on array 'sboxExp_V' [604]  (3.25 ns)
	'xor' operation ('ret_V_1_32_1', aes/aes_encrypt.cpp:90->aes/aes_encrypt.cpp:209) [615]  (0.99 ns)

 <State 33>: 5.23ns
The critical path consists of the following:
	'xor' operation ('ret_V_1_34_1', aes/aes_encrypt.cpp:90->aes/aes_encrypt.cpp:209) [639]  (0.99 ns)
	'xor' operation ('ret_V_1_35_1', aes/aes_encrypt.cpp:90->aes/aes_encrypt.cpp:209) [651]  (0.99 ns)
	'getelementptr' operation ('sboxExp_V_addr_36', aes/aes_encrypt.cpp:82->aes/aes_encrypt.cpp:209) [661]  (0 ns)
	'load' operation ('sboxExp_V_load_37', aes/aes_encrypt.cpp:82->aes/aes_encrypt.cpp:209) on array 'sboxExp_V' [662]  (3.25 ns)

 <State 34>: 5.23ns
The critical path consists of the following:
	'xor' operation ('ret_V_1_33', aes/aes_encrypt.cpp:90->aes/aes_encrypt.cpp:209) [636]  (0.99 ns)
	'xor' operation ('ret_V_1_34', aes/aes_encrypt.cpp:90->aes/aes_encrypt.cpp:209) [648]  (0.99 ns)
	'getelementptr' operation ('sboxExp_V_addr_39', aes/aes_encrypt.cpp:85->aes/aes_encrypt.cpp:209) [671]  (0 ns)
	'load' operation ('sboxExp_V_load_39', aes/aes_encrypt.cpp:85->aes/aes_encrypt.cpp:209) on array 'sboxExp_V' [672]  (3.25 ns)

 <State 35>: 7.56ns
The critical path consists of the following:
	'load' operation ('sboxExp_V_load_38', aes/aes_encrypt.cpp:84->aes/aes_encrypt.cpp:209) on array 'sboxExp_V' [669]  (3.25 ns)
	'xor' operation ('ret_V_1_37_2', aes/aes_encrypt.cpp:90->aes/aes_encrypt.cpp:209) [691]  (0.99 ns)
	'xor' operation ('ret_V_1_38_2', aes/aes_encrypt.cpp:90->aes/aes_encrypt.cpp:209) [703]  (0.99 ns)
	'store' operation (aes/aes_encrypt.cpp:90->aes/aes_encrypt.cpp:209) of variable 'ret_V_1_38_2', aes/aes_encrypt.cpp:90->aes/aes_encrypt.cpp:209 on array 'roundKeys[10].V', aes/aes_encrypt.cpp:202 [705]  (2.32 ns)

 <State 36>: 2.32ns
The critical path consists of the following:
	'phi' operation ('i') with incoming values : ('i', aes/aes_encrypt.cpp:212) [723]  (0 ns)
	'getelementptr' operation ('input_V_addr', aes/aes_encrypt.cpp:215) [734]  (0 ns)
	'store' operation (aes/aes_encrypt.cpp:215) of variable 'tmp.data.V', aes/aes_encrypt.cpp:214 on array 'input.V', aes/aes_encrypt.cpp:200 [735]  (2.32 ns)

 <State 37>: 2.32ns
The critical path consists of the following:
	'getelementptr' operation ('input_V_addr_1', aes/aes_encrypt.cpp:171->aes/aes_encrypt.cpp:219) [739]  (0 ns)
	'load' operation ('input_V_load', aes/aes_encrypt.cpp:171->aes/aes_encrypt.cpp:219) on array 'input.V', aes/aes_encrypt.cpp:200 [740]  (2.32 ns)

 <State 38>: 3.31ns
The critical path consists of the following:
	'load' operation ('input_V_load', aes/aes_encrypt.cpp:171->aes/aes_encrypt.cpp:219) on array 'input.V', aes/aes_encrypt.cpp:200 [740]  (2.32 ns)
	'xor' operation ('state[0][0].V', aes/aes_encrypt.cpp:156->aes/aes_encrypt.cpp:174->aes/aes_encrypt.cpp:219) [771]  (0.99 ns)

 <State 39>: 3.31ns
The critical path consists of the following:
	'load' operation ('input_V_load_2', aes/aes_encrypt.cpp:171->aes/aes_encrypt.cpp:219) on array 'input.V', aes/aes_encrypt.cpp:200 [744]  (2.32 ns)
	'xor' operation ('state[2][0].V', aes/aes_encrypt.cpp:156->aes/aes_encrypt.cpp:174->aes/aes_encrypt.cpp:219) [773]  (0.99 ns)

 <State 40>: 3.31ns
The critical path consists of the following:
	'load' operation ('input_V_load_4', aes/aes_encrypt.cpp:171->aes/aes_encrypt.cpp:219) on array 'input.V', aes/aes_encrypt.cpp:200 [748]  (2.32 ns)
	'xor' operation ('state[0][1].V', aes/aes_encrypt.cpp:156->aes/aes_encrypt.cpp:174->aes/aes_encrypt.cpp:219) [775]  (0.99 ns)

 <State 41>: 3.31ns
The critical path consists of the following:
	'load' operation ('input_V_load_6', aes/aes_encrypt.cpp:171->aes/aes_encrypt.cpp:219) on array 'input.V', aes/aes_encrypt.cpp:200 [752]  (2.32 ns)
	'xor' operation ('state[2][1].V', aes/aes_encrypt.cpp:156->aes/aes_encrypt.cpp:174->aes/aes_encrypt.cpp:219) [777]  (0.99 ns)

 <State 42>: 3.31ns
The critical path consists of the following:
	'load' operation ('input_V_load_8', aes/aes_encrypt.cpp:171->aes/aes_encrypt.cpp:219) on array 'input.V', aes/aes_encrypt.cpp:200 [756]  (2.32 ns)
	'xor' operation ('state[0][2].V', aes/aes_encrypt.cpp:156->aes/aes_encrypt.cpp:174->aes/aes_encrypt.cpp:219) [779]  (0.99 ns)

 <State 43>: 3.31ns
The critical path consists of the following:
	'load' operation ('input_V_load_10', aes/aes_encrypt.cpp:171->aes/aes_encrypt.cpp:219) on array 'input.V', aes/aes_encrypt.cpp:200 [760]  (2.32 ns)
	'xor' operation ('state[2][2].V', aes/aes_encrypt.cpp:156->aes/aes_encrypt.cpp:174->aes/aes_encrypt.cpp:219) [781]  (0.99 ns)

 <State 44>: 3.31ns
The critical path consists of the following:
	'load' operation ('input_V_load_12', aes/aes_encrypt.cpp:171->aes/aes_encrypt.cpp:219) on array 'input.V', aes/aes_encrypt.cpp:200 [764]  (2.32 ns)
	'xor' operation ('state[0][3].V', aes/aes_encrypt.cpp:156->aes/aes_encrypt.cpp:174->aes/aes_encrypt.cpp:219) [783]  (0.99 ns)

 <State 45>: 3.31ns
The critical path consists of the following:
	'load' operation ('input_V_load_14', aes/aes_encrypt.cpp:171->aes/aes_encrypt.cpp:219) on array 'input.V', aes/aes_encrypt.cpp:200 [768]  (2.32 ns)
	'xor' operation ('state[2][3].V', aes/aes_encrypt.cpp:156->aes/aes_encrypt.cpp:174->aes/aes_encrypt.cpp:219) [785]  (0.99 ns)

 <State 46>: 3.25ns
The critical path consists of the following:
	'phi' operation ('state[0][3].V') with incoming values : ('state[0][3].V', aes/aes_encrypt.cpp:156->aes/aes_encrypt.cpp:174->aes/aes_encrypt.cpp:219) ('state[0][3].V', aes/aes_encrypt.cpp:156->aes/aes_encrypt.cpp:181->aes/aes_encrypt.cpp:219) [801]  (0 ns)
	'getelementptr' operation ('sboxSub_V_1_addr_7', aes/aes_encrypt.cpp:101->aes/aes_encrypt.cpp:178->aes/aes_encrypt.cpp:219) [840]  (0 ns)
	'load' operation ('sboxSub_V_1_load_7', aes/aes_encrypt.cpp:101->aes/aes_encrypt.cpp:178->aes/aes_encrypt.cpp:219) on array 'sboxSub_V_1' [841]  (3.25 ns)

 <State 47>: 5.69ns
The critical path consists of the following:
	'load' operation ('sboxSub_V_1_load_1', aes/aes_encrypt.cpp:101->aes/aes_encrypt.cpp:178->aes/aes_encrypt.cpp:219) on array 'sboxSub_V_1' [817]  (3.25 ns)
	'select' operation ('state[0][0].V', aes/aes_encrypt.cpp:101->aes/aes_encrypt.cpp:178->aes/aes_encrypt.cpp:219) [819]  (1.25 ns)
	'shl' operation ('r.V', aes/aes_encrypt.cpp:61->aes/aes_encrypt.cpp:137->aes/aes_encrypt.cpp:180->aes/aes_encrypt.cpp:219) [940]  (0 ns)
	'xor' operation ('agg_result_V_i', aes/aes_encrypt.cpp:61->aes/aes_encrypt.cpp:137->aes/aes_encrypt.cpp:180->aes/aes_encrypt.cpp:219) [943]  (1.19 ns)

 <State 48>: 5.69ns
The critical path consists of the following:
	'load' operation ('sboxSub_V_1_load_9', aes/aes_encrypt.cpp:101->aes/aes_encrypt.cpp:178->aes/aes_encrypt.cpp:219) on array 'sboxSub_V_1' [849]  (3.25 ns)
	'select' operation ('temp.V', aes/aes_encrypt.cpp:101->aes/aes_encrypt.cpp:178->aes/aes_encrypt.cpp:219) [851]  (1.25 ns)
	'shl' operation ('r.V', aes/aes_encrypt.cpp:61->aes/aes_encrypt.cpp:137->aes/aes_encrypt.cpp:180->aes/aes_encrypt.cpp:219) [995]  (0 ns)
	'xor' operation ('agg_result_V_i13', aes/aes_encrypt.cpp:61->aes/aes_encrypt.cpp:137->aes/aes_encrypt.cpp:180->aes/aes_encrypt.cpp:219) [998]  (1.19 ns)

 <State 49>: 5.69ns
The critical path consists of the following:
	'load' operation ('sboxSub_V_1_load_17', aes/aes_encrypt.cpp:101->aes/aes_encrypt.cpp:178->aes/aes_encrypt.cpp:219) on array 'sboxSub_V_1' [881]  (3.25 ns)
	'select' operation ('temp.V', aes/aes_encrypt.cpp:101->aes/aes_encrypt.cpp:178->aes/aes_encrypt.cpp:219) [883]  (1.25 ns)
	'shl' operation ('r.V', aes/aes_encrypt.cpp:61->aes/aes_encrypt.cpp:138->aes/aes_encrypt.cpp:180->aes/aes_encrypt.cpp:219) [982]  (0 ns)
	'xor' operation ('agg_result_V_i10', aes/aes_encrypt.cpp:61->aes/aes_encrypt.cpp:138->aes/aes_encrypt.cpp:180->aes/aes_encrypt.cpp:219) [985]  (1.19 ns)

 <State 50>: 6.68ns
The critical path consists of the following:
	'load' operation ('sboxSub_V_1_load_25', aes/aes_encrypt.cpp:101->aes/aes_encrypt.cpp:178->aes/aes_encrypt.cpp:219) on array 'sboxSub_V_1' [913]  (3.25 ns)
	'select' operation ('state[3][1].V', aes/aes_encrypt.cpp:101->aes/aes_encrypt.cpp:178->aes/aes_encrypt.cpp:219) [915]  (1.25 ns)
	'shl' operation ('r.V', aes/aes_encrypt.cpp:61->aes/aes_encrypt.cpp:139->aes/aes_encrypt.cpp:180->aes/aes_encrypt.cpp:219) [969]  (0 ns)
	'xor' operation ('agg_result_V_i7', aes/aes_encrypt.cpp:61->aes/aes_encrypt.cpp:139->aes/aes_encrypt.cpp:180->aes/aes_encrypt.cpp:219) [972]  (1.19 ns)
	'xor' operation ('tmp30', aes/aes_encrypt.cpp:156->aes/aes_encrypt.cpp:181->aes/aes_encrypt.cpp:219) [1052]  (0 ns)
	'xor' operation ('tmp29', aes/aes_encrypt.cpp:156->aes/aes_encrypt.cpp:181->aes/aes_encrypt.cpp:219) [1053]  (0 ns)
	'xor' operation ('state[2][1].V', aes/aes_encrypt.cpp:156->aes/aes_encrypt.cpp:181->aes/aes_encrypt.cpp:219) [1054]  (0.99 ns)

 <State 51>: 3.25ns
The critical path consists of the following:
	'getelementptr' operation ('sboxSub_V_1_addr', aes/aes_encrypt.cpp:101->aes/aes_encrypt.cpp:184->aes/aes_encrypt.cpp:219) [1121]  (0 ns)
	'load' operation ('sboxSub_V_1_load', aes/aes_encrypt.cpp:101->aes/aes_encrypt.cpp:184->aes/aes_encrypt.cpp:219) on array 'sboxSub_V_1' [1122]  (3.25 ns)

 <State 52>: 6.82ns
The critical path consists of the following:
	'load' operation ('sboxSub_V_1_load', aes/aes_encrypt.cpp:101->aes/aes_encrypt.cpp:184->aes/aes_encrypt.cpp:219) on array 'sboxSub_V_1' [1122]  (3.25 ns)
	'select' operation ('sboxSub_V_load_0_0_p', aes/aes_encrypt.cpp:101->aes/aes_encrypt.cpp:184->aes/aes_encrypt.cpp:219) [1124]  (0 ns)
	'xor' operation ('state[0][0].V', aes/aes_encrypt.cpp:156->aes/aes_encrypt.cpp:186->aes/aes_encrypt.cpp:219) [1245]  (1.25 ns)
	'store' operation (aes/aes_encrypt.cpp:190->aes/aes_encrypt.cpp:219) of variable 'state[0][0].V', aes/aes_encrypt.cpp:156->aes/aes_encrypt.cpp:186->aes/aes_encrypt.cpp:219 on array 'output' [1262]  (2.32 ns)

 <State 53>: 2.32ns
The critical path consists of the following:
	'getelementptr' operation ('output_addr_2', aes/aes_encrypt.cpp:190->aes/aes_encrypt.cpp:219) [1265]  (0 ns)
	'store' operation (aes/aes_encrypt.cpp:190->aes/aes_encrypt.cpp:219) of variable 'state[2][0].V', aes/aes_encrypt.cpp:156->aes/aes_encrypt.cpp:186->aes/aes_encrypt.cpp:219 on array 'output' [1266]  (2.32 ns)

 <State 54>: 2.32ns
The critical path consists of the following:
	'getelementptr' operation ('output_addr_4', aes/aes_encrypt.cpp:190->aes/aes_encrypt.cpp:219) [1269]  (0 ns)
	'store' operation (aes/aes_encrypt.cpp:190->aes/aes_encrypt.cpp:219) of variable 'state[0][1].V', aes/aes_encrypt.cpp:156->aes/aes_encrypt.cpp:186->aes/aes_encrypt.cpp:219 on array 'output' [1270]  (2.32 ns)

 <State 55>: 2.32ns
The critical path consists of the following:
	'getelementptr' operation ('output_addr_6', aes/aes_encrypt.cpp:190->aes/aes_encrypt.cpp:219) [1273]  (0 ns)
	'store' operation (aes/aes_encrypt.cpp:190->aes/aes_encrypt.cpp:219) of variable 'state[2][1].V', aes/aes_encrypt.cpp:156->aes/aes_encrypt.cpp:186->aes/aes_encrypt.cpp:219 on array 'output' [1274]  (2.32 ns)

 <State 56>: 2.32ns
The critical path consists of the following:
	'getelementptr' operation ('output_addr_8', aes/aes_encrypt.cpp:190->aes/aes_encrypt.cpp:219) [1277]  (0 ns)
	'store' operation (aes/aes_encrypt.cpp:190->aes/aes_encrypt.cpp:219) of variable 'state[0][2].V', aes/aes_encrypt.cpp:156->aes/aes_encrypt.cpp:186->aes/aes_encrypt.cpp:219 on array 'output' [1278]  (2.32 ns)

 <State 57>: 2.32ns
The critical path consists of the following:
	'getelementptr' operation ('output_addr_10', aes/aes_encrypt.cpp:190->aes/aes_encrypt.cpp:219) [1281]  (0 ns)
	'store' operation (aes/aes_encrypt.cpp:190->aes/aes_encrypt.cpp:219) of variable 'state[2][2].V', aes/aes_encrypt.cpp:156->aes/aes_encrypt.cpp:186->aes/aes_encrypt.cpp:219 on array 'output' [1282]  (2.32 ns)

 <State 58>: 2.32ns
The critical path consists of the following:
	'getelementptr' operation ('output_addr_12', aes/aes_encrypt.cpp:190->aes/aes_encrypt.cpp:219) [1285]  (0 ns)
	'store' operation (aes/aes_encrypt.cpp:190->aes/aes_encrypt.cpp:219) of variable 'state[0][3].V', aes/aes_encrypt.cpp:156->aes/aes_encrypt.cpp:186->aes/aes_encrypt.cpp:219 on array 'output' [1286]  (2.32 ns)

 <State 59>: 2.32ns
The critical path consists of the following:
	'getelementptr' operation ('output_addr_14', aes/aes_encrypt.cpp:190->aes/aes_encrypt.cpp:219) [1289]  (0 ns)
	'store' operation (aes/aes_encrypt.cpp:190->aes/aes_encrypt.cpp:219) of variable 'state[2][3].V', aes/aes_encrypt.cpp:156->aes/aes_encrypt.cpp:186->aes/aes_encrypt.cpp:219 on array 'output' [1290]  (2.32 ns)

 <State 60>: 2.35ns
The critical path consists of the following:
	'icmp' operation ('exitcond', aes/aes_encrypt.cpp:222) [1296]  (1.36 ns)
	blocking operation 0.99 ns on control path)

 <State 61>: 2.32ns
The critical path consists of the following:
	'load' operation ('val.data.V', aes/aes_encrypt.cpp:225) on array 'output' [1305]  (2.32 ns)

 <State 62>: 0ns
The critical path consists of the following:

 <State 63>: 0ns
The critical path consists of the following:


============================================================
+ Verbose Summary: Binding
============================================================
N/A
* FSMD analyzer results:
  - Output states:
 - Input state : 
  - Chain level:
	State 1
	State 2
	State 3
	State 4
	State 5
	State 6
	State 7
	State 8
	State 9
	State 10
	State 11
	State 12
	State 13
	State 14
	State 15
	State 16
	State 17
	State 18
	State 19
	State 20
	State 21
	State 22
	State 23
	State 24
	State 25
	State 26
	State 27
	State 28
	State 29
	State 30
	State 31
	State 32
	State 33
	State 34
	State 35
	State 36
	State 37
	State 38
	State 39
	State 40
	State 41
	State 42
	State 43
	State 44
	State 45
	State 46
	State 47
	State 48
	State 49
	State 50
	State 51
	State 52
	State 53
	State 54
	State 55
	State 56
	State 57
	State 58
	State 59
	State 60
	State 61
	State 62
	State 63


============================================================
+ Verbose Summary: Datapath Resource usage 
============================================================
N/A
